STT,Mã Đơn Hàng,ID cửa hàng,Tên cửa hàng,Thời gian hoàn thành/ huỷ đơn,Giá trị đơn hàng,Khuyến mại từ quán,Phí dịch vụ,Phí vận chuyển trả cho quán,Chiết khấu,Thuế khấu trừ,Thực thu
1,22016-379249992,10235663,Cà Phê Muối Chú Long - Hà Huy Giáp,23/01/2026 06:40,"203,000","32,000",0,0,"41,981",0,"129,020"
2,22016-821080341,10321524,Cà Phê Muối Chú Long - Đội Cấn,23/01/2026 06:19,"51,000","11,000",0,0,"9,820",0,"30,180"
3,22016-857108431,10225902,Cà Phê Muối Chú Long - Hậu Giang,23/01/2026 00:09,"95,000","26,000",0,0,"16,940",0,"52,061"
4,23016-014948392,10225902,Cà Phê Muối Chú Long - Hậu Giang,23/01/2026 00:45,"112,000","20,000",0,0,"22,586",0,"69,414"
5,23016-035038813,10225902,Cà Phê Muối Chú Long - Hậu Giang,23/01/2026 01:18,"274,000","45,000",0,0,"56,220",0,"172,781"
6,23016-057027154,10219545,Cà Phê Muối Chú Long - Nguyễn Huệ,23/01/2026 01:49,"37,000",0,0,0,"9,084",0,"27,917"
7,23016-088931506,10216423,Cà Phê Muối Chú Long - 417 Cộng Hoà,23/01/2026 09:25,"51,000","11,000",0,0,"9,820",0,"30,180"
8,23016-110042957,10219545,Cà Phê Muối Chú Long - Nguyễn Huệ,23/01/2026 03:21,"58,000","11,000",0,0,"11,539",0,"35,462"
9,23016-123473019,10219545,Cà Phê Muối Chú Long - Nguyễn Huệ,23/01/2026 03:47,"51,000","11,000",0,0,"9,820",0,"30,180"
10,23016-144853054,10225902,Cà Phê Muối Chú Long - Hậu Giang,23/01/2026 04:31,"101,000","20,000",0,0,"19,886",0,"61,115"
11,23016-153232701,10219545,Cà Phê Muối Chú Long - Nguyễn Huệ,23/01/2026 04:39,"80,000","15,000",0,0,"15,958",0,"49,043"
12,23016-179619843,10321523,Cà Phê Muối Chú Long - Thanh Nhàn,23/01/2026 08:14,"54,000","11,000",0,0,"10,557",0,"32,444"
13,23016-181482357,10298824,Cà Phê Muối Chú Long - Hoàng Diệu,23/01/2026 05:30,"120,000","20,000",0,0,"24,550",0,"75,450"
14,23016-189909498,10219545,Cà Phê Muối Chú Long - Nguyễn Huệ,23/01/2026 05:43,"58,000","11,000",0,0,"11,539",0,"35,462"
15,23016-202556063,10321523,Cà Phê Muối Chú Long - Thanh Nhàn,23/01/2026 05:57,"29,000",0,0,0,"7,120",0,"21,881"
16,23016-203925068,10235663,Cà Phê Muối Chú Long - Hà Huy Giáp,23/01/2026 05:49,"98,000","15,000",0,0,"20,377",0,"62,624"
17,23016-204765132,10296675,Cà Phê Muối Chú Long - Trương Định,23/01/2026 06:01,"29,000","5,000",0,0,"5,892",0,"18,108"
18,23016-206760276,10292422,Cà Phê Muối Chú Long - Phan Thiết,23/01/2026 05:53,"29,000","7,250",0,0,"5,340",0,"16,410"
19,23016-207479686,10216423,Cà Phê Muối Chú Long - 417 Cộng Hoà,23/01/2026 06:04,"58,000","11,000",0,0,"11,539",0,"35,462"
20,23016-208992364,10230171,Cà Phê Muối Chú Long - Bình Long,23/01/2026 06:04,"29,000","5,000",0,0,"5,892",0,"18,108"
21,23016-211543833,10381892,Cà Phê Muối Chú Long - Phan Văn Trị,23/01/2026 06:07,"116,000",0,0,0,"28,478",0,"87,522"
22,23016-212042251,10269971,Cà Phê Muối Chú Long - Cần Thơ,23/01/2026 06:02,"87,000",0,0,0,"21,359",0,"65,642"
23,23016-215497223,10232123,Cà Phê Muối Chú Long - 17A Ngô Tất Tố,23/01/2026 06:12,"29,000",0,0,0,"7,120",0,"21,881"
24,23016-217892365,10216423,Cà Phê Muối Chú Long - 417 Cộng Hoà,23/01/2026 06:10,"58,000","11,000",0,0,"11,539",0,"35,462"
25,23016-218527159,10230171,Cà Phê Muối Chú Long - Bình Long,23/01/2026 06:19,"58,000","11,000",0,0,"11,539",0,"35,462"
26,23016-218784105,10219545,Cà Phê Muối Chú Long - Nguyễn Huệ,23/01/2026 06:18,"51,000","11,000",0,0,"9,820",0,"30,180"
27,23016-219698908,10230814,Cà Phê Muối Chú Long - Võ Văn Kiệt,23/01/2026 06:25,"94,000","15,000",0,0,"19,395",0,"59,606"
28,23016-220030079,10235659,Cà Phê Muối Chú Long - Nguyễn Hữu Cảnh,23/01/2026 06:35,"22,000",0,0,0,"5,401",0,"16,599"
29,23016-220908711,10225902,Cà Phê Muối Chú Long - Hậu Giang,23/01/2026 06:28,"51,000","11,000",0,0,"9,820",0,"30,180"
30,23016-221243099,10230814,Cà Phê Muối Chú Long - Võ Văn Kiệt,23/01/2026 06:26,"116,000","20,000",0,0,"23,568",0,"72,432"
31,23016-222044646,10216423,Cà Phê Muối Chú Long - 417 Cộng Hoà,23/01/2026 06:32,"73,000","15,000",0,0,"14,239",0,"43,761"
32,23016-223287028,10235663,Cà Phê Muối Chú Long - Hà Huy Giáp,23/01/2026 06:24,"110,000","20,000",0,0,"22,095",0,"67,905"
33,23016-224365756,10287867,Cà Phê Muối Chú Long - Classic,23/01/2026 06:24,"30,000","15,000",0,0,"3,683",0,"11,318"
34,23016-226449827,10225885,Cà Phê Muối Chú Long - Ngô Tất Tố,23/01/2026 06:32,"22,000","7,000",0,0,"3,683",0,"11,318"
35,23016-226571951,10298769,Cà Phê Muối Chú Long - Tôn Đức Thắng,23/01/2026 06:56,"29,000",0,0,0,"7,120",0,"21,881"
36,23016-228758147,10354882,Cà Phê Muối Chú Long - Quảng Ngãi,23/01/2026 06:52,"110,000",0,0,0,"27,005",0,"82,995"
37,23016-229700098,10298769,Cà Phê Muối Chú Long - Tôn Đức Thắng,23/01/2026 06:47,"22,000","5,000",0,0,"4,174",0,"12,827"
38,23016-229717616,10298769,Cà Phê Muối Chú Long - Tôn Đức Thắng,23/01/2026 06:40,"22,000",0,0,0,"5,401",0,"16,599"
39,23016-230292064,10321523,Cà Phê Muối Chú Long - Thanh Nhàn,23/01/2026 06:33,"58,000","29,000",0,0,"7,120",0,"21,881"
40,23016-231810785,10219545,Cà Phê Muối Chú Long - Nguyễn Huệ,23/01/2026 06:42,"116,000","20,000",0,0,"23,568",0,"72,432"
41,23016-232895792,10219545,Cà Phê Muối Chú Long - Nguyễn Huệ,23/01/2026 06:36,"105,000","20,000",0,0,"20,868",0,"64,133"
42,23016-233186451,10225895,Cà Phê Muối Chú Long - Cách Mạng Tháng 8,23/01/2026 07:21,"87,000","15,000",0,0,"17,676",0,"54,324"
43,23016-233513144,10386890,Cà Phê Muối Chú Long - Nha Trang,23/01/2026 06:45,"66,000",0,0,0,"16,203",0,"49,797"
44,23016-234286879,10219545,Cà Phê Muối Chú Long - Nguyễn Huệ,23/01/2026 06:42,"58,000","11,000",0,0,"11,539",0,"35,462"
45,23016-234289820,10225902,Cà Phê Muối Chú Long - Hậu Giang,23/01/2026 06:55,"29,000",0,0,0,"7,120",0,"21,881"
46,23016-234649857,10375372,Cà Phê Muối Chú Long - An Dương Vương,23/01/2026 06:45,"22,000","7,000",0,0,"3,683",0,"11,318"
47,23016-235179868,10242271,Cà Phê Muối Chú Long - Vũng Tàu,23/01/2026 06:46,"51,000","11,000",0,0,"9,820",0,"30,180"
48,23016-235245862,10235658,Cà Phê Muối Chú Long - Công Trường Quốc Tế,23/01/2026 06:40,"29,000","5,000",0,0,"5,892",0,"18,108"
49,23016-236190218,10225888,Cà Phê Muối Chú Long - Lạc Long Quân,23/01/2026 06:44,"51,000","14,500",0,0,"8,961",0,"27,539"
50,23016-236287550,10287867,Cà Phê Muối Chú Long - Classic,23/01/2026 06:50,"260,000","37,500",0,0,"54,624",0,"167,876"
51,23016-236804030,10230814,Cà Phê Muối Chú Long - Võ Văn Kiệt,23/01/2026 07:13,"29,000","14,500",0,0,"3,560",0,"10,940"
52,23016-237064152,10287867,Cà Phê Muối Chú Long - Classic,23/01/2026 06:50,"260,000","37,500",0,0,"54,624",0,"167,876"
53,23016-237275636,10225898,Cà Phê Muối Chú Long - Nguyễn Đình Chiểu,23/01/2026 06:56,"29,000","7,000",0,0,"5,401",0,"16,599"
54,23016-237385073,10321523,Cà Phê Muối Chú Long - Thanh Nhàn,23/01/2026 07:22,"69,000","11,000",0,0,"14,239",0,"43,761"
55,23016-237390996,10230171,Cà Phê Muối Chú Long - Bình Long,23/01/2026 06:57,"116,000","20,000",0,0,"23,568",0,"72,432"
56,23016-237677668,10235658,Cà Phê Muối Chú Long - Công Trường Quốc Tế,23/01/2026 06:58,"51,000","11,000",0,0,"9,820",0,"30,180"
57,23016-238223395,10298769,Cà Phê Muối Chú Long - Tôn Đức Thắng,23/01/2026 06:49,"58,000","29,000",0,0,"7,120",0,"21,881"
58,23016-238377480,10235659,Cà Phê Muối Chú Long - Nguyễn Hữu Cảnh,23/01/2026 06:58,"80,000","15,000",0,0,"15,958",0,"49,043"
59,23016-238434612,10225902,Cà Phê Muối Chú Long - Hậu Giang,23/01/2026 06:41,"88,000","15,000",0,0,"17,922",0,"55,079"
60,23016-238581654,10216423,Cà Phê Muối Chú Long - 417 Cộng Hoà,23/01/2026 06:48,"58,000","29,000",0,0,"7,120",0,"21,881"
61,23016-238944540,10225902,Cà Phê Muối Chú Long - Hậu Giang,23/01/2026 07:01,"58,000","11,000",0,0,"11,539",0,"35,462"
62,23016-239019987,10350108,Cà Phê Muối Chú Long - Đường Láng,23/01/2026 08:18,"29,000","14,500",0,0,"3,560",0,"10,940"
63,23016-239060884,10298769,Cà Phê Muối Chú Long - Tôn Đức Thắng,23/01/2026 07:18,"87,000","15,000",0,0,"17,676",0,"54,324"
64,23016-239185694,10235663,Cà Phê Muối Chú Long - Hà Huy Giáp,23/01/2026 07:05,"278,000","45,000",0,0,"57,202",0,"175,799"
65,23016-239215708,10321439,Cà Phê Muối Chú Long - Vĩnh Long,23/01/2026 06:43,"29,000","7,250",0,0,"5,340",0,"16,410"
66,23016-239335186,10235658,Cà Phê Muối Chú Long - Công Trường Quốc Tế,23/01/2026 06:52,"58,000","29,000",0,0,"7,120",0,"21,881"
67,23016-239364572,10292422,Cà Phê Muối Chú Long - Phan Thiết,23/01/2026 07:01,"50,000","11,000",0,0,"9,575",0,"29,426"
68,23016-240691058,10358016,Cà Phê Muối Chú Long - Bà Triệu,23/01/2026 07:01,"29,000","5,000",0,0,"5,892",0,"18,108"
69,23016-240845087,10235663,Cà Phê Muối Chú Long - Hà Huy Giáp,23/01/2026 06:45,"29,000","14,500",0,0,"3,560",0,"10,940"
70,23016-241224671,10225902,Cà Phê Muối Chú Long - Hậu Giang,23/01/2026 06:57,"29,000","5,000",0,0,"5,892",0,"18,108"
71,23016-242136280,10287867,Cà Phê Muối Chú Long - Classic,23/01/2026 06:58,"64,000","11,000",0,0,"13,012",0,"39,989"
72,23016-243211854,10386890,Cà Phê Muối Chú Long - Nha Trang,23/01/2026 07:08,"44,000",0,0,0,"10,802",0,"33,198"
73,23016-243215069,10321439,Cà Phê Muối Chú Long - Vĩnh Long,23/01/2026 06:49,"58,000","10,000",0,0,"11,784",0,"36,216"
74,23016-243513661,10233716,Cà Phê Muối Chú Long - 130 Thích Quảng Đức,23/01/2026 07:01,"44,000","14,000",0,0,"7,365",0,"22,635"
75,23016-243552583,10225898,Cà Phê Muối Chú Long - Nguyễn Đình Chiểu,23/01/2026 07:02,"44,000",0,0,0,"10,802",0,"33,198"
76,23016-243709686,10230171,Cà Phê Muối Chú Long - Bình Long,23/01/2026 06:57,"124,000","20,000",0,0,"25,532",0,"78,468"
77,23016-243978631,10321523,Cà Phê Muối Chú Long - Thanh Nhàn,23/01/2026 07:21,"29,000","7,000",0,0,"5,401",0,"16,599"
78,23016-244121866,10230817,Cà Phê Muối Chú Long - Thích Quảng Đức,23/01/2026 06:58,"37,000","5,000",0,0,"7,856",0,"24,144"
79,23016-245288375,10321523,Cà Phê Muối Chú Long - Thanh Nhàn,23/01/2026 07:23,"22,000","7,000",0,0,"3,683",0,"11,318"
80,23016-245420164,10321437,Cà Phê Muối Chú Long - Tây Ninh,23/01/2026 07:13,"58,000","10,000",0,0,"11,784",0,"36,216"
81,23016-245541353,10386890,Cà Phê Muối Chú Long - Nha Trang,23/01/2026 07:06,"29,000",0,0,0,"7,120",0,"21,881"
82,23016-245644500,10386890,Cà Phê Muối Chú Long - Nha Trang,23/01/2026 07:12,"66,000",0,0,0,"16,203",0,"49,797"
83,23016-245826236,10321524,Cà Phê Muối Chú Long - Đội Cấn,23/01/2026 07:48,"59,000","11,000",0,0,"11,784",0,"36,216"
84,23016-246540426,10358016,Cà Phê Muối Chú Long - Bà Triệu,23/01/2026 07:10,"22,000","5,500",0,0,"4,051",0,"12,449"
85,23016-246971440,10225871,Cà Phê Muối Chú Long - Đặng Nguyên Cẩn,23/01/2026 07:25,"112,000","20,000",0,0,"22,586",0,"69,414"
86,23016-248165499,10216423,Cà Phê Muối Chú Long - 417 Cộng Hoà,23/01/2026 07:13,"22,000","7,000",0,0,"3,683",0,"11,318"
87,23016-248905244,10292422,Cà Phê Muối Chú Long - Phan Thiết,23/01/2026 07:04,"44,000","10,000",0,0,"8,347",0,"25,653"
88,23016-249142838,10292422,Cà Phê Muối Chú Long - Phan Thiết,23/01/2026 07:01,"58,000","10,000",0,0,"11,784",0,"36,216"
89,23016-249155650,10225902,Cà Phê Muối Chú Long - Hậu Giang,23/01/2026 07:13,"22,000","7,000",0,0,"3,683",0,"11,318"
90,23016-249175575,10298769,Cà Phê Muối Chú Long - Tôn Đức Thắng,23/01/2026 07:19,"80,000","15,000",0,0,"15,958",0,"49,043"
91,23016-249273060,10225902,Cà Phê Muối Chú Long - Hậu Giang,23/01/2026 07:01,"58,000","11,000",0,0,"11,539",0,"35,462"
92,23016-249822929,10225898,Cà Phê Muối Chú Long - Nguyễn Đình Chiểu,23/01/2026 07:22,"22,000","7,000",0,0,"3,683",0,"11,318"
93,23016-250321813,10284115,Cà Phê Muối Chú Long - Kha Vạn Cân,23/01/2026 07:17,"44,000","5,000",0,0,"9,575",0,"29,426"
94,23016-250846102,10298769,Cà Phê Muối Chú Long - Tôn Đức Thắng,23/01/2026 07:11,"87,000","15,000",0,0,"17,676",0,"54,324"
95,23016-250877285,10233716,Cà Phê Muối Chú Long - 130 Thích Quảng Đức,23/01/2026 07:18,"58,000","11,000",0,0,"11,539",0,"35,462"
96,23016-251088466,10230814,Cà Phê Muối Chú Long - Võ Văn Kiệt,23/01/2026 07:09,"58,000","11,000",0,0,"11,539",0,"35,462"
97,23016-251282933,10321439,Cà Phê Muối Chú Long - Vĩnh Long,23/01/2026 07:13,"58,000","11,000",0,0,"11,539",0,"35,462"
98,23016-252160429,10375372,Cà Phê Muối Chú Long - An Dương Vương,23/01/2026 07:20,"44,000","14,000",0,0,"7,365",0,"22,635"
99,23016-252333628,10298769,Cà Phê Muối Chú Long - Tôn Đức Thắng,23/01/2026 07:31,"29,000","14,500",0,0,"3,560",0,"10,940"
100,23016-252486819,10232123,Cà Phê Muối Chú Long - 17A Ngô Tất Tố,23/01/2026 07:28,"134,000","20,000",0,0,"27,987",0,"86,013"
101,23016-253014325,10232123,Cà Phê Muối Chú Long - 17A Ngô Tất Tố,23/01/2026 07:19,"72,000","15,000",0,0,"13,994",0,"43,007"
102,23016-253260289,10225902,Cà Phê Muối Chú Long - Hậu Giang,23/01/2026 07:15,"87,000","15,000",0,0,"17,676",0,"54,324"
103,23016-253335391,10287867,Cà Phê Muối Chú Long - Classic,23/01/2026 07:14,"60,000","30,000",0,0,"7,365",0,"22,635"
104,23016-253903522,10358016,Cà Phê Muối Chú Long - Bà Triệu,23/01/2026 07:17,"110,000","20,000",0,0,"22,095",0,"67,905"
105,23016-254062788,10216423,Cà Phê Muối Chú Long - 417 Cộng Hoà,23/01/2026 07:15,"145,000","26,000",0,0,"29,215",0,"89,786"
106,23016-254127930,10381892,Cà Phê Muối Chú Long - Phan Văn Trị,23/01/2026 07:44,"108,000",0,0,0,"26,514",0,"81,486"
107,23016-254416198,10235663,Cà Phê Muối Chú Long - Hà Huy Giáp,23/01/2026 07:17,"87,000","15,000",0,0,"17,676",0,"54,324"
108,23016-254485114,10287867,Cà Phê Muối Chú Long - Classic,23/01/2026 07:11,"90,000","15,000",0,0,"18,413",0,"56,588"
109,23016-255098777,10230171,Cà Phê Muối Chú Long - Bình Long,23/01/2026 07:29,"37,000","7,000",0,0,"7,365",0,"22,635"
110,23016-255157224,10219545,Cà Phê Muối Chú Long - Nguyễn Huệ,23/01/2026 07:13,"58,000",0,0,0,"14,239",0,"43,761"
111,23016-255210103,10321523,Cà Phê Muối Chú Long - Thanh Nhàn,23/01/2026 08:09,"87,000","15,000",0,0,"17,676",0,"54,324"
112,23016-255285178,10292422,Cà Phê Muối Chú Long - Phan Thiết,23/01/2026 07:21,"44,000","10,000",0,0,"8,347",0,"25,653"
113,23016-255566519,10216423,Cà Phê Muối Chú Long - 417 Cộng Hoà,23/01/2026 07:21,"51,000","11,000",0,0,"9,820",0,"30,180"
114,23016-255802833,10235663,Cà Phê Muối Chú Long - Hà Huy Giáp,23/01/2026 07:23,"58,000","11,000",0,0,"11,539",0,"35,462"
115,23016-256061979,10298824,Cà Phê Muối Chú Long - Hoàng Diệu,23/01/2026 07:29,"29,000",0,0,0,"7,120",0,"21,881"
116,23016-256296883,10381892,Cà Phê Muối Chú Long - Phan Văn Trị,23/01/2026 07:19,"58,000","29,000",0,0,"7,120",0,"21,881"
117,23016-256797156,10230814,Cà Phê Muối Chú Long - Võ Văn Kiệt,23/01/2026 07:42,"58,000","29,000",0,0,"7,120",0,"21,881"
118,23016-256955394,10225902,Cà Phê Muối Chú Long - Hậu Giang,23/01/2026 07:20,"22,000","7,000",0,0,"3,683",0,"11,318"
119,23016-257011261,10233716,Cà Phê Muối Chú Long - 130 Thích Quảng Đức,23/01/2026 07:19,"176,000","26,000",0,0,"36,825",0,"113,175"
120,23016-257684221,10230793,Cà Phê Muối Chú Long - Huỳnh Văn Bánh,23/01/2026 07:35,"22,000","7,000",0,0,"3,683",0,"11,318"
121,23016-257721747,10235658,Cà Phê Muối Chú Long - Công Trường Quốc Tế,23/01/2026 07:42,"29,000","14,500",0,0,"3,560",0,"10,940"
122,23016-257834071,10225895,Cà Phê Muối Chú Long - Cách Mạng Tháng 8,23/01/2026 07:40,"29,000","7,000",0,0,"5,401",0,"16,599"
123,23016-258167633,10225898,Cà Phê Muối Chú Long - Nguyễn Đình Chiểu,23/01/2026 07:25,"51,000","11,000",0,0,"9,820",0,"30,180"
124,23016-258620615,10340098,Cà Phê Muối Chú Long - Thuận An,23/01/2026 07:27,"58,000","11,000",0,0,"11,539",0,"35,462"
125,23016-258707642,10235663,Cà Phê Muối Chú Long - Hà Huy Giáp,23/01/2026 07:28,"51,000","11,000",0,0,"9,820",0,"30,180"
126,23016-258866570,10292422,Cà Phê Muối Chú Long - Phan Thiết,23/01/2026 07:23,"29,000","7,250",0,0,"5,340",0,"16,410"
127,23016-259347764,10225902,Cà Phê Muối Chú Long - Hậu Giang,23/01/2026 07:32,"58,000","11,000",0,0,"11,539",0,"35,462"
128,23016-259374857,10225885,Cà Phê Muối Chú Long - Ngô Tất Tố,23/01/2026 07:32,"87,000","15,000",0,0,"17,676",0,"54,324"
129,23016-259502466,10324687,Cà Phê Muối Chú Long - Huỳnh Tấn Phát,23/01/2026 07:50,"94,000","15,000",0,0,"19,395",0,"59,606"
130,23016-259700324,10225902,Cà Phê Muối Chú Long - Hậu Giang,23/01/2026 07:24,"37,000","5,000",0,0,"7,856",0,"24,144"
131,23016-259884661,10235663,Cà Phê Muối Chú Long - Hà Huy Giáp,23/01/2026 07:30,"58,000","11,000",0,0,"11,539",0,"35,462"
132,23016-259942190,10225902,Cà Phê Muối Chú Long - Hậu Giang,23/01/2026 07:31,"104,000","20,000",0,0,"20,622",0,"63,378"
133,23016-259966028,10321439,Cà Phê Muối Chú Long - Vĩnh Long,23/01/2026 07:20,"29,000","7,250",0,0,"5,340",0,"16,410"
134,23016-260652705,10386890,Cà Phê Muối Chú Long - Nha Trang,23/01/2026 07:31,"58,000",0,0,0,"14,239",0,"43,761"
135,23016-261343403,10230171,Cà Phê Muối Chú Long - Bình Long,23/01/2026 07:22,"44,000","14,000",0,0,"7,365",0,"22,635"
136,23016-261433015,10321524,Cà Phê Muối Chú Long - Đội Cấn,23/01/2026 07:43,"29,000","5,000",0,0,"5,892",0,"18,108"
137,23016-261429387,10230793,Cà Phê Muối Chú Long - Huỳnh Văn Bánh,23/01/2026 07:39,"22,000","7,000",0,0,"3,683",0,"11,318"
138,23016-261620068,10225902,Cà Phê Muối Chú Long - Hậu Giang,23/01/2026 07:40,"87,000","15,000",0,0,"17,676",0,"54,324"
139,23016-261624182,10340098,Cà Phê Muối Chú Long - Thuận An,23/01/2026 07:35,"29,000",0,0,0,"7,120",0,"21,881"
140,23016-261679462,10292422,Cà Phê Muối Chú Long - Phan Thiết,23/01/2026 07:30,"22,000","5,500",0,0,"4,051",0,"12,449"
141,23016-261688764,10381983,Cà Phê Muối Chú Long - Bạch Đằng,23/01/2026 07:27,"29,000","14,500",0,0,"3,560",0,"10,940"
142,23016-261999935,10235658,Cà Phê Muối Chú Long - Công Trường Quốc Tế,23/01/2026 07:25,"29,000","5,000",0,0,"5,892",0,"18,108"
143,23016-262390811,10232123,Cà Phê Muối Chú Long - 17A Ngô Tất Tố,23/01/2026 07:36,"47,000",0,0,0,"11,539",0,"35,462"
144,23016-262499000,10230171,Cà Phê Muối Chú Long - Bình Long,23/01/2026 07:38,"83,000","15,000",0,0,"16,694",0,"51,306"
145,23016-262521850,10321524,Cà Phê Muối Chú Long - Đội Cấn,23/01/2026 07:37,"58,000","11,000",0,0,"11,539",0,"35,462"
146,23016-262652877,10321523,Cà Phê Muối Chú Long - Thanh Nhàn,23/01/2026 08:03,"22,000","7,000",0,0,"3,683",0,"11,318"
147,23016-263082945,10269971,Cà Phê Muối Chú Long - Cần Thơ,23/01/2026 07:42,"65,000","10,000",0,0,"13,503",0,"41,498"
148,23016-263396595,10292422,Cà Phê Muối Chú Long - Phan Thiết,23/01/2026 07:24,"58,000","11,000",0,0,"11,539",0,"35,462"
149,23016-263548743,10219545,Cà Phê Muối Chú Long - Nguyễn Huệ,23/01/2026 07:42,"72,000","15,000",0,0,"13,994",0,"43,007"
150,23016-263573162,10219545,Cà Phê Muối Chú Long - Nguyễn Huệ,23/01/2026 08:13,"75,000","15,000",0,0,"14,730",0,"45,270"
151,23016-263614399,10381892,Cà Phê Muối Chú Long - Phan Văn Trị,23/01/2026 07:34,"29,000",0,0,0,"7,120",0,"21,881"
152,23016-263762852,10321524,Cà Phê Muối Chú Long - Đội Cấn,23/01/2026 07:52,"58,000","11,000",0,0,"11,539",0,"35,462"
153,23016-263899111,10230793,Cà Phê Muối Chú Long - Huỳnh Văn Bánh,23/01/2026 07:37,"29,000",0,0,0,"7,120",0,"21,881"
154,23016-263947372,10321439,Cà Phê Muối Chú Long - Vĩnh Long,23/01/2026 07:26,"87,000",0,0,0,"21,359",0,"65,642"
155,23016-264387161,10269971,Cà Phê Muối Chú Long - Cần Thơ,23/01/2026 07:46,"22,000","7,000",0,0,"3,683",0,"11,318"
156,23016-264472632,10350108,Cà Phê Muối Chú Long - Đường Láng,23/01/2026 08:44,"22,000","7,000",0,0,"3,683",0,"11,318"
157,23016-264573812,10386890,Cà Phê Muối Chú Long - Nha Trang,23/01/2026 07:45,"58,000",0,0,0,"14,239",0,"43,761"
158,23016-264666680,10235663,Cà Phê Muối Chú Long - Hà Huy Giáp,23/01/2026 07:43,"22,000","7,000",0,0,"3,683",0,"11,318"
159,23016-264748915,10292422,Cà Phê Muối Chú Long - Phan Thiết,23/01/2026 07:31,"29,000","7,250",0,0,"5,340",0,"16,410"
160,23016-264755994,10235658,Cà Phê Muối Chú Long - Công Trường Quốc Tế,23/01/2026 07:58,"87,000","15,000",0,0,"17,676",0,"54,324"
161,23016-264783731,10225902,Cà Phê Muối Chú Long - Hậu Giang,23/01/2026 07:38,"44,000","14,000",0,0,"7,365",0,"22,635"
162,23016-264805551,10225902,Cà Phê Muối Chú Long - Hậu Giang,23/01/2026 07:31,"54,000","11,000",0,0,"10,557",0,"32,444"
163,23016-264889019,10230793,Cà Phê Muối Chú Long - Huỳnh Văn Bánh,23/01/2026 07:53,"54,000","11,000",0,0,"10,557",0,"32,444"
164,23016-264970497,10298769,Cà Phê Muối Chú Long - Tôn Đức Thắng,23/01/2026 07:36,"29,000",0,0,0,"7,120",0,"21,881"
165,23016-265004201,10321437,Cà Phê Muối Chú Long - Tây Ninh,23/01/2026 07:35,"87,000","15,000",0,0,"17,676",0,"54,324"
166,23016-265015996,10233716,Cà Phê Muối Chú Long - 130 Thích Quảng Đức,23/01/2026 07:34,"22,000","5,000",0,0,"4,174",0,"12,827"
167,23016-265372723,10386890,Cà Phê Muối Chú Long - Nha Trang,23/01/2026 07:40,"22,000",0,0,0,"5,401",0,"16,599"
168,23016-265467330,10386890,Cà Phê Muối Chú Long - Nha Trang,23/01/2026 07:48,"51,000",0,0,0,"12,521",0,"38,480"
169,23016-265639882,10230793,Cà Phê Muối Chú Long - Huỳnh Văn Bánh,23/01/2026 07:38,"58,000","11,000",0,0,"11,539",0,"35,462"
170,23016-265796209,10216423,Cà Phê Muối Chú Long - 417 Cộng Hoà,23/01/2026 07:45,"22,000",0,0,0,"5,401",0,"16,599"
171,23016-265800107,10386890,Cà Phê Muối Chú Long - Nha Trang,23/01/2026 07:39,"58,000",0,0,0,"14,239",0,"43,761"
172,23016-265835016,10235663,Cà Phê Muối Chú Long - Hà Huy Giáp,23/01/2026 07:35,"36,000","5,000",0,0,"7,611",0,"23,390"
173,23016-266005249,10386890,Cà Phê Muối Chú Long - Nha Trang,23/01/2026 07:44,"47,000",0,0,0,"11,539",0,"35,462"
174,23016-266180465,10230171,Cà Phê Muối Chú Long - Bình Long,23/01/2026 07:37,"44,000","5,000",0,0,"9,575",0,"29,426"
175,23016-266301708,10235659,Cà Phê Muối Chú Long - Nguyễn Hữu Cảnh,23/01/2026 08:01,"80,000","15,000",0,0,"15,958",0,"49,043"
176,23016-266657555,10386890,Cà Phê Muối Chú Long - Nha Trang,23/01/2026 07:40,"33,000",0,0,0,"8,102",0,"24,899"
177,23016-266669966,10235659,Cà Phê Muối Chú Long - Nguyễn Hữu Cảnh,23/01/2026 07:51,"58,000","11,000",0,0,"11,539",0,"35,462"
178,23016-266826706,10225898,Cà Phê Muối Chú Long - Nguyễn Đình Chiểu,23/01/2026 07:57,"50,000","11,000",0,0,"9,575",0,"29,426"
179,23016-267236875,10292422,Cà Phê Muối Chú Long - Phan Thiết,23/01/2026 07:29,"29,000","7,250",0,0,"5,340",0,"16,410"
180,23016-267441556,10230817,Cà Phê Muối Chú Long - Thích Quảng Đức,23/01/2026 07:39,"95,000","15,000",0,0,"19,640",0,"60,360"
181,23016-267607830,10287867,Cà Phê Muối Chú Long - Classic,23/01/2026 07:50,"30,000","15,000",0,0,"3,683",0,"11,318"
182,23016-267608686,10242271,Cà Phê Muối Chú Long - Vũng Tàu,23/01/2026 07:42,"29,000","5,000",0,0,"5,892",0,"18,108"
183,23016-267670971,10358037,Cà Phê Muối Chú Long - Hùng Vương,23/01/2026 07:38,"22,000",0,0,0,"5,401",0,"16,599"
184,23016-267866951,10269971,Cà Phê Muối Chú Long - Cần Thơ,23/01/2026 07:42,"87,000","15,000",0,0,"17,676",0,"54,324"
185,23016-267911303,10235663,Cà Phê Muối Chú Long - Hà Huy Giáp,23/01/2026 07:36,"95,000","15,000",0,0,"19,640",0,"60,360"
186,23016-268216470,10386890,Cà Phê Muối Chú Long - Nha Trang,23/01/2026 07:46,"88,000",0,0,0,"21,604",0,"66,396"
187,23016-268435679,10324687,Cà Phê Muối Chú Long - Huỳnh Tấn Phát,23/01/2026 08:03,"108,000","20,000",0,0,"21,604",0,"66,396"
188,23016-268726428,10321523,Cà Phê Muối Chú Long - Thanh Nhàn,23/01/2026 08:00,"58,000","11,000",0,0,"11,539",0,"35,462"
189,23016-268843664,10230793,Cà Phê Muối Chú Long - Huỳnh Văn Bánh,23/01/2026 07:51,"58,000","11,000",0,0,"11,539",0,"35,462"
190,23016-269174459,10219545,Cà Phê Muối Chú Long - Nguyễn Huệ,23/01/2026 07:43,"51,000","11,000",0,0,"9,820",0,"30,180"
191,23016-269244256,10321523,Cà Phê Muối Chú Long - Thanh Nhàn,23/01/2026 07:45,"79,000","15,000",0,0,"15,712",0,"48,288"
192,23016-269338064,10321523,Cà Phê Muối Chú Long - Thanh Nhàn,23/01/2026 08:10,"54,000","11,000",0,0,"10,557",0,"32,444"
193,23016-269398157,10292422,Cà Phê Muối Chú Long - Phan Thiết,23/01/2026 07:37,"29,000","7,250",0,0,"5,340",0,"16,410"
194,23016-269546416,10324687,Cà Phê Muối Chú Long - Huỳnh Tấn Phát,23/01/2026 07:47,"22,000","7,000",0,0,"3,683",0,"11,318"
195,23016-269675081,10292422,Cà Phê Muối Chú Long - Phan Thiết,23/01/2026 07:37,"47,000","10,000",0,0,"9,084",0,"27,917"
196,23016-269686831,10381892,Cà Phê Muối Chú Long - Phan Văn Trị,23/01/2026 07:58,"87,000",0,0,0,"21,359",0,"65,642"
197,23016-269768431,10284115,Cà Phê Muối Chú Long - Kha Vạn Cân,23/01/2026 07:53,"66,000","11,000",0,0,"13,503",0,"41,498"
198,23016-269834970,10230814,Cà Phê Muối Chú Long - Võ Văn Kiệt,23/01/2026 08:06,"75,000","15,000",0,0,"14,730",0,"45,270"
199,23016-270241351,10350108,Cà Phê Muối Chú Long - Đường Láng,23/01/2026 08:38,"29,000","14,500",0,0,"3,560",0,"10,940"
200,23016-270360058,10233716,Cà Phê Muối Chú Long - 130 Thích Quảng Đức,23/01/2026 07:50,"203,000","32,000",0,0,"41,981",0,"129,020"
201,23016-270470557,10219545,Cà Phê Muối Chú Long - Nguyễn Huệ,23/01/2026 07:49,"54,000","11,000",0,0,"10,557",0,"32,444"
202,23016-270614168,10225885,Cà Phê Muối Chú Long - Ngô Tất Tố,23/01/2026 07:53,"72,000","15,000",0,0,"13,994",0,"43,007"
203,23016-270626111,10299524,Cà Phê Muối Chú Long - Lê Duẩn,23/01/2026 07:43,"29,000","14,500",0,0,"3,560",0,"10,940"
204,23016-270951771,10225898,Cà Phê Muối Chú Long - Nguyễn Đình Chiểu,23/01/2026 07:45,"22,000","7,000",0,0,"3,683",0,"11,318"
205,23016-271101903,10216423,Cà Phê Muối Chú Long - 417 Cộng Hoà,23/01/2026 08:32,"58,000","11,000",0,0,"11,539",0,"35,462"
206,23016-271152973,10242271,Cà Phê Muối Chú Long - Vũng Tàu,23/01/2026 07:50,"29,000","14,500",0,0,"3,560",0,"10,940"
207,23016-271521215,10321524,Cà Phê Muối Chú Long - Đội Cấn,23/01/2026 08:21,"65,000","11,000",0,0,"13,257",0,"40,743"
208,23016-271636246,10225898,Cà Phê Muối Chú Long - Nguyễn Đình Chiểu,23/01/2026 07:54,"116,000","20,000",0,0,"23,568",0,"72,432"
209,23016-271662866,10292422,Cà Phê Muối Chú Long - Phan Thiết,23/01/2026 08:02,"37,000","9,250",0,0,"6,813",0,"20,937"
210,23016-271732968,10235658,Cà Phê Muối Chú Long - Công Trường Quốc Tế,23/01/2026 07:58,"22,000","7,000",0,0,"3,683",0,"11,318"
211,23016-272019508,10225902,Cà Phê Muối Chú Long - Hậu Giang,23/01/2026 07:51,"294,000","45,000",0,0,"61,130",0,"187,871"
212,23016-272188057,10292422,Cà Phê Muối Chú Long - Phan Thiết,23/01/2026 07:52,"22,000","5,500",0,0,"4,051",0,"12,449"
213,23016-272201703,10375372,Cà Phê Muối Chú Long - An Dương Vương,23/01/2026 07:58,"44,000","14,000",0,0,"7,365",0,"22,635"
214,23016-272459142,10386890,Cà Phê Muối Chú Long - Nha Trang,23/01/2026 08:38,"58,000",0,0,0,"14,239",0,"43,761"
215,23016-272635405,10381892,Cà Phê Muối Chú Long - Phan Văn Trị,23/01/2026 08:06,"58,000",0,0,0,"14,239",0,"43,761"
216,23016-272660945,10230171,Cà Phê Muối Chú Long - Bình Long,23/01/2026 07:47,"76,000","15,000",0,0,"14,976",0,"46,025"
217,23016-272835393,10225871,Cà Phê Muối Chú Long - Đặng Nguyên Cẩn,23/01/2026 07:53,"29,000","5,000",0,0,"5,892",0,"18,108"
218,23016-273024144,10232123,Cà Phê Muối Chú Long - 17A Ngô Tất Tố,23/01/2026 07:48,"72,000","15,000",0,0,"13,994",0,"43,007"
219,23016-273156208,10386890,Cà Phê Muối Chú Long - Nha Trang,23/01/2026 08:04,"22,000",0,0,0,"5,401",0,"16,599"
220,23016-273287404,10324687,Cà Phê Muối Chú Long - Huỳnh Tấn Phát,23/01/2026 08:07,"22,000","7,000",0,0,"3,683",0,"11,318"
221,23016-273425690,10292422,Cà Phê Muối Chú Long - Phan Thiết,23/01/2026 07:45,"29,000","7,250",0,0,"5,340",0,"16,410"
222,23016-273488689,10216423,Cà Phê Muối Chú Long - 417 Cộng Hoà,23/01/2026 07:52,"58,000","11,000",0,0,"11,539",0,"35,462"
223,23016-273697077,10225895,Cà Phê Muối Chú Long - Cách Mạng Tháng 8,23/01/2026 07:54,"22,000","7,000",0,0,"3,683",0,"11,318"
224,23016-273841722,10230793,Cà Phê Muối Chú Long - Huỳnh Văn Bánh,23/01/2026 08:13,"29,000","14,500",0,0,"3,560",0,"10,940"
225,23016-274088454,10386890,Cà Phê Muối Chú Long - Nha Trang,23/01/2026 08:05,"29,000",0,0,0,"7,120",0,"21,881"
226,23016-274254729,10299524,Cà Phê Muối Chú Long - Lê Duẩn,23/01/2026 08:02,"44,000","10,000",0,0,"8,347",0,"25,653"
227,23016-274375628,10321523,Cà Phê Muối Chú Long - Thanh Nhàn,23/01/2026 08:16,"151,000","26,000",0,0,"30,688",0,"94,313"
228,23016-274418845,10354882,Cà Phê Muối Chú Long - Quảng Ngãi,23/01/2026 07:47,"44,000","10,000",0,0,"8,347",0,"25,653"
229,23016-274450221,10225895,Cà Phê Muối Chú Long - Cách Mạng Tháng 8,23/01/2026 07:50,"87,000","15,000",0,0,"17,676",0,"54,324"
230,23016-274495226,10225898,Cà Phê Muối Chú Long - Nguyễn Đình Chiểu,23/01/2026 07:49,"267,000","45,000",0,0,"54,501",0,"167,499"
231,23016-274711188,10381892,Cà Phê Muối Chú Long - Phan Văn Trị,23/01/2026 07:46,"29,000",0,0,0,"7,120",0,"21,881"
232,23016-275131099,10225902,Cà Phê Muối Chú Long - Hậu Giang,23/01/2026 08:06,"76,000","15,000",0,0,"14,976",0,"46,025"
233,23016-275208508,10230171,Cà Phê Muối Chú Long - Bình Long,23/01/2026 07:49,"51,000","11,000",0,0,"9,820",0,"30,180"
234,23016-275227645,10324687,Cà Phê Muối Chú Long - Huỳnh Tấn Phát,23/01/2026 08:00,"116,000","20,000",0,0,"23,568",0,"72,432"
235,23016-275335315,10225871,Cà Phê Muối Chú Long - Đặng Nguyên Cẩn,23/01/2026 08:09,"29,000","14,500",0,0,"3,560",0,"10,940"
236,23016-275694001,10375372,Cà Phê Muối Chú Long - An Dương Vương,23/01/2026 07:55,"58,000",0,0,0,"14,239",0,"43,761"
237,23016-275732364,10230793,Cà Phê Muối Chú Long - Huỳnh Văn Bánh,23/01/2026 08:14,"22,000","7,000",0,0,"3,683",0,"11,318"
238,23016-275751240,10235663,Cà Phê Muối Chú Long - Hà Huy Giáp,23/01/2026 07:55,"102,000","20,000",0,0,"20,131",0,"61,869"
239,23016-275992654,10242271,Cà Phê Muối Chú Long - Vũng Tàu,23/01/2026 07:59,"51,000","11,000",0,0,"9,820",0,"30,180"
240,23016-276018400,10230814,Cà Phê Muối Chú Long - Võ Văn Kiệt,23/01/2026 07:52,"58,000","11,000",0,0,"11,539",0,"35,462"
241,23016-276378773,10386890,Cà Phê Muối Chú Long - Nha Trang,23/01/2026 08:26,"58,000",0,0,0,"14,239",0,"43,761"
242,23016-276391911,10233716,Cà Phê Muối Chú Long - 130 Thích Quảng Đức,23/01/2026 08:28,"58,000","11,000",0,0,"11,539",0,"35,462"
243,23016-276399640,10269971,Cà Phê Muối Chú Long - Cần Thơ,23/01/2026 08:10,"22,000",0,0,0,"5,401",0,"16,599"
244,23016-276511250,10354882,Cà Phê Muối Chú Long - Quảng Ngãi,23/01/2026 08:06,"22,000",0,0,0,"5,401",0,"16,599"
245,23016-276522064,10230814,Cà Phê Muối Chú Long - Võ Văn Kiệt,23/01/2026 07:56,"22,000",0,0,0,"5,401",0,"16,599"
246,23016-276664115,10324687,Cà Phê Muối Chú Long - Huỳnh Tấn Phát,23/01/2026 08:01,"72,000","15,000",0,0,"13,994",0,"43,007"
247,23016-276712206,10235659,Cà Phê Muối Chú Long - Nguyễn Hữu Cảnh,23/01/2026 08:04,"51,000","11,000",0,0,"9,820",0,"30,180"
248,23016-276950490,10225902,Cà Phê Muối Chú Long - Hậu Giang,23/01/2026 07:53,"58,000","11,000",0,0,"11,539",0,"35,462"
249,23016-277102608,10230171,Cà Phê Muối Chú Long - Bình Long,23/01/2026 07:56,"29,000",0,0,0,"7,120",0,"21,881"
250,23016-277109417,10323120,Cà Phê Muối Chú Long - Đồng Xoài,23/01/2026 08:09,"228,000","32,000",0,0,"48,118",0,"147,882"
251,23016-277220819,10230171,Cà Phê Muối Chú Long - Bình Long,23/01/2026 07:56,"29,000",0,0,0,"7,120",0,"21,881"
252,23016-277246078,10350108,Cà Phê Muối Chú Long - Đường Láng,23/01/2026 08:29,"22,000","7,000",0,0,"3,683",0,"11,318"
253,23016-277491362,10358016,Cà Phê Muối Chú Long - Bà Triệu,23/01/2026 07:55,"44,000","10,000",0,0,"8,347",0,"25,653"
254,23016-277715475,10225898,Cà Phê Muối Chú Long - Nguyễn Đình Chiểu,23/01/2026 08:00,"50,000","11,000",0,0,"9,575",0,"29,426"
255,23016-277794184,10235663,Cà Phê Muối Chú Long - Hà Huy Giáp,23/01/2026 08:03,"22,000","7,000",0,0,"3,683",0,"11,318"
256,23016-277884665,10324687,Cà Phê Muối Chú Long - Huỳnh Tấn Phát,23/01/2026 08:08,"58,000","11,000",0,0,"11,539",0,"35,462"
257,23016-278008456,10296675,Cà Phê Muối Chú Long - Trương Định,23/01/2026 08:34,"69,000","11,000",0,0,"14,239",0,"43,761"
258,23016-278155313,10386890,Cà Phê Muối Chú Long - Nha Trang,23/01/2026 08:11,"29,000",0,0,0,"7,120",0,"21,881"
259,23016-278173532,10225895,Cà Phê Muối Chú Long - Cách Mạng Tháng 8,23/01/2026 07:55,"58,000","11,000",0,0,"11,539",0,"35,462"
260,23016-278220081,10235663,Cà Phê Muối Chú Long - Hà Huy Giáp,23/01/2026 08:01,"145,000","26,000",0,0,"29,215",0,"89,786"
261,23016-278226093,10235663,Cà Phê Muối Chú Long - Hà Huy Giáp,23/01/2026 08:00,"51,000","11,000",0,0,"9,820",0,"30,180"
262,23016-278377637,10235663,Cà Phê Muối Chú Long - Hà Huy Giáp,23/01/2026 07:58,"87,000","15,000",0,0,"17,676",0,"54,324"
263,23016-278450294,10386890,Cà Phê Muối Chú Long - Nha Trang,23/01/2026 08:27,"29,000",0,0,0,"7,120",0,"21,881"
264,23016-278529065,10287867,Cà Phê Muối Chú Long - Classic,23/01/2026 07:55,"30,000","15,000",0,0,"3,683",0,"11,318"
265,23016-279183277,10230171,Cà Phê Muối Chú Long - Bình Long,23/01/2026 08:32,"131,000","20,000",0,0,"27,251",0,"83,750"
266,23016-279297772,10225898,Cà Phê Muối Chú Long - Nguyễn Đình Chiểu,23/01/2026 08:22,"44,000","14,000",0,0,"7,365",0,"22,635"
267,23016-279407713,10230814,Cà Phê Muối Chú Long - Võ Văn Kiệt,23/01/2026 07:59,"51,000","11,000",0,0,"9,820",0,"30,180"
268,23016-279431101,10292422,Cà Phê Muối Chú Long - Phan Thiết,23/01/2026 07:53,"22,000","5,500",0,0,"4,051",0,"12,449"
269,23016-279667412,10225888,Cà Phê Muối Chú Long - Lạc Long Quân,23/01/2026 07:59,"199,000","26,000",0,0,"42,472",0,"130,529"
270,23016-279780796,10284115,Cà Phê Muối Chú Long - Kha Vạn Cân,23/01/2026 07:54,"72,000","15,000",0,0,"13,994",0,"43,007"
271,23016-279898061,10225888,Cà Phê Muối Chú Long - Lạc Long Quân,23/01/2026 08:03,"29,000","14,500",0,0,"3,560",0,"10,940"
272,23016-279938829,10292422,Cà Phê Muối Chú Long - Phan Thiết,23/01/2026 07:59,"29,000","5,000",0,0,"5,892",0,"18,108"
273,23016-280158854,10225885,Cà Phê Muối Chú Long - Ngô Tất Tố,23/01/2026 08:17,"58,000","11,000",0,0,"11,539",0,"35,462"
274,23016-280185506,10292422,Cà Phê Muối Chú Long - Phan Thiết,23/01/2026 08:02,"29,000","7,250",0,0,"5,340",0,"16,410"
275,23016-280232246,10230171,Cà Phê Muối Chú Long - Bình Long,23/01/2026 08:27,"29,000",0,0,0,"7,120",0,"21,881"
276,23016-280478277,10219545,Cà Phê Muối Chú Long - Nguyễn Huệ,23/01/2026 08:04,"141,000","26,000",0,0,"28,233",0,"86,768"
277,23016-280568051,10235659,Cà Phê Muối Chú Long - Nguyễn Hữu Cảnh,23/01/2026 08:09,"29,000",0,0,0,"7,120",0,"21,881"
278,23016-280591899,10230171,Cà Phê Muối Chú Long - Bình Long,23/01/2026 08:23,"87,000","15,000",0,0,"17,676",0,"54,324"
279,23016-280623768,10381892,Cà Phê Muối Chú Long - Phan Văn Trị,23/01/2026 08:17,"22,000","7,000",0,0,"3,683",0,"11,318"
280,23016-280736645,10298824,Cà Phê Muối Chú Long - Hoàng Diệu,23/01/2026 08:03,"174,000","26,000",0,0,"36,334",0,"111,666"
281,23016-280733987,10235663,Cà Phê Muối Chú Long - Hà Huy Giáp,23/01/2026 08:00,"58,000","11,000",0,0,"11,539",0,"35,462"
282,23016-280754733,10235663,Cà Phê Muối Chú Long - Hà Huy Giáp,23/01/2026 08:03,"58,000","11,000",0,0,"11,539",0,"35,462"
283,23016-280760299,10230817,Cà Phê Muối Chú Long - Thích Quảng Đức,23/01/2026 07:57,"66,000","11,000",0,0,"13,503",0,"41,498"
284,23016-280807099,10230171,Cà Phê Muối Chú Long - Bình Long,23/01/2026 08:10,"58,000","11,000",0,0,"11,539",0,"35,462"
285,23016-280822332,10298769,Cà Phê Muối Chú Long - Tôn Đức Thắng,23/01/2026 08:02,"22,000","7,000",0,0,"3,683",0,"11,318"
286,23016-281089599,10321524,Cà Phê Muối Chú Long - Đội Cấn,23/01/2026 08:38,"44,000",0,0,0,"10,802",0,"33,198"
287,23016-281107618,10350108,Cà Phê Muối Chú Long - Đường Láng,23/01/2026 08:47,"22,000","7,000",0,0,"3,683",0,"11,318"
288,23016-281156089,10230793,Cà Phê Muối Chú Long - Huỳnh Văn Bánh,23/01/2026 08:13,"44,000","14,000",0,0,"7,365",0,"22,635"
289,23016-281198073,10235658,Cà Phê Muối Chú Long - Công Trường Quốc Tế,23/01/2026 08:07,"58,000","11,000",0,0,"11,539",0,"35,462"
290,23016-281341434,10287867,Cà Phê Muối Chú Long - Classic,23/01/2026 08:11,"30,000","15,000",0,0,"3,683",0,"11,318"
291,23016-281744606,10225902,Cà Phê Muối Chú Long - Hậu Giang,23/01/2026 08:10,"58,000","11,000",0,0,"11,539",0,"35,462"
292,23016-281776348,10299524,Cà Phê Muối Chú Long - Lê Duẩn,23/01/2026 08:04,"22,000",0,0,0,"5,401",0,"16,599"
293,23016-281804345,10230814,Cà Phê Muối Chú Long - Võ Văn Kiệt,23/01/2026 08:18,"134,000","20,000",0,0,"27,987",0,"86,013"
294,23016-281867076,10242271,Cà Phê Muối Chú Long - Vũng Tàu,23/01/2026 08:09,"58,000","11,000",0,0,"11,539",0,"35,462"
295,23016-282190924,10230171,Cà Phê Muối Chú Long - Bình Long,23/01/2026 08:13,"123,000","20,000",0,0,"25,287",0,"77,714"
296,23016-282282251,10296675,Cà Phê Muối Chú Long - Trương Định,23/01/2026 08:23,"51,000","11,000",0,0,"9,820",0,"30,180"
297,23016-282306687,10386890,Cà Phê Muối Chú Long - Nha Trang,23/01/2026 07:59,"29,000",0,0,0,"7,120",0,"21,881"
298,23016-282341437,10225898,Cà Phê Muối Chú Long - Nguyễn Đình Chiểu,23/01/2026 08:11,"87,000","15,000",0,0,"17,676",0,"54,324"
299,23016-282408652,10287867,Cà Phê Muối Chú Long - Classic,23/01/2026 08:07,"30,000","15,000",0,0,"3,683",0,"11,318"
300,23016-282462509,10235663,Cà Phê Muối Chú Long - Hà Huy Giáp,23/01/2026 08:26,"195,000","26,000",0,0,"41,490",0,"127,511"
301,23016-282627664,10232123,Cà Phê Muối Chú Long - 17A Ngô Tất Tố,23/01/2026 08:37,"22,000","7,000",0,0,"3,683",0,"11,318"
302,23016-282871689,10235658,Cà Phê Muối Chú Long - Công Trường Quốc Tế,23/01/2026 08:09,"51,000","11,000",0,0,"9,820",0,"30,180"
303,23016-283067002,10375372,Cà Phê Muối Chú Long - An Dương Vương,23/01/2026 08:17,"22,000","7,000",0,0,"3,683",0,"11,318"
304,23016-283153862,10230171,Cà Phê Muối Chú Long - Bình Long,23/01/2026 08:16,"87,000","15,000",0,0,"17,676",0,"54,324"
305,23016-283464816,10321523,Cà Phê Muối Chú Long - Thanh Nhàn,23/01/2026 08:11,"22,000","7,000",0,0,"3,683",0,"11,318"
306,23016-283575467,10321524,Cà Phê Muối Chú Long - Đội Cấn,23/01/2026 08:39,"94,000","15,000",0,0,"19,395",0,"59,606"
307,23016-283577991,10292422,Cà Phê Muối Chú Long - Phan Thiết,23/01/2026 08:03,"54,000","10,000",0,0,"10,802",0,"33,198"
308,23016-283669467,10235663,Cà Phê Muối Chú Long - Hà Huy Giáp,23/01/2026 08:03,"58,000","11,000",0,0,"11,539",0,"35,462"
309,23016-283742375,10386890,Cà Phê Muối Chú Long - Nha Trang,23/01/2026 08:07,"73,000",0,0,0,"17,922",0,"55,079"
310,23016-283848362,10225898,Cà Phê Muối Chú Long - Nguyễn Đình Chiểu,23/01/2026 08:24,"44,000","14,000",0,0,"7,365",0,"22,635"
311,23016-283915675,10225898,Cà Phê Muối Chú Long - Nguyễn Đình Chiểu,23/01/2026 08:16,"22,000","7,000",0,0,"3,683",0,"11,318"
312,23016-284202797,10235658,Cà Phê Muối Chú Long - Công Trường Quốc Tế,23/01/2026 08:13,"58,000","11,000",0,0,"11,539",0,"35,462"
313,23016-284319145,10292422,Cà Phê Muối Chú Long - Phan Thiết,23/01/2026 07:59,"29,000","7,250",0,0,"5,340",0,"16,410"
314,23016-284366429,10235658,Cà Phê Muối Chú Long - Công Trường Quốc Tế,23/01/2026 08:14,"44,000","14,000",0,0,"7,365",0,"22,635"
315,23016-284390938,10235658,Cà Phê Muối Chú Long - Công Trường Quốc Tế,23/01/2026 08:13,"110,000","20,000",0,0,"22,095",0,"67,905"
316,23016-284507128,10381892,Cà Phê Muối Chú Long - Phan Văn Trị,23/01/2026 08:15,"51,000",0,0,0,"12,521",0,"38,480"
317,23016-284516557,10225895,Cà Phê Muối Chú Long - Cách Mạng Tháng 8,23/01/2026 08:18,"58,000","11,000",0,0,"11,539",0,"35,462"
318,23016-284571968,10284115,Cà Phê Muối Chú Long - Kha Vạn Cân,23/01/2026 08:21,"440,000","54,500",0,0,"94,640",0,"290,860"
319,23016-284928876,10350108,Cà Phê Muối Chú Long - Đường Láng,23/01/2026 08:39,"22,000","5,000",0,0,"4,174",0,"12,827"
320,23016-285011746,10232123,Cà Phê Muối Chú Long - 17A Ngô Tất Tố,23/01/2026 08:21,"73,000","15,000",0,0,"14,239",0,"43,761"
321,23016-285108572,10350108,Cà Phê Muối Chú Long - Đường Láng,23/01/2026 08:29,"87,000","15,000",0,0,"17,676",0,"54,324"
322,23016-285188883,10225898,Cà Phê Muối Chú Long - Nguyễn Đình Chiểu,23/01/2026 08:10,"29,000","14,500",0,0,"3,560",0,"10,940"
323,23016-285267494,10225895,Cà Phê Muối Chú Long - Cách Mạng Tháng 8,23/01/2026 08:10,"29,000",0,0,0,"7,120",0,"21,881"
324,23016-285295656,10292422,Cà Phê Muối Chú Long - Phan Thiết,23/01/2026 08:05,"29,000","7,250",0,0,"5,340",0,"16,410"
325,23016-285382386,10321524,Cà Phê Muối Chú Long - Đội Cấn,23/01/2026 08:12,"58,000","11,000",0,0,"11,539",0,"35,462"
326,23016-285468009,10298769,Cà Phê Muối Chú Long - Tôn Đức Thắng,23/01/2026 08:17,"29,000",0,0,0,"7,120",0,"21,881"
327,23016-285512509,10296675,Cà Phê Muối Chú Long - Trương Định,23/01/2026 08:08,"58,000","11,000",0,0,"11,539",0,"35,462"
328,23016-285528235,10292015,Cà Phê Muối Chú Long - Long An,23/01/2026 08:06,"58,000","29,000",0,0,"7,120",0,"21,881"
329,23016-285537145,10230793,Cà Phê Muối Chú Long - Huỳnh Văn Bánh,23/01/2026 08:19,"22,000","7,000",0,0,"3,683",0,"11,318"
330,23016-285644913,10375372,Cà Phê Muối Chú Long - An Dương Vương,23/01/2026 08:06,"146,000",0,0,0,"35,843",0,"110,157"
331,23016-285812667,10298769,Cà Phê Muối Chú Long - Tôn Đức Thắng,23/01/2026 08:47,"105,000","20,000",0,0,"20,868",0,"64,133"
332,23016-285973546,10235658,Cà Phê Muối Chú Long - Công Trường Quốc Tế,23/01/2026 08:36,"59,000","11,000",0,0,"11,784",0,"36,216"
333,23016-286076161,10230171,Cà Phê Muối Chú Long - Bình Long,23/01/2026 08:14,"22,000","5,000",0,0,"4,174",0,"12,827"
334,23016-286097702,10321524,Cà Phê Muối Chú Long - Đội Cấn,23/01/2026 08:29,"249,000","37,500",0,0,"51,923",0,"159,577"
335,23016-286262850,10230814,Cà Phê Muối Chú Long - Võ Văn Kiệt,23/01/2026 08:11,"88,000","15,000",0,0,"17,922",0,"55,079"
336,23016-286262588,10284115,Cà Phê Muối Chú Long - Kha Vạn Cân,23/01/2026 08:21,"203,000","32,000",0,0,"41,981",0,"129,020"
337,23016-286343699,10298769,Cà Phê Muối Chú Long - Tôn Đức Thắng,23/01/2026 09:00,"29,000","5,000",0,0,"5,892",0,"18,108"
338,23016-286369927,10225902,Cà Phê Muối Chú Long - Hậu Giang,23/01/2026 08:20,"58,000","11,000",0,0,"11,539",0,"35,462"
339,23016-286442483,10350108,Cà Phê Muối Chú Long - Đường Láng,23/01/2026 08:50,"22,000","7,000",0,0,"3,683",0,"11,318"
340,23016-286441181,10230171,Cà Phê Muối Chú Long - Bình Long,23/01/2026 08:14,"22,000","7,000",0,0,"3,683",0,"11,318"
341,23016-286709828,10292422,Cà Phê Muối Chú Long - Phan Thiết,23/01/2026 08:10,"54,000","11,000",0,0,"10,557",0,"32,444"
342,23016-286776144,10225898,Cà Phê Muối Chú Long - Nguyễn Đình Chiểu,23/01/2026 08:20,"66,000","11,000",0,0,"13,503",0,"41,498"
343,23016-286832008,10235658,Cà Phê Muối Chú Long - Công Trường Quốc Tế,23/01/2026 08:36,"51,000","11,000",0,0,"9,820",0,"30,180"
344,23016-286847770,10296675,Cà Phê Muối Chú Long - Trương Định,23/01/2026 08:27,"36,000",0,0,0,"8,838",0,"27,162"
345,23016-286890668,10324687,Cà Phê Muối Chú Long - Huỳnh Tấn Phát,23/01/2026 08:12,"22,000","7,000",0,0,"3,683",0,"11,318"
346,23016-286942060,10386890,Cà Phê Muối Chú Long - Nha Trang,23/01/2026 08:40,"213,000",0,0,0,"52,292",0,"160,709"
347,23016-287093985,10225898,Cà Phê Muối Chú Long - Nguyễn Đình Chiểu,23/01/2026 08:31,"22,000","7,000",0,0,"3,683",0,"11,318"
348,23016-287158817,10313967,Cà Phê Muối Chú Long - Tiền Giang,23/01/2026 08:09,"44,000","10,000",0,0,"8,347",0,"25,653"
349,23016-287179593,10284115,Cà Phê Muối Chú Long - Kha Vạn Cân,23/01/2026 08:21,"219,000","32,000",0,0,"45,909",0,"141,092"
350,23016-287216147,10321523,Cà Phê Muối Chú Long - Thanh Nhàn,23/01/2026 08:18,"131,000","20,000",0,0,"27,251",0,"83,750"
351,23016-287267801,10235659,Cà Phê Muối Chú Long - Nguyễn Hữu Cảnh,23/01/2026 08:30,"44,000",0,0,0,"10,802",0,"33,198"
352,23016-287353874,10230793,Cà Phê Muối Chú Long - Huỳnh Văn Bánh,23/01/2026 08:33,"58,000","11,000",0,0,"11,539",0,"35,462"
353,23016-287370736,10235663,Cà Phê Muối Chú Long - Hà Huy Giáp,23/01/2026 08:08,"22,000","7,000",0,0,"3,683",0,"11,318"
354,23016-287453918,10321523,Cà Phê Muối Chú Long - Thanh Nhàn,23/01/2026 08:17,"146,000","26,000",0,0,"29,460",0,"90,540"
355,23016-287481681,10235658,Cà Phê Muối Chú Long - Công Trường Quốc Tế,23/01/2026 08:27,"22,000","7,000",0,0,"3,683",0,"11,318"
356,23016-287622732,10298769,Cà Phê Muối Chú Long - Tôn Đức Thắng,23/01/2026 08:56,"29,000","14,500",0,0,"3,560",0,"10,940"
357,23016-287689918,10321524,Cà Phê Muối Chú Long - Đội Cấn,23/01/2026 08:46,"58,000","29,000",0,0,"7,120",0,"21,881"
358,23016-287738681,10235658,Cà Phê Muối Chú Long - Công Trường Quốc Tế,23/01/2026 08:29,"58,000","11,000",0,0,"11,539",0,"35,462"
359,23016-287762726,10230814,Cà Phê Muối Chú Long - Võ Văn Kiệt,23/01/2026 08:16,"29,000",0,0,0,"7,120",0,"21,881"
360,23016-287797407,10298769,Cà Phê Muối Chú Long - Tôn Đức Thắng,23/01/2026 08:46,"123,000","20,000",0,0,"25,287",0,"77,714"
361,23016-287830391,10292422,Cà Phê Muối Chú Long - Phan Thiết,23/01/2026 08:08,"66,000","10,000",0,0,"13,748",0,"42,252"
362,23016-287863788,10321524,Cà Phê Muối Chú Long - Đội Cấn,23/01/2026 08:33,"36,000",0,0,0,"8,838",0,"27,162"
363,23016-287968567,10225888,Cà Phê Muối Chú Long - Lạc Long Quân,23/01/2026 08:11,"29,000","14,500",0,0,"3,560",0,"10,940"
364,23016-288059377,10381892,Cà Phê Muối Chú Long - Phan Văn Trị,23/01/2026 08:20,"108,000",0,0,0,"26,514",0,"81,486"
365,23016-288146330,10225888,Cà Phê Muối Chú Long - Lạc Long Quân,23/01/2026 08:12,"44,000","14,000",0,0,"7,365",0,"22,635"
366,23016-288193690,10225902,Cà Phê Muối Chú Long - Hậu Giang,23/01/2026 08:06,"29,000","5,000",0,0,"5,892",0,"18,108"
367,23016-288206544,10230793,Cà Phê Muối Chú Long - Huỳnh Văn Bánh,23/01/2026 08:23,"58,000","11,000",0,0,"11,539",0,"35,462"
368,23016-288220626,10375372,Cà Phê Muối Chú Long - An Dương Vương,23/01/2026 08:11,"44,000",0,0,0,"10,802",0,"33,198"
369,23016-288252704,10296675,Cà Phê Muối Chú Long - Trương Định,23/01/2026 08:16,"72,000","15,000",0,0,"13,994",0,"43,007"
370,23016-288296769,10386890,Cà Phê Muối Chú Long - Nha Trang,23/01/2026 08:38,"91,000",0,0,0,"22,341",0,"68,660"
371,23016-288520720,10298769,Cà Phê Muối Chú Long - Tôn Đức Thắng,23/01/2026 08:17,"134,000","20,000",0,0,"27,987",0,"86,013"
372,23016-288555175,10225895,Cà Phê Muối Chú Long - Cách Mạng Tháng 8,23/01/2026 08:13,"58,000","11,000",0,0,"11,539",0,"35,462"
373,23016-288562122,10225898,Cà Phê Muối Chú Long - Nguyễn Đình Chiểu,23/01/2026 08:19,"22,000","7,000",0,0,"3,683",0,"11,318"
374,23016-288673178,10321524,Cà Phê Muối Chú Long - Đội Cấn,23/01/2026 08:23,"58,000","11,000",0,0,"11,539",0,"35,462"
375,23016-288785914,10324687,Cà Phê Muối Chú Long - Huỳnh Tấn Phát,23/01/2026 08:22,"87,000","15,000",0,0,"17,676",0,"54,324"
376,23016-288802674,10298824,Cà Phê Muối Chú Long - Hoàng Diệu,23/01/2026 08:23,"29,000","14,500",0,0,"3,560",0,"10,940"
377,23016-288833863,10230171,Cà Phê Muối Chú Long - Bình Long,23/01/2026 08:19,"54,000","11,000",0,0,"10,557",0,"32,444"
378,23016-288865987,10298769,Cà Phê Muối Chú Long - Tôn Đức Thắng,23/01/2026 08:56,"29,000",0,0,0,"7,120",0,"21,881"
379,23016-289003811,10225885,Cà Phê Muối Chú Long - Ngô Tất Tố,23/01/2026 08:23,"44,000","14,000",0,0,"7,365",0,"22,635"
380,23016-289009417,10287840,Cà Phê Muối Chú Long - Long Xuyên,23/01/2026 08:12,"102,000","20,000",0,0,"20,131",0,"61,869"
381,23016-289022232,10225895,Cà Phê Muối Chú Long - Cách Mạng Tháng 8,23/01/2026 08:16,"29,000","5,000",0,0,"5,892",0,"18,108"
382,23016-289030640,10225895,Cà Phê Muối Chú Long - Cách Mạng Tháng 8,23/01/2026 08:14,"58,000","11,000",0,0,"11,539",0,"35,462"
383,23016-289087886,10230793,Cà Phê Muối Chú Long - Huỳnh Văn Bánh,23/01/2026 08:39,"22,000","7,000",0,0,"3,683",0,"11,318"
384,23016-289120084,10216423,Cà Phê Muối Chú Long - 417 Cộng Hoà,23/01/2026 08:29,"58,000","11,000",0,0,"11,539",0,"35,462"
385,23016-289169950,10225885,Cà Phê Muối Chú Long - Ngô Tất Tố,23/01/2026 08:20,"54,000","14,500",0,0,"9,697",0,"29,803"
386,23016-289516706,10324687,Cà Phê Muối Chú Long - Huỳnh Tấn Phát,23/01/2026 08:23,"44,000","14,000",0,0,"7,365",0,"22,635"
387,23016-289561497,10225888,Cà Phê Muối Chú Long - Lạc Long Quân,23/01/2026 08:15,"29,000","7,000",0,0,"5,401",0,"16,599"
388,23016-289593213,10386890,Cà Phê Muối Chú Long - Nha Trang,23/01/2026 08:30,"94,000",0,0,0,"23,077",0,"70,923"
389,23016-289684484,10381892,Cà Phê Muối Chú Long - Phan Văn Trị,23/01/2026 08:23,"29,000",0,0,0,"7,120",0,"21,881"
390,23016-289757047,10296675,Cà Phê Muối Chú Long - Trương Định,23/01/2026 08:41,"54,000","11,000",0,0,"10,557",0,"32,444"
391,23016-289776641,10230793,Cà Phê Muối Chú Long - Huỳnh Văn Bánh,23/01/2026 08:33,"29,000",0,0,0,"7,120",0,"21,881"
392,23016-289774976,10233716,Cà Phê Muối Chú Long - 130 Thích Quảng Đức,23/01/2026 08:18,"54,000","11,000",0,0,"10,557",0,"32,444"
393,23016-289804552,10219545,Cà Phê Muối Chú Long - Nguyễn Huệ,23/01/2026 08:30,"58,000","11,000",0,0,"11,539",0,"35,462"
394,23016-289818286,10225898,Cà Phê Muối Chú Long - Nguyễn Đình Chiểu,23/01/2026 08:23,"51,000","11,000",0,0,"9,820",0,"30,180"
395,23016-289851840,10216423,Cà Phê Muối Chú Long - 417 Cộng Hoà,23/01/2026 08:12,"87,000","15,000",0,0,"17,676",0,"54,324"
396,23016-289846632,10292422,Cà Phê Muối Chú Long - Phan Thiết,23/01/2026 08:18,"29,000","7,250",0,0,"5,340",0,"16,410"
397,23016-289899250,10321523,Cà Phê Muối Chú Long - Thanh Nhàn,23/01/2026 08:33,"87,000","15,000",0,0,"17,676",0,"54,324"
398,23016-289929358,10235658,Cà Phê Muối Chú Long - Công Trường Quốc Tế,23/01/2026 08:31,"174,000","26,000",0,0,"36,334",0,"111,666"
399,23016-289931236,10298769,Cà Phê Muối Chú Long - Tôn Đức Thắng,23/01/2026 08:35,"29,000",0,0,0,"7,120",0,"21,881"
400,23016-290033423,10321523,Cà Phê Muối Chú Long - Thanh Nhàn,23/01/2026 08:30,"94,000","15,000",0,0,"19,395",0,"59,606"
401,23016-290082690,10235663,Cà Phê Muối Chú Long - Hà Huy Giáp,23/01/2026 08:30,"73,000","15,000",0,0,"14,239",0,"43,761"
402,23016-290094185,10350108,Cà Phê Muối Chú Long - Đường Láng,23/01/2026 08:36,"58,000","11,000",0,0,"11,539",0,"35,462"
403,23016-290346787,10216423,Cà Phê Muối Chú Long - 417 Cộng Hoà,23/01/2026 08:23,"22,000","7,000",0,0,"3,683",0,"11,318"
404,23016-290354584,10321524,Cà Phê Muối Chú Long - Đội Cấn,23/01/2026 08:27,"72,000","15,000",0,0,"13,994",0,"43,007"
405,23016-290366743,10326235,Cà Phê Muối Chú Long - Cà Mau,23/01/2026 08:11,"160,000","26,000",0,0,"32,897",0,"101,103"
406,23016-290429187,10232123,Cà Phê Muối Chú Long - 17A Ngô Tất Tố,23/01/2026 08:26,"188,000","26,000",0,0,"39,771",0,"122,229"
407,23016-290537400,10230814,Cà Phê Muối Chú Long - Võ Văn Kiệt,23/01/2026 08:22,"87,000","15,000",0,0,"17,676",0,"54,324"
408,23016-290538840,10235663,Cà Phê Muối Chú Long - Hà Huy Giáp,23/01/2026 08:14,"54,000","11,000",0,0,"10,557",0,"32,444"
409,23016-290599325,10296675,Cà Phê Muối Chú Long - Trương Định,23/01/2026 08:25,"22,000","7,000",0,0,"3,683",0,"11,318"
410,23016-290676791,10225898,Cà Phê Muối Chú Long - Nguyễn Đình Chiểu,23/01/2026 08:26,"29,000","14,500",0,0,"3,560",0,"10,940"
411,23016-290760928,10350108,Cà Phê Muối Chú Long - Đường Láng,23/01/2026 08:27,"44,000","14,000",0,0,"7,365",0,"22,635"
412,23016-290815004,10225902,Cà Phê Muối Chú Long - Hậu Giang,23/01/2026 08:27,"29,000","14,500",0,0,"3,560",0,"10,940"
413,23016-290933292,10299524,Cà Phê Muối Chú Long - Lê Duẩn,23/01/2026 08:22,"66,000","11,000",0,0,"13,503",0,"41,498"
414,23016-290946212,10287867,Cà Phê Muối Chú Long - Classic,23/01/2026 08:29,"30,000","15,000",0,0,"3,683",0,"11,318"
415,23016-290983019,10225902,Cà Phê Muối Chú Long - Hậu Giang,23/01/2026 08:24,"125,000","20,000",0,0,"25,778",0,"79,223"
416,23016-291012792,10225898,Cà Phê Muối Chú Long - Nguyễn Đình Chiểu,23/01/2026 08:40,"22,000","7,000",0,0,"3,683",0,"11,318"
417,23016-291072351,10287867,Cà Phê Muối Chú Long - Classic,23/01/2026 08:21,"30,000","15,000",0,0,"3,683",0,"11,318"
418,23016-291099782,10225898,Cà Phê Muối Chú Long - Nguyễn Đình Chiểu,23/01/2026 08:45,"22,000","7,000",0,0,"3,683",0,"11,318"
419,23016-291125404,10230171,Cà Phê Muối Chú Long - Bình Long,23/01/2026 08:36,"22,000","7,000",0,0,"3,683",0,"11,318"
420,23016-291164113,10292015,Cà Phê Muối Chú Long - Long An,23/01/2026 08:20,"139,000","20,000",0,0,"29,215",0,"89,786"
421,23016-291199403,10307386,Cà Phê Muối Chú Long - Kiên Giang,23/01/2026 08:13,"58,000","11,000",0,0,"11,539",0,"35,462"
422,23016-291241552,10230814,Cà Phê Muối Chú Long - Võ Văn Kiệt,23/01/2026 08:20,"58,000","11,000",0,0,"11,539",0,"35,462"
423,23016-291300660,10321523,Cà Phê Muối Chú Long - Thanh Nhàn,23/01/2026 08:25,"58,000","11,000",0,0,"11,539",0,"35,462"
424,23016-291462394,10350108,Cà Phê Muối Chú Long - Đường Láng,23/01/2026 09:31,"44,000","14,000",0,0,"7,365",0,"22,635"
425,23016-291551713,10242271,Cà Phê Muối Chú Long - Vũng Tàu,23/01/2026 08:16,"29,000","14,500",0,0,"3,560",0,"10,940"
426,23016-291592103,10235659,Cà Phê Muối Chú Long - Nguyễn Hữu Cảnh,23/01/2026 08:26,"283,000","45,000",0,0,"58,429",0,"179,571"
427,23016-291631029,10230171,Cà Phê Muối Chú Long - Bình Long,23/01/2026 08:19,"44,000","14,000",0,0,"7,365",0,"22,635"
428,23016-291728983,10298824,Cà Phê Muối Chú Long - Hoàng Diệu,23/01/2026 08:31,"29,000",0,0,0,"7,120",0,"21,881"
429,23016-291741426,10321439,Cà Phê Muối Chú Long - Vĩnh Long,23/01/2026 08:12,"51,000","11,000",0,0,"9,820",0,"30,180"
430,23016-291805448,10292422,Cà Phê Muối Chú Long - Phan Thiết,23/01/2026 08:26,"51,000","11,000",0,0,"9,820",0,"30,180"
431,23016-291813874,10235658,Cà Phê Muối Chú Long - Công Trường Quốc Tế,23/01/2026 08:25,"112,000","20,000",0,0,"22,586",0,"69,414"
432,23016-291872185,10296675,Cà Phê Muối Chú Long - Trương Định,23/01/2026 08:37,"108,000","20,000",0,0,"21,604",0,"66,396"
433,23016-291915358,10350108,Cà Phê Muối Chú Long - Đường Láng,23/01/2026 08:28,"72,000","15,000",0,0,"13,994",0,"43,007"
434,23016-292018736,10235663,Cà Phê Muối Chú Long - Hà Huy Giáp,23/01/2026 08:41,"260,000","45,000",0,0,"52,783",0,"162,218"
435,23016-292170382,10298824,Cà Phê Muối Chú Long - Hoàng Diệu,23/01/2026 08:34,"95,000","15,000",0,0,"19,640",0,"60,360"
436,23016-292233564,10350108,Cà Phê Muối Chú Long - Đường Láng,23/01/2026 08:30,"123,000","20,000",0,0,"25,287",0,"77,714"
437,23016-292434654,10219545,Cà Phê Muối Chú Long - Nguyễn Huệ,23/01/2026 08:24,"51,000","11,000",0,0,"9,820",0,"30,180"
438,23016-292450298,10230793,Cà Phê Muối Chú Long - Huỳnh Văn Bánh,23/01/2026 08:24,"22,000","7,000",0,0,"3,683",0,"11,318"
439,23016-292530102,10235663,Cà Phê Muối Chú Long - Hà Huy Giáp,23/01/2026 08:32,"80,000","15,000",0,0,"15,958",0,"49,043"
440,23016-292682871,10292422,Cà Phê Muối Chú Long - Phan Thiết,23/01/2026 08:19,"29,000","7,250",0,0,"5,340",0,"16,410"
441,23016-292726993,10230814,Cà Phê Muối Chú Long - Võ Văn Kiệt,23/01/2026 08:44,"29,000","14,500",0,0,"3,560",0,"10,940"
442,23016-292788082,10225885,Cà Phê Muối Chú Long - Ngô Tất Tố,23/01/2026 08:32,"22,000","7,000",0,0,"3,683",0,"11,318"
443,23016-292830456,10216423,Cà Phê Muối Chú Long - 417 Cộng Hoà,23/01/2026 08:18,"203,000","32,000",0,0,"41,981",0,"129,020"
444,23016-292859983,10340098,Cà Phê Muối Chú Long - Thuận An,23/01/2026 08:49,"291,000","45,000",0,0,"60,393",0,"185,607"
445,23016-292893096,10219545,Cà Phê Muối Chú Long - Nguyễn Huệ,23/01/2026 08:24,"44,000","14,000",0,0,"7,365",0,"22,635"
446,23016-292899999,10298769,Cà Phê Muối Chú Long - Tôn Đức Thắng,23/01/2026 08:39,"88,000","15,000",0,0,"17,922",0,"55,079"
447,23016-292968312,10225898,Cà Phê Muối Chú Long - Nguyễn Đình Chiểu,23/01/2026 08:26,"29,000",0,0,0,"7,120",0,"21,881"
448,23016-292999395,10233716,Cà Phê Muối Chú Long - 130 Thích Quảng Đức,23/01/2026 08:35,"58,000","11,000",0,0,"11,539",0,"35,462"
449,23016-293056073,10225898,Cà Phê Muối Chú Long - Nguyễn Đình Chiểu,23/01/2026 08:40,"22,000","7,000",0,0,"3,683",0,"11,318"
450,23016-293213460,10284115,Cà Phê Muối Chú Long - Kha Vạn Cân,23/01/2026 08:35,"58,000","11,000",0,0,"11,539",0,"35,462"
451,23016-293251893,10307386,Cà Phê Muối Chú Long - Kiên Giang,23/01/2026 08:25,"58,000","11,000",0,0,"11,539",0,"35,462"
452,23016-293256902,10296675,Cà Phê Muối Chú Long - Trương Định,23/01/2026 08:33,"54,000","11,000",0,0,"10,557",0,"32,444"
453,23016-293327112,10235658,Cà Phê Muối Chú Long - Công Trường Quốc Tế,23/01/2026 08:29,"58,000","11,000",0,0,"11,539",0,"35,462"
454,23016-293332086,10225902,Cà Phê Muối Chú Long - Hậu Giang,23/01/2026 08:40,"22,000","7,000",0,0,"3,683",0,"11,318"
455,23016-293355258,10313967,Cà Phê Muối Chú Long - Tiền Giang,23/01/2026 08:23,"44,000","14,000",0,0,"7,365",0,"22,635"
456,23016-293498337,10375372,Cà Phê Muối Chú Long - An Dương Vương,23/01/2026 08:23,"29,000",0,0,0,"7,120",0,"21,881"
457,23016-293530180,10225871,Cà Phê Muối Chú Long - Đặng Nguyên Cẩn,23/01/2026 08:22,"22,000","7,000",0,0,"3,683",0,"11,318"
458,23016-293555800,10296675,Cà Phê Muối Chú Long - Trương Định,23/01/2026 08:18,"29,000",0,0,0,"7,120",0,"21,881"
459,23016-293610509,10230817,Cà Phê Muối Chú Long - Thích Quảng Đức,23/01/2026 08:23,"44,000","5,000",0,0,"9,575",0,"29,426"
460,23016-293724427,10216423,Cà Phê Muối Chú Long - 417 Cộng Hoà,23/01/2026 08:26,"22,000",0,0,0,"5,401",0,"16,599"
461,23016-293722220,10235663,Cà Phê Muối Chú Long - Hà Huy Giáp,23/01/2026 08:32,"51,000","10,000",0,0,"10,066",0,"30,935"
462,23016-293740082,10235663,Cà Phê Muối Chú Long - Hà Huy Giáp,23/01/2026 08:27,"132,000","20,000",0,0,"27,496",0,"84,504"
463,23016-293745132,10386890,Cà Phê Muối Chú Long - Nha Trang,23/01/2026 09:00,"65,000",0,0,0,"15,958",0,"49,043"
464,23016-294005398,10219545,Cà Phê Muối Chú Long - Nguyễn Huệ,23/01/2026 08:25,"51,000","11,000",0,0,"9,820",0,"30,180"
465,23016-294087674,10292422,Cà Phê Muối Chú Long - Phan Thiết,23/01/2026 08:27,"22,000","5,500",0,0,"4,051",0,"12,449"
466,23016-294099446,10321523,Cà Phê Muối Chú Long - Thanh Nhàn,23/01/2026 08:36,"58,000","11,000",0,0,"11,539",0,"35,462"
467,23016-294216682,10225895,Cà Phê Muối Chú Long - Cách Mạng Tháng 8,23/01/2026 08:23,"51,000","11,000",0,0,"9,820",0,"30,180"
468,23016-294258237,10219545,Cà Phê Muối Chú Long - Nguyễn Huệ,23/01/2026 08:38,"54,000","11,000",0,0,"10,557",0,"32,444"
469,23016-294304187,10216423,Cà Phê Muối Chú Long - 417 Cộng Hoà,23/01/2026 08:29,"66,000","11,000",0,0,"13,503",0,"41,498"
470,23016-294306688,10230793,Cà Phê Muối Chú Long - Huỳnh Văn Bánh,23/01/2026 08:58,"50,000","11,000",0,0,"9,575",0,"29,426"
471,23016-294371363,10287867,Cà Phê Muối Chú Long - Classic,23/01/2026 08:27,"30,000",0,0,0,"7,365",0,"22,635"
472,23016-294445423,10296675,Cà Phê Muối Chú Long - Trương Định,23/01/2026 08:34,"29,000","7,000",0,0,"5,401",0,"16,599"
473,23016-294495579,10230817,Cà Phê Muối Chú Long - Thích Quảng Đức,23/01/2026 08:23,"87,000","15,000",0,0,"17,676",0,"54,324"
474,23016-294595757,10230171,Cà Phê Muối Chú Long - Bình Long,23/01/2026 08:27,"22,000","7,000",0,0,"3,683",0,"11,318"
475,23016-294606613,10358037,Cà Phê Muối Chú Long - Hùng Vương,23/01/2026 08:33,"160,000","26,000",0,0,"32,897",0,"101,103"
476,23016-294631029,10321523,Cà Phê Muối Chú Long - Thanh Nhàn,23/01/2026 08:43,"220,000","32,000",0,0,"46,154",0,"141,846"
477,23016-294661806,10219545,Cà Phê Muối Chú Long - Nguyễn Huệ,23/01/2026 08:32,"44,000","14,000",0,0,"7,365",0,"22,635"
478,23016-294747755,10232123,Cà Phê Muối Chú Long - 17A Ngô Tất Tố,23/01/2026 08:40,"80,000","15,000",0,0,"15,958",0,"49,043"
479,23016-294879802,10321523,Cà Phê Muối Chú Long - Thanh Nhàn,23/01/2026 08:48,"36,000","5,000",0,0,"7,611",0,"23,390"
480,23016-294902062,10287867,Cà Phê Muối Chú Long - Classic,23/01/2026 08:31,"74,000","30,000",0,0,"10,802",0,"33,198"
481,23016-295059914,10381892,Cà Phê Muối Chú Long - Phan Văn Trị,23/01/2026 08:29,"159,000",0,0,0,"39,035",0,"119,966"
482,23016-295183174,10225898,Cà Phê Muối Chú Long - Nguyễn Đình Chiểu,23/01/2026 08:35,"22,000","7,000",0,0,"3,683",0,"11,318"
483,23016-295209342,10230793,Cà Phê Muối Chú Long - Huỳnh Văn Bánh,23/01/2026 08:21,"95,000","15,000",0,0,"19,640",0,"60,360"
484,23016-295205357,10354882,Cà Phê Muối Chú Long - Quảng Ngãi,23/01/2026 08:21,"88,000",0,0,0,"21,604",0,"66,396"
485,23016-295273417,10321523,Cà Phê Muối Chú Long - Thanh Nhàn,23/01/2026 08:43,"80,000","15,000",0,0,"15,958",0,"49,043"
486,23016-295320058,10321524,Cà Phê Muối Chú Long - Đội Cấn,23/01/2026 08:41,"59,000","11,000",0,0,"11,784",0,"36,216"
487,23016-295353659,10386890,Cà Phê Muối Chú Long - Nha Trang,23/01/2026 08:41,"22,000",0,0,0,"5,401",0,"16,599"
488,23016-295393840,10298824,Cà Phê Muối Chú Long - Hoàng Diệu,23/01/2026 08:44,"62,000","11,000",0,0,"12,521",0,"38,480"
489,23016-295400225,10230171,Cà Phê Muối Chú Long - Bình Long,23/01/2026 08:34,"47,000","7,000",0,0,"9,820",0,"30,180"
490,23016-295459862,10235663,Cà Phê Muối Chú Long - Hà Huy Giáp,23/01/2026 08:29,"116,000","20,000",0,0,"23,568",0,"72,432"
491,23016-295499637,10225898,Cà Phê Muối Chú Long - Nguyễn Đình Chiểu,23/01/2026 08:51,"87,000",0,0,0,"21,359",0,"65,642"
492,23016-295542460,10296675,Cà Phê Muối Chú Long - Trương Định,23/01/2026 08:40,"72,000","15,000",0,0,"13,994",0,"43,007"
493,23016-295628702,10232123,Cà Phê Muối Chú Long - 17A Ngô Tất Tố,23/01/2026 08:29,"58,000","11,000",0,0,"11,539",0,"35,462"
494,23016-295767484,10386890,Cà Phê Muối Chú Long - Nha Trang,23/01/2026 08:28,"80,000",0,0,0,"19,640",0,"60,360"
495,23016-295774106,10235659,Cà Phê Muối Chú Long - Nguyễn Hữu Cảnh,23/01/2026 08:28,"95,000","15,000",0,0,"19,640",0,"60,360"
496,23016-295800906,10321523,Cà Phê Muối Chú Long - Thanh Nhàn,23/01/2026 08:43,"22,000",0,0,0,"5,401",0,"16,599"
497,23016-295824836,10235658,Cà Phê Muối Chú Long - Công Trường Quốc Tế,23/01/2026 08:33,"102,000","20,000",0,0,"20,131",0,"61,869"
498,23016-295857143,10235663,Cà Phê Muối Chú Long - Hà Huy Giáp,23/01/2026 08:27,"69,000","11,000",0,0,"14,239",0,"43,761"
499,23016-295888862,10235663,Cà Phê Muối Chú Long - Hà Huy Giáp,23/01/2026 08:36,"44,000","14,000",0,0,"7,365",0,"22,635"
500,23016-296146146,10292422,Cà Phê Muối Chú Long - Phan Thiết,23/01/2026 08:22,"29,000","7,250",0,0,"5,340",0,"16,410"
501,23016-296151090,10299524,Cà Phê Muối Chú Long - Lê Duẩn,23/01/2026 08:42,"37,000","9,250",0,0,"6,813",0,"20,937"
502,23016-296287773,10375372,Cà Phê Muối Chú Long - An Dương Vương,23/01/2026 08:34,"66,000",0,0,0,"16,203",0,"49,797"
503,23016-296290127,10381983,Cà Phê Muối Chú Long - Bạch Đằng,23/01/2026 08:58,"58,000","29,000",0,0,"7,120",0,"21,881"
504,23016-296346173,10230171,Cà Phê Muối Chú Long - Bình Long,23/01/2026 08:50,"87,000","15,000",0,0,"17,676",0,"54,324"
505,23016-296352248,10375372,Cà Phê Muối Chú Long - An Dương Vương,23/01/2026 08:21,"76,000",0,0,0,"18,658",0,"57,342"
506,23016-296431757,10284115,Cà Phê Muối Chú Long - Kha Vạn Cân,23/01/2026 08:36,"22,000",0,0,0,"5,401",0,"16,599"
507,23016-296503894,10225898,Cà Phê Muối Chú Long - Nguyễn Đình Chiểu,23/01/2026 08:47,"51,000","11,000",0,0,"9,820",0,"30,180"
508,23016-296503953,10299524,Cà Phê Muối Chú Long - Lê Duẩn,23/01/2026 08:26,"22,000","7,000",0,0,"3,683",0,"11,318"
509,23016-296524526,10330437,Cà Phê Muối Chú Long - Trần Hưng Đạo,23/01/2026 08:51,"50,000","11,000",0,0,"9,575",0,"29,426"
510,23016-296555768,10350108,Cà Phê Muối Chú Long - Đường Láng,23/01/2026 09:01,"44,000",0,0,0,"10,802",0,"33,198"
511,23016-296766403,10225898,Cà Phê Muối Chú Long - Nguyễn Đình Chiểu,23/01/2026 08:48,"29,000","14,500",0,0,"3,560",0,"10,940"
512,23016-296811361,10321523,Cà Phê Muối Chú Long - Thanh Nhàn,23/01/2026 08:55,"348,000","45,000",0,0,"74,387",0,"228,614"
513,23016-296870355,10324687,Cà Phê Muối Chú Long - Huỳnh Tấn Phát,23/01/2026 08:28,"83,000","15,000",0,0,"16,694",0,"51,306"
514,23016-296977217,10386890,Cà Phê Muối Chú Long - Nha Trang,23/01/2026 08:49,"22,000",0,0,0,"5,401",0,"16,599"
515,23016-296988709,10230814,Cà Phê Muối Chú Long - Võ Văn Kiệt,23/01/2026 08:38,"76,000","15,000",0,0,"14,976",0,"46,025"
516,23016-297027756,10233716,Cà Phê Muối Chú Long - 130 Thích Quảng Đức,23/01/2026 08:37,"58,000","11,000",0,0,"11,539",0,"35,462"
517,23016-297157510,10321524,Cà Phê Muối Chú Long - Đội Cấn,23/01/2026 08:36,"73,000","15,000",0,0,"14,239",0,"43,761"
518,23016-297207912,10284115,Cà Phê Muối Chú Long - Kha Vạn Cân,23/01/2026 08:29,"22,000","7,000",0,0,"3,683",0,"11,318"
519,23016-297213416,10292015,Cà Phê Muối Chú Long - Long An,23/01/2026 08:41,"51,000","11,000",0,0,"9,820",0,"30,180"
520,23016-297286021,10321439,Cà Phê Muối Chú Long - Vĩnh Long,23/01/2026 08:35,"58,000","11,000",0,0,"11,539",0,"35,462"
521,23016-297292957,10321524,Cà Phê Muối Chú Long - Đội Cấn,23/01/2026 08:49,"58,000","29,000",0,0,"7,120",0,"21,881"
522,23016-297353597,10269971,Cà Phê Muối Chú Long - Cần Thơ,23/01/2026 08:34,"22,000","7,000",0,0,"3,683",0,"11,318"
523,23016-297356973,10354882,Cà Phê Muối Chú Long - Quảng Ngãi,23/01/2026 08:22,"29,000","7,250",0,0,"5,340",0,"16,410"
524,23016-297510927,10225902,Cà Phê Muối Chú Long - Hậu Giang,23/01/2026 08:30,"44,000","14,000",0,0,"7,365",0,"22,635"
525,23016-297597623,10350108,Cà Phê Muối Chú Long - Đường Láng,23/01/2026 09:22,"22,000","7,000",0,0,"3,683",0,"11,318"
526,23016-297610530,10340098,Cà Phê Muối Chú Long - Thuận An,23/01/2026 08:47,"58,000","11,000",0,0,"11,539",0,"35,462"
527,23016-297631345,10321523,Cà Phê Muối Chú Long - Thanh Nhàn,23/01/2026 08:57,"58,000","11,000",0,0,"11,539",0,"35,462"
528,23016-297688684,10381983,Cà Phê Muối Chú Long - Bạch Đằng,23/01/2026 09:28,"116,000",0,0,0,"28,478",0,"87,522"
529,23016-297705966,10225871,Cà Phê Muối Chú Long - Đặng Nguyên Cẩn,23/01/2026 08:46,"22,000","7,000",0,0,"3,683",0,"11,318"
530,23016-297819133,10225898,Cà Phê Muối Chú Long - Nguyễn Đình Chiểu,23/01/2026 08:40,"98,000","15,000",0,0,"20,377",0,"62,624"
531,23016-297826198,10269971,Cà Phê Muối Chú Long - Cần Thơ,23/01/2026 08:43,"180,000","26,000",0,0,"37,807",0,"116,193"
532,23016-297904273,10330437,Cà Phê Muối Chú Long - Trần Hưng Đạo,23/01/2026 08:34,"22,000","7,000",0,0,"3,683",0,"11,318"
533,23016-297917376,10225895,Cà Phê Muối Chú Long - Cách Mạng Tháng 8,23/01/2026 08:26,"58,000","11,000",0,0,"11,539",0,"35,462"
534,23016-297931310,10386890,Cà Phê Muối Chú Long - Nha Trang,23/01/2026 08:46,"29,000",0,0,0,"7,120",0,"21,881"
535,23016-297974370,10386890,Cà Phê Muối Chú Long - Nha Trang,23/01/2026 09:50,"65,000",0,0,0,"15,958",0,"49,043"
536,23016-298019180,10235663,Cà Phê Muối Chú Long - Hà Huy Giáp,23/01/2026 08:42,"73,000","15,000",0,0,"14,239",0,"43,761"
537,23016-298197600,10230814,Cà Phê Muối Chú Long - Võ Văn Kiệt,23/01/2026 08:36,"182,000","26,000",0,0,"38,298",0,"117,702"
538,23016-298260420,10386890,Cà Phê Muối Chú Long - Nha Trang,23/01/2026 08:49,"51,000",0,0,0,"12,521",0,"38,480"
539,23016-298324579,10296675,Cà Phê Muối Chú Long - Trương Định,23/01/2026 08:32,"203,000","32,000",0,0,"41,981",0,"129,020"
540,23016-298448806,10225895,Cà Phê Muối Chú Long - Cách Mạng Tháng 8,23/01/2026 08:30,"22,000","7,000",0,0,"3,683",0,"11,318"
541,23016-298457550,10216423,Cà Phê Muối Chú Long - 417 Cộng Hoà,23/01/2026 09:16,"51,000","11,000",0,0,"9,820",0,"30,180"
542,23016-298847484,10235658,Cà Phê Muối Chú Long - Công Trường Quốc Tế,23/01/2026 08:40,"52,000","11,000",0,0,"10,066",0,"30,935"
543,23016-298936624,10225888,Cà Phê Muối Chú Long - Lạc Long Quân,23/01/2026 08:29,"44,000","14,000",0,0,"7,365",0,"22,635"
544,23016-298988341,10225898,Cà Phê Muối Chú Long - Nguyễn Đình Chiểu,23/01/2026 08:37,"50,000","11,000",0,0,"9,575",0,"29,426"
545,23016-299028465,10225871,Cà Phê Muối Chú Long - Đặng Nguyên Cẩn,23/01/2026 08:52,"116,000","20,000",0,0,"23,568",0,"72,432"
546,23016-299089554,10381983,Cà Phê Muối Chú Long - Bạch Đằng,23/01/2026 08:34,"22,000","7,000",0,0,"3,683",0,"11,318"
547,23016-299118535,10386890,Cà Phê Muối Chú Long - Nha Trang,23/01/2026 08:33,"66,000",0,0,0,"16,203",0,"49,797"
548,23016-299231538,10296675,Cà Phê Muối Chú Long - Trương Định,23/01/2026 08:59,"72,000","15,000",0,0,"13,994",0,"43,007"
549,23016-299232867,10321439,Cà Phê Muối Chú Long - Vĩnh Long,23/01/2026 08:44,"83,000",0,0,0,"20,377",0,"62,624"
550,23016-299265710,10230793,Cà Phê Muối Chú Long - Huỳnh Văn Bánh,23/01/2026 08:35,"22,000","7,000",0,0,"3,683",0,"11,318"
551,23016-299334112,10350108,Cà Phê Muối Chú Long - Đường Láng,23/01/2026 09:15,"66,000","11,000",0,0,"13,503",0,"41,498"
552,23016-299359116,10296675,Cà Phê Muối Chú Long - Trương Định,23/01/2026 09:16,"137,000","20,000",0,0,"28,724",0,"88,277"
553,23016-299478440,10225902,Cà Phê Muối Chú Long - Hậu Giang,23/01/2026 08:44,"116,000","20,000",0,0,"23,568",0,"72,432"
554,23016-299619690,10233716,Cà Phê Muối Chú Long - 130 Thích Quảng Đức,23/01/2026 08:31,"22,000","7,000",0,0,"3,683",0,"11,318"
555,23016-299659836,10354891,Cà Phê Muối Chú Long - Trà Vinh,23/01/2026 08:27,"22,000","7,000",0,0,"3,683",0,"11,318"
556,23016-299747702,10292422,Cà Phê Muối Chú Long - Phan Thiết,23/01/2026 08:32,"22,000","5,500",0,0,"4,051",0,"12,449"
557,23016-299791884,10375372,Cà Phê Muối Chú Long - An Dương Vương,23/01/2026 08:28,"58,000",0,0,0,"14,239",0,"43,761"
558,23016-299810670,10326235,Cà Phê Muối Chú Long - Cà Mau,23/01/2026 08:37,"161,000","26,000",0,0,"33,143",0,"101,858"
559,23016-299838485,10235663,Cà Phê Muối Chú Long - Hà Huy Giáp,23/01/2026 08:41,"176,000","26,000",0,0,"36,825",0,"113,175"
560,23016-299885690,10375372,Cà Phê Muối Chú Long - An Dương Vương,23/01/2026 08:36,"132,000",0,0,0,"32,406",0,"99,594"
561,23016-299999242,10321439,Cà Phê Muối Chú Long - Vĩnh Long,23/01/2026 08:29,"29,000","7,250",0,0,"5,340",0,"16,410"
562,23016-300273528,10298769,Cà Phê Muối Chú Long - Tôn Đức Thắng,23/01/2026 08:40,"88,000","15,000",0,0,"17,922",0,"55,079"
563,23016-300320282,10225902,Cà Phê Muối Chú Long - Hậu Giang,23/01/2026 09:15,"632,000","69,500",0,0,"138,094",0,"424,406"
564,23016-300340913,10230171,Cà Phê Muối Chú Long - Bình Long,23/01/2026 08:39,"44,000",0,0,0,"10,802",0,"33,198"
565,23016-300352176,10296675,Cà Phê Muối Chú Long - Trương Định,23/01/2026 08:42,"37,000","5,000",0,0,"7,856",0,"24,144"
566,23016-300432426,10321523,Cà Phê Muối Chú Long - Thanh Nhàn,23/01/2026 08:39,"80,000","15,000",0,0,"15,958",0,"49,043"
567,23016-300517062,10321523,Cà Phê Muối Chú Long - Thanh Nhàn,23/01/2026 09:09,"51,000","11,000",0,0,"9,820",0,"30,180"
568,23016-300556666,10321523,Cà Phê Muối Chú Long - Thanh Nhàn,23/01/2026 08:52,"29,000",0,0,0,"7,120",0,"21,881"
569,23016-300619417,10296675,Cà Phê Muối Chú Long - Trương Định,23/01/2026 08:45,"36,000","5,000",0,0,"7,611",0,"23,390"
570,23016-300645786,10225871,Cà Phê Muối Chú Long - Đặng Nguyên Cẩn,23/01/2026 08:32,"58,000","11,000",0,0,"11,539",0,"35,462"
571,23016-300736140,10230793,Cà Phê Muối Chú Long - Huỳnh Văn Bánh,23/01/2026 08:43,"44,000","14,000",0,0,"7,365",0,"22,635"
572,23016-300756004,10219545,Cà Phê Muối Chú Long - Nguyễn Huệ,23/01/2026 08:44,"585,000","69,500",0,0,"126,555",0,"388,945"
573,23016-300915019,10298769,Cà Phê Muối Chú Long - Tôn Đức Thắng,23/01/2026 09:26,"22,000","7,000",0,0,"3,683",0,"11,318"
574,23016-300926699,10230793,Cà Phê Muối Chú Long - Huỳnh Văn Bánh,23/01/2026 08:37,"22,000","7,000",0,0,"3,683",0,"11,318"
575,23016-301015253,10296675,Cà Phê Muối Chú Long - Trương Định,23/01/2026 09:23,"29,000",0,0,0,"7,120",0,"21,881"
576,23016-301074981,10296675,Cà Phê Muối Chú Long - Trương Định,23/01/2026 08:47,"58,000","11,000",0,0,"11,539",0,"35,462"
577,23016-301172626,10230171,Cà Phê Muối Chú Long - Bình Long,23/01/2026 08:43,"22,000","7,000",0,0,"3,683",0,"11,318"
578,23016-301175653,10340098,Cà Phê Muối Chú Long - Thuận An,23/01/2026 08:40,"132,000","20,000",0,0,"27,496",0,"84,504"
579,23016-301185122,10298769,Cà Phê Muối Chú Long - Tôn Đức Thắng,23/01/2026 09:15,"59,000","11,000",0,0,"11,784",0,"36,216"
580,23016-301233210,10225898,Cà Phê Muối Chú Long - Nguyễn Đình Chiểu,23/01/2026 08:52,"58,000","11,000",0,0,"11,539",0,"35,462"
581,23016-301233375,10242271,Cà Phê Muối Chú Long - Vũng Tàu,23/01/2026 08:27,"58,000","11,000",0,0,"11,539",0,"35,462"
582,23016-301289646,10219545,Cà Phê Muối Chú Long - Nguyễn Huệ,23/01/2026 08:57,"58,000","11,000",0,0,"11,539",0,"35,462"
583,23016-301313175,10375372,Cà Phê Muối Chú Long - An Dương Vương,23/01/2026 08:46,"145,000",0,0,0,"35,598",0,"109,403"
584,23016-301391793,10354891,Cà Phê Muối Chú Long - Trà Vinh,23/01/2026 08:52,"199,000","26,000",0,0,"42,472",0,"130,529"
585,23016-301408289,10225898,Cà Phê Muối Chú Long - Nguyễn Đình Chiểu,23/01/2026 08:38,"83,000","15,000",0,0,"16,694",0,"51,306"
586,23016-301417931,10321523,Cà Phê Muối Chú Long - Thanh Nhàn,23/01/2026 09:06,"66,000","11,000",0,0,"13,503",0,"41,498"
587,23016-301506968,10354882,Cà Phê Muối Chú Long - Quảng Ngãi,23/01/2026 08:38,"124,000","17,500",0,0,"26,146",0,"80,354"
588,23016-301706462,10225902,Cà Phê Muối Chú Long - Hậu Giang,23/01/2026 08:39,"29,000","14,500",0,0,"3,560",0,"10,940"
589,23016-301778474,10386890,Cà Phê Muối Chú Long - Nha Trang,23/01/2026 08:50,"44,000",0,0,0,"10,802",0,"33,198"
590,23016-301854910,10232123,Cà Phê Muối Chú Long - 17A Ngô Tất Tố,23/01/2026 09:04,"58,000","11,000",0,0,"11,539",0,"35,462"
591,23016-301877300,10386890,Cà Phê Muối Chú Long - Nha Trang,23/01/2026 08:33,"29,000",0,0,0,"7,120",0,"21,881"
592,23016-301999985,10219545,Cà Phê Muối Chú Long - Nguyễn Huệ,23/01/2026 08:48,"83,000","15,000",0,0,"16,694",0,"51,306"
593,23016-301998948,10386890,Cà Phê Muối Chú Long - Nha Trang,23/01/2026 08:29,"44,000",0,0,0,"10,802",0,"33,198"
594,23016-302014440,10230793,Cà Phê Muối Chú Long - Huỳnh Văn Bánh,23/01/2026 08:42,"29,000","5,000",0,0,"5,892",0,"18,108"
595,23016-302264250,10232123,Cà Phê Muối Chú Long - 17A Ngô Tất Tố,23/01/2026 08:49,"44,000","14,000",0,0,"7,365",0,"22,635"
596,23016-302266070,10230814,Cà Phê Muối Chú Long - Võ Văn Kiệt,23/01/2026 08:42,"29,000",0,0,0,"7,120",0,"21,881"
597,23016-302279409,10285817,Cà Phê Muối Chú Long - 1349 Cách Mạng Tháng 8,23/01/2026 08:35,"22,000",0,0,0,"5,401",0,"16,599"
598,23016-302372800,10225888,Cà Phê Muối Chú Long - Lạc Long Quân,23/01/2026 08:45,"54,000","11,000",0,0,"10,557",0,"32,444"
599,23016-302413898,10216423,Cà Phê Muối Chú Long - 417 Cộng Hoà,23/01/2026 08:37,"58,000","14,500",0,0,"10,679",0,"32,821"
600,23016-302455520,10235663,Cà Phê Muối Chú Long - Hà Huy Giáp,23/01/2026 08:37,"29,000","7,250",0,0,"5,340",0,"16,410"
601,23016-302453064,10321523,Cà Phê Muối Chú Long - Thanh Nhàn,23/01/2026 09:04,"116,000","20,000",0,0,"23,568",0,"72,432"
602,23016-302520090,10340098,Cà Phê Muối Chú Long - Thuận An,23/01/2026 08:50,"116,000","20,000",0,0,"23,568",0,"72,432"
603,23016-302540139,10321523,Cà Phê Muối Chú Long - Thanh Nhàn,23/01/2026 08:54,"58,000","11,000",0,0,"11,539",0,"35,462"
604,23016-302599117,10230793,Cà Phê Muối Chú Long - Huỳnh Văn Bánh,23/01/2026 08:52,"29,000","5,000",0,0,"5,892",0,"18,108"
605,23016-302595074,10350108,Cà Phê Muối Chú Long - Đường Láng,23/01/2026 09:02,"127,000","20,000",0,0,"26,269",0,"80,732"
606,23016-302606433,10269971,Cà Phê Muối Chú Long - Cần Thơ,23/01/2026 08:57,"98,000","15,000",0,0,"20,377",0,"62,624"
607,23016-302610059,10292422,Cà Phê Muối Chú Long - Phan Thiết,23/01/2026 08:35,"58,000","11,000",0,0,"11,539",0,"35,462"
608,23016-302639001,10235659,Cà Phê Muối Chú Long - Nguyễn Hữu Cảnh,23/01/2026 08:45,"22,000","7,000",0,0,"3,683",0,"11,318"
609,23016-302640985,10324687,Cà Phê Muối Chú Long - Huỳnh Tấn Phát,23/01/2026 08:41,"54,000","11,000",0,0,"10,557",0,"32,444"
610,23016-302675157,10287867,Cà Phê Muối Chú Long - Classic,23/01/2026 08:48,"30,000",0,0,0,"7,365",0,"22,635"
611,23016-302720421,10230793,Cà Phê Muối Chú Long - Huỳnh Văn Bánh,23/01/2026 09:04,"145,000","26,000",0,0,"29,215",0,"89,786"
612,23016-302794224,10230814,Cà Phê Muối Chú Long - Võ Văn Kiệt,23/01/2026 08:40,"87,000","15,000",0,0,"17,676",0,"54,324"
613,23016-302808681,10298769,Cà Phê Muối Chú Long - Tôn Đức Thắng,23/01/2026 08:50,"72,000","15,000",0,0,"13,994",0,"43,007"
614,23016-302960401,10230793,Cà Phê Muối Chú Long - Huỳnh Văn Bánh,23/01/2026 08:47,"87,000","15,000",0,0,"17,676",0,"54,324"
615,23016-303097885,10230171,Cà Phê Muối Chú Long - Bình Long,23/01/2026 08:45,"160,000","26,000",0,0,"32,897",0,"101,103"
616,23016-303166747,10225885,Cà Phê Muối Chú Long - Ngô Tất Tố,23/01/2026 08:36,"22,000","7,000",0,0,"3,683",0,"11,318"
617,23016-303167800,10225898,Cà Phê Muối Chú Long - Nguyễn Đình Chiểu,23/01/2026 08:49,"29,000","14,500",0,0,"3,560",0,"10,940"
618,23016-303374766,10235659,Cà Phê Muối Chú Long - Nguyễn Hữu Cảnh,23/01/2026 08:42,"29,000","14,500",0,0,"3,560",0,"10,940"
619,23016-303426686,10296675,Cà Phê Muối Chú Long - Trương Định,23/01/2026 09:26,"65,000","11,000",0,0,"13,257",0,"40,743"
620,23016-303442872,10296675,Cà Phê Muối Chú Long - Trương Định,23/01/2026 08:47,"44,000",0,0,0,"10,802",0,"33,198"
621,23016-303499115,10354891,Cà Phê Muối Chú Long - Trà Vinh,23/01/2026 08:51,"29,000",0,0,0,"7,120",0,"21,881"
622,23016-303501978,10269971,Cà Phê Muối Chú Long - Cần Thơ,23/01/2026 08:49,"181,000","26,000",0,0,"38,053",0,"116,948"
623,23016-303533165,10233716,Cà Phê Muối Chú Long - 130 Thích Quảng Đức,23/01/2026 08:41,"58,000","11,000",0,0,"11,539",0,"35,462"
624,23016-303581478,10321523,Cà Phê Muối Chú Long - Thanh Nhàn,23/01/2026 09:15,"30,000","7,000",0,0,"5,647",0,"17,354"
625,23016-303697477,10321523,Cà Phê Muối Chú Long - Thanh Nhàn,23/01/2026 09:04,"29,000","5,000",0,0,"5,892",0,"18,108"
626,23016-303741050,10225902,Cà Phê Muối Chú Long - Hậu Giang,23/01/2026 08:47,"44,000",0,0,0,"10,802",0,"33,198"
627,23016-303775302,10298769,Cà Phê Muối Chú Long - Tôn Đức Thắng,23/01/2026 08:45,"80,000","15,000",0,0,"15,958",0,"49,043"
628,23016-303987624,10386890,Cà Phê Muối Chú Long - Nha Trang,23/01/2026 08:36,"109,000",0,0,0,"26,760",0,"82,241"
629,23016-304013968,10235658,Cà Phê Muối Chú Long - Công Trường Quốc Tế,23/01/2026 08:55,"51,000","11,000",0,0,"9,820",0,"30,180"
630,23016-304259480,10235663,Cà Phê Muối Chú Long - Hà Huy Giáp,23/01/2026 08:49,"72,000","15,000",0,0,"13,994",0,"43,007"
631,23016-304277669,10230171,Cà Phê Muối Chú Long - Bình Long,23/01/2026 08:47,"87,000","15,000",0,0,"17,676",0,"54,324"
632,23016-304298092,10298769,Cà Phê Muối Chú Long - Tôn Đức Thắng,23/01/2026 08:48,"58,000","11,000",0,0,"11,539",0,"35,462"
633,23016-304318450,10350108,Cà Phê Muối Chú Long - Đường Láng,23/01/2026 09:08,"22,000","7,000",0,0,"3,683",0,"11,318"
634,23016-304412349,10233716,Cà Phê Muối Chú Long - 130 Thích Quảng Đức,23/01/2026 08:35,"22,000","7,000",0,0,"3,683",0,"11,318"
635,23016-304431317,10350108,Cà Phê Muối Chú Long - Đường Láng,23/01/2026 09:01,"109,000","20,000",0,0,"21,850",0,"67,151"
636,23016-304612084,10230171,Cà Phê Muối Chú Long - Bình Long,23/01/2026 08:47,"22,000","7,000",0,0,"3,683",0,"11,318"
637,23016-304672745,10230793,Cà Phê Muối Chú Long - Huỳnh Văn Bánh,23/01/2026 09:25,"22,000","7,000",0,0,"3,683",0,"11,318"
638,23016-304675229,10321523,Cà Phê Muối Chú Long - Thanh Nhàn,23/01/2026 09:01,"87,000","15,000",0,0,"17,676",0,"54,324"
639,23016-304722867,10216423,Cà Phê Muối Chú Long - 417 Cộng Hoà,23/01/2026 08:46,"66,000","11,000",0,0,"13,503",0,"41,498"
640,23016-304796309,10230814,Cà Phê Muối Chú Long - Võ Văn Kiệt,23/01/2026 08:46,"22,000","7,000",0,0,"3,683",0,"11,318"
641,23016-304882580,10235663,Cà Phê Muối Chú Long - Hà Huy Giáp,23/01/2026 09:00,"22,000",0,0,0,"5,401",0,"16,599"
642,23016-304888650,10225902,Cà Phê Muối Chú Long - Hậu Giang,23/01/2026 08:55,"22,000","7,000",0,0,"3,683",0,"11,318"
643,23016-304903253,10235659,Cà Phê Muối Chú Long - Nguyễn Hữu Cảnh,23/01/2026 08:57,"29,000","14,500",0,0,"3,560",0,"10,940"
644,23016-304959325,10307386,Cà Phê Muối Chú Long - Kiên Giang,23/01/2026 08:53,"58,000","11,000",0,0,"11,539",0,"35,462"
645,23016-304959810,10321523,Cà Phê Muối Chú Long - Thanh Nhàn,23/01/2026 08:55,"149,000","26,000",0,0,"30,197",0,"92,804"
646,23016-305018675,10235663,Cà Phê Muối Chú Long - Hà Huy Giáp,23/01/2026 08:44,"91,000",0,0,0,"22,341",0,"68,660"
647,23016-305154334,10381983,Cà Phê Muối Chú Long - Bạch Đằng,23/01/2026 08:45,"65,000",0,0,0,"15,958",0,"49,043"
648,23016-305205007,10386890,Cà Phê Muối Chú Long - Nha Trang,23/01/2026 08:51,"37,000",0,0,0,"9,084",0,"27,917"
649,23016-305253346,10315543,Cà Phê Muối Chú Long - Bến Tre,23/01/2026 08:40,"29,000","7,250",0,0,"5,340",0,"16,410"
650,23016-305289197,10225898,Cà Phê Muối Chú Long - Nguyễn Đình Chiểu,23/01/2026 08:47,"130,000","20,000",0,0,"27,005",0,"82,995"
651,23016-305334319,10287867,Cà Phê Muối Chú Long - Classic,23/01/2026 08:47,"30,000","15,000",0,0,"3,683",0,"11,318"
652,23016-305372404,10219545,Cà Phê Muối Chú Long - Nguyễn Huệ,23/01/2026 08:53,"22,000","7,000",0,0,"3,683",0,"11,318"
653,23016-305418657,10235658,Cà Phê Muối Chú Long - Công Trường Quốc Tế,23/01/2026 09:01,"29,000",0,0,0,"7,120",0,"21,881"
654,23016-305431415,10225871,Cà Phê Muối Chú Long - Đặng Nguyên Cẩn,23/01/2026 08:42,"51,000","11,000",0,0,"9,820",0,"30,180"
655,23016-305510785,10350108,Cà Phê Muối Chú Long - Đường Láng,23/01/2026 09:03,"58,000","11,000",0,0,"11,539",0,"35,462"
656,23016-305610316,10386890,Cà Phê Muối Chú Long - Nha Trang,23/01/2026 08:55,"47,000",0,0,0,"11,539",0,"35,462"
657,23016-305673461,10225902,Cà Phê Muối Chú Long - Hậu Giang,23/01/2026 08:45,"44,000","14,000",0,0,"7,365",0,"22,635"
658,23016-305737235,10321523,Cà Phê Muối Chú Long - Thanh Nhàn,23/01/2026 08:57,"160,000","26,000",0,0,"32,897",0,"101,103"
659,23016-305751696,10225885,Cà Phê Muối Chú Long - Ngô Tất Tố,23/01/2026 09:05,"44,000",0,0,0,"10,802",0,"33,198"
660,23016-305808122,10284115,Cà Phê Muối Chú Long - Kha Vạn Cân,23/01/2026 08:57,"87,000","15,000",0,0,"17,676",0,"54,324"
661,23016-305827876,10225902,Cà Phê Muối Chú Long - Hậu Giang,23/01/2026 08:48,"83,000","15,000",0,0,"16,694",0,"51,306"
662,23016-305826093,10225871,Cà Phê Muối Chú Long - Đặng Nguyên Cẩn,23/01/2026 08:45,"87,000","15,000",0,0,"17,676",0,"54,324"
663,23016-305890769,10350108,Cà Phê Muối Chú Long - Đường Láng,23/01/2026 09:34,"29,000",0,0,0,"7,120",0,"21,881"
664,23016-305896795,10296675,Cà Phê Muối Chú Long - Trương Định,23/01/2026 08:44,"54,000","11,000",0,0,"10,557",0,"32,444"
665,23016-305987673,10219545,Cà Phê Muối Chú Long - Nguyễn Huệ,23/01/2026 08:44,"44,000","14,000",0,0,"7,365",0,"22,635"
666,23016-306057365,10219545,Cà Phê Muối Chú Long - Nguyễn Huệ,23/01/2026 09:03,"29,000","5,000",0,0,"5,892",0,"18,108"
667,23016-306078007,10381983,Cà Phê Muối Chú Long - Bạch Đằng,23/01/2026 08:51,"29,000",0,0,0,"7,120",0,"21,881"
668,23016-306202506,10219545,Cà Phê Muối Chú Long - Nguyễn Huệ,23/01/2026 09:02,"116,000","20,000",0,0,"23,568",0,"72,432"
669,23016-306270755,10386890,Cà Phê Muối Chú Long - Nha Trang,23/01/2026 08:58,"83,000",0,0,0,"20,377",0,"62,624"
670,23016-306299996,10321524,Cà Phê Muối Chú Long - Đội Cấn,23/01/2026 09:16,"176,000","26,000",0,0,"36,825",0,"113,175"
671,23016-306353421,10358040,Cà Phê Muối Chú Long - Đoàn Thị Điểm,23/01/2026 08:41,"30,000","15,000",0,0,"3,683",0,"11,318"
672,23016-306422896,10225871,Cà Phê Muối Chú Long - Đặng Nguyên Cẩn,23/01/2026 08:52,"29,000",0,0,0,"7,120",0,"21,881"
673,23016-306524500,10235663,Cà Phê Muối Chú Long - Hà Huy Giáp,23/01/2026 08:53,"29,000",0,0,0,"7,120",0,"21,881"
674,23016-306596591,10358016,Cà Phê Muối Chú Long - Bà Triệu,23/01/2026 08:55,"75,000","11,000",0,0,"15,712",0,"48,288"
675,23016-306615056,10242271,Cà Phê Muối Chú Long - Vũng Tàu,23/01/2026 08:46,"58,000","11,000",0,0,"11,539",0,"35,462"
676,23016-306627746,10284115,Cà Phê Muối Chú Long - Kha Vạn Cân,23/01/2026 08:56,"29,000",0,0,0,"7,120",0,"21,881"
677,23016-306670548,10225871,Cà Phê Muối Chú Long - Đặng Nguyên Cẩn,23/01/2026 08:44,"22,000",0,0,0,"5,401",0,"16,599"
678,23016-306823091,10358037,Cà Phê Muối Chú Long - Hùng Vương,23/01/2026 08:43,"29,000",0,0,0,"7,120",0,"21,881"
679,23016-306843175,10235659,Cà Phê Muối Chú Long - Nguyễn Hữu Cảnh,23/01/2026 08:48,"22,000","5,000",0,0,"4,174",0,"12,827"
680,23016-306968717,10225898,Cà Phê Muối Chú Long - Nguyễn Đình Chiểu,23/01/2026 09:15,"58,000","11,000",0,0,"11,539",0,"35,462"
681,23016-306977866,10225902,Cà Phê Muối Chú Long - Hậu Giang,23/01/2026 08:45,"69,000","11,000",0,0,"14,239",0,"43,761"
682,23016-307001930,10350108,Cà Phê Muối Chú Long - Đường Láng,23/01/2026 10:06,"207,000","32,000",0,0,"42,963",0,"132,038"
683,23016-307128572,10225902,Cà Phê Muối Chú Long - Hậu Giang,23/01/2026 08:41,"29,000",0,0,0,"7,120",0,"21,881"
684,23016-307194771,10225895,Cà Phê Muối Chú Long - Cách Mạng Tháng 8,23/01/2026 08:57,"44,000","14,000",0,0,"7,365",0,"22,635"
685,23016-307250731,10296675,Cà Phê Muối Chú Long - Trương Định,23/01/2026 08:51,"29,000","14,500",0,0,"3,560",0,"10,940"
686,23016-307354119,10298769,Cà Phê Muối Chú Long - Tôn Đức Thắng,23/01/2026 09:16,"132,000","20,000",0,0,"27,496",0,"84,504"
687,23016-307392175,10298769,Cà Phê Muối Chú Long - Tôn Đức Thắng,23/01/2026 08:42,"47,000","5,000",0,0,"10,311",0,"31,689"
688,23016-307415387,10321523,Cà Phê Muối Chú Long - Thanh Nhàn,23/01/2026 09:20,"58,000","11,000",0,0,"11,539",0,"35,462"
689,23016-307417974,10386890,Cà Phê Muối Chú Long - Nha Trang,23/01/2026 09:00,"145,000",0,0,0,"35,598",0,"109,403"
690,23016-307473690,10381892,Cà Phê Muối Chú Long - Phan Văn Trị,23/01/2026 09:10,"29,000","14,500",0,0,"3,560",0,"10,940"
691,23016-307478553,10230793,Cà Phê Muối Chú Long - Huỳnh Văn Bánh,23/01/2026 09:09,"58,000","11,000",0,0,"11,539",0,"35,462"
692,23016-307565316,10386890,Cà Phê Muối Chú Long - Nha Trang,23/01/2026 08:47,"29,000",0,0,0,"7,120",0,"21,881"
693,23016-307657180,10298769,Cà Phê Muối Chú Long - Tôn Đức Thắng,23/01/2026 09:06,"50,000","11,000",0,0,"9,575",0,"29,426"
694,23016-307748553,10381892,Cà Phê Muối Chú Long - Phan Văn Trị,23/01/2026 08:43,"58,000",0,0,0,"14,239",0,"43,761"
695,23016-307781582,10350108,Cà Phê Muối Chú Long - Đường Láng,23/01/2026 09:14,"116,000",0,0,0,"28,478",0,"87,522"
696,23016-307844140,10326235,Cà Phê Muối Chú Long - Cà Mau,23/01/2026 08:43,"50,000","11,000",0,0,"9,575",0,"29,426"
697,23016-307889256,10298769,Cà Phê Muối Chú Long - Tôn Đức Thắng,23/01/2026 08:52,"88,000","15,000",0,0,"17,922",0,"55,079"
698,23016-307946295,10225888,Cà Phê Muối Chú Long - Lạc Long Quân,23/01/2026 08:49,"116,000","20,000",0,0,"23,568",0,"72,432"
699,23016-308285260,10321523,Cà Phê Muối Chú Long - Thanh Nhàn,23/01/2026 09:06,"29,000",0,0,0,"7,120",0,"21,881"
700,23016-308352157,10350108,Cà Phê Muối Chú Long - Đường Láng,23/01/2026 09:24,"87,000",0,0,0,"21,359",0,"65,642"
701,23016-308425279,10225895,Cà Phê Muối Chú Long - Cách Mạng Tháng 8,23/01/2026 08:55,"22,000","7,000",0,0,"3,683",0,"11,318"
702,23016-308498831,10230793,Cà Phê Muối Chú Long - Huỳnh Văn Bánh,23/01/2026 09:16,"44,000","14,000",0,0,"7,365",0,"22,635"
703,23016-308510893,10230171,Cà Phê Muối Chú Long - Bình Long,23/01/2026 08:46,"94,000",0,0,0,"23,077",0,"70,923"
704,23016-308551843,10225895,Cà Phê Muối Chú Long - Cách Mạng Tháng 8,23/01/2026 08:47,"22,000","7,000",0,0,"3,683",0,"11,318"
705,23016-308563629,10216423,Cà Phê Muối Chú Long - 417 Cộng Hoà,23/01/2026 08:54,"58,000","11,000",0,0,"11,539",0,"35,462"
706,23016-308594566,10216423,Cà Phê Muối Chú Long - 417 Cộng Hoà,23/01/2026 08:57,"66,000","11,000",0,0,"13,503",0,"41,498"
707,23016-308719652,10230814,Cà Phê Muối Chú Long - Võ Văn Kiệt,23/01/2026 09:10,"44,000","14,000",0,0,"7,365",0,"22,635"
708,23016-308832267,10216423,Cà Phê Muối Chú Long - 417 Cộng Hoà,23/01/2026 08:53,"87,000","15,000",0,0,"17,676",0,"54,324"
709,23016-308836783,10225885,Cà Phê Muối Chú Long - Ngô Tất Tố,23/01/2026 08:43,"54,000","11,000",0,0,"10,557",0,"32,444"
710,23016-308843112,10225888,Cà Phê Muối Chú Long - Lạc Long Quân,23/01/2026 08:49,"22,000","7,000",0,0,"3,683",0,"11,318"
711,23016-308862205,10324687,Cà Phê Muối Chú Long - Huỳnh Tấn Phát,23/01/2026 08:42,"145,000","20,000",0,0,"30,688",0,"94,313"
712,23016-308861850,10296675,Cà Phê Muối Chú Long - Trương Định,23/01/2026 09:30,"137,000","20,000",0,0,"28,724",0,"88,277"
713,23016-308913974,10358040,Cà Phê Muối Chú Long - Đoàn Thị Điểm,23/01/2026 08:41,"30,000","15,000",0,0,"3,683",0,"11,318"
714,23016-308921092,10321523,Cà Phê Muối Chú Long - Thanh Nhàn,23/01/2026 09:04,"22,000","7,000",0,0,"3,683",0,"11,318"
715,23016-308969914,10232123,Cà Phê Muối Chú Long - 17A Ngô Tất Tố,23/01/2026 08:47,"58,000","11,000",0,0,"11,539",0,"35,462"
716,23016-309050256,10381892,Cà Phê Muối Chú Long - Phan Văn Trị,23/01/2026 08:47,"94,000",0,0,0,"23,077",0,"70,923"
717,23016-309078564,10321523,Cà Phê Muối Chú Long - Thanh Nhàn,23/01/2026 08:54,"44,000",0,0,0,"10,802",0,"33,198"
718,23016-309116054,10321523,Cà Phê Muối Chú Long - Thanh Nhàn,23/01/2026 08:46,"22,000","7,000",0,0,"3,683",0,"11,318"
719,23016-309119257,10340098,Cà Phê Muối Chú Long - Thuận An,23/01/2026 09:11,"116,000","20,000",0,0,"23,568",0,"72,432"
720,23016-309221185,10321524,Cà Phê Muối Chú Long - Đội Cấn,23/01/2026 09:18,"116,000","20,000",0,0,"23,568",0,"72,432"
721,23016-309397807,10287867,Cà Phê Muối Chú Long - Classic,23/01/2026 08:46,"32,000","5,000",0,0,"6,629",0,"20,372"
722,23016-309486986,10219545,Cà Phê Muối Chú Long - Nguyễn Huệ,23/01/2026 09:08,"187,000","26,000",0,0,"39,526",0,"121,475"
723,23016-309492795,10298769,Cà Phê Muối Chú Long - Tôn Đức Thắng,23/01/2026 09:12,"54,000","11,000",0,0,"10,557",0,"32,444"
724,23016-309504501,10321524,Cà Phê Muối Chú Long - Đội Cấn,23/01/2026 08:49,"51,000","11,000",0,0,"9,820",0,"30,180"
725,23016-309510738,10232123,Cà Phê Muối Chú Long - 17A Ngô Tất Tố,23/01/2026 08:56,"66,000","11,000",0,0,"13,503",0,"41,498"
726,23016-309541590,10321524,Cà Phê Muối Chú Long - Đội Cấn,23/01/2026 08:57,"36,000",0,0,0,"8,838",0,"27,162"
727,23016-309569918,10340098,Cà Phê Muối Chú Long - Thuận An,23/01/2026 09:13,"202,000","32,000",0,0,"41,735",0,"128,265"
728,23016-309601205,10321524,Cà Phê Muối Chú Long - Đội Cấn,23/01/2026 09:23,"47,000",0,0,0,"11,539",0,"35,462"
729,23016-309612728,10381983,Cà Phê Muối Chú Long - Bạch Đằng,23/01/2026 09:04,"51,000",0,0,0,"12,521",0,"38,480"
730,23016-309633655,10350108,Cà Phê Muối Chú Long - Đường Láng,23/01/2026 09:06,"44,000","14,000",0,0,"7,365",0,"22,635"
731,23016-309674769,10321523,Cà Phê Muối Chú Long - Thanh Nhàn,23/01/2026 08:59,"139,000","20,000",0,0,"29,215",0,"89,786"
732,23016-309679685,10350108,Cà Phê Muối Chú Long - Đường Láng,23/01/2026 09:22,"22,000","7,000",0,0,"3,683",0,"11,318"
733,23016-309688969,10375372,Cà Phê Muối Chú Long - An Dương Vương,23/01/2026 08:59,"88,000",0,0,0,"21,604",0,"66,396"
734,23016-309686621,10321524,Cà Phê Muối Chú Long - Đội Cấn,23/01/2026 09:05,"44,000","14,000",0,0,"7,365",0,"22,635"
735,23016-309692235,10296675,Cà Phê Muối Chú Long - Trương Định,23/01/2026 09:03,"79,000","15,000",0,0,"15,712",0,"48,288"
736,23016-309725285,10242271,Cà Phê Muối Chú Long - Vũng Tàu,23/01/2026 08:55,"29,000",0,0,0,"7,120",0,"21,881"
737,23016-309851542,10292422,Cà Phê Muối Chú Long - Phan Thiết,23/01/2026 08:50,"22,000","5,500",0,0,"4,051",0,"12,449"
738,23016-309936867,10216423,Cà Phê Muối Chú Long - 417 Cộng Hoà,23/01/2026 09:02,"29,000","5,000",0,0,"5,892",0,"18,108"
739,23016-310043322,10324687,Cà Phê Muối Chú Long - Huỳnh Tấn Phát,23/01/2026 08:51,"58,000","11,000",0,0,"11,539",0,"35,462"
740,23016-310049282,10233716,Cà Phê Muối Chú Long - 130 Thích Quảng Đức,23/01/2026 08:53,"137,000","20,000",0,0,"28,724",0,"88,277"
741,23016-310072769,10298769,Cà Phê Muối Chú Long - Tôn Đức Thắng,23/01/2026 08:57,"203,000","32,000",0,0,"41,981",0,"129,020"
742,23016-310086388,10235663,Cà Phê Muối Chú Long - Hà Huy Giáp,23/01/2026 08:58,"36,000","9,000",0,0,"6,629",0,"20,372"
743,23016-310126906,10350108,Cà Phê Muối Chú Long - Đường Láng,23/01/2026 08:55,"73,000","11,000",0,0,"15,221",0,"46,779"
744,23016-310155914,10386890,Cà Phê Muối Chú Long - Nha Trang,23/01/2026 08:54,"44,000",0,0,0,"10,802",0,"33,198"
745,23016-310188236,10321524,Cà Phê Muối Chú Long - Đội Cấn,23/01/2026 09:42,"94,000",0,0,0,"23,077",0,"70,923"
746,23016-310227032,10225898,Cà Phê Muối Chú Long - Nguyễn Đình Chiểu,23/01/2026 08:50,"51,000","11,000",0,0,"9,820",0,"30,180"
747,23016-310304989,10321523,Cà Phê Muối Chú Long - Thanh Nhàn,23/01/2026 09:25,"58,000","11,000",0,0,"11,539",0,"35,462"
748,23016-310342687,10230814,Cà Phê Muối Chú Long - Võ Văn Kiệt,23/01/2026 08:56,"44,000","14,000",0,0,"7,365",0,"22,635"
749,23016-310343417,10321523,Cà Phê Muối Chú Long - Thanh Nhàn,23/01/2026 09:09,"44,000","5,000",0,0,"9,575",0,"29,426"
750,23016-310467358,10321524,Cà Phê Muối Chú Long - Đội Cấn,23/01/2026 09:11,"174,000","26,000",0,0,"36,334",0,"111,666"
751,23016-310474470,10225888,Cà Phê Muối Chú Long - Lạc Long Quân,23/01/2026 08:56,"51,000","11,000",0,0,"9,820",0,"30,180"
752,23016-310530356,10232123,Cà Phê Muối Chú Long - 17A Ngô Tất Tố,23/01/2026 09:06,"51,000","11,000",0,0,"9,820",0,"30,180"
753,23016-310560144,10298769,Cà Phê Muối Chú Long - Tôn Đức Thắng,23/01/2026 09:23,"116,000","20,000",0,0,"23,568",0,"72,432"
754,23016-310587386,10235659,Cà Phê Muối Chú Long - Nguyễn Hữu Cảnh,23/01/2026 09:14,"109,000","20,000",0,0,"21,850",0,"67,151"
755,23016-310696192,10292422,Cà Phê Muối Chú Long - Phan Thiết,23/01/2026 09:12,"132,000","20,000",0,0,"27,496",0,"84,504"
756,23016-310711755,10225885,Cà Phê Muối Chú Long - Ngô Tất Tố,23/01/2026 08:55,"29,000","14,500",0,0,"3,560",0,"10,940"
757,23016-310746518,10296675,Cà Phê Muối Chú Long - Trương Định,23/01/2026 09:09,"112,000","20,000",0,0,"22,586",0,"69,414"
758,23016-310751940,10235663,Cà Phê Muối Chú Long - Hà Huy Giáp,23/01/2026 08:54,"29,000",0,0,0,"7,120",0,"21,881"
759,23016-310762944,10225898,Cà Phê Muối Chú Long - Nguyễn Đình Chiểu,23/01/2026 09:34,"29,000",0,0,0,"7,120",0,"21,881"
760,23016-310789859,10225898,Cà Phê Muối Chú Long - Nguyễn Đình Chiểu,23/01/2026 08:52,"29,000",0,0,0,"7,120",0,"21,881"
761,23016-310796788,10321523,Cà Phê Muối Chú Long - Thanh Nhàn,23/01/2026 09:08,"58,000","11,000",0,0,"11,539",0,"35,462"
762,23016-310846581,10225902,Cà Phê Muối Chú Long - Hậu Giang,23/01/2026 08:56,"29,000",0,0,0,"7,120",0,"21,881"
763,23016-310851234,10216423,Cà Phê Muối Chú Long - 417 Cộng Hoà,23/01/2026 09:04,"22,000","7,000",0,0,"3,683",0,"11,318"
764,23016-310970079,10225895,Cà Phê Muối Chú Long - Cách Mạng Tháng 8,23/01/2026 08:47,"29,000","14,500",0,0,"3,560",0,"10,940"
765,23016-311029376,10225902,Cà Phê Muối Chú Long - Hậu Giang,23/01/2026 09:07,"58,000","11,000",0,0,"11,539",0,"35,462"
766,23016-311037063,10216423,Cà Phê Muối Chú Long - 417 Cộng Hoà,23/01/2026 09:09,"66,000","11,000",0,0,"13,503",0,"41,498"
767,23016-311136971,10225898,Cà Phê Muối Chú Long - Nguyễn Đình Chiểu,23/01/2026 09:19,"22,000","7,000",0,0,"3,683",0,"11,318"
768,23016-311160267,10321523,Cà Phê Muối Chú Long - Thanh Nhàn,23/01/2026 09:15,"73,000","15,000",0,0,"14,239",0,"43,761"
769,23016-311177780,10235663,Cà Phê Muối Chú Long - Hà Huy Giáp,23/01/2026 09:00,"95,000","15,000",0,0,"19,640",0,"60,360"
770,23016-311275538,10230814,Cà Phê Muối Chú Long - Võ Văn Kiệt,23/01/2026 09:03,"29,000","14,500",0,0,"3,560",0,"10,940"
771,23016-311275972,10330437,Cà Phê Muối Chú Long - Trần Hưng Đạo,23/01/2026 09:04,"50,000","10,000",0,0,"9,820",0,"30,180"
772,23016-311273253,10324687,Cà Phê Muối Chú Long - Huỳnh Tấn Phát,23/01/2026 09:03,"181,000",0,0,0,"44,436",0,"136,565"
773,23016-311279503,10225902,Cà Phê Muối Chú Long - Hậu Giang,23/01/2026 09:03,"44,000","14,000",0,0,"7,365",0,"22,635"
774,23016-311284645,10235659,Cà Phê Muối Chú Long - Nguyễn Hữu Cảnh,23/01/2026 09:07,"29,000",0,0,0,"7,120",0,"21,881"
775,23016-311328444,10299524,Cà Phê Muối Chú Long - Lê Duẩn,23/01/2026 09:13,"22,000","7,000",0,0,"3,683",0,"11,318"
776,23016-311367784,10230814,Cà Phê Muối Chú Long - Võ Văn Kiệt,23/01/2026 09:10,"29,000","14,500",0,0,"3,560",0,"10,940"
777,23016-311482715,10296675,Cà Phê Muối Chú Long - Trương Định,23/01/2026 09:23,"58,000","11,000",0,0,"11,539",0,"35,462"
778,23016-311490956,10324687,Cà Phê Muối Chú Long - Huỳnh Tấn Phát,23/01/2026 09:08,"112,000","20,000",0,0,"22,586",0,"69,414"
779,23016-311484694,10350108,Cà Phê Muối Chú Long - Đường Láng,23/01/2026 09:11,"22,000","7,000",0,0,"3,683",0,"11,318"
780,23016-311512605,10296675,Cà Phê Muối Chú Long - Trương Định,23/01/2026 09:19,"37,000",0,0,0,"9,084",0,"27,917"
781,23016-311538390,10296675,Cà Phê Muối Chú Long - Trương Định,23/01/2026 09:14,"22,000",0,0,0,"5,401",0,"16,599"
782,23016-311561070,10225871,Cà Phê Muối Chú Long - Đặng Nguyên Cẩn,23/01/2026 09:11,"44,000","14,000",0,0,"7,365",0,"22,635"
783,23016-311573164,10232123,Cà Phê Muối Chú Long - 17A Ngô Tất Tố,23/01/2026 09:04,"37,000","5,000",0,0,"7,856",0,"24,144"
784,23016-311584325,10296675,Cà Phê Muối Chú Long - Trương Định,23/01/2026 09:15,"152,000","26,000",0,0,"30,933",0,"95,067"
785,23016-311586891,10219545,Cà Phê Muối Chú Long - Nguyễn Huệ,23/01/2026 09:15,"29,000","14,500",0,0,"3,560",0,"10,940"
786,23016-311676209,10350108,Cà Phê Muối Chú Long - Đường Láng,23/01/2026 09:35,"72,000",0,0,0,"17,676",0,"54,324"
787,23016-311702738,10225898,Cà Phê Muối Chú Long - Nguyễn Đình Chiểu,23/01/2026 09:14,"22,000",0,0,0,"5,401",0,"16,599"
788,23016-311754590,10298769,Cà Phê Muối Chú Long - Tôn Đức Thắng,23/01/2026 09:14,"131,000","20,000",0,0,"27,251",0,"83,750"
789,23016-311787590,10350108,Cà Phê Muối Chú Long - Đường Láng,23/01/2026 10:27,"22,000","7,000",0,0,"3,683",0,"11,318"
790,23016-311796111,10350108,Cà Phê Muối Chú Long - Đường Láng,23/01/2026 09:32,"66,000","11,000",0,0,"13,503",0,"41,498"
791,23016-311840880,10350108,Cà Phê Muối Chú Long - Đường Láng,23/01/2026 09:10,"87,000",0,0,0,"21,359",0,"65,642"
792,23016-311960681,10386890,Cà Phê Muối Chú Long - Nha Trang,23/01/2026 08:49,"29,000",0,0,0,"7,120",0,"21,881"
793,23016-312029488,10232123,Cà Phê Muối Chú Long - 17A Ngô Tất Tố,23/01/2026 09:12,"62,000","11,000",0,0,"12,521",0,"38,480"
794,23016-312041965,10298769,Cà Phê Muối Chú Long - Tôn Đức Thắng,23/01/2026 09:44,"50,000","11,000",0,0,"9,575",0,"29,426"
795,23016-312107418,10287867,Cà Phê Muối Chú Long - Classic,23/01/2026 08:55,"60,000","30,000",0,0,"7,365",0,"22,635"
796,23016-312139983,10375372,Cà Phê Muối Chú Long - An Dương Vương,23/01/2026 09:13,"22,000","7,000",0,0,"3,683",0,"11,318"
797,23016-312363852,10298769,Cà Phê Muối Chú Long - Tôn Đức Thắng,23/01/2026 09:10,"29,000",0,0,0,"7,120",0,"21,881"
798,23016-312581323,10292422,Cà Phê Muối Chú Long - Phan Thiết,23/01/2026 08:50,"29,000","7,250",0,0,"5,340",0,"16,410"
799,23016-312612448,10216423,Cà Phê Muối Chú Long - 417 Cộng Hoà,23/01/2026 08:57,"22,000","7,000",0,0,"3,683",0,"11,318"
800,23016-312651917,10326235,Cà Phê Muối Chú Long - Cà Mau,23/01/2026 08:54,"29,000","7,250",0,0,"5,340",0,"16,410"
801,23016-312690544,10230171,Cà Phê Muối Chú Long - Bình Long,23/01/2026 08:55,"58,000","11,000",0,0,"11,539",0,"35,462"
802,23016-312724593,10381892,Cà Phê Muối Chú Long - Phan Văn Trị,23/01/2026 08:53,"58,000",0,0,0,"14,239",0,"43,761"
803,23016-312869626,10225898,Cà Phê Muối Chú Long - Nguyễn Đình Chiểu,23/01/2026 08:56,"29,000","14,500",0,0,"3,560",0,"10,940"
804,23016-312987158,10350108,Cà Phê Muối Chú Long - Đường Láng,23/01/2026 09:42,"160,000","26,000",0,0,"32,897",0,"101,103"
805,23016-312994668,10225895,Cà Phê Muối Chú Long - Cách Mạng Tháng 8,23/01/2026 09:01,"58,000","11,000",0,0,"11,539",0,"35,462"
806,23016-312995036,10292422,Cà Phê Muối Chú Long - Phan Thiết,23/01/2026 09:00,"29,000","7,250",0,0,"5,340",0,"16,410"
807,23016-313057602,10292422,Cà Phê Muối Chú Long - Phan Thiết,23/01/2026 08:47,"29,000",0,0,0,"7,120",0,"21,881"
808,23016-313102378,10269971,Cà Phê Muối Chú Long - Cần Thơ,23/01/2026 09:06,"54,000","11,000",0,0,"10,557",0,"32,444"
809,23016-313147996,10386890,Cà Phê Muối Chú Long - Nha Trang,23/01/2026 09:08,"29,000",0,0,0,"7,120",0,"21,881"
810,23016-313174815,10235659,Cà Phê Muối Chú Long - Nguyễn Hữu Cảnh,23/01/2026 09:11,"119,000","20,000",0,0,"24,305",0,"74,696"
811,23016-313219525,10296675,Cà Phê Muối Chú Long - Trương Định,23/01/2026 09:42,"22,000","5,000",0,0,"4,174",0,"12,827"
812,23016-313268243,10235659,Cà Phê Muối Chú Long - Nguyễn Hữu Cảnh,23/01/2026 09:03,"65,000","11,000",0,0,"13,257",0,"40,743"
813,23016-313535079,10307386,Cà Phê Muối Chú Long - Kiên Giang,23/01/2026 08:49,"58,000","11,000",0,0,"11,539",0,"35,462"
814,23016-313535179,10216423,Cà Phê Muối Chú Long - 417 Cộng Hoà,23/01/2026 09:15,"22,000","7,000",0,0,"3,683",0,"11,318"
815,23016-313553969,10321523,Cà Phê Muối Chú Long - Thanh Nhàn,23/01/2026 09:03,"29,000",0,0,0,"7,120",0,"21,881"
816,23016-313625558,10386890,Cà Phê Muối Chú Long - Nha Trang,23/01/2026 08:55,"44,000",0,0,0,"10,802",0,"33,198"
817,23016-313631884,10230814,Cà Phê Muối Chú Long - Võ Văn Kiệt,23/01/2026 09:03,"51,000","11,000",0,0,"9,820",0,"30,180"
818,23016-313634991,10230171,Cà Phê Muối Chú Long - Bình Long,23/01/2026 08:56,"58,000","11,000",0,0,"11,539",0,"35,462"
819,23016-313891395,10375372,Cà Phê Muối Chú Long - An Dương Vương,23/01/2026 09:09,"83,000",0,0,0,"20,377",0,"62,624"
820,23016-313922740,10225898,Cà Phê Muối Chú Long - Nguyễn Đình Chiểu,23/01/2026 09:04,"116,000","20,000",0,0,"23,568",0,"72,432"
821,23016-314058039,10225895,Cà Phê Muối Chú Long - Cách Mạng Tháng 8,23/01/2026 09:05,"22,000","7,000",0,0,"3,683",0,"11,318"
822,23016-314119242,10354882,Cà Phê Muối Chú Long - Quảng Ngãi,23/01/2026 08:59,"29,000","7,250",0,0,"5,340",0,"16,410"
823,23016-314337966,10381983,Cà Phê Muối Chú Long - Bạch Đằng,23/01/2026 09:12,"22,000","7,000",0,0,"3,683",0,"11,318"
824,23016-314484081,10321523,Cà Phê Muối Chú Long - Thanh Nhàn,23/01/2026 09:00,"44,000","5,000",0,0,"9,575",0,"29,426"
825,23016-314530414,10235658,Cà Phê Muối Chú Long - Công Trường Quốc Tế,23/01/2026 09:16,"22,000","7,000",0,0,"3,683",0,"11,318"
826,23016-314559552,10235658,Cà Phê Muối Chú Long - Công Trường Quốc Tế,23/01/2026 09:16,"29,000",0,0,0,"7,120",0,"21,881"
827,23016-314596464,10230814,Cà Phê Muối Chú Long - Võ Văn Kiệt,23/01/2026 09:06,"87,000","15,000",0,0,"17,676",0,"54,324"
828,23016-314753339,10321524,Cà Phê Muối Chú Long - Đội Cấn,23/01/2026 09:17,"153,000","26,000",0,0,"31,179",0,"95,822"
829,23016-314746170,10235663,Cà Phê Muối Chú Long - Hà Huy Giáp,23/01/2026 09:01,"58,000","10,000",0,0,"11,784",0,"36,216"
830,23016-314806035,10298769,Cà Phê Muối Chú Long - Tôn Đức Thắng,23/01/2026 10:13,"128,000","20,000",0,0,"26,514",0,"81,486"
831,23016-314888914,10219545,Cà Phê Muối Chú Long - Nguyễn Huệ,23/01/2026 09:12,"58,000","11,000",0,0,"11,539",0,"35,462"
832,23016-314934576,10216423,Cà Phê Muối Chú Long - 417 Cộng Hoà,23/01/2026 09:05,"58,000","11,000",0,0,"11,539",0,"35,462"
833,23016-314933216,10230814,Cà Phê Muối Chú Long - Võ Văn Kiệt,23/01/2026 09:05,"58,000",0,0,0,"14,239",0,"43,761"
834,23016-314973124,10350108,Cà Phê Muối Chú Long - Đường Láng,23/01/2026 09:57,"58,000","11,000",0,0,"11,539",0,"35,462"
835,23016-315019903,10298824,Cà Phê Muối Chú Long - Hoàng Diệu,23/01/2026 09:07,"22,000","7,000",0,0,"3,683",0,"11,318"
836,23016-315106468,10299524,Cà Phê Muối Chú Long - Lê Duẩn,23/01/2026 09:10,"29,000",0,0,0,"7,120",0,"21,881"
837,23016-315119114,10350108,Cà Phê Muối Chú Long - Đường Láng,23/01/2026 10:05,"116,000","20,000",0,0,"23,568",0,"72,432"
838,23016-315126530,10321523,Cà Phê Muối Chú Long - Thanh Nhàn,23/01/2026 09:07,"54,000","11,000",0,0,"10,557",0,"32,444"
839,23016-315159562,10324687,Cà Phê Muối Chú Long - Huỳnh Tấn Phát,23/01/2026 08:58,"58,000","11,000",0,0,"11,539",0,"35,462"
840,23016-315171833,10235658,Cà Phê Muối Chú Long - Công Trường Quốc Tế,23/01/2026 09:10,"66,000","11,000",0,0,"13,503",0,"41,498"
841,23016-315223654,10298769,Cà Phê Muối Chú Long - Tôn Đức Thắng,23/01/2026 09:34,"160,000","26,000",0,0,"32,897",0,"101,103"
842,23016-315239929,10225898,Cà Phê Muối Chú Long - Nguyễn Đình Chiểu,23/01/2026 09:04,"22,000","7,000",0,0,"3,683",0,"11,318"
843,23016-315240750,10225885,Cà Phê Muối Chú Long - Ngô Tất Tố,23/01/2026 09:13,"22,000","7,000",0,0,"3,683",0,"11,318"
844,23016-315553980,10321523,Cà Phê Muối Chú Long - Thanh Nhàn,23/01/2026 09:55,"286,000","45,000",0,0,"59,166",0,"181,835"
845,23016-315566798,10242271,Cà Phê Muối Chú Long - Vũng Tàu,23/01/2026 09:04,"58,000","11,000",0,0,"11,539",0,"35,462"
846,23016-315585213,10230814,Cà Phê Muối Chú Long - Võ Văn Kiệt,23/01/2026 09:05,"51,000","11,000",0,0,"9,820",0,"30,180"
847,23016-315692500,10235658,Cà Phê Muối Chú Long - Công Trường Quốc Tế,23/01/2026 09:03,"192,000","26,000",0,0,"40,753",0,"125,247"
848,23016-315750849,10216423,Cà Phê Muối Chú Long - 417 Cộng Hoà,23/01/2026 09:09,"58,000","11,000",0,0,"11,539",0,"35,462"
849,23016-315862045,10216423,Cà Phê Muối Chú Long - 417 Cộng Hoà,23/01/2026 09:09,"44,000","14,000",0,0,"7,365",0,"22,635"
850,23016-315898448,10230793,Cà Phê Muối Chú Long - Huỳnh Văn Bánh,23/01/2026 09:14,"29,000","14,500",0,0,"3,560",0,"10,940"
851,23016-316002148,10233716,Cà Phê Muối Chú Long - 130 Thích Quảng Đức,23/01/2026 09:11,"51,000","11,000",0,0,"9,820",0,"30,180"
852,23016-316057750,10225898,Cà Phê Muối Chú Long - Nguyễn Đình Chiểu,23/01/2026 09:24,"44,000","14,000",0,0,"7,365",0,"22,635"
853,23016-316056899,10216423,Cà Phê Muối Chú Long - 417 Cộng Hoà,23/01/2026 09:25,"22,000","5,000",0,0,"4,174",0,"12,827"
854,23016-316063834,10225898,Cà Phê Muối Chú Long - Nguyễn Đình Chiểu,23/01/2026 09:10,"58,000","11,000",0,0,"11,539",0,"35,462"
855,23016-316119485,10298769,Cà Phê Muối Chú Long - Tôn Đức Thắng,23/01/2026 09:12,"58,000","11,000",0,0,"11,539",0,"35,462"
856,23016-316145031,10225888,Cà Phê Muối Chú Long - Lạc Long Quân,23/01/2026 09:01,"22,000","5,000",0,0,"4,174",0,"12,827"
857,23016-316181880,10216423,Cà Phê Muối Chú Long - 417 Cộng Hoà,23/01/2026 09:12,"22,000","7,000",0,0,"3,683",0,"11,318"
858,23016-316246285,10298769,Cà Phê Muối Chú Long - Tôn Đức Thắng,23/01/2026 08:58,"58,000","11,000",0,0,"11,539",0,"35,462"
859,23016-316280793,10287867,Cà Phê Muối Chú Long - Classic,23/01/2026 09:12,"30,000",0,0,0,"7,365",0,"22,635"
860,23016-316292795,10284115,Cà Phê Muối Chú Long - Kha Vạn Cân,23/01/2026 08:54,"83,000","15,000",0,0,"16,694",0,"51,306"
861,23016-316348560,10350108,Cà Phê Muối Chú Long - Đường Láng,23/01/2026 11:48,"22,000","7,000",0,0,"3,683",0,"11,318"
862,23016-316370841,10225898,Cà Phê Muối Chú Long - Nguyễn Đình Chiểu,23/01/2026 09:12,"29,000","14,500",0,0,"3,560",0,"10,940"
863,23016-316377968,10216423,Cà Phê Muối Chú Long - 417 Cộng Hoà,23/01/2026 09:15,"44,000","14,000",0,0,"7,365",0,"22,635"
864,23016-316389529,10235659,Cà Phê Muối Chú Long - Nguyễn Hữu Cảnh,23/01/2026 09:17,"80,000",0,0,0,"19,640",0,"60,360"
865,23016-316434414,10235663,Cà Phê Muối Chú Long - Hà Huy Giáp,23/01/2026 09:01,"29,000","7,250",0,0,"5,340",0,"16,410"
866,23016-316523470,10321524,Cà Phê Muối Chú Long - Đội Cấn,23/01/2026 10:02,"58,000","11,000",0,0,"11,539",0,"35,462"
867,23016-316613911,10313967,Cà Phê Muối Chú Long - Tiền Giang,23/01/2026 09:05,"73,000",0,0,0,"17,922",0,"55,079"
868,23016-316719679,10321524,Cà Phê Muối Chú Long - Đội Cấn,23/01/2026 09:36,"58,000","11,000",0,0,"11,539",0,"35,462"
869,23016-316726458,10296675,Cà Phê Muối Chú Long - Trương Định,23/01/2026 09:19,"141,000","26,000",0,0,"28,233",0,"86,768"
870,23016-316760092,10321523,Cà Phê Muối Chú Long - Thanh Nhàn,23/01/2026 09:37,"87,000","15,000",0,0,"17,676",0,"54,324"
871,23016-317009691,10298769,Cà Phê Muối Chú Long - Tôn Đức Thắng,23/01/2026 09:17,"109,000","20,000",0,0,"21,850",0,"67,151"
872,23016-317083100,10298769,Cà Phê Muối Chú Long - Tôn Đức Thắng,23/01/2026 09:32,"66,000","11,000",0,0,"13,503",0,"41,498"
873,23016-317113773,10386890,Cà Phê Muối Chú Long - Nha Trang,23/01/2026 09:17,"58,000",0,0,0,"14,239",0,"43,761"
874,23016-317285270,10216423,Cà Phê Muối Chú Long - 417 Cộng Hoà,23/01/2026 09:13,"58,000","11,000",0,0,"11,539",0,"35,462"
875,23016-317301444,10216423,Cà Phê Muối Chú Long - 417 Cộng Hoà,23/01/2026 09:13,"58,000","11,000",0,0,"11,539",0,"35,462"
876,23016-317332119,10230171,Cà Phê Muối Chú Long - Bình Long,23/01/2026 08:56,"87,000",0,0,0,"21,359",0,"65,642"
877,23016-317395077,10296675,Cà Phê Muối Chú Long - Trương Định,23/01/2026 09:14,"58,000","11,000",0,0,"11,539",0,"35,462"
878,23016-317423770,10225898,Cà Phê Muối Chú Long - Nguyễn Đình Chiểu,23/01/2026 09:21,"44,000","14,000",0,0,"7,365",0,"22,635"
879,23016-317547457,10219545,Cà Phê Muối Chú Long - Nguyễn Huệ,23/01/2026 09:24,"22,000",0,0,0,"5,401",0,"16,599"
880,23016-317729196,10230817,Cà Phê Muối Chú Long - Thích Quảng Đức,23/01/2026 08:57,"44,000","5,000",0,0,"9,575",0,"29,426"
881,23016-317785861,10235663,Cà Phê Muối Chú Long - Hà Huy Giáp,23/01/2026 09:12,"22,000","7,000",0,0,"3,683",0,"11,318"
882,23016-317843205,10230793,Cà Phê Muối Chú Long - Huỳnh Văn Bánh,23/01/2026 09:13,"22,000","7,000",0,0,"3,683",0,"11,318"
883,23016-317940396,10292015,Cà Phê Muối Chú Long - Long An,23/01/2026 09:11,"116,000","20,000",0,0,"23,568",0,"72,432"
884,23016-317953756,10298769,Cà Phê Muối Chú Long - Tôn Đức Thắng,23/01/2026 09:29,"58,000","11,000",0,0,"11,539",0,"35,462"
885,23016-318024640,10216423,Cà Phê Muối Chú Long - 417 Cộng Hoà,23/01/2026 09:10,"44,000","14,000",0,0,"7,365",0,"22,635"
886,23016-318030721,10230171,Cà Phê Muối Chú Long - Bình Long,23/01/2026 09:00,"58,000",0,0,0,"14,239",0,"43,761"
887,23016-318038923,10230793,Cà Phê Muối Chú Long - Huỳnh Văn Bánh,23/01/2026 09:13,"51,000","11,000",0,0,"9,820",0,"30,180"
888,23016-318198737,10230814,Cà Phê Muối Chú Long - Võ Văn Kiệt,23/01/2026 09:23,"22,000","7,000",0,0,"3,683",0,"11,318"
889,23016-318282017,10298769,Cà Phê Muối Chú Long - Tôn Đức Thắng,23/01/2026 09:21,"145,000","26,000",0,0,"29,215",0,"89,786"
890,23016-318331208,10225898,Cà Phê Muối Chú Long - Nguyễn Đình Chiểu,23/01/2026 09:04,"87,000","15,000",0,0,"17,676",0,"54,324"
891,23016-318349610,10235658,Cà Phê Muối Chú Long - Công Trường Quốc Tế,23/01/2026 09:12,"58,000","11,000",0,0,"11,539",0,"35,462"
892,23016-318374682,10296675,Cà Phê Muối Chú Long - Trương Định,23/01/2026 09:31,"116,000","20,000",0,0,"23,568",0,"72,432"
893,23016-318494180,10225898,Cà Phê Muối Chú Long - Nguyễn Đình Chiểu,23/01/2026 09:22,"29,000",0,0,0,"7,120",0,"21,881"
894,23016-318528048,10386890,Cà Phê Muối Chú Long - Nha Trang,23/01/2026 09:11,"22,000",0,0,0,"5,401",0,"16,599"
895,23016-318560347,10230171,Cà Phê Muối Chú Long - Bình Long,23/01/2026 09:04,"58,000","14,500",0,0,"10,679",0,"32,821"
896,23016-318728584,10219545,Cà Phê Muối Chú Long - Nguyễn Huệ,23/01/2026 09:09,"29,000",0,0,0,"7,120",0,"21,881"
897,23016-319067609,10230817,Cà Phê Muối Chú Long - Thích Quảng Đức,23/01/2026 08:58,"58,000","11,000",0,0,"11,539",0,"35,462"
898,23016-319083034,10296675,Cà Phê Muối Chú Long - Trương Định,23/01/2026 09:19,"29,000","14,500",0,0,"3,560",0,"10,940"
899,23016-319117539,10330437,Cà Phê Muối Chú Long - Trần Hưng Đạo,23/01/2026 09:10,"22,000",0,0,0,"5,401",0,"16,599"
900,23016-319128106,10386890,Cà Phê Muối Chú Long - Nha Trang,23/01/2026 09:23,"44,000",0,0,0,"10,802",0,"33,198"
901,23016-319257361,10233716,Cà Phê Muối Chú Long - 130 Thích Quảng Đức,23/01/2026 09:16,"59,000","11,000",0,0,"11,784",0,"36,216"
902,23016-319319184,10321524,Cà Phê Muối Chú Long - Đội Cấn,23/01/2026 10:03,"94,000",0,0,0,"23,077",0,"70,923"
903,23016-319380699,10321523,Cà Phê Muối Chú Long - Thanh Nhàn,23/01/2026 09:47,"73,000","15,000",0,0,"14,239",0,"43,761"
904,23016-319539983,10375372,Cà Phê Muối Chú Long - An Dương Vương,23/01/2026 09:03,"22,000","7,000",0,0,"3,683",0,"11,318"
905,23016-319564644,10225898,Cà Phê Muối Chú Long - Nguyễn Đình Chiểu,23/01/2026 09:14,"80,000","11,000",0,0,"16,940",0,"52,061"
906,23016-319595586,10216423,Cà Phê Muối Chú Long - 417 Cộng Hoà,23/01/2026 09:18,"51,000","11,000",0,0,"9,820",0,"30,180"
907,23016-319623845,10350108,Cà Phê Muối Chú Long - Đường Láng,23/01/2026 10:24,"377,000","45,000",0,0,"81,506",0,"250,494"
908,23016-319808604,10313967,Cà Phê Muối Chú Long - Tiền Giang,23/01/2026 09:03,"44,000","14,000",0,0,"7,365",0,"22,635"
909,23016-319894469,10232123,Cà Phê Muối Chú Long - 17A Ngô Tất Tố,23/01/2026 09:14,"37,000",0,0,0,"9,084",0,"27,917"
910,23016-319916335,10235658,Cà Phê Muối Chú Long - Công Trường Quốc Tế,23/01/2026 09:16,"22,000",0,0,0,"5,401",0,"16,599"
911,23016-319932621,10324687,Cà Phê Muối Chú Long - Huỳnh Tấn Phát,23/01/2026 09:21,"116,000","20,000",0,0,"23,568",0,"72,432"
912,23016-320019617,10287867,Cà Phê Muối Chú Long - Classic,23/01/2026 09:15,"30,000","15,000",0,0,"3,683",0,"11,318"
913,23016-320019967,10225888,Cà Phê Muối Chú Long - Lạc Long Quân,23/01/2026 09:15,"58,000","11,000",0,0,"11,539",0,"35,462"
914,23016-320039802,10321524,Cà Phê Muối Chú Long - Đội Cấn,23/01/2026 09:17,"72,000","15,000",0,0,"13,994",0,"43,007"
915,23016-320202374,10230814,Cà Phê Muối Chú Long - Võ Văn Kiệt,23/01/2026 09:12,"37,000","5,000",0,0,"7,856",0,"24,144"
916,23016-320260073,10298769,Cà Phê Muối Chú Long - Tôn Đức Thắng,23/01/2026 09:23,"66,000","11,000",0,0,"13,503",0,"41,498"
917,23016-320264711,10298769,Cà Phê Muối Chú Long - Tôn Đức Thắng,23/01/2026 09:17,"94,000",0,0,0,"23,077",0,"70,923"
918,23016-320311300,10298769,Cà Phê Muối Chú Long - Tôn Đức Thắng,23/01/2026 09:27,"145,000","26,000",0,0,"29,215",0,"89,786"
919,23016-320641238,10298769,Cà Phê Muối Chú Long - Tôn Đức Thắng,23/01/2026 09:38,"22,000","7,000",0,0,"3,683",0,"11,318"
920,23016-320708606,10321524,Cà Phê Muối Chú Long - Đội Cấn,23/01/2026 09:27,"58,000","11,000",0,0,"11,539",0,"35,462"
921,23016-320796110,10242271,Cà Phê Muối Chú Long - Vũng Tàu,23/01/2026 09:09,"50,000","11,000",0,0,"9,575",0,"29,426"
922,23016-321006021,10230814,Cà Phê Muối Chú Long - Võ Văn Kiệt,23/01/2026 09:19,"58,000","11,000",0,0,"11,539",0,"35,462"
923,23016-321009255,10330437,Cà Phê Muối Chú Long - Trần Hưng Đạo,23/01/2026 09:09,"145,000","26,000",0,0,"29,215",0,"89,786"
924,23016-321053703,10375372,Cà Phê Muối Chú Long - An Dương Vương,23/01/2026 09:11,"22,000","7,000",0,0,"3,683",0,"11,318"
925,23016-321239801,10216423,Cà Phê Muối Chú Long - 417 Cộng Hoà,23/01/2026 09:17,"22,000","7,000",0,0,"3,683",0,"11,318"
926,23016-321280807,10375372,Cà Phê Muối Chú Long - An Dương Vương,23/01/2026 09:14,"22,000",0,0,0,"5,401",0,"16,599"
927,23016-321393122,10225888,Cà Phê Muối Chú Long - Lạc Long Quân,23/01/2026 09:03,"22,000","5,000",0,0,"4,174",0,"12,827"
928,23016-321394641,10235659,Cà Phê Muối Chú Long - Nguyễn Hữu Cảnh,23/01/2026 09:19,"80,000","15,000",0,0,"15,958",0,"49,043"
929,23016-321403925,10321524,Cà Phê Muối Chú Long - Đội Cấn,23/01/2026 10:02,"269,000","37,500",0,0,"56,833",0,"174,667"
930,23016-321410449,10321524,Cà Phê Muối Chú Long - Đội Cấn,23/01/2026 10:07,"145,000","26,000",0,0,"29,215",0,"89,786"
931,23016-321514481,10292422,Cà Phê Muối Chú Long - Phan Thiết,23/01/2026 09:21,"22,000","7,000",0,0,"3,683",0,"11,318"
932,23016-321683759,10225898,Cà Phê Muối Chú Long - Nguyễn Đình Chiểu,23/01/2026 09:23,"29,000",0,0,0,"7,120",0,"21,881"
933,23016-321684701,10321524,Cà Phê Muối Chú Long - Đội Cấn,23/01/2026 10:07,"145,000","26,000",0,0,"29,215",0,"89,786"
934,23016-321705106,10269971,Cà Phê Muối Chú Long - Cần Thơ,23/01/2026 09:49,"130,000","20,000",0,0,"27,005",0,"82,995"
935,23016-321752320,10299524,Cà Phê Muối Chú Long - Lê Duẩn,23/01/2026 09:16,"65,000","11,000",0,0,"13,257",0,"40,743"
936,23016-321905824,10296675,Cà Phê Muối Chú Long - Trương Định,23/01/2026 09:30,"131,000","20,000",0,0,"27,251",0,"83,750"
937,23016-321922755,10296675,Cà Phê Muối Chú Long - Trương Định,23/01/2026 09:18,"29,000","14,500",0,0,"3,560",0,"10,940"
938,23016-321940496,10235659,Cà Phê Muối Chú Long - Nguyễn Hữu Cảnh,23/01/2026 09:30,"36,000",0,0,0,"8,838",0,"27,162"
939,23016-321990916,10232123,Cà Phê Muối Chú Long - 17A Ngô Tất Tố,23/01/2026 09:17,"58,000","11,000",0,0,"11,539",0,"35,462"
940,23016-322044736,10321524,Cà Phê Muối Chú Long - Đội Cấn,23/01/2026 10:09,"22,000",0,0,0,"5,401",0,"16,599"
941,23016-322069882,10386890,Cà Phê Muối Chú Long - Nha Trang,23/01/2026 09:16,"29,000",0,0,0,"7,120",0,"21,881"
942,23016-322114157,10321524,Cà Phê Muối Chú Long - Đội Cấn,23/01/2026 09:15,"44,000",0,0,0,"10,802",0,"33,198"
943,23016-322191761,10219545,Cà Phê Muối Chú Long - Nguyễn Huệ,23/01/2026 09:07,"58,000","11,000",0,0,"11,539",0,"35,462"
944,23016-322205355,10235658,Cà Phê Muối Chú Long - Công Trường Quốc Tế,23/01/2026 09:16,"133,000","20,000",0,0,"27,742",0,"85,259"
945,23016-322277469,10230793,Cà Phê Muối Chú Long - Huỳnh Văn Bánh,23/01/2026 09:44,"58,000","11,000",0,0,"11,539",0,"35,462"
946,23016-322276159,10298769,Cà Phê Muối Chú Long - Tôn Đức Thắng,23/01/2026 10:35,"22,000","7,000",0,0,"3,683",0,"11,318"
947,23016-322294776,10235663,Cà Phê Muối Chú Long - Hà Huy Giáp,23/01/2026 09:15,"58,000","11,000",0,0,"11,539",0,"35,462"
948,23016-322452695,10292015,Cà Phê Muối Chú Long - Long An,23/01/2026 09:08,"29,000","7,250",0,0,"5,340",0,"16,410"
949,23016-322572854,10298769,Cà Phê Muối Chú Long - Tôn Đức Thắng,23/01/2026 10:24,"29,000","14,500",0,0,"3,560",0,"10,940"
950,23016-322582331,10298769,Cà Phê Muối Chú Long - Tôn Đức Thắng,23/01/2026 09:19,"29,000","7,000",0,0,"5,401",0,"16,599"
951,23016-322653293,10230793,Cà Phê Muối Chú Long - Huỳnh Văn Bánh,23/01/2026 09:40,"22,000","7,000",0,0,"3,683",0,"11,318"
952,23016-322854884,10225888,Cà Phê Muối Chú Long - Lạc Long Quân,23/01/2026 09:06,"87,000","15,000",0,0,"17,676",0,"54,324"
953,23016-322864190,10298769,Cà Phê Muối Chú Long - Tôn Đức Thắng,23/01/2026 09:29,"51,000","11,000",0,0,"9,820",0,"30,180"
954,23016-322912062,10386890,Cà Phê Muối Chú Long - Nha Trang,23/01/2026 09:16,"83,000",0,0,0,"20,377",0,"62,624"
955,23016-322926038,10230171,Cà Phê Muối Chú Long - Bình Long,23/01/2026 09:08,"138,000",0,0,0,"33,879",0,"104,121"
956,23016-322939737,10216423,Cà Phê Muối Chú Long - 417 Cộng Hoà,23/01/2026 09:11,"58,000","11,000",0,0,"11,539",0,"35,462"
957,23016-322954057,10225902,Cà Phê Muối Chú Long - Hậu Giang,23/01/2026 09:11,"87,000","15,000",0,0,"17,676",0,"54,324"
958,23016-322997537,10381983,Cà Phê Muối Chú Long - Bạch Đằng,23/01/2026 09:14,"58,000",0,0,0,"14,239",0,"43,761"
959,23016-323054186,10225902,Cà Phê Muối Chú Long - Hậu Giang,23/01/2026 09:15,"51,000","11,000",0,0,"9,820",0,"30,180"
960,23016-323190371,10321524,Cà Phê Muối Chú Long - Đội Cấn,23/01/2026 09:32,"22,000","7,000",0,0,"3,683",0,"11,318"
961,23016-323368349,10321524,Cà Phê Muối Chú Long - Đội Cấn,23/01/2026 09:46,"44,000","14,000",0,0,"7,365",0,"22,635"
962,23016-323450111,10321524,Cà Phê Muối Chú Long - Đội Cấn,23/01/2026 09:21,"83,000","15,000",0,0,"16,694",0,"51,306"
963,23016-323555668,10230814,Cà Phê Muối Chú Long - Võ Văn Kiệt,23/01/2026 09:26,"116,000","20,000",0,0,"23,568",0,"72,432"
964,23016-323589041,10298769,Cà Phê Muối Chú Long - Tôn Đức Thắng,23/01/2026 09:37,"29,000",0,0,0,"7,120",0,"21,881"
965,23016-323655856,10235659,Cà Phê Muối Chú Long - Nguyễn Hữu Cảnh,23/01/2026 09:28,"87,000","15,000",0,0,"17,676",0,"54,324"
966,23016-323692028,10225895,Cà Phê Muối Chú Long - Cách Mạng Tháng 8,23/01/2026 09:12,"76,000","11,000",0,0,"15,958",0,"49,043"
967,23016-323698172,10298769,Cà Phê Muối Chú Long - Tôn Đức Thắng,23/01/2026 09:31,"58,000","11,000",0,0,"11,539",0,"35,462"
968,23016-323703025,10235658,Cà Phê Muối Chú Long - Công Trường Quốc Tế,23/01/2026 09:23,"29,000","14,500",0,0,"3,560",0,"10,940"
969,23016-323721265,10298769,Cà Phê Muối Chú Long - Tôn Đức Thắng,23/01/2026 09:45,"51,000","11,000",0,0,"9,820",0,"30,180"
970,23016-323823662,10386890,Cà Phê Muối Chú Long - Nha Trang,23/01/2026 09:28,"58,000",0,0,0,"14,239",0,"43,761"
971,23016-323835088,10298769,Cà Phê Muối Chú Long - Tôn Đức Thắng,23/01/2026 09:38,"22,000","7,000",0,0,"3,683",0,"11,318"
972,23016-323872046,10225898,Cà Phê Muối Chú Long - Nguyễn Đình Chiểu,23/01/2026 09:49,"79,000","11,000",0,0,"16,694",0,"51,306"
973,23016-323870393,10298824,Cà Phê Muối Chú Long - Hoàng Diệu,23/01/2026 09:31,"58,000","11,000",0,0,"11,539",0,"35,462"
974,23016-323890286,10235658,Cà Phê Muối Chú Long - Công Trường Quốc Tế,23/01/2026 09:48,"61,000","11,000",0,0,"12,275",0,"37,725"
975,23016-323937049,10225898,Cà Phê Muối Chú Long - Nguyễn Đình Chiểu,23/01/2026 09:32,"65,000","11,000",0,0,"13,257",0,"40,743"
976,23016-323946079,10381983,Cà Phê Muối Chú Long - Bạch Đằng,23/01/2026 09:15,"29,000","14,500",0,0,"3,560",0,"10,940"
977,23016-324075111,10375372,Cà Phê Muối Chú Long - An Dương Vương,23/01/2026 09:11,"29,000",0,0,0,"7,120",0,"21,881"
978,23016-324238703,10230793,Cà Phê Muối Chú Long - Huỳnh Văn Bánh,23/01/2026 09:32,"22,000","7,000",0,0,"3,683",0,"11,318"
979,23016-324251891,10225898,Cà Phê Muối Chú Long - Nguyễn Đình Chiểu,23/01/2026 09:28,"87,000","15,000",0,0,"17,676",0,"54,324"
980,23016-324282587,10292422,Cà Phê Muối Chú Long - Phan Thiết,23/01/2026 09:20,"29,000","7,250",0,0,"5,340",0,"16,410"
981,23016-324357774,10235663,Cà Phê Muối Chú Long - Hà Huy Giáp,23/01/2026 09:14,"51,000","10,000",0,0,"10,066",0,"30,935"
982,23016-324364774,10298769,Cà Phê Muối Chú Long - Tôn Đức Thắng,23/01/2026 10:07,"58,000","11,000",0,0,"11,539",0,"35,462"
983,23016-324371668,10225902,Cà Phê Muối Chú Long - Hậu Giang,23/01/2026 09:31,"29,000",0,0,0,"7,120",0,"21,881"
984,23016-324432884,10386890,Cà Phê Muối Chú Long - Nha Trang,23/01/2026 09:31,"94,000",0,0,0,"23,077",0,"70,923"
985,23016-324445439,10225902,Cà Phê Muối Chú Long - Hậu Giang,23/01/2026 09:37,"29,000","5,000",0,0,"5,892",0,"18,108"
986,23016-324511283,10230793,Cà Phê Muối Chú Long - Huỳnh Văn Bánh,23/01/2026 09:29,"29,000","14,500",0,0,"3,560",0,"10,940"
987,23016-324631433,10386890,Cà Phê Muối Chú Long - Nha Trang,23/01/2026 09:25,"216,000",0,0,0,"53,028",0,"162,972"
988,23016-324634366,10230814,Cà Phê Muối Chú Long - Võ Văn Kiệt,23/01/2026 09:31,"22,000","7,000",0,0,"3,683",0,"11,318"
989,23016-324711917,10219545,Cà Phê Muối Chú Long - Nguyễn Huệ,23/01/2026 09:25,"22,000","7,000",0,0,"3,683",0,"11,318"
990,23016-324774255,10298824,Cà Phê Muối Chú Long - Hoàng Diệu,23/01/2026 09:28,"22,000","7,000",0,0,"3,683",0,"11,318"
991,23016-324833310,10219545,Cà Phê Muối Chú Long - Nguyễn Huệ,23/01/2026 09:31,"94,000","15,000",0,0,"19,395",0,"59,606"
992,23016-325029926,10386890,Cà Phê Muối Chú Long - Nha Trang,23/01/2026 09:29,"131,000",0,0,0,"32,161",0,"98,840"
993,23016-325101561,10230814,Cà Phê Muối Chú Long - Võ Văn Kiệt,23/01/2026 09:36,"29,000","14,500",0,0,"3,560",0,"10,940"
994,23016-325136472,10296675,Cà Phê Muối Chú Long - Trương Định,23/01/2026 09:47,"58,000","11,000",0,0,"11,539",0,"35,462"
995,23016-325152862,10225902,Cà Phê Muối Chú Long - Hậu Giang,23/01/2026 09:30,"58,000","11,000",0,0,"11,539",0,"35,462"
996,23016-325196338,10296675,Cà Phê Muối Chú Long - Trương Định,23/01/2026 09:34,"22,000","7,000",0,0,"3,683",0,"11,318"
997,23016-325223391,10230814,Cà Phê Muối Chú Long - Võ Văn Kiệt,23/01/2026 09:20,"72,000","15,000",0,0,"13,994",0,"43,007"
998,23016-325281732,10216423,Cà Phê Muối Chú Long - 417 Cộng Hoà,23/01/2026 09:35,"102,000","20,000",0,0,"20,131",0,"61,869"
999,23016-325294700,10235659,Cà Phê Muối Chú Long - Nguyễn Hữu Cảnh,23/01/2026 09:36,"58,000","11,000",0,0,"11,539",0,"35,462"
1000,23016-325330775,10321524,Cà Phê Muối Chú Long - Đội Cấn,23/01/2026 09:27,"51,000","11,000",0,0,"9,820",0,"30,180"
1001,23016-325350852,10235658,Cà Phê Muối Chú Long - Công Trường Quốc Tế,23/01/2026 09:22,"22,000","7,000",0,0,"3,683",0,"11,318"
1002,23016-325353661,10358037,Cà Phê Muối Chú Long - Hùng Vương,23/01/2026 09:11,"22,000","7,000",0,0,"3,683",0,"11,318"
1003,23016-325361714,10321524,Cà Phê Muối Chú Long - Đội Cấn,23/01/2026 09:27,"261,000","37,500",0,0,"54,869",0,"168,631"
1004,23016-325407697,10324687,Cà Phê Muối Chú Long - Huỳnh Tấn Phát,23/01/2026 09:14,"87,000","15,000",0,0,"17,676",0,"54,324"
1005,23016-325413735,10354891,Cà Phê Muối Chú Long - Trà Vinh,23/01/2026 09:14,"52,000","11,000",0,0,"10,066",0,"30,935"
1006,23016-325468763,10225888,Cà Phê Muối Chú Long - Lạc Long Quân,23/01/2026 09:13,"227,000","32,000",0,0,"47,873",0,"147,128"
1007,23016-325543079,10235659,Cà Phê Muối Chú Long - Nguyễn Hữu Cảnh,23/01/2026 09:29,"76,000","15,000",0,0,"14,976",0,"46,025"
1008,23016-325551371,10321524,Cà Phê Muối Chú Long - Đội Cấn,23/01/2026 10:34,"66,000","11,000",0,0,"13,503",0,"41,498"
1009,23016-325562486,10296675,Cà Phê Muối Chú Long - Trương Định,23/01/2026 09:21,"29,000",0,0,0,"7,120",0,"21,881"
1010,23016-325744982,10235658,Cà Phê Muối Chú Long - Công Trường Quốc Tế,23/01/2026 09:20,"58,000","14,500",0,0,"10,679",0,"32,821"
1011,23016-325995929,10235658,Cà Phê Muối Chú Long - Công Trường Quốc Tế,23/01/2026 09:31,"29,000","14,500",0,0,"3,560",0,"10,940"
1012,23016-326031768,10235658,Cà Phê Muối Chú Long - Công Trường Quốc Tế,23/01/2026 09:23,"29,000",0,0,0,"7,120",0,"21,881"
1013,23016-326120578,10230793,Cà Phê Muối Chú Long - Huỳnh Văn Bánh,23/01/2026 09:54,"44,000","14,000",0,0,"7,365",0,"22,635"
1014,23016-326132448,10233716,Cà Phê Muối Chú Long - 130 Thích Quảng Đức,23/01/2026 09:15,"44,000","14,000",0,0,"7,365",0,"22,635"
1015,23016-326214332,10219545,Cà Phê Muối Chú Long - Nguyễn Huệ,23/01/2026 09:34,"203,000","32,000",0,0,"41,981",0,"129,020"
1016,23016-326341838,10225902,Cà Phê Muối Chú Long - Hậu Giang,23/01/2026 09:23,"29,000",0,0,0,"7,120",0,"21,881"
1017,23016-326417186,10230793,Cà Phê Muối Chú Long - Huỳnh Văn Bánh,23/01/2026 09:46,"58,000","14,500",0,0,"10,679",0,"32,821"
1018,23016-326528526,10242271,Cà Phê Muối Chú Long - Vũng Tàu,23/01/2026 09:16,"29,000","5,000",0,0,"5,892",0,"18,108"
1019,23016-326571224,10284115,Cà Phê Muối Chú Long - Kha Vạn Cân,23/01/2026 09:21,"88,000","15,000",0,0,"17,922",0,"55,079"
1020,23016-326585196,10216423,Cà Phê Muối Chú Long - 417 Cộng Hoà,23/01/2026 09:32,"58,000","11,000",0,0,"11,539",0,"35,462"
1021,23016-326597005,10235658,Cà Phê Muối Chú Long - Công Trường Quốc Tế,23/01/2026 09:42,"72,000","15,000",0,0,"13,994",0,"43,007"
1022,23016-326631129,10381983,Cà Phê Muối Chú Long - Bạch Đằng,23/01/2026 09:23,"66,000",0,0,0,"16,203",0,"49,797"
1023,23016-326639369,10375372,Cà Phê Muối Chú Long - An Dương Vương,23/01/2026 09:36,"22,000","7,000",0,0,"3,683",0,"11,318"
1024,23016-326752547,10298769,Cà Phê Muối Chú Long - Tôn Đức Thắng,23/01/2026 09:33,"116,000","20,000",0,0,"23,568",0,"72,432"
1025,23016-326771486,10232123,Cà Phê Muối Chú Long - 17A Ngô Tất Tố,23/01/2026 09:35,"204,000","32,000",0,0,"42,226",0,"129,774"
1026,23016-326773592,10296675,Cà Phê Muối Chú Long - Trương Định,23/01/2026 09:31,"29,000",0,0,0,"7,120",0,"21,881"
1027,23016-326804245,10242271,Cà Phê Muối Chú Long - Vũng Tàu,23/01/2026 09:21,"44,000","14,000",0,0,"7,365",0,"22,635"
1028,23016-327060848,10287840,Cà Phê Muối Chú Long - Long Xuyên,23/01/2026 09:11,"66,000","11,000",0,0,"13,503",0,"41,498"
1029,23016-327262802,10230171,Cà Phê Muối Chú Long - Bình Long,23/01/2026 09:22,"22,000","7,000",0,0,"3,683",0,"11,318"
1030,23016-327286231,10284115,Cà Phê Muối Chú Long - Kha Vạn Cân,23/01/2026 09:23,"58,000","11,000",0,0,"11,539",0,"35,462"
1031,23016-327303134,10296675,Cà Phê Muối Chú Long - Trương Định,23/01/2026 09:20,"67,000","11,000",0,0,"13,748",0,"42,252"
1032,23016-327375334,10233716,Cà Phê Muối Chú Long - 130 Thích Quảng Đức,23/01/2026 09:38,"22,000","7,000",0,0,"3,683",0,"11,318"
1033,23016-327548747,10235659,Cà Phê Muối Chú Long - Nguyễn Hữu Cảnh,23/01/2026 09:37,"141,000","26,000",0,0,"28,233",0,"86,768"
1034,23016-327586165,10230171,Cà Phê Muối Chú Long - Bình Long,23/01/2026 09:38,"116,000","20,000",0,0,"23,568",0,"72,432"
1035,23016-327839150,10386890,Cà Phê Muối Chú Long - Nha Trang,23/01/2026 09:19,"58,000",0,0,0,"14,239",0,"43,761"
1036,23016-327928481,10386890,Cà Phê Muối Chú Long - Nha Trang,23/01/2026 09:45,"58,000",0,0,0,"14,239",0,"43,761"
1037,23016-327975325,10235663,Cà Phê Muối Chú Long - Hà Huy Giáp,23/01/2026 09:15,"44,000","10,000",0,0,"8,347",0,"25,653"
1038,23016-328013471,10321523,Cà Phê Muối Chú Long - Thanh Nhàn,23/01/2026 10:02,"87,000","11,000",0,0,"18,658",0,"57,342"
1039,23016-328043371,10296675,Cà Phê Muối Chú Long - Trương Định,23/01/2026 09:21,"44,000",0,0,0,"10,802",0,"33,198"
1040,23016-328041637,10298769,Cà Phê Muối Chú Long - Tôn Đức Thắng,23/01/2026 09:33,"58,000","11,000",0,0,"11,539",0,"35,462"
1041,23016-328080834,10375372,Cà Phê Muối Chú Long - An Dương Vương,23/01/2026 09:25,"203,000",0,0,0,"49,837",0,"153,164"
1042,23016-328088219,10298769,Cà Phê Muối Chú Long - Tôn Đức Thắng,23/01/2026 09:49,"58,000","29,000",0,0,"7,120",0,"21,881"
1043,23016-328117504,10230814,Cà Phê Muối Chú Long - Võ Văn Kiệt,23/01/2026 09:32,"22,000","7,000",0,0,"3,683",0,"11,318"
1044,23016-328175690,10225895,Cà Phê Muối Chú Long - Cách Mạng Tháng 8,23/01/2026 09:41,"145,000","26,000",0,0,"29,215",0,"89,786"
1045,23016-328290372,10232123,Cà Phê Muối Chú Long - 17A Ngô Tất Tố,23/01/2026 09:41,"22,000","5,000",0,0,"4,174",0,"12,827"
1046,23016-328337339,10225902,Cà Phê Muối Chú Long - Hậu Giang,23/01/2026 09:33,"377,000","54,500",0,0,"79,174",0,"243,326"
1047,23016-328377367,10225895,Cà Phê Muối Chú Long - Cách Mạng Tháng 8,23/01/2026 09:24,"22,000","7,000",0,0,"3,683",0,"11,318"
1048,23016-328619760,10219545,Cà Phê Muối Chú Long - Nguyễn Huệ,23/01/2026 09:38,"22,000","7,000",0,0,"3,683",0,"11,318"
1049,23016-328736852,10296675,Cà Phê Muối Chú Long - Trương Định,23/01/2026 09:51,"22,000","7,000",0,0,"3,683",0,"11,318"
1050,23016-328772400,10225898,Cà Phê Muối Chú Long - Nguyễn Đình Chiểu,23/01/2026 09:40,"29,000",0,0,0,"7,120",0,"21,881"
1051,23016-328814033,10216423,Cà Phê Muối Chú Long - 417 Cộng Hoà,23/01/2026 09:34,"58,000","11,000",0,0,"11,539",0,"35,462"
1052,23016-328829697,10216423,Cà Phê Muối Chú Long - 417 Cộng Hoà,23/01/2026 09:31,"44,000","14,000",0,0,"7,365",0,"22,635"
1053,23016-329020909,10230814,Cà Phê Muối Chú Long - Võ Văn Kiệt,23/01/2026 09:28,"58,000","11,000",0,0,"11,539",0,"35,462"
1054,23016-329019701,10386890,Cà Phê Muối Chú Long - Nha Trang,23/01/2026 09:30,"96,000",0,0,0,"23,568",0,"72,432"
1055,23016-329089041,10321523,Cà Phê Muối Chú Long - Thanh Nhàn,23/01/2026 09:35,"29,000",0,0,0,"7,120",0,"21,881"
1056,23016-329168581,10321523,Cà Phê Muối Chú Long - Thanh Nhàn,23/01/2026 09:59,"109,000","20,000",0,0,"21,850",0,"67,151"
1057,23016-329261228,10321524,Cà Phê Muối Chú Long - Đội Cấn,23/01/2026 10:25,"22,000","7,000",0,0,"3,683",0,"11,318"
1058,23016-329264186,10230171,Cà Phê Muối Chú Long - Bình Long,23/01/2026 09:19,"58,000","11,000",0,0,"11,539",0,"35,462"
1059,23016-329297541,10230171,Cà Phê Muối Chú Long - Bình Long,23/01/2026 09:29,"44,000","14,000",0,0,"7,365",0,"22,635"
1060,23016-329347790,10298769,Cà Phê Muối Chú Long - Tôn Đức Thắng,23/01/2026 10:30,"128,000","20,000",0,0,"26,514",0,"81,486"
1061,23016-329789632,10386890,Cà Phê Muối Chú Long - Nha Trang,23/01/2026 09:39,"58,000",0,0,0,"14,239",0,"43,761"
1062,23016-329823790,10235658,Cà Phê Muối Chú Long - Công Trường Quốc Tế,23/01/2026 09:42,"58,000","11,000",0,0,"11,539",0,"35,462"
1063,23016-329965633,10219545,Cà Phê Muối Chú Long - Nguyễn Huệ,23/01/2026 09:27,"58,000","11,000",0,0,"11,539",0,"35,462"
1064,23016-330032938,10340098,Cà Phê Muối Chú Long - Thuận An,23/01/2026 09:30,"44,000","14,000",0,0,"7,365",0,"22,635"
1065,23016-330132355,10298769,Cà Phê Muối Chú Long - Tôn Đức Thắng,23/01/2026 11:07,"65,000","29,000",0,0,"8,838",0,"27,162"
1066,23016-330254642,10358016,Cà Phê Muối Chú Long - Bà Triệu,23/01/2026 09:40,"29,000","7,250",0,0,"5,340",0,"16,410"
1067,23016-330261185,10225885,Cà Phê Muối Chú Long - Ngô Tất Tố,23/01/2026 09:29,"37,000",0,0,0,"9,084",0,"27,917"
1068,23016-330377647,10225898,Cà Phê Muối Chú Long - Nguyễn Đình Chiểu,23/01/2026 09:34,"22,000",0,0,0,"5,401",0,"16,599"
1069,23016-330503882,10296675,Cà Phê Muối Chú Long - Trương Định,23/01/2026 09:32,"145,000","26,000",0,0,"29,215",0,"89,786"
1070,23016-330560057,10321523,Cà Phê Muối Chú Long - Thanh Nhàn,23/01/2026 09:57,"70,000","11,000",0,0,"14,485",0,"44,516"
1071,23016-330822915,10225871,Cà Phê Muối Chú Long - Đặng Nguyên Cẩn,23/01/2026 09:21,"130,000","20,000",0,0,"27,005",0,"82,995"
1072,23016-330864540,10230171,Cà Phê Muối Chú Long - Bình Long,23/01/2026 09:28,"22,000","7,000",0,0,"3,683",0,"11,318"
1073,23016-330886987,10230793,Cà Phê Muối Chú Long - Huỳnh Văn Bánh,23/01/2026 09:43,"47,000","5,000",0,0,"10,311",0,"31,689"
1074,23016-330910113,10230814,Cà Phê Muối Chú Long - Võ Văn Kiệt,23/01/2026 09:33,"22,000","7,000",0,0,"3,683",0,"11,318"
1075,23016-331070416,10321524,Cà Phê Muối Chú Long - Đội Cấn,23/01/2026 09:51,"29,000","14,500",0,0,"3,560",0,"10,940"
1076,23016-331073874,10219545,Cà Phê Muối Chú Long - Nguyễn Huệ,23/01/2026 09:42,"110,000","20,000",0,0,"22,095",0,"67,905"
1077,23016-331138094,10219545,Cà Phê Muối Chú Long - Nguyễn Huệ,23/01/2026 10:13,"22,000","7,000",0,0,"3,683",0,"11,318"
1078,23016-331291182,10216423,Cà Phê Muối Chú Long - 417 Cộng Hoà,23/01/2026 09:39,"66,000","11,000",0,0,"13,503",0,"41,498"
1079,23016-331314625,10232123,Cà Phê Muối Chú Long - 17A Ngô Tất Tố,23/01/2026 09:34,"44,000","14,000",0,0,"7,365",0,"22,635"
1080,23016-331312717,10216423,Cà Phê Muối Chú Long - 417 Cộng Hoà,23/01/2026 09:41,"58,000","11,000",0,0,"11,539",0,"35,462"
1081,23016-331346788,10232123,Cà Phê Muối Chú Long - 17A Ngô Tất Tố,23/01/2026 09:26,"145,000","26,000",0,0,"29,215",0,"89,786"
1082,23016-331463965,10326235,Cà Phê Muối Chú Long - Cà Mau,23/01/2026 09:23,"29,000",0,0,0,"7,120",0,"21,881"
1083,23016-331635056,10287867,Cà Phê Muối Chú Long - Classic,23/01/2026 09:28,"30,000","15,000",0,0,"3,683",0,"11,318"
1084,23016-331759564,10307386,Cà Phê Muối Chú Long - Kiên Giang,23/01/2026 09:28,"54,000","10,000",0,0,"10,802",0,"33,198"
1085,23016-331765193,10230817,Cà Phê Muối Chú Long - Thích Quảng Đức,23/01/2026 09:26,"87,000",0,0,0,"21,359",0,"65,642"
1086,23016-331820654,10230793,Cà Phê Muối Chú Long - Huỳnh Văn Bánh,23/01/2026 09:34,"58,000","11,000",0,0,"11,539",0,"35,462"
1087,23016-331823239,10321523,Cà Phê Muối Chú Long - Thanh Nhàn,23/01/2026 10:04,"22,000","7,000",0,0,"3,683",0,"11,318"
1088,23016-332172320,10292422,Cà Phê Muối Chú Long - Phan Thiết,23/01/2026 09:19,"22,000","5,500",0,0,"4,051",0,"12,449"
1089,23016-332202989,10230171,Cà Phê Muối Chú Long - Bình Long,23/01/2026 09:32,"44,000","14,000",0,0,"7,365",0,"22,635"
1090,23016-332227566,10354891,Cà Phê Muối Chú Long - Trà Vinh,23/01/2026 09:43,"138,000","20,000",0,0,"28,969",0,"89,031"
1091,23016-332316817,10330437,Cà Phê Muối Chú Long - Trần Hưng Đạo,23/01/2026 09:31,"36,000","9,000",0,0,"6,629",0,"20,372"
1092,23016-332430080,10321524,Cà Phê Muối Chú Long - Đội Cấn,23/01/2026 10:03,"116,000","20,000",0,0,"23,568",0,"72,432"
1093,23016-332466366,10321524,Cà Phê Muối Chú Long - Đội Cấn,23/01/2026 09:59,"44,000","14,000",0,0,"7,365",0,"22,635"
1094,23016-332736444,10321524,Cà Phê Muối Chú Long - Đội Cấn,23/01/2026 09:53,"165,000","26,000",0,0,"34,125",0,"104,876"
1095,23016-332758864,10235658,Cà Phê Muối Chú Long - Công Trường Quốc Tế,23/01/2026 09:46,"88,000",0,0,0,"21,604",0,"66,396"
1096,23016-332784184,10230817,Cà Phê Muối Chú Long - Thích Quảng Đức,23/01/2026 09:31,"44,000",0,0,0,"10,802",0,"33,198"
1097,23016-333166544,10386890,Cà Phê Muối Chú Long - Nha Trang,23/01/2026 09:50,"59,000",0,0,0,"14,485",0,"44,516"
1098,23016-333183150,10330437,Cà Phê Muối Chú Long - Trần Hưng Đạo,23/01/2026 09:28,"22,000","7,000",0,0,"3,683",0,"11,318"
1099,23016-333269952,10225871,Cà Phê Muối Chú Long - Đặng Nguyên Cẩn,23/01/2026 09:29,"29,000",0,0,0,"7,120",0,"21,881"
1100,23016-333336632,10216423,Cà Phê Muối Chú Long - 417 Cộng Hoà,23/01/2026 09:44,"44,000","14,000",0,0,"7,365",0,"22,635"
1101,23016-333349743,10292015,Cà Phê Muối Chú Long - Long An,23/01/2026 09:32,"108,000","20,000",0,0,"21,604",0,"66,396"
1102,23016-333365559,10296675,Cà Phê Muối Chú Long - Trương Định,23/01/2026 10:14,"58,000","11,000",0,0,"11,539",0,"35,462"
1103,23016-333453034,10287867,Cà Phê Muối Chú Long - Classic,23/01/2026 09:29,"60,000","30,000",0,0,"7,365",0,"22,635"
1104,23016-333562081,10225871,Cà Phê Muối Chú Long - Đặng Nguyên Cẩn,23/01/2026 09:35,"29,000",0,0,0,"7,120",0,"21,881"
1105,23016-333599425,10216423,Cà Phê Muối Chú Long - 417 Cộng Hoà,23/01/2026 09:45,"29,000",0,0,0,"7,120",0,"21,881"
1106,23016-333614149,10321523,Cà Phê Muối Chú Long - Thanh Nhàn,23/01/2026 09:30,"87,000","11,000",0,0,"18,658",0,"57,342"
1107,23016-333761296,10230171,Cà Phê Muối Chú Long - Bình Long,23/01/2026 09:27,"51,000","11,000",0,0,"9,820",0,"30,180"
1108,23016-333847657,10225895,Cà Phê Muối Chú Long - Cách Mạng Tháng 8,23/01/2026 09:33,"58,000","11,000",0,0,"11,539",0,"35,462"
1109,23016-333901999,10219545,Cà Phê Muối Chú Long - Nguyễn Huệ,23/01/2026 09:35,"58,000","11,000",0,0,"11,539",0,"35,462"
1110,23016-333919278,10225898,Cà Phê Muối Chú Long - Nguyễn Đình Chiểu,23/01/2026 09:43,"102,000","20,000",0,0,"20,131",0,"61,869"
1111,23016-333996062,10230171,Cà Phê Muối Chú Long - Bình Long,23/01/2026 09:30,"72,000","15,000",0,0,"13,994",0,"43,007"
1112,23016-334100690,10230171,Cà Phê Muối Chú Long - Bình Long,23/01/2026 09:47,"58,000","11,000",0,0,"11,539",0,"35,462"
1113,23016-334267892,10296675,Cà Phê Muối Chú Long - Trương Định,23/01/2026 12:04,"58,000","29,000",0,0,"7,120",0,"21,881"
1114,23016-334273369,10298824,Cà Phê Muối Chú Long - Hoàng Diệu,23/01/2026 09:45,"22,000","7,000",0,0,"3,683",0,"11,318"
1115,23016-334477324,10225898,Cà Phê Muối Chú Long - Nguyễn Đình Chiểu,23/01/2026 09:47,"133,000","20,000",0,0,"27,742",0,"85,259"
1116,23016-334570118,10235658,Cà Phê Muối Chú Long - Công Trường Quốc Tế,23/01/2026 09:52,"22,000","7,000",0,0,"3,683",0,"11,318"
1117,23016-334655279,10216423,Cà Phê Muối Chú Long - 417 Cộng Hoà,23/01/2026 09:48,"22,000","7,000",0,0,"3,683",0,"11,318"
1118,23016-334713117,10225871,Cà Phê Muối Chú Long - Đặng Nguyên Cẩn,23/01/2026 09:36,"69,000","11,000",0,0,"14,239",0,"43,761"
1119,23016-334728463,10321523,Cà Phê Muối Chú Long - Thanh Nhàn,23/01/2026 09:55,"22,000",0,0,0,"5,401",0,"16,599"
1120,23016-334810708,10230171,Cà Phê Muối Chú Long - Bình Long,23/01/2026 09:31,"51,000","11,000",0,0,"9,820",0,"30,180"
1121,23016-334816631,10321523,Cà Phê Muối Chú Long - Thanh Nhàn,23/01/2026 09:38,"207,000","32,000",0,0,"42,963",0,"132,038"
1122,23016-334839206,10280033,Cà Phê Muối Chú Long - Bà Rịa,23/01/2026 09:39,"87,000","15,000",0,0,"17,676",0,"54,324"
1123,23016-334859533,10321524,Cà Phê Muối Chú Long - Đội Cấn,23/01/2026 10:17,"58,000","29,000",0,0,"7,120",0,"21,881"
1124,23016-335035227,10216423,Cà Phê Muối Chú Long - 417 Cộng Hoà,23/01/2026 09:47,"22,000","7,000",0,0,"3,683",0,"11,318"
1125,23016-335041961,10296675,Cà Phê Muối Chú Long - Trương Định,23/01/2026 10:06,"148,000","26,000",0,0,"29,951",0,"92,049"
1126,23016-335371718,10284115,Cà Phê Muối Chú Long - Kha Vạn Cân,23/01/2026 12:02,"58,000","11,000",0,0,"11,539",0,"35,462"
1127,23016-335380147,10321523,Cà Phê Muối Chú Long - Thanh Nhàn,23/01/2026 09:37,"22,000",0,0,0,"5,401",0,"16,599"
1128,23016-335775877,10321523,Cà Phê Muối Chú Long - Thanh Nhàn,23/01/2026 09:52,"29,000","7,000",0,0,"5,401",0,"16,599"
1129,23016-336242086,10386890,Cà Phê Muối Chú Long - Nha Trang,23/01/2026 09:41,"116,000",0,0,0,"28,478",0,"87,522"
1130,23016-336256137,10219545,Cà Phê Muối Chú Long - Nguyễn Huệ,23/01/2026 09:32,"58,000","11,000",0,0,"11,539",0,"35,462"
1131,23016-336367237,10230817,Cà Phê Muối Chú Long - Thích Quảng Đức,23/01/2026 09:38,"58,000","11,000",0,0,"11,539",0,"35,462"
1132,23016-336399070,10235658,Cà Phê Muối Chú Long - Công Trường Quốc Tế,23/01/2026 10:10,"158,000","26,000",0,0,"32,406",0,"99,594"
1133,23016-336449270,10219545,Cà Phê Muối Chú Long - Nguyễn Huệ,23/01/2026 09:51,"83,000",0,0,0,"20,377",0,"62,624"
1134,23016-336623269,10230814,Cà Phê Muối Chú Long - Võ Văn Kiệt,23/01/2026 09:41,"174,000","26,000",0,0,"36,334",0,"111,666"
1135,23016-336833384,10296675,Cà Phê Muối Chú Long - Trương Định,23/01/2026 10:31,"87,000",0,0,0,"21,359",0,"65,642"
1136,23016-336872057,10230793,Cà Phê Muối Chú Long - Huỳnh Văn Bánh,23/01/2026 09:56,"87,000","15,000",0,0,"17,676",0,"54,324"
1137,23016-336868733,10235658,Cà Phê Muối Chú Long - Công Trường Quốc Tế,23/01/2026 09:47,"73,000","11,000",0,0,"15,221",0,"46,779"
1138,23016-336953483,10381892,Cà Phê Muối Chú Long - Phan Văn Trị,23/01/2026 09:44,"29,000",0,0,0,"7,120",0,"21,881"
1139,23016-336971734,10230793,Cà Phê Muối Chú Long - Huỳnh Văn Bánh,23/01/2026 09:46,"61,000","11,000",0,0,"12,275",0,"37,725"
1140,23016-337017844,10225898,Cà Phê Muối Chú Long - Nguyễn Đình Chiểu,23/01/2026 09:46,"58,000","11,000",0,0,"11,539",0,"35,462"
1141,23016-337148234,10321523,Cà Phê Muối Chú Long - Thanh Nhàn,23/01/2026 09:35,"141,000","26,000",0,0,"28,233",0,"86,768"
1142,23016-337231137,10225888,Cà Phê Muối Chú Long - Lạc Long Quân,23/01/2026 09:50,"83,000",0,0,0,"20,377",0,"62,624"
1143,23016-337267782,10225888,Cà Phê Muối Chú Long - Lạc Long Quân,23/01/2026 09:37,"61,000","11,000",0,0,"12,275",0,"37,725"
1144,23016-337316140,10235663,Cà Phê Muối Chú Long - Hà Huy Giáp,23/01/2026 09:32,"44,000","10,000",0,0,"8,347",0,"25,653"
1145,23016-337331906,10219545,Cà Phê Muối Chú Long - Nguyễn Huệ,23/01/2026 09:47,"58,000","11,000",0,0,"11,539",0,"35,462"
1146,23016-337354148,10321523,Cà Phê Muối Chú Long - Thanh Nhàn,23/01/2026 09:46,"22,000","7,000",0,0,"3,683",0,"11,318"
1147,23016-337367625,10321523,Cà Phê Muối Chú Long - Thanh Nhàn,23/01/2026 09:56,"108,000","20,000",0,0,"21,604",0,"66,396"
1148,23016-337392699,10233716,Cà Phê Muối Chú Long - 130 Thích Quảng Đức,23/01/2026 09:33,"36,000","5,000",0,0,"7,611",0,"23,390"
1149,23016-337491678,10225902,Cà Phê Muối Chú Long - Hậu Giang,23/01/2026 09:42,"145,000","26,000",0,0,"29,215",0,"89,786"
1150,23016-337519373,10321523,Cà Phê Muối Chú Long - Thanh Nhàn,23/01/2026 09:55,"29,000","14,500",0,0,"3,560",0,"10,940"
1151,23016-337539549,10232123,Cà Phê Muối Chú Long - 17A Ngô Tất Tố,23/01/2026 09:46,"94,000",0,0,0,"23,077",0,"70,923"
1152,23016-337563415,10284115,Cà Phê Muối Chú Long - Kha Vạn Cân,23/01/2026 09:37,"58,000","11,000",0,0,"11,539",0,"35,462"
1153,23016-337578909,10381892,Cà Phê Muối Chú Long - Phan Văn Trị,23/01/2026 09:34,"44,000","14,000",0,0,"7,365",0,"22,635"
1154,23016-337642973,10375372,Cà Phê Muối Chú Long - An Dương Vương,23/01/2026 09:52,"47,000",0,0,0,"11,539",0,"35,462"
1155,23016-337695685,10225898,Cà Phê Muối Chú Long - Nguyễn Đình Chiểu,23/01/2026 09:53,"29,000",0,0,0,"7,120",0,"21,881"
1156,23016-337778322,10313967,Cà Phê Muối Chú Long - Tiền Giang,23/01/2026 09:41,"22,000","7,000",0,0,"3,683",0,"11,318"
1157,23016-337779829,10235658,Cà Phê Muối Chú Long - Công Trường Quốc Tế,23/01/2026 09:53,"29,000",0,0,0,"7,120",0,"21,881"
1158,23016-337866766,10230171,Cà Phê Muối Chú Long - Bình Long,23/01/2026 09:31,"54,000","11,000",0,0,"10,557",0,"32,444"
1159,23016-337852878,10230171,Cà Phê Muối Chú Long - Bình Long,23/01/2026 09:57,"51,000","11,000",0,0,"9,820",0,"30,180"
1160,23016-337865809,10321523,Cà Phê Muối Chú Long - Thanh Nhàn,23/01/2026 09:42,"87,000","15,000",0,0,"17,676",0,"54,324"
1161,23016-337972140,10230793,Cà Phê Muối Chú Long - Huỳnh Văn Bánh,23/01/2026 09:48,"133,000","20,000",0,0,"27,742",0,"85,259"
1162,23016-338085727,10296675,Cà Phê Muối Chú Long - Trương Định,23/01/2026 10:21,"94,000",0,0,0,"23,077",0,"70,923"
1163,23016-338153418,10225902,Cà Phê Muối Chú Long - Hậu Giang,23/01/2026 09:45,"22,000","7,000",0,0,"3,683",0,"11,318"
1164,23016-338198806,10230814,Cà Phê Muối Chú Long - Võ Văn Kiệt,23/01/2026 09:55,"54,000","11,000",0,0,"10,557",0,"32,444"
1165,23016-338229513,10296675,Cà Phê Muối Chú Long - Trương Định,23/01/2026 09:47,"22,000","7,000",0,0,"3,683",0,"11,318"
1166,23016-338244216,10235663,Cà Phê Muối Chú Long - Hà Huy Giáp,23/01/2026 09:46,"29,000","14,500",0,0,"3,560",0,"10,940"
1167,23016-338379820,10230817,Cà Phê Muối Chú Long - Thích Quảng Đức,23/01/2026 09:40,"51,000","11,000",0,0,"9,820",0,"30,180"
1168,23016-338683426,10230793,Cà Phê Muối Chú Long - Huỳnh Văn Bánh,23/01/2026 09:57,"88,000","15,000",0,0,"17,922",0,"55,079"
1169,23016-338686984,10230171,Cà Phê Muối Chú Long - Bình Long,23/01/2026 09:36,"29,000",0,0,0,"7,120",0,"21,881"
1170,23016-338715361,10284115,Cà Phê Muối Chú Long - Kha Vạn Cân,23/01/2026 09:48,"22,000","7,000",0,0,"3,683",0,"11,318"
1171,23016-338719531,10230171,Cà Phê Muối Chú Long - Bình Long,23/01/2026 09:34,"29,000",0,0,0,"7,120",0,"21,881"
1172,23016-338863866,10269971,Cà Phê Muối Chú Long - Cần Thơ,23/01/2026 09:41,"79,000","15,000",0,0,"15,712",0,"48,288"
1173,23016-338871761,10296675,Cà Phê Muối Chú Long - Trương Định,23/01/2026 10:01,"22,000","5,000",0,0,"4,174",0,"12,827"
1174,23016-338880659,10219545,Cà Phê Muối Chú Long - Nguyễn Huệ,23/01/2026 09:46,"22,000","7,000",0,0,"3,683",0,"11,318"
1175,23016-338942475,10284115,Cà Phê Muối Chú Long - Kha Vạn Cân,23/01/2026 09:37,"51,000","11,000",0,0,"9,820",0,"30,180"
1176,23016-338944055,10296675,Cà Phê Muối Chú Long - Trương Định,23/01/2026 10:11,"72,000","11,000",0,0,"14,976",0,"46,025"
1177,23016-339016413,10235658,Cà Phê Muối Chú Long - Công Trường Quốc Tế,23/01/2026 10:00,"58,000","11,000",0,0,"11,539",0,"35,462"
1178,23016-339111721,10381892,Cà Phê Muối Chú Long - Phan Văn Trị,23/01/2026 09:51,"116,000",0,0,0,"28,478",0,"87,522"
1179,23016-339140968,10235663,Cà Phê Muối Chú Long - Hà Huy Giáp,23/01/2026 09:38,"22,000","7,000",0,0,"3,683",0,"11,318"
1180,23016-339206388,10287867,Cà Phê Muối Chú Long - Classic,23/01/2026 09:56,"30,000","15,000",0,0,"3,683",0,"11,318"
1181,23016-339249989,10225888,Cà Phê Muối Chú Long - Lạc Long Quân,23/01/2026 09:39,"112,000","20,000",0,0,"22,586",0,"69,414"
1182,23016-339284439,10225888,Cà Phê Muối Chú Long - Lạc Long Quân,23/01/2026 09:52,"44,000","14,000",0,0,"7,365",0,"22,635"
1183,23016-339329382,10219545,Cà Phê Muối Chú Long - Nguyễn Huệ,23/01/2026 10:01,"22,000","7,000",0,0,"3,683",0,"11,318"
1184,23016-339333683,10381892,Cà Phê Muối Chú Long - Phan Văn Trị,23/01/2026 09:55,"116,000",0,0,0,"28,478",0,"87,522"
1185,23016-339404699,10321523,Cà Phê Muối Chú Long - Thanh Nhàn,23/01/2026 09:59,"353,000","37,500",0,0,"77,455",0,"238,045"
1186,23016-339459673,10354882,Cà Phê Muối Chú Long - Quảng Ngãi,23/01/2026 09:41,"66,000","10,000",0,0,"13,748",0,"42,252"
1187,23016-339557392,10225895,Cà Phê Muối Chú Long - Cách Mạng Tháng 8,23/01/2026 09:46,"87,000",0,0,0,"21,359",0,"65,642"
1188,23016-339575343,10321523,Cà Phê Muối Chú Long - Thanh Nhàn,23/01/2026 10:09,"65,000","11,000",0,0,"13,257",0,"40,743"
1189,23016-339675312,10354882,Cà Phê Muối Chú Long - Quảng Ngãi,23/01/2026 09:37,"44,000","10,000",0,0,"8,347",0,"25,653"
1190,23016-339701204,10216423,Cà Phê Muối Chú Long - 417 Cộng Hoà,23/01/2026 10:05,"58,000","11,000",0,0,"11,539",0,"35,462"
1191,23016-339898142,10375372,Cà Phê Muối Chú Long - An Dương Vương,23/01/2026 09:46,"47,000",0,0,0,"11,539",0,"35,462"
1192,23016-339978871,10225902,Cà Phê Muối Chú Long - Hậu Giang,23/01/2026 09:32,"29,000",0,0,0,"7,120",0,"21,881"
1193,23016-340082478,10230171,Cà Phê Muối Chú Long - Bình Long,23/01/2026 09:42,"87,000",0,0,0,"21,359",0,"65,642"
1194,23016-340147857,10230793,Cà Phê Muối Chú Long - Huỳnh Văn Bánh,23/01/2026 09:49,"58,000","11,000",0,0,"11,539",0,"35,462"
1195,23016-340209676,10375372,Cà Phê Muối Chú Long - An Dương Vương,23/01/2026 09:55,"29,000",0,0,0,"7,120",0,"21,881"
1196,23016-340224110,10284115,Cà Phê Muối Chú Long - Kha Vạn Cân,23/01/2026 09:42,"51,000",0,0,0,"12,521",0,"38,480"
1197,23016-340285556,10225888,Cà Phê Muối Chú Long - Lạc Long Quân,23/01/2026 09:47,"22,000","7,000",0,0,"3,683",0,"11,318"
1198,23016-340446441,10296675,Cà Phê Muối Chú Long - Trương Định,23/01/2026 10:25,"113,000","20,000",0,0,"22,832",0,"70,169"
1199,23016-340510601,10216423,Cà Phê Muối Chú Long - 417 Cộng Hoà,23/01/2026 10:01,"22,000","7,000",0,0,"3,683",0,"11,318"
1200,23016-340558993,10354882,Cà Phê Muối Chú Long - Quảng Ngãi,23/01/2026 09:33,"29,000","7,250",0,0,"5,340",0,"16,410"
1201,23016-340638016,10216423,Cà Phê Muối Chú Long - 417 Cộng Hoà,23/01/2026 09:58,"54,000","11,000",0,0,"10,557",0,"32,444"
1202,23016-340731612,10225885,Cà Phê Muối Chú Long - Ngô Tất Tố,23/01/2026 09:58,"29,000",0,0,0,"7,120",0,"21,881"
1203,23016-340793476,10230171,Cà Phê Muối Chú Long - Bình Long,23/01/2026 10:07,"22,000","7,000",0,0,"3,683",0,"11,318"
1204,23016-340830268,10321523,Cà Phê Muối Chú Long - Thanh Nhàn,23/01/2026 10:11,"220,000","32,000",0,0,"46,154",0,"141,846"
1205,23016-341014421,10321523,Cà Phê Muối Chú Long - Thanh Nhàn,23/01/2026 10:05,"141,000","26,000",0,0,"28,233",0,"86,768"
1206,23016-341053982,10321523,Cà Phê Muối Chú Long - Thanh Nhàn,23/01/2026 10:04,"58,000","11,000",0,0,"11,539",0,"35,462"
1207,23016-341111968,10358037,Cà Phê Muối Chú Long - Hùng Vương,23/01/2026 09:37,"22,000","7,000",0,0,"3,683",0,"11,318"
1208,23016-341114191,10225902,Cà Phê Muối Chú Long - Hậu Giang,23/01/2026 09:51,"118,000","20,000",0,0,"24,059",0,"73,941"
1209,23016-341150156,10386890,Cà Phê Muối Chú Long - Nha Trang,23/01/2026 09:43,"76,000",0,0,0,"18,658",0,"57,342"
1210,23016-341185937,10386890,Cà Phê Muối Chú Long - Nha Trang,23/01/2026 09:40,"44,000",0,0,0,"10,802",0,"33,198"
1211,23016-341211888,10321523,Cà Phê Muối Chú Long - Thanh Nhàn,23/01/2026 10:10,"74,000","15,000",0,0,"14,485",0,"44,516"
1212,23016-341519696,10219545,Cà Phê Muối Chú Long - Nguyễn Huệ,23/01/2026 09:56,"88,000","15,000",0,0,"17,922",0,"55,079"
1213,23016-341547594,10324687,Cà Phê Muối Chú Long - Huỳnh Tấn Phát,23/01/2026 10:01,"76,000","11,000",0,0,"15,958",0,"49,043"
1214,23016-341572751,10350108,Cà Phê Muối Chú Long - Đường Láng,23/01/2026 10:50,"29,000","14,500",0,0,"3,560",0,"10,940"
1215,23016-341659347,10296675,Cà Phê Muối Chú Long - Trương Định,23/01/2026 10:00,"116,000","20,000",0,0,"23,568",0,"72,432"
1216,23016-341779399,10225888,Cà Phê Muối Chú Long - Lạc Long Quân,23/01/2026 09:47,"190,000","26,000",0,0,"40,262",0,"123,738"
1217,23016-341872202,10225888,Cà Phê Muối Chú Long - Lạc Long Quân,23/01/2026 09:47,"30,000","7,000",0,0,"5,647",0,"17,354"
1218,23016-341887760,10225871,Cà Phê Muối Chú Long - Đặng Nguyên Cẩn,23/01/2026 09:44,"29,000","14,500",0,0,"3,560",0,"10,940"
1219,23016-341930728,10299524,Cà Phê Muối Chú Long - Lê Duẩn,23/01/2026 09:43,"51,000","11,000",0,0,"9,820",0,"30,180"
1220,23016-341924931,10232123,Cà Phê Muối Chú Long - 17A Ngô Tất Tố,23/01/2026 10:01,"44,000","14,000",0,0,"7,365",0,"22,635"
1221,23016-342129538,10219545,Cà Phê Muối Chú Long - Nguyễn Huệ,23/01/2026 10:00,"29,000",0,0,0,"7,120",0,"21,881"
1222,23016-342175222,10296675,Cà Phê Muối Chú Long - Trương Định,23/01/2026 09:53,"47,000",0,0,0,"11,539",0,"35,462"
1223,23016-342208414,10225888,Cà Phê Muối Chú Long - Lạc Long Quân,23/01/2026 10:03,"29,000","5,000",0,0,"5,892",0,"18,108"
1224,23016-342219445,10230814,Cà Phê Muối Chú Long - Võ Văn Kiệt,23/01/2026 09:40,"58,000","11,000",0,0,"11,539",0,"35,462"
1225,23016-342230364,10225888,Cà Phê Muối Chú Long - Lạc Long Quân,23/01/2026 09:46,"22,000","7,000",0,0,"3,683",0,"11,318"
1226,23016-342251589,10235658,Cà Phê Muối Chú Long - Công Trường Quốc Tế,23/01/2026 10:09,"44,000","14,000",0,0,"7,365",0,"22,635"
1227,23016-342298700,10296675,Cà Phê Muối Chú Long - Trương Định,23/01/2026 10:15,"123,000","20,000",0,0,"25,287",0,"77,714"
1228,23016-342481618,10324687,Cà Phê Muối Chú Long - Huỳnh Tấn Phát,23/01/2026 09:50,"58,000","29,000",0,0,"7,120",0,"21,881"
1229,23016-342608333,10321523,Cà Phê Muối Chú Long - Thanh Nhàn,23/01/2026 10:21,"116,000","20,000",0,0,"23,568",0,"72,432"
1230,23016-342655433,10321523,Cà Phê Muối Chú Long - Thanh Nhàn,23/01/2026 10:25,"123,000","20,000",0,0,"25,287",0,"77,714"
1231,23016-342672146,10216423,Cà Phê Muối Chú Long - 417 Cộng Hoà,23/01/2026 09:47,"145,000","26,000",0,0,"29,215",0,"89,786"
1232,23016-342711365,10225898,Cà Phê Muối Chú Long - Nguyễn Đình Chiểu,23/01/2026 09:54,"29,000",0,0,0,"7,120",0,"21,881"
1233,23016-342721788,10375372,Cà Phê Muối Chú Long - An Dương Vương,23/01/2026 09:49,"29,000",0,0,0,"7,120",0,"21,881"
1234,23016-342815004,10225902,Cà Phê Muối Chú Long - Hậu Giang,23/01/2026 09:57,"87,000",0,0,0,"21,359",0,"65,642"
1235,23016-342853751,10321439,Cà Phê Muối Chú Long - Vĩnh Long,23/01/2026 09:40,"58,000","10,000",0,0,"11,784",0,"36,216"
1236,23016-342943984,10219545,Cà Phê Muối Chú Long - Nguyễn Huệ,23/01/2026 10:08,"58,000","11,000",0,0,"11,539",0,"35,462"
1237,23016-342985386,10230171,Cà Phê Muối Chú Long - Bình Long,23/01/2026 09:45,"73,000","15,000",0,0,"14,239",0,"43,761"
1238,23016-343018506,10321523,Cà Phê Muối Chú Long - Thanh Nhàn,23/01/2026 10:18,"62,000","11,000",0,0,"12,521",0,"38,480"
1239,23016-343094647,10235658,Cà Phê Muối Chú Long - Công Trường Quốc Tế,23/01/2026 10:11,"22,000","7,000",0,0,"3,683",0,"11,318"
1240,23016-343223646,10225871,Cà Phê Muối Chú Long - Đặng Nguyên Cẩn,23/01/2026 09:53,"102,000","20,000",0,0,"20,131",0,"61,869"
1241,23016-343365627,10375372,Cà Phê Muối Chú Long - An Dương Vương,23/01/2026 09:48,"22,000","7,000",0,0,"3,683",0,"11,318"
1242,23016-343390365,10321523,Cà Phê Muối Chú Long - Thanh Nhàn,23/01/2026 10:23,"105,000","20,000",0,0,"20,868",0,"64,133"
1243,23016-343392434,10225898,Cà Phê Muối Chú Long - Nguyễn Đình Chiểu,23/01/2026 09:52,"80,000",0,0,0,"19,640",0,"60,360"
1244,23016-343482327,10219545,Cà Phê Muối Chú Long - Nguyễn Huệ,23/01/2026 10:06,"105,000","20,000",0,0,"20,868",0,"64,133"
1245,23016-343521377,10292422,Cà Phê Muối Chú Long - Phan Thiết,23/01/2026 09:38,"22,000","5,500",0,0,"4,051",0,"12,449"
1246,23016-343891579,10321523,Cà Phê Muối Chú Long - Thanh Nhàn,23/01/2026 10:10,"51,000","11,000",0,0,"9,820",0,"30,180"
1247,23016-343940655,10235663,Cà Phê Muối Chú Long - Hà Huy Giáp,23/01/2026 09:49,"58,000","11,000",0,0,"11,539",0,"35,462"
1248,23016-343953474,10321523,Cà Phê Muối Chú Long - Thanh Nhàn,23/01/2026 10:41,"29,000","14,500",0,0,"3,560",0,"10,940"
1249,23016-344044580,10232123,Cà Phê Muối Chú Long - 17A Ngô Tất Tố,23/01/2026 10:09,"22,000","7,000",0,0,"3,683",0,"11,318"
1250,23016-344090379,10230793,Cà Phê Muối Chú Long - Huỳnh Văn Bánh,23/01/2026 10:21,"95,000","15,000",0,0,"19,640",0,"60,360"
1251,23016-344135308,10284115,Cà Phê Muối Chú Long - Kha Vạn Cân,23/01/2026 09:50,"58,000","11,000",0,0,"11,539",0,"35,462"
1252,23016-344231605,10292422,Cà Phê Muối Chú Long - Phan Thiết,23/01/2026 09:47,"36,000","9,000",0,0,"6,629",0,"20,372"
1253,23016-344475861,10330437,Cà Phê Muối Chú Long - Trần Hưng Đạo,23/01/2026 10:19,"66,000","10,000",0,0,"13,748",0,"42,252"
1254,23016-344515026,10225895,Cà Phê Muối Chú Long - Cách Mạng Tháng 8,23/01/2026 09:48,"22,000","7,000",0,0,"3,683",0,"11,318"
1255,23016-344690042,10230171,Cà Phê Muối Chú Long - Bình Long,23/01/2026 10:01,"58,000","11,000",0,0,"11,539",0,"35,462"
1256,23016-344788944,10324687,Cà Phê Muối Chú Long - Huỳnh Tấn Phát,23/01/2026 09:43,"51,000","11,000",0,0,"9,820",0,"30,180"
1257,23016-344806608,10321523,Cà Phê Muối Chú Long - Thanh Nhàn,23/01/2026 10:07,"104,000","20,000",0,0,"20,622",0,"63,378"
1258,23016-344881969,10321523,Cà Phê Muối Chú Long - Thanh Nhàn,23/01/2026 10:19,"25,000","5,000",0,0,"4,910",0,"15,090"
1259,23016-344930952,10298769,Cà Phê Muối Chú Long - Tôn Đức Thắng,23/01/2026 10:54,"79,000","11,000",0,0,"16,694",0,"51,306"
1260,23016-345014996,10225898,Cà Phê Muối Chú Long - Nguyễn Đình Chiểu,23/01/2026 10:00,"58,000","29,000",0,0,"7,120",0,"21,881"
1261,23016-345150955,10225895,Cà Phê Muối Chú Long - Cách Mạng Tháng 8,23/01/2026 09:48,"58,000","11,000",0,0,"11,539",0,"35,462"
1262,23016-345172418,10386890,Cà Phê Muối Chú Long - Nha Trang,23/01/2026 10:04,"62,000",0,0,0,"15,221",0,"46,779"
1263,23016-345237138,10235659,Cà Phê Muối Chú Long - Nguyễn Hữu Cảnh,23/01/2026 10:05,"95,000","15,000",0,0,"19,640",0,"60,360"
1264,23016-345301004,10235658,Cà Phê Muối Chú Long - Công Trường Quốc Tế,23/01/2026 09:58,"58,000","11,000",0,0,"11,539",0,"35,462"
1265,23016-345314096,10350108,Cà Phê Muối Chú Long - Đường Láng,23/01/2026 10:43,"44,000",0,0,0,"10,802",0,"33,198"
1266,23016-345343398,10216423,Cà Phê Muối Chú Long - 417 Cộng Hoà,23/01/2026 09:53,"51,000","11,000",0,0,"9,820",0,"30,180"
1267,23016-345419056,10381983,Cà Phê Muối Chú Long - Bạch Đằng,23/01/2026 09:58,"29,000",0,0,0,"7,120",0,"21,881"
1268,23016-345504840,10225898,Cà Phê Muối Chú Long - Nguyễn Đình Chiểu,23/01/2026 09:50,"58,000","11,000",0,0,"11,539",0,"35,462"
1269,23016-345557229,10225898,Cà Phê Muối Chú Long - Nguyễn Đình Chiểu,23/01/2026 10:24,"65,000","11,000",0,0,"13,257",0,"40,743"
1270,23016-345570130,10225902,Cà Phê Muối Chú Long - Hậu Giang,23/01/2026 10:11,"22,000",0,0,0,"5,401",0,"16,599"
1271,23016-345608487,10315543,Cà Phê Muối Chú Long - Bến Tre,23/01/2026 09:53,"87,000","15,000",0,0,"17,676",0,"54,324"
1272,23016-345615890,10324687,Cà Phê Muối Chú Long - Huỳnh Tấn Phát,23/01/2026 09:53,"58,000","11,000",0,0,"11,539",0,"35,462"
1273,23016-345700509,10321523,Cà Phê Muối Chú Long - Thanh Nhàn,23/01/2026 10:22,"29,000","14,500",0,0,"3,560",0,"10,940"
1274,23016-345715484,10350108,Cà Phê Muối Chú Long - Đường Láng,23/01/2026 11:04,"29,000",0,0,0,"7,120",0,"21,881"
1275,23016-345755352,10269971,Cà Phê Muối Chú Long - Cần Thơ,23/01/2026 09:50,"22,000",0,0,0,"5,401",0,"16,599"
1276,23016-345887863,10287867,Cà Phê Muối Chú Long - Classic,23/01/2026 10:00,"90,000",0,0,0,"22,095",0,"67,905"
1277,23016-345949540,10235663,Cà Phê Muối Chú Long - Hà Huy Giáp,23/01/2026 09:46,"106,000","20,000",0,0,"21,113",0,"64,887"
1278,23016-345958766,10232123,Cà Phê Muối Chú Long - 17A Ngô Tất Tố,23/01/2026 09:50,"22,000","7,000",0,0,"3,683",0,"11,318"
1279,23016-345991309,10321523,Cà Phê Muối Chú Long - Thanh Nhàn,23/01/2026 10:10,"102,000","20,000",0,0,"20,131",0,"61,869"
1280,23016-346091550,10284115,Cà Phê Muối Chú Long - Kha Vạn Cân,23/01/2026 09:44,"108,000","20,000",0,0,"21,604",0,"66,396"
1281,23016-346182063,10350108,Cà Phê Muối Chú Long - Đường Láng,23/01/2026 10:49,"22,000","7,000",0,0,"3,683",0,"11,318"
1282,23016-346201005,10219545,Cà Phê Muối Chú Long - Nguyễn Huệ,23/01/2026 10:07,"188,000","26,000",0,0,"39,771",0,"122,229"
1283,23016-346244025,10381983,Cà Phê Muối Chú Long - Bạch Đằng,23/01/2026 09:54,"22,000","7,000",0,0,"3,683",0,"11,318"
1284,23016-346337317,10321523,Cà Phê Muối Chú Long - Thanh Nhàn,23/01/2026 10:16,"54,000","11,000",0,0,"10,557",0,"32,444"
1285,23016-346387851,10350108,Cà Phê Muối Chú Long - Đường Láng,23/01/2026 10:45,"80,000",0,0,0,"19,640",0,"60,360"
1286,23016-346694893,10235658,Cà Phê Muối Chú Long - Công Trường Quốc Tế,23/01/2026 10:08,"44,000","14,000",0,0,"7,365",0,"22,635"
1287,23016-346937046,10296675,Cà Phê Muối Chú Long - Trương Định,23/01/2026 10:08,"47,000","5,000",0,0,"10,311",0,"31,689"
1288,23016-347043151,10230814,Cà Phê Muối Chú Long - Võ Văn Kiệt,23/01/2026 10:04,"29,000","14,500",0,0,"3,560",0,"10,940"
1289,23016-347141982,10219545,Cà Phê Muối Chú Long - Nguyễn Huệ,23/01/2026 10:09,"22,000","7,000",0,0,"3,683",0,"11,318"
1290,23016-347169418,10230814,Cà Phê Muối Chú Long - Võ Văn Kiệt,23/01/2026 09:56,"58,000","11,000",0,0,"11,539",0,"35,462"
1291,23016-347224649,10235659,Cà Phê Muối Chú Long - Nguyễn Hữu Cảnh,23/01/2026 10:04,"65,000","11,000",0,0,"13,257",0,"40,743"
1292,23016-347447086,10299524,Cà Phê Muối Chú Long - Lê Duẩn,23/01/2026 09:48,"54,000","11,000",0,0,"10,557",0,"32,444"
1293,23016-347527897,10230793,Cà Phê Muối Chú Long - Huỳnh Văn Bánh,23/01/2026 10:26,"29,000",0,0,0,"7,120",0,"21,881"
1294,23016-347596540,10321523,Cà Phê Muối Chú Long - Thanh Nhàn,23/01/2026 10:53,"95,000","15,000",0,0,"19,640",0,"60,360"
1295,23016-347645105,10216423,Cà Phê Muối Chú Long - 417 Cộng Hoà,23/01/2026 10:05,"212,000","32,000",0,0,"44,190",0,"135,810"
1296,23016-347735400,10225902,Cà Phê Muối Chú Long - Hậu Giang,23/01/2026 10:13,"58,000","29,000",0,0,"7,120",0,"21,881"
1297,23016-347776302,10298824,Cà Phê Muối Chú Long - Hoàng Diệu,23/01/2026 09:51,"264,000","45,000",0,0,"53,765",0,"165,236"
1298,23016-347844508,10375372,Cà Phê Muối Chú Long - An Dương Vương,23/01/2026 10:10,"29,000","14,500",0,0,"3,560",0,"10,940"
1299,23016-347922471,10298769,Cà Phê Muối Chú Long - Tôn Đức Thắng,23/01/2026 10:31,"109,000","20,000",0,0,"21,850",0,"67,151"
1300,23016-347940371,10225895,Cà Phê Muối Chú Long - Cách Mạng Tháng 8,23/01/2026 09:56,"83,000",0,0,0,"20,377",0,"62,624"
1301,23016-347978876,10225885,Cà Phê Muối Chú Long - Ngô Tất Tố,23/01/2026 10:05,"153,000","26,000",0,0,"31,179",0,"95,822"
1302,23016-348021034,10298769,Cà Phê Muối Chú Long - Tôn Đức Thắng,23/01/2026 10:55,"29,000","14,500",0,0,"3,560",0,"10,940"
1303,23016-348082177,10350108,Cà Phê Muối Chú Long - Đường Láng,23/01/2026 10:45,"36,000",0,0,0,"8,838",0,"27,162"
1304,23016-348121955,10219545,Cà Phê Muối Chú Long - Nguyễn Huệ,23/01/2026 10:04,"44,000",0,0,0,"10,802",0,"33,198"
1305,23016-348168439,10296675,Cà Phê Muối Chú Long - Trương Định,23/01/2026 11:07,"54,000","11,000",0,0,"10,557",0,"32,444"
1306,23016-348196329,10225871,Cà Phê Muối Chú Long - Đặng Nguyên Cẩn,23/01/2026 10:00,"102,000","20,000",0,0,"20,131",0,"61,869"
1307,23016-348242098,10386890,Cà Phê Muối Chú Long - Nha Trang,23/01/2026 10:00,"37,000",0,0,0,"9,084",0,"27,917"
1308,23016-348345030,10298769,Cà Phê Muối Chú Long - Tôn Đức Thắng,23/01/2026 10:35,"36,000","5,000",0,0,"7,611",0,"23,390"
1309,23016-348368029,10232123,Cà Phê Muối Chú Long - 17A Ngô Tất Tố,23/01/2026 09:55,"29,000",0,0,0,"7,120",0,"21,881"
1310,23016-348424315,10216423,Cà Phê Muối Chú Long - 417 Cộng Hoà,23/01/2026 09:57,"94,000",0,0,0,"23,077",0,"70,923"
1311,23016-348558735,10350108,Cà Phê Muối Chú Long - Đường Láng,23/01/2026 10:36,"29,000","5,000",0,0,"5,892",0,"18,108"
1312,23016-348584703,10284115,Cà Phê Muối Chú Long - Kha Vạn Cân,23/01/2026 09:55,"22,000","7,000",0,0,"3,683",0,"11,318"
1313,23016-348595840,10225895,Cà Phê Muối Chú Long - Cách Mạng Tháng 8,23/01/2026 10:01,"87,000",0,0,0,"21,359",0,"65,642"
1314,23016-348626963,10219545,Cà Phê Muối Chú Long - Nguyễn Huệ,23/01/2026 10:09,"51,000","11,000",0,0,"9,820",0,"30,180"
1315,23016-348831278,10230814,Cà Phê Muối Chú Long - Võ Văn Kiệt,23/01/2026 10:11,"87,000","15,000",0,0,"17,676",0,"54,324"
1316,23016-348972537,10298769,Cà Phê Muối Chú Long - Tôn Đức Thắng,23/01/2026 10:45,"91,000","15,000",0,0,"18,658",0,"57,342"
1317,23016-349178346,10235658,Cà Phê Muối Chú Long - Công Trường Quốc Tế,23/01/2026 10:05,"58,000","11,000",0,0,"11,539",0,"35,462"
1318,23016-349264193,10230814,Cà Phê Muối Chú Long - Võ Văn Kiệt,23/01/2026 10:25,"29,000","14,500",0,0,"3,560",0,"10,940"
1319,23016-349302455,10219545,Cà Phê Muối Chú Long - Nguyễn Huệ,23/01/2026 10:15,"58,000","11,000",0,0,"11,539",0,"35,462"
1320,23016-349325215,10296675,Cà Phê Muối Chú Long - Trương Định,23/01/2026 10:37,"112,000","20,000",0,0,"22,586",0,"69,414"
1321,23016-349385472,10296675,Cà Phê Muối Chú Long - Trương Định,23/01/2026 10:45,"80,000","15,000",0,0,"15,958",0,"49,043"
1322,23016-349626393,10354882,Cà Phê Muối Chú Long - Quảng Ngãi,23/01/2026 09:54,"29,000","7,250",0,0,"5,340",0,"16,410"
1323,23016-349628410,10375372,Cà Phê Muối Chú Long - An Dương Vương,23/01/2026 09:54,"36,000",0,0,0,"8,838",0,"27,162"
1324,23016-349862970,10381983,Cà Phê Muối Chú Long - Bạch Đằng,23/01/2026 10:00,"58,000",0,0,0,"14,239",0,"43,761"
1325,23016-898260828,10298769,Cà Phê Muối Chú Long - Tôn Đức Thắng,23/01/2026 11:11,"29,000","5,000",0,0,"5,892",0,"18,108"
1326,23016-350287390,10299524,Cà Phê Muối Chú Long - Lê Duẩn,23/01/2026 10:03,"66,000","10,000",0,0,"13,748",0,"42,252"
1327,23016-350310571,10235658,Cà Phê Muối Chú Long - Công Trường Quốc Tế,23/01/2026 10:24,"22,000","7,000",0,0,"3,683",0,"11,318"
1328,23016-350316421,10296675,Cà Phê Muối Chú Long - Trương Định,23/01/2026 10:24,"88,000",0,0,0,"21,604",0,"66,396"
1329,23016-350316787,10296675,Cà Phê Muối Chú Long - Trương Định,23/01/2026 10:28,"94,000","15,000",0,0,"19,395",0,"59,606"
1330,23016-350475189,10358040,Cà Phê Muối Chú Long - Đoàn Thị Điểm,23/01/2026 09:57,"30,000","15,000",0,0,"3,683",0,"11,318"
1331,23016-350589756,10225895,Cà Phê Muối Chú Long - Cách Mạng Tháng 8,23/01/2026 10:19,"44,000","14,000",0,0,"7,365",0,"22,635"
1332,23016-350678113,10287867,Cà Phê Muối Chú Long - Classic,23/01/2026 10:10,"62,000","11,000",0,0,"12,521",0,"38,480"
1333,23016-350677853,10296675,Cà Phê Muối Chú Long - Trương Định,23/01/2026 10:29,"110,000","20,000",0,0,"22,095",0,"67,905"
1334,23016-350796258,10350108,Cà Phê Muối Chú Long - Đường Láng,23/01/2026 11:27,"116,000","20,000",0,0,"23,568",0,"72,432"
1335,23016-350805247,10230171,Cà Phê Muối Chú Long - Bình Long,23/01/2026 10:02,"44,000","14,000",0,0,"7,365",0,"22,635"
1336,23016-350807762,10216423,Cà Phê Muối Chú Long - 417 Cộng Hoà,23/01/2026 10:18,"29,000","14,500",0,0,"3,560",0,"10,940"
1337,23016-350811580,10296675,Cà Phê Muối Chú Long - Trương Định,23/01/2026 10:59,"171,000","40,500",0,0,"32,038",0,"98,462"
1338,23016-350871826,10358037,Cà Phê Muối Chú Long - Hùng Vương,23/01/2026 10:02,"25,000","6,250",0,0,"4,603",0,"14,147"
1339,23016-350877179,10296675,Cà Phê Muối Chú Long - Trương Định,23/01/2026 10:56,"58,000","11,000",0,0,"11,539",0,"35,462"
1340,23016-351069783,10225895,Cà Phê Muối Chú Long - Cách Mạng Tháng 8,23/01/2026 10:15,"22,000","7,000",0,0,"3,683",0,"11,318"
1341,23016-351098645,10296675,Cà Phê Muối Chú Long - Trương Định,23/01/2026 10:51,"87,000",0,0,0,"21,359",0,"65,642"
1342,23016-351367163,10296675,Cà Phê Muối Chú Long - Trương Định,23/01/2026 10:12,"44,000","14,000",0,0,"7,365",0,"22,635"
1343,23016-351411454,10230814,Cà Phê Muối Chú Long - Võ Văn Kiệt,23/01/2026 10:16,"58,000","11,000",0,0,"11,539",0,"35,462"
1344,23016-351482288,10235658,Cà Phê Muối Chú Long - Công Trường Quốc Tế,23/01/2026 10:14,"145,000","26,000",0,0,"29,215",0,"89,786"
1345,23016-351570590,10225888,Cà Phê Muối Chú Long - Lạc Long Quân,23/01/2026 10:03,"58,000","11,000",0,0,"11,539",0,"35,462"
1346,23016-351569770,10219545,Cà Phê Muối Chú Long - Nguyễn Huệ,23/01/2026 10:12,"76,000","11,000",0,0,"15,958",0,"49,043"
1347,23016-351581103,10350108,Cà Phê Muối Chú Long - Đường Láng,23/01/2026 10:36,"44,000","14,000",0,0,"7,365",0,"22,635"
1348,23016-351699491,10350108,Cà Phê Muối Chú Long - Đường Láng,23/01/2026 10:36,"22,000",0,0,0,"5,401",0,"16,599"
1349,23016-351808777,10225895,Cà Phê Muối Chú Long - Cách Mạng Tháng 8,23/01/2026 10:18,"22,000","7,000",0,0,"3,683",0,"11,318"
1350,23016-351839648,10284115,Cà Phê Muối Chú Long - Kha Vạn Cân,23/01/2026 10:12,"58,000","11,000",0,0,"11,539",0,"35,462"
1351,23016-351930238,10230171,Cà Phê Muối Chú Long - Bình Long,23/01/2026 10:01,"58,000","11,000",0,0,"11,539",0,"35,462"
1352,23016-351997415,10230171,Cà Phê Muối Chú Long - Bình Long,23/01/2026 10:07,"54,000","11,000",0,0,"10,557",0,"32,444"
1353,23016-352074640,10225902,Cà Phê Muối Chú Long - Hậu Giang,23/01/2026 10:15,"251,000","37,500",0,0,"52,414",0,"161,086"
1354,23016-352143867,10298769,Cà Phê Muối Chú Long - Tôn Đức Thắng,23/01/2026 11:05,"51,000","11,000",0,0,"9,820",0,"30,180"
1355,23016-352170365,10296675,Cà Phê Muối Chú Long - Trương Định,23/01/2026 10:41,"54,000","11,000",0,0,"10,557",0,"32,444"
1356,23016-352248141,10216423,Cà Phê Muối Chú Long - 417 Cộng Hoà,23/01/2026 10:03,"152,000","26,000",0,0,"30,933",0,"95,067"
1357,23016-352460410,10225902,Cà Phê Muối Chú Long - Hậu Giang,23/01/2026 10:05,"58,000","11,000",0,0,"11,539",0,"35,462"
1358,23016-352479151,10298769,Cà Phê Muối Chú Long - Tôn Đức Thắng,23/01/2026 10:36,"29,000",0,0,0,"7,120",0,"21,881"
1359,23016-352633454,10230814,Cà Phê Muối Chú Long - Võ Văn Kiệt,23/01/2026 10:16,"58,000","11,000",0,0,"11,539",0,"35,462"
1360,23016-352698714,10298824,Cà Phê Muối Chú Long - Hoàng Diệu,23/01/2026 09:56,"66,000","11,000",0,0,"13,503",0,"41,498"
1361,23016-352708981,10230814,Cà Phê Muối Chú Long - Võ Văn Kiệt,23/01/2026 10:24,"80,000","15,000",0,0,"15,958",0,"49,043"
1362,23016-352966395,10321523,Cà Phê Muối Chú Long - Thanh Nhàn,23/01/2026 10:25,"137,000","20,000",0,0,"28,724",0,"88,277"
1363,23016-353023041,10296675,Cà Phê Muối Chú Long - Trương Định,23/01/2026 10:01,"66,000","11,000",0,0,"13,503",0,"41,498"
1364,23016-353069423,10298769,Cà Phê Muối Chú Long - Tôn Đức Thắng,23/01/2026 10:38,"101,000","20,000",0,0,"19,886",0,"61,115"
1365,23016-353177467,10350108,Cà Phê Muối Chú Long - Đường Láng,23/01/2026 10:36,"22,000","7,000",0,0,"3,683",0,"11,318"
1366,23016-353252346,10225888,Cà Phê Muối Chú Long - Lạc Long Quân,23/01/2026 10:01,"58,000","11,000",0,0,"11,539",0,"35,462"
1367,23016-353322613,10225888,Cà Phê Muối Chú Long - Lạc Long Quân,23/01/2026 10:06,"44,000","14,000",0,0,"7,365",0,"22,635"
1368,23016-353324364,10340098,Cà Phê Muối Chú Long - Thuận An,23/01/2026 10:13,"44,000","10,000",0,0,"8,347",0,"25,653"
1369,23016-353573847,10296675,Cà Phê Muối Chú Long - Trương Định,23/01/2026 10:43,"29,000","14,500",0,0,"3,560",0,"10,940"
1370,23016-353645974,10350108,Cà Phê Muối Chú Long - Đường Láng,23/01/2026 10:44,"65,000","11,000",0,0,"13,257",0,"40,743"
1371,23016-353686803,10230814,Cà Phê Muối Chú Long - Võ Văn Kiệt,23/01/2026 09:57,"44,000",0,0,0,"10,802",0,"33,198"
1372,23016-353747112,10296675,Cà Phê Muối Chú Long - Trương Định,23/01/2026 10:34,"72,000","15,000",0,0,"13,994",0,"43,007"
1373,23016-353759538,10350108,Cà Phê Muối Chú Long - Đường Láng,23/01/2026 11:18,"54,000","14,500",0,0,"9,697",0,"29,803"
1374,23016-353890800,10225902,Cà Phê Muối Chú Long - Hậu Giang,23/01/2026 10:13,"58,000","11,000",0,0,"11,539",0,"35,462"
1375,23016-353922461,10324687,Cà Phê Muối Chú Long - Huỳnh Tấn Phát,23/01/2026 10:08,"29,000",0,0,0,"7,120",0,"21,881"
1376,23016-354098045,10235659,Cà Phê Muối Chú Long - Nguyễn Hữu Cảnh,23/01/2026 10:03,"29,000","14,500",0,0,"3,560",0,"10,940"
1377,23016-354372581,10375372,Cà Phê Muối Chú Long - An Dương Vương,23/01/2026 10:06,"58,000",0,0,0,"14,239",0,"43,761"
1378,23016-354380590,10230793,Cà Phê Muối Chú Long - Huỳnh Văn Bánh,23/01/2026 10:09,"29,000",0,0,0,"7,120",0,"21,881"
1379,23016-354386592,10287867,Cà Phê Muối Chú Long - Classic,23/01/2026 10:12,"30,000","15,000",0,0,"3,683",0,"11,318"
1380,23016-354458717,10296675,Cà Phê Muối Chú Long - Trương Định,23/01/2026 10:20,"29,000",0,0,0,"7,120",0,"21,881"
1381,23016-354738539,10233716,Cà Phê Muối Chú Long - 130 Thích Quảng Đức,23/01/2026 10:16,"76,000",0,0,0,"18,658",0,"57,342"
1382,23016-354918572,10298769,Cà Phê Muối Chú Long - Tôn Đức Thắng,23/01/2026 10:49,"199,000","26,000",0,0,"42,472",0,"130,529"
1383,23016-354962591,10321524,Cà Phê Muối Chú Long - Đội Cấn,23/01/2026 10:20,"58,000","11,000",0,0,"11,539",0,"35,462"
1384,23016-355092175,10296675,Cà Phê Muối Chú Long - Trương Định,23/01/2026 10:40,"152,000","26,000",0,0,"30,933",0,"95,067"
1385,23016-355155738,10216423,Cà Phê Muối Chú Long - 417 Cộng Hoà,23/01/2026 10:56,"29,000",0,0,0,"7,120",0,"21,881"
1386,23016-355218078,10235658,Cà Phê Muối Chú Long - Công Trường Quốc Tế,23/01/2026 10:23,"116,000","20,000",0,0,"23,568",0,"72,432"
1387,23016-355295942,10235659,Cà Phê Muối Chú Long - Nguyễn Hữu Cảnh,23/01/2026 10:18,"280,000","37,500",0,0,"59,534",0,"182,966"
1388,23016-355367290,10350108,Cà Phê Muối Chú Long - Đường Láng,23/01/2026 11:07,"72,000",0,0,0,"17,676",0,"54,324"
1389,23016-355382950,10298769,Cà Phê Muối Chú Long - Tôn Đức Thắng,23/01/2026 10:09,"54,000","11,000",0,0,"10,557",0,"32,444"
1390,23016-355391299,10242271,Cà Phê Muối Chú Long - Vũng Tàu,23/01/2026 10:04,"80,000",0,0,0,"19,640",0,"60,360"
1391,23016-355516634,10225871,Cà Phê Muối Chú Long - Đặng Nguyên Cẩn,23/01/2026 10:12,"58,000","11,000",0,0,"11,539",0,"35,462"
1392,23016-355511073,10230814,Cà Phê Muối Chú Long - Võ Văn Kiệt,23/01/2026 10:31,"22,000","7,000",0,0,"3,683",0,"11,318"
1393,23016-355538573,10225898,Cà Phê Muối Chú Long - Nguyễn Đình Chiểu,23/01/2026 10:08,"51,000","11,000",0,0,"9,820",0,"30,180"
1394,23016-355651618,10324687,Cà Phê Muối Chú Long - Huỳnh Tấn Phát,23/01/2026 10:12,"22,000","7,000",0,0,"3,683",0,"11,318"
1395,23016-355866214,10296675,Cà Phê Muối Chú Long - Trương Định,23/01/2026 10:30,"29,000",0,0,0,"7,120",0,"21,881"
1396,23016-356192735,10219545,Cà Phê Muối Chú Long - Nguyễn Huệ,23/01/2026 10:22,"22,000","7,000",0,0,"3,683",0,"11,318"
1397,23016-356191866,10298769,Cà Phê Muối Chú Long - Tôn Đức Thắng,23/01/2026 11:03,"116,000","20,000",0,0,"23,568",0,"72,432"
1398,23016-356237085,10296675,Cà Phê Muối Chú Long - Trương Định,23/01/2026 10:43,"90,000",0,0,0,"22,095",0,"67,905"
1399,23016-356278918,10381983,Cà Phê Muối Chú Long - Bạch Đằng,23/01/2026 10:23,"51,000",0,0,0,"12,521",0,"38,480"
1400,23016-356308834,10381983,Cà Phê Muối Chú Long - Bạch Đằng,23/01/2026 10:02,"58,000",0,0,0,"14,239",0,"43,761"
1401,23016-356380971,10350108,Cà Phê Muối Chú Long - Đường Láng,23/01/2026 14:02,"58,000","11,000",0,0,"11,539",0,"35,462"
1402,23016-356520591,10321524,Cà Phê Muối Chú Long - Đội Cấn,23/01/2026 11:05,"94,000","25,500",0,0,"16,817",0,"51,683"
1403,23016-356678536,10350108,Cà Phê Muối Chú Long - Đường Láng,23/01/2026 11:00,"29,000",0,0,0,"7,120",0,"21,881"
1404,23016-356804539,10219545,Cà Phê Muối Chú Long - Nguyễn Huệ,23/01/2026 10:25,"22,000","7,000",0,0,"3,683",0,"11,318"
1405,23016-356807506,10225895,Cà Phê Muối Chú Long - Cách Mạng Tháng 8,23/01/2026 10:05,"58,000","11,000",0,0,"11,539",0,"35,462"
1406,23016-356806640,10350108,Cà Phê Muối Chú Long - Đường Láng,23/01/2026 10:32,"87,000","15,000",0,0,"17,676",0,"54,324"
1407,23016-357037513,10225902,Cà Phê Muối Chú Long - Hậu Giang,23/01/2026 10:16,"124,000","20,000",0,0,"25,532",0,"78,468"
1408,23016-357275343,10230814,Cà Phê Muối Chú Long - Võ Văn Kiệt,23/01/2026 10:23,"22,000",0,0,0,"5,401",0,"16,599"
1409,23016-357444602,10350108,Cà Phê Muối Chú Long - Đường Láng,23/01/2026 10:30,"116,000","20,000",0,0,"23,568",0,"72,432"
1410,23016-357449276,10230793,Cà Phê Muối Chú Long - Huỳnh Văn Bánh,23/01/2026 10:45,"87,000",0,0,0,"21,359",0,"65,642"
1411,23016-357498041,10321523,Cà Phê Muối Chú Long - Thanh Nhàn,23/01/2026 10:19,"22,000","7,000",0,0,"3,683",0,"11,318"
1412,23016-357566023,10296675,Cà Phê Muối Chú Long - Trương Định,23/01/2026 10:32,"65,000","11,000",0,0,"13,257",0,"40,743"
1413,23016-357997612,10350108,Cà Phê Muối Chú Long - Đường Láng,23/01/2026 10:47,"94,000",0,0,0,"23,077",0,"70,923"
1414,23016-358029966,10330437,Cà Phê Muối Chú Long - Trần Hưng Đạo,23/01/2026 10:07,"22,000","7,000",0,0,"3,683",0,"11,318"
1415,23016-358355324,10230814,Cà Phê Muối Chú Long - Võ Văn Kiệt,23/01/2026 10:22,"126,000","20,000",0,0,"26,023",0,"79,977"
1416,23016-358493683,10321523,Cà Phê Muối Chú Long - Thanh Nhàn,23/01/2026 10:31,"77,000","11,000",0,0,"16,203",0,"49,797"
1417,23016-358524899,10284115,Cà Phê Muối Chú Long - Kha Vạn Cân,23/01/2026 10:08,"22,000","7,000",0,0,"3,683",0,"11,318"
1418,23016-358543013,10350108,Cà Phê Muối Chú Long - Đường Láng,23/01/2026 10:33,"22,000","5,000",0,0,"4,174",0,"12,827"
1419,23016-358605127,10321523,Cà Phê Muối Chú Long - Thanh Nhàn,23/01/2026 10:35,"22,000",0,0,0,"5,401",0,"16,599"
1420,23016-358720460,10225895,Cà Phê Muối Chú Long - Cách Mạng Tháng 8,23/01/2026 10:12,"29,000",0,0,0,"7,120",0,"21,881"
1421,23016-358883956,10299524,Cà Phê Muối Chú Long - Lê Duẩn,23/01/2026 10:15,"22,000","7,000",0,0,"3,683",0,"11,318"
1422,23016-358903264,10230793,Cà Phê Muối Chú Long - Huỳnh Văn Bánh,23/01/2026 10:13,"58,000","11,000",0,0,"11,539",0,"35,462"
1423,23016-359023626,10292422,Cà Phê Muối Chú Long - Phan Thiết,23/01/2026 10:22,"58,000","11,000",0,0,"11,539",0,"35,462"
1424,23016-359069931,10225898,Cà Phê Muối Chú Long - Nguyễn Đình Chiểu,23/01/2026 10:07,"29,000",0,0,0,"7,120",0,"21,881"
1425,23016-359203433,10350108,Cà Phê Muối Chú Long - Đường Láng,23/01/2026 10:49,"141,000","26,000",0,0,"28,233",0,"86,768"
1426,23016-359238805,10292422,Cà Phê Muối Chú Long - Phan Thiết,23/01/2026 10:31,"36,000","9,000",0,0,"6,629",0,"20,372"
1427,23016-359463549,10225898,Cà Phê Muối Chú Long - Nguyễn Đình Chiểu,23/01/2026 10:21,"29,000",0,0,0,"7,120",0,"21,881"
1428,23016-359480223,10216423,Cà Phê Muối Chú Long - 417 Cộng Hoà,23/01/2026 10:16,"29,000","14,500",0,0,"3,560",0,"10,940"
1429,23016-359533061,10321524,Cà Phê Muối Chú Long - Đội Cấn,23/01/2026 10:45,"29,000","14,500",0,0,"3,560",0,"10,940"
1430,23016-359548712,10307386,Cà Phê Muối Chú Long - Kiên Giang,23/01/2026 10:10,"116,000","20,000",0,0,"23,568",0,"72,432"
1431,23016-359657169,10321523,Cà Phê Muối Chú Long - Thanh Nhàn,23/01/2026 10:54,"58,000","11,000",0,0,"11,539",0,"35,462"
1432,23016-359767068,10340098,Cà Phê Muối Chú Long - Thuận An,23/01/2026 10:20,"73,000","11,000",0,0,"15,221",0,"46,779"
1433,23016-360033673,10219545,Cà Phê Muối Chú Long - Nguyễn Huệ,23/01/2026 10:20,"22,000","7,000",0,0,"3,683",0,"11,318"
1434,23016-360428571,10324687,Cà Phê Muối Chú Long - Huỳnh Tấn Phát,23/01/2026 10:24,"58,000","11,000",0,0,"11,539",0,"35,462"
1435,23016-360674473,10321523,Cà Phê Muối Chú Long - Thanh Nhàn,23/01/2026 11:09,"116,000","20,000",0,0,"23,568",0,"72,432"
1436,23016-360704413,10375372,Cà Phê Muối Chú Long - An Dương Vương,23/01/2026 10:24,"22,000","7,000",0,0,"3,683",0,"11,318"
1437,23016-361143504,10324687,Cà Phê Muối Chú Long - Huỳnh Tấn Phát,23/01/2026 10:18,"29,000","7,000",0,0,"5,401",0,"16,599"
1438,23016-361169919,10324687,Cà Phê Muối Chú Long - Huỳnh Tấn Phát,23/01/2026 10:15,"29,000",0,0,0,"7,120",0,"21,881"
1439,23016-361300508,10225888,Cà Phê Muối Chú Long - Lạc Long Quân,23/01/2026 10:13,"29,000",0,0,0,"7,120",0,"21,881"
1440,23016-361305121,10298769,Cà Phê Muối Chú Long - Tôn Đức Thắng,23/01/2026 10:43,"22,000","7,000",0,0,"3,683",0,"11,318"
1441,23016-361535237,10235658,Cà Phê Muối Chú Long - Công Trường Quốc Tế,23/01/2026 10:30,"51,000","11,000",0,0,"9,820",0,"30,180"
1442,23016-361541708,10386890,Cà Phê Muối Chú Long - Nha Trang,23/01/2026 10:23,"87,000",0,0,0,"21,359",0,"65,642"
1443,23016-361572834,10375372,Cà Phê Muối Chú Long - An Dương Vương,23/01/2026 10:16,"29,000",0,0,0,"7,120",0,"21,881"
1444,23016-361754042,10298769,Cà Phê Muối Chú Long - Tôn Đức Thắng,23/01/2026 10:36,"108,000","20,000",0,0,"21,604",0,"66,396"
1445,23016-361953815,10298769,Cà Phê Muối Chú Long - Tôn Đức Thắng,23/01/2026 10:25,"87,000","15,000",0,0,"17,676",0,"54,324"
1446,23016-362174251,10298769,Cà Phê Muối Chú Long - Tôn Đức Thắng,23/01/2026 10:40,"44,000",0,0,0,"10,802",0,"33,198"
1447,23016-362369230,10235659,Cà Phê Muối Chú Long - Nguyễn Hữu Cảnh,23/01/2026 10:25,"22,000","7,000",0,0,"3,683",0,"11,318"
1448,23016-362562497,10321524,Cà Phê Muối Chú Long - Đội Cấn,23/01/2026 10:47,"29,000",0,0,0,"7,120",0,"21,881"
1449,23016-362938392,10235659,Cà Phê Muối Chú Long - Nguyễn Hữu Cảnh,23/01/2026 10:39,"58,000","11,000",0,0,"11,539",0,"35,462"
1450,23016-362984260,10235663,Cà Phê Muối Chú Long - Hà Huy Giáp,23/01/2026 10:29,"159,000","26,000",0,0,"32,652",0,"100,349"
1451,23016-363297667,10230814,Cà Phê Muối Chú Long - Võ Văn Kiệt,23/01/2026 10:31,"36,000",0,0,0,"8,838",0,"27,162"
1452,23016-363577269,10225885,Cà Phê Muối Chú Long - Ngô Tất Tố,23/01/2026 10:24,"44,000","14,000",0,0,"7,365",0,"22,635"
1453,23016-363578241,10284115,Cà Phê Muối Chú Long - Kha Vạn Cân,23/01/2026 10:30,"44,000","14,000",0,0,"7,365",0,"22,635"
1454,23016-364357425,10321524,Cà Phê Muối Chú Long - Đội Cấn,23/01/2026 11:02,"44,000","14,000",0,0,"7,365",0,"22,635"
1455,23016-364853526,10235663,Cà Phê Muối Chú Long - Hà Huy Giáp,23/01/2026 10:39,"108,000","39,000",0,0,"16,940",0,"52,061"
1456,23016-364983974,10298769,Cà Phê Muối Chú Long - Tôn Đức Thắng,23/01/2026 11:15,"87,000","15,000",0,0,"17,676",0,"54,324"
1457,23016-365008016,10235659,Cà Phê Muối Chú Long - Nguyễn Hữu Cảnh,23/01/2026 10:28,"29,000",0,0,0,"7,120",0,"21,881"
1458,23016-365260753,10225895,Cà Phê Muối Chú Long - Cách Mạng Tháng 8,23/01/2026 10:19,"87,000","15,000",0,0,"17,676",0,"54,324"
1459,23016-365630980,10225895,Cà Phê Muối Chú Long - Cách Mạng Tháng 8,23/01/2026 10:41,"22,000","7,000",0,0,"3,683",0,"11,318"
1460,23016-365853743,10354891,Cà Phê Muối Chú Long - Trà Vinh,23/01/2026 10:21,"29,000","7,250",0,0,"5,340",0,"16,410"
1461,23016-366421011,10230171,Cà Phê Muối Chú Long - Bình Long,23/01/2026 10:30,"88,000",0,0,0,"21,604",0,"66,396"
1462,23016-366570190,10219545,Cà Phê Muối Chú Long - Nguyễn Huệ,23/01/2026 10:33,"116,000","20,000",0,0,"23,568",0,"72,432"
1463,23016-366611419,10216423,Cà Phê Muối Chú Long - 417 Cộng Hoà,23/01/2026 10:46,"54,000","11,000",0,0,"10,557",0,"32,444"
1464,23016-366693834,10330437,Cà Phê Muối Chú Long - Trần Hưng Đạo,23/01/2026 10:22,"22,000","7,000",0,0,"3,683",0,"11,318"
1465,23016-366771379,10321524,Cà Phê Muối Chú Long - Đội Cấn,23/01/2026 10:37,"112,000","20,000",0,0,"22,586",0,"69,414"
1466,23016-366943581,10230171,Cà Phê Muối Chú Long - Bình Long,23/01/2026 10:27,"87,000","15,000",0,0,"17,676",0,"54,324"
1467,23016-367059155,10284115,Cà Phê Muối Chú Long - Kha Vạn Cân,23/01/2026 10:40,"88,000",0,0,0,"21,604",0,"66,396"
1468,23016-367098091,10298769,Cà Phê Muối Chú Long - Tôn Đức Thắng,23/01/2026 10:34,"29,000","14,500",0,0,"3,560",0,"10,940"
1469,23016-367295425,10299524,Cà Phê Muối Chú Long - Lê Duẩn,23/01/2026 10:45,"77,000","11,000",0,0,"16,203",0,"49,797"
1470,23016-367319567,10321524,Cà Phê Muối Chú Long - Đội Cấn,23/01/2026 10:29,"22,000","7,000",0,0,"3,683",0,"11,318"
1471,23016-367350277,10321523,Cà Phê Muối Chú Long - Thanh Nhàn,23/01/2026 11:13,"51,000","11,000",0,0,"9,820",0,"30,180"
1472,23016-367502124,10225902,Cà Phê Muối Chú Long - Hậu Giang,23/01/2026 10:39,"44,000","14,000",0,0,"7,365",0,"22,635"
1473,23016-367613607,10292422,Cà Phê Muối Chú Long - Phan Thiết,23/01/2026 10:22,"58,000","11,000",0,0,"11,539",0,"35,462"
1474,23016-367638613,10219545,Cà Phê Muối Chú Long - Nguyễn Huệ,23/01/2026 10:48,"108,000","20,000",0,0,"21,604",0,"66,396"
1475,23016-367679241,10230171,Cà Phê Muối Chú Long - Bình Long,23/01/2026 10:26,"29,000","14,500",0,0,"3,560",0,"10,940"
1476,23016-368058382,10225885,Cà Phê Muối Chú Long - Ngô Tất Tố,23/01/2026 10:38,"76,000","15,000",0,0,"14,976",0,"46,025"
1477,23016-368080425,10321524,Cà Phê Muối Chú Long - Đội Cấn,23/01/2026 10:48,"87,000","15,000",0,0,"17,676",0,"54,324"
1478,23016-368339953,10225898,Cà Phê Muối Chú Long - Nguyễn Đình Chiểu,23/01/2026 10:32,"58,000","29,000",0,0,"7,120",0,"21,881"
1479,23016-368759569,10232123,Cà Phê Muối Chú Long - 17A Ngô Tất Tố,23/01/2026 10:42,"58,000","11,000",0,0,"11,539",0,"35,462"
1480,23016-368770992,10235658,Cà Phê Muối Chú Long - Công Trường Quốc Tế,23/01/2026 10:49,"22,000","7,000",0,0,"3,683",0,"11,318"
1481,23016-368852917,10321523,Cà Phê Muối Chú Long - Thanh Nhàn,23/01/2026 11:15,"51,000","11,000",0,0,"9,820",0,"30,180"
1482,23016-368987381,10216423,Cà Phê Muối Chú Long - 417 Cộng Hoà,23/01/2026 10:42,"29,000",0,0,0,"7,120",0,"21,881"
1483,23016-369336124,10225902,Cà Phê Muối Chú Long - Hậu Giang,23/01/2026 10:24,"58,000","11,000",0,0,"11,539",0,"35,462"
1484,23016-369543305,10216423,Cà Phê Muối Chú Long - 417 Cộng Hoà,23/01/2026 10:45,"80,000","15,000",0,0,"15,958",0,"49,043"
1485,23016-369552294,10296675,Cà Phê Muối Chú Long - Trương Định,23/01/2026 11:26,"116,000","20,000",0,0,"23,568",0,"72,432"
1486,23016-369771276,10321523,Cà Phê Muối Chú Long - Thanh Nhàn,23/01/2026 11:19,"22,000","7,000",0,0,"3,683",0,"11,318"
1487,23016-369788816,10307386,Cà Phê Muối Chú Long - Kiên Giang,23/01/2026 10:34,"29,000","7,250",0,0,"5,340",0,"16,410"
1488,23016-369951433,10235658,Cà Phê Muối Chú Long - Công Trường Quốc Tế,23/01/2026 10:38,"58,000","11,000",0,0,"11,539",0,"35,462"
1489,23016-370080983,10219545,Cà Phê Muối Chú Long - Nguyễn Huệ,23/01/2026 10:30,"29,000",0,0,0,"7,120",0,"21,881"
1490,23016-370344388,10292422,Cà Phê Muối Chú Long - Phan Thiết,23/01/2026 10:34,"29,000","7,250",0,0,"5,340",0,"16,410"
1491,23016-370375328,10235663,Cà Phê Muối Chú Long - Hà Huy Giáp,23/01/2026 10:35,"260,000","45,000",0,0,"52,783",0,"162,218"
1492,23016-370572420,10321523,Cà Phê Muối Chú Long - Thanh Nhàn,23/01/2026 10:54,"22,000","7,000",0,0,"3,683",0,"11,318"
1493,23016-370934314,10225898,Cà Phê Muối Chú Long - Nguyễn Đình Chiểu,23/01/2026 10:32,"69,000","11,000",0,0,"14,239",0,"43,761"
1494,23016-371005225,10350108,Cà Phê Muối Chú Long - Đường Láng,23/01/2026 11:39,"44,000",0,0,0,"10,802",0,"33,198"
1495,23016-371406385,10292422,Cà Phê Muối Chú Long - Phan Thiết,23/01/2026 10:23,"59,000","11,000",0,0,"11,784",0,"36,216"
1496,23016-371455821,10321524,Cà Phê Muối Chú Long - Đội Cấn,23/01/2026 10:42,"110,000","20,000",0,0,"22,095",0,"67,905"
1497,23016-371619489,10381892,Cà Phê Muối Chú Long - Phan Văn Trị,23/01/2026 10:34,"29,000","14,500",0,0,"3,560",0,"10,940"
1498,23016-371720198,10230814,Cà Phê Muối Chú Long - Võ Văn Kiệt,23/01/2026 10:40,"58,000","11,000",0,0,"11,539",0,"35,462"
1499,23016-371854539,10299524,Cà Phê Muối Chú Long - Lê Duẩn,23/01/2026 10:34,"87,000",0,0,0,"21,359",0,"65,642"
1500,23016-371916143,10219545,Cà Phê Muối Chú Long - Nguyễn Huệ,23/01/2026 10:42,"51,000","11,000",0,0,"9,820",0,"30,180"
1501,23016-372296097,10350108,Cà Phê Muối Chú Long - Đường Láng,23/01/2026 11:44,"110,000","20,000",0,0,"22,095",0,"67,905"
1502,23016-372711853,10225885,Cà Phê Muối Chú Long - Ngô Tất Tố,23/01/2026 10:48,"58,000","11,000",0,0,"11,539",0,"35,462"
1503,23016-372846856,10219545,Cà Phê Muối Chú Long - Nguyễn Huệ,23/01/2026 10:35,"80,000","11,000",0,0,"16,940",0,"52,061"
1504,23016-372862404,10230793,Cà Phê Muối Chú Long - Huỳnh Văn Bánh,23/01/2026 10:46,"54,000","11,000",0,0,"10,557",0,"32,444"
1505,23016-372960568,10375372,Cà Phê Muối Chú Long - An Dương Vương,23/01/2026 10:50,"145,000",0,0,0,"35,598",0,"109,403"
1506,23016-373028959,10321523,Cà Phê Muối Chú Long - Thanh Nhàn,23/01/2026 10:55,"157,000","26,000",0,0,"32,161",0,"98,840"
1507,23016-373338756,10230814,Cà Phê Muối Chú Long - Võ Văn Kiệt,23/01/2026 10:39,"51,000","11,000",0,0,"9,820",0,"30,180"
1508,23016-373790305,10321523,Cà Phê Muối Chú Long - Thanh Nhàn,23/01/2026 11:10,"54,000","11,000",0,0,"10,557",0,"32,444"
1509,23016-373823915,10219545,Cà Phê Muối Chú Long - Nguyễn Huệ,23/01/2026 10:42,"58,000","11,000",0,0,"11,539",0,"35,462"
1510,23016-373908194,10216423,Cà Phê Muối Chú Long - 417 Cộng Hoà,23/01/2026 10:46,"58,000","11,000",0,0,"11,539",0,"35,462"
1511,23016-374237233,10354882,Cà Phê Muối Chú Long - Quảng Ngãi,23/01/2026 10:33,"47,000","10,000",0,0,"9,084",0,"27,917"
1512,23016-374309991,10321523,Cà Phê Muối Chú Long - Thanh Nhàn,23/01/2026 11:36,"44,000","14,000",0,0,"7,365",0,"22,635"
1513,23016-374321306,10321523,Cà Phê Muối Chú Long - Thanh Nhàn,23/01/2026 11:11,"22,000","7,000",0,0,"3,683",0,"11,318"
1514,23016-374671555,10323120,Cà Phê Muối Chú Long - Đồng Xoài,23/01/2026 10:46,"58,000","11,000",0,0,"11,539",0,"35,462"
1515,23016-374741048,10375372,Cà Phê Muối Chú Long - An Dương Vương,23/01/2026 11:01,"58,000",0,0,0,"14,239",0,"43,761"
1516,23016-374977199,10321523,Cà Phê Muối Chú Long - Thanh Nhàn,23/01/2026 10:49,"58,000","11,000",0,0,"11,539",0,"35,462"
1517,23016-375109887,10324687,Cà Phê Muối Chú Long - Huỳnh Tấn Phát,23/01/2026 10:44,"58,000","11,000",0,0,"11,539",0,"35,462"
1518,23016-375214265,10321523,Cà Phê Muối Chú Long - Thanh Nhàn,23/01/2026 11:20,"29,000",0,0,0,"7,120",0,"21,881"
1519,23016-375243269,10219545,Cà Phê Muối Chú Long - Nguyễn Huệ,23/01/2026 10:38,"22,000","7,000",0,0,"3,683",0,"11,318"
1520,23016-375410173,10225885,Cà Phê Muối Chú Long - Ngô Tất Tố,23/01/2026 11:04,"58,000","11,000",0,0,"11,539",0,"35,462"
1521,23016-375447892,10321523,Cà Phê Muối Chú Long - Thanh Nhàn,23/01/2026 11:19,"29,000","14,500",0,0,"3,560",0,"10,940"
1522,23016-375526589,10225898,Cà Phê Muối Chú Long - Nguyễn Đình Chiểu,23/01/2026 10:46,"50,000","11,000",0,0,"9,575",0,"29,426"
1523,23016-375755541,10321523,Cà Phê Muối Chú Long - Thanh Nhàn,23/01/2026 11:03,"162,000","26,000",0,0,"33,388",0,"102,612"
1524,23016-375769305,10321523,Cà Phê Muối Chú Long - Thanh Nhàn,23/01/2026 11:12,"174,000","26,000",0,0,"36,334",0,"111,666"
1525,23016-375807917,10321524,Cà Phê Muối Chú Long - Đội Cấn,23/01/2026 11:28,"138,000","20,000",0,0,"28,969",0,"89,031"
1526,23016-376045165,10321523,Cà Phê Muối Chú Long - Thanh Nhàn,23/01/2026 11:38,"22,000","7,000",0,0,"3,683",0,"11,318"
1527,23016-376326426,10350108,Cà Phê Muối Chú Long - Đường Láng,23/01/2026 11:14,"149,000","26,000",0,0,"30,197",0,"92,804"
1528,23016-376364103,10235658,Cà Phê Muối Chú Long - Công Trường Quốc Tế,23/01/2026 10:50,"22,000",0,0,0,"5,401",0,"16,599"
1529,23016-376412756,10321524,Cà Phê Muối Chú Long - Đội Cấn,23/01/2026 10:46,"58,000","11,000",0,0,"11,539",0,"35,462"
1530,23016-376774278,10230814,Cà Phê Muối Chú Long - Võ Văn Kiệt,23/01/2026 10:46,"74,000","15,000",0,0,"14,485",0,"44,516"
1531,23016-376794230,10298824,Cà Phê Muối Chú Long - Hoàng Diệu,23/01/2026 10:51,"44,000","14,000",0,0,"7,365",0,"22,635"
1532,23016-376971967,10292422,Cà Phê Muối Chú Long - Phan Thiết,23/01/2026 10:47,"29,000","7,250",0,0,"5,340",0,"16,410"
1533,23016-377106688,10324687,Cà Phê Muối Chú Long - Huỳnh Tấn Phát,23/01/2026 10:46,"29,000",0,0,0,"7,120",0,"21,881"
1534,23016-377249754,10321524,Cà Phê Muối Chú Long - Đội Cấn,23/01/2026 11:13,"22,000","7,000",0,0,"3,683",0,"11,318"
1535,23016-377269355,10321524,Cà Phê Muối Chú Long - Đội Cấn,23/01/2026 10:45,"44,000","14,000",0,0,"7,365",0,"22,635"
1536,23016-377304525,10321524,Cà Phê Muối Chú Long - Đội Cấn,23/01/2026 10:45,"44,000","14,000",0,0,"7,365",0,"22,635"
1537,23016-377334917,10298824,Cà Phê Muối Chú Long - Hoàng Diệu,23/01/2026 10:51,"22,000","7,000",0,0,"3,683",0,"11,318"
1538,23016-377428931,10292422,Cà Phê Muối Chú Long - Phan Thiết,23/01/2026 10:53,"29,000","7,250",0,0,"5,340",0,"16,410"
1539,23016-377444053,10269971,Cà Phê Muối Chú Long - Cần Thơ,23/01/2026 10:54,"44,000","14,000",0,0,"7,365",0,"22,635"
1540,23016-377504974,10321523,Cà Phê Muối Chú Long - Thanh Nhàn,23/01/2026 10:57,"87,000","15,000",0,0,"17,676",0,"54,324"
1541,23016-378215658,10350108,Cà Phê Muối Chú Long - Đường Láng,23/01/2026 12:55,"170,000","26,000",0,0,"35,352",0,"108,648"
1542,23016-378539818,10296675,Cà Phê Muối Chú Long - Trương Định,23/01/2026 11:38,"174,000","26,000",0,0,"36,334",0,"111,666"
1543,23016-378556072,10386890,Cà Phê Muối Chú Long - Nha Trang,23/01/2026 10:53,"51,000",0,0,0,"12,521",0,"38,480"
1544,23016-378719203,10216423,Cà Phê Muối Chú Long - 417 Cộng Hoà,23/01/2026 10:46,"142,000","26,000",0,0,"28,478",0,"87,522"
1545,23016-378724989,10225898,Cà Phê Muối Chú Long - Nguyễn Đình Chiểu,23/01/2026 11:18,"29,000",0,0,0,"7,120",0,"21,881"
1546,23016-378926477,10321524,Cà Phê Muối Chú Long - Đội Cấn,23/01/2026 11:15,"166,000","26,000",0,0,"34,370",0,"105,630"
1547,23016-378949547,10381983,Cà Phê Muối Chú Long - Bạch Đằng,23/01/2026 10:44,"58,000","14,500",0,0,"10,679",0,"32,821"
1548,23016-379306446,10321524,Cà Phê Muối Chú Long - Đội Cấn,23/01/2026 10:56,"51,000","11,000",0,0,"9,820",0,"30,180"
1549,23016-379576900,10321524,Cà Phê Muối Chú Long - Đội Cấn,23/01/2026 10:50,"22,000","7,000",0,0,"3,683",0,"11,318"
1550,23016-380075356,10219545,Cà Phê Muối Chú Long - Nguyễn Huệ,23/01/2026 10:56,"29,000","14,500",0,0,"3,560",0,"10,940"
1551,23016-380237325,10284115,Cà Phê Muối Chú Long - Kha Vạn Cân,23/01/2026 10:46,"130,000","20,000",0,0,"27,005",0,"82,995"
1552,23016-380283332,10225871,Cà Phê Muối Chú Long - Đặng Nguyên Cẩn,23/01/2026 10:40,"58,000","11,000",0,0,"11,539",0,"35,462"
1553,23016-380305975,10225885,Cà Phê Muối Chú Long - Ngô Tất Tố,23/01/2026 10:50,"58,000","11,000",0,0,"11,539",0,"35,462"
1554,23016-380480908,10321524,Cà Phê Muối Chú Long - Đội Cấn,23/01/2026 10:54,"58,000","11,000",0,0,"11,539",0,"35,462"
1555,23016-380504194,10321524,Cà Phê Muối Chú Long - Đội Cấn,23/01/2026 10:49,"87,000","25,500",0,0,"15,098",0,"46,402"
1556,23016-381074671,10235658,Cà Phê Muối Chú Long - Công Trường Quốc Tế,23/01/2026 10:55,"88,000","15,000",0,0,"17,922",0,"55,079"
1557,23016-381195056,10287867,Cà Phê Muối Chú Long - Classic,23/01/2026 10:54,"68,000","11,000",0,0,"13,994",0,"43,007"
1558,23016-381261004,10230814,Cà Phê Muối Chú Long - Võ Văn Kiệt,23/01/2026 11:26,"58,000",0,0,0,"14,239",0,"43,761"
1559,23016-381263543,10219545,Cà Phê Muối Chú Long - Nguyễn Huệ,23/01/2026 11:00,"22,000","7,000",0,0,"3,683",0,"11,318"
1560,23016-381262118,10225902,Cà Phê Muối Chú Long - Hậu Giang,23/01/2026 10:55,"58,000","11,000",0,0,"11,539",0,"35,462"
1561,23016-381294682,10321523,Cà Phê Muối Chú Long - Thanh Nhàn,23/01/2026 11:04,"87,000",0,0,0,"21,359",0,"65,642"
1562,23016-381330530,10225902,Cà Phê Muối Chú Long - Hậu Giang,23/01/2026 11:18,"116,000","20,000",0,0,"23,568",0,"72,432"
1563,23016-381451524,10296675,Cà Phê Muối Chú Long - Trương Định,23/01/2026 10:58,"51,000","11,000",0,0,"9,820",0,"30,180"
1564,23016-381467305,10350108,Cà Phê Muối Chú Long - Đường Láng,23/01/2026 12:49,"245,000","32,000",0,0,"52,292",0,"160,709"
1565,23016-381468376,10296675,Cà Phê Muối Chú Long - Trương Định,23/01/2026 11:29,"100,000","20,000",0,0,"19,640",0,"60,360"
1566,23016-381641210,10321523,Cà Phê Muối Chú Long - Thanh Nhàn,23/01/2026 11:26,"213,000","32,000",0,0,"44,436",0,"136,565"
1567,23016-381753464,10321524,Cà Phê Muối Chú Long - Đội Cấn,23/01/2026 11:35,"58,000","29,000",0,0,"7,120",0,"21,881"
1568,23016-381817782,10321523,Cà Phê Muối Chú Long - Thanh Nhàn,23/01/2026 11:20,"220,000","32,000",0,0,"46,154",0,"141,846"
1569,23016-381817280,10296675,Cà Phê Muối Chú Long - Trương Định,23/01/2026 11:17,"145,000","26,000",0,0,"29,215",0,"89,786"
1570,23016-381890825,10321524,Cà Phê Muối Chú Long - Đội Cấn,23/01/2026 10:57,"87,000","15,000",0,0,"17,676",0,"54,324"
1571,23016-382055586,10230171,Cà Phê Muối Chú Long - Bình Long,23/01/2026 10:51,"47,000",0,0,0,"11,539",0,"35,462"
1572,23016-382437735,10375372,Cà Phê Muối Chú Long - An Dương Vương,23/01/2026 10:54,"112,000",0,0,0,"27,496",0,"84,504"
1573,23016-382530956,10321524,Cà Phê Muối Chú Long - Đội Cấn,23/01/2026 11:14,"163,000","26,000",0,0,"33,634",0,"103,367"
1574,23016-382630659,10350108,Cà Phê Muối Chú Long - Đường Láng,23/01/2026 12:42,"58,000","11,000",0,0,"11,539",0,"35,462"
1575,23016-382707064,10296675,Cà Phê Muối Chú Long - Trương Định,23/01/2026 11:19,"54,000","11,000",0,0,"10,557",0,"32,444"
1576,23016-382867814,10230171,Cà Phê Muối Chú Long - Bình Long,23/01/2026 10:47,"58,000","11,000",0,0,"11,539",0,"35,462"
1577,23016-383030983,10219545,Cà Phê Muối Chú Long - Nguyễn Huệ,23/01/2026 11:16,"36,000",0,0,0,"8,838",0,"27,162"
1578,23016-383044576,10219545,Cà Phê Muối Chú Long - Nguyễn Huệ,23/01/2026 11:04,"87,000","15,000",0,0,"17,676",0,"54,324"
1579,23016-383946836,10321523,Cà Phê Muối Chú Long - Thanh Nhàn,23/01/2026 11:17,"95,000","15,000",0,0,"19,640",0,"60,360"
1580,23016-383959881,10233716,Cà Phê Muối Chú Long - 130 Thích Quảng Đức,23/01/2026 10:49,"22,000","7,000",0,0,"3,683",0,"11,318"
1581,23016-384121863,10321523,Cà Phê Muối Chú Long - Thanh Nhàn,23/01/2026 11:10,"58,000","11,000",0,0,"11,539",0,"35,462"
1582,23016-384398819,10321523,Cà Phê Muối Chú Long - Thanh Nhàn,23/01/2026 11:21,"109,000","15,000",0,0,"23,077",0,"70,923"
1583,23016-385441513,10386890,Cà Phê Muối Chú Long - Nha Trang,23/01/2026 11:18,"130,000",0,0,0,"31,915",0,"98,085"
1584,23016-385666519,10225898,Cà Phê Muối Chú Long - Nguyễn Đình Chiểu,23/01/2026 10:59,"29,000","14,500",0,0,"3,560",0,"10,940"
1585,23016-385823182,10225898,Cà Phê Muối Chú Long - Nguyễn Đình Chiểu,23/01/2026 10:52,"58,000","11,000",0,0,"11,539",0,"35,462"
1586,23016-385841771,10225898,Cà Phê Muối Chú Long - Nguyễn Đình Chiểu,23/01/2026 11:17,"58,000","11,000",0,0,"11,539",0,"35,462"
1587,23016-385875288,10230171,Cà Phê Muối Chú Long - Bình Long,23/01/2026 11:28,"83,000","15,000",0,0,"16,694",0,"51,306"
1588,23016-386050335,10296675,Cà Phê Muối Chú Long - Trương Định,23/01/2026 11:39,"80,000","15,000",0,0,"15,958",0,"49,043"
1589,23016-386069897,10321524,Cà Phê Muối Chú Long - Đội Cấn,23/01/2026 10:56,"65,000","11,000",0,0,"13,257",0,"40,743"
1590,23016-386155397,10284115,Cà Phê Muối Chú Long - Kha Vạn Cân,23/01/2026 11:05,"29,000",0,0,0,"7,120",0,"21,881"
1591,23016-386185789,10354882,Cà Phê Muối Chú Long - Quảng Ngãi,23/01/2026 10:58,"44,000","10,000",0,0,"8,347",0,"25,653"
1592,23016-386412514,10233716,Cà Phê Muối Chú Long - 130 Thích Quảng Đức,23/01/2026 11:13,"112,000","20,000",0,0,"22,586",0,"69,414"
1593,23016-386417244,10235663,Cà Phê Muối Chú Long - Hà Huy Giáp,23/01/2026 11:10,"58,000","11,000",0,0,"11,539",0,"35,462"
1594,23016-387196686,10321524,Cà Phê Muối Chú Long - Đội Cấn,23/01/2026 11:57,"83,000","15,000",0,0,"16,694",0,"51,306"
1595,23016-387546380,10296675,Cà Phê Muối Chú Long - Trương Định,23/01/2026 11:23,"58,000","11,000",0,0,"11,539",0,"35,462"
1596,23016-388322436,10235663,Cà Phê Muối Chú Long - Hà Huy Giáp,23/01/2026 11:09,"58,000","11,000",0,0,"11,539",0,"35,462"
1597,23016-388753101,10225871,Cà Phê Muối Chú Long - Đặng Nguyên Cẩn,23/01/2026 11:01,"58,000","11,000",0,0,"11,539",0,"35,462"
1598,23016-388956275,10216423,Cà Phê Muối Chú Long - 417 Cộng Hoà,23/01/2026 13:10,"29,000","14,500",0,0,"3,560",0,"10,940"
1599,23016-389362838,10225898,Cà Phê Muối Chú Long - Nguyễn Đình Chiểu,23/01/2026 11:16,"261,000","45,000",0,0,"53,028",0,"162,972"
1600,23016-389410510,10230793,Cà Phê Muối Chú Long - Huỳnh Văn Bánh,23/01/2026 11:13,"58,000","11,000",0,0,"11,539",0,"35,462"
1601,23016-390391585,10225885,Cà Phê Muối Chú Long - Ngô Tất Tố,23/01/2026 10:58,"87,000","15,000",0,0,"17,676",0,"54,324"
1602,23016-390556662,10284115,Cà Phê Muối Chú Long - Kha Vạn Cân,23/01/2026 11:11,"108,000","20,000",0,0,"21,604",0,"66,396"
1603,23016-390621616,10216423,Cà Phê Muối Chú Long - 417 Cộng Hoà,23/01/2026 11:32,"102,000","20,000",0,0,"20,131",0,"61,869"
1604,23016-390990383,10321524,Cà Phê Muối Chú Long - Đội Cấn,23/01/2026 12:32,"152,000","26,000",0,0,"30,933",0,"95,067"
1605,23016-391068732,10298769,Cà Phê Muối Chú Long - Tôn Đức Thắng,23/01/2026 11:31,"44,000","14,000",0,0,"7,365",0,"22,635"
1606,23016-391170773,10298769,Cà Phê Muối Chú Long - Tôn Đức Thắng,23/01/2026 11:26,"83,000","15,000",0,0,"16,694",0,"51,306"
1607,23016-391521873,10230814,Cà Phê Muối Chú Long - Võ Văn Kiệt,23/01/2026 11:06,"22,000","7,000",0,0,"3,683",0,"11,318"
1608,23016-391587120,10242271,Cà Phê Muối Chú Long - Vũng Tàu,23/01/2026 11:03,"116,000","15,000",0,0,"24,796",0,"76,205"
1609,23016-391675639,10230171,Cà Phê Muối Chú Long - Bình Long,23/01/2026 11:11,"87,000",0,0,0,"21,359",0,"65,642"
1610,23016-392094580,10230814,Cà Phê Muối Chú Long - Võ Văn Kiệt,23/01/2026 11:36,"116,000","20,000",0,0,"23,568",0,"72,432"
1611,23016-392148138,10354882,Cà Phê Muối Chú Long - Quảng Ngãi,23/01/2026 11:04,"37,000","9,250",0,0,"6,813",0,"20,937"
1612,23016-392243211,10235663,Cà Phê Muối Chú Long - Hà Huy Giáp,23/01/2026 11:14,"87,000",0,0,0,"21,359",0,"65,642"
1613,23016-392646432,10354891,Cà Phê Muối Chú Long - Trà Vinh,23/01/2026 11:11,"29,000","14,500",0,0,"3,560",0,"10,940"
1614,23016-392841021,10321524,Cà Phê Muối Chú Long - Đội Cấn,23/01/2026 11:16,"29,000",0,0,0,"7,120",0,"21,881"
1615,23016-393004235,10296675,Cà Phê Muối Chú Long - Trương Định,23/01/2026 11:14,"22,000","7,000",0,0,"3,683",0,"11,318"
1616,23016-393178332,10296675,Cà Phê Muối Chú Long - Trương Định,23/01/2026 11:35,"87,000","15,000",0,0,"17,676",0,"54,324"
1617,23016-393706116,10235658,Cà Phê Muối Chú Long - Công Trường Quốc Tế,23/01/2026 11:29,"44,000","14,000",0,0,"7,365",0,"22,635"
1618,23016-394040428,10235663,Cà Phê Muối Chú Long - Hà Huy Giáp,23/01/2026 11:19,"51,000","11,000",0,0,"9,820",0,"30,180"
1619,23016-394108051,10232123,Cà Phê Muối Chú Long - 17A Ngô Tất Tố,23/01/2026 11:18,"58,000","11,000",0,0,"11,539",0,"35,462"
1620,23016-394253416,10225898,Cà Phê Muối Chú Long - Nguyễn Đình Chiểu,23/01/2026 11:14,"228,000","32,000",0,0,"48,118",0,"147,882"
1621,23016-394266821,10230814,Cà Phê Muối Chú Long - Võ Văn Kiệt,23/01/2026 11:20,"36,000","14,500",0,0,"5,278",0,"16,222"
1622,23016-394285568,10321523,Cà Phê Muối Chú Long - Thanh Nhàn,23/01/2026 11:30,"58,000","11,000",0,0,"11,539",0,"35,462"
1623,23016-394384088,10225888,Cà Phê Muối Chú Long - Lạc Long Quân,23/01/2026 11:10,"58,000",0,0,0,"14,239",0,"43,761"
1624,23016-394412269,10235659,Cà Phê Muối Chú Long - Nguyễn Hữu Cảnh,23/01/2026 11:22,"145,000","26,000",0,0,"29,215",0,"89,786"
1625,23016-394927069,10219545,Cà Phê Muối Chú Long - Nguyễn Huệ,23/01/2026 11:12,"58,000","11,000",0,0,"11,539",0,"35,462"
1626,23016-395037622,10321523,Cà Phê Muối Chú Long - Thanh Nhàn,23/01/2026 12:15,"102,000","20,000",0,0,"20,131",0,"61,869"
1627,23016-395162017,10381892,Cà Phê Muối Chú Long - Phan Văn Trị,23/01/2026 11:27,"22,000","7,000",0,0,"3,683",0,"11,318"
1628,23016-395688165,10235658,Cà Phê Muối Chú Long - Công Trường Quốc Tế,23/01/2026 11:38,"51,000","11,000",0,0,"9,820",0,"30,180"
1629,23016-395750939,10358016,Cà Phê Muối Chú Long - Bà Triệu,23/01/2026 11:23,"36,000","9,000",0,0,"6,629",0,"20,372"
1630,23016-395785792,10350108,Cà Phê Muối Chú Long - Đường Láng,23/01/2026 11:46,"29,000","14,500",0,0,"3,560",0,"10,940"
1631,23016-395907315,10219545,Cà Phê Muối Chú Long - Nguyễn Huệ,23/01/2026 11:36,"22,000","7,000",0,0,"3,683",0,"11,318"
1632,23016-395913109,10296675,Cà Phê Muối Chú Long - Trương Định,23/01/2026 11:57,"22,000","7,000",0,0,"3,683",0,"11,318"
1633,23016-396061861,10354882,Cà Phê Muối Chú Long - Quảng Ngãi,23/01/2026 11:21,"29,000","7,250",0,0,"5,340",0,"16,410"
1634,23016-396365374,10225895,Cà Phê Muối Chú Long - Cách Mạng Tháng 8,23/01/2026 11:19,"58,000","14,500",0,0,"10,679",0,"32,821"
1635,23016-396946438,10298769,Cà Phê Muối Chú Long - Tôn Đức Thắng,23/01/2026 11:22,"50,000","11,000",0,0,"9,575",0,"29,426"
1636,23016-397101266,10324687,Cà Phê Muối Chú Long - Huỳnh Tấn Phát,23/01/2026 11:21,"29,000",0,0,0,"7,120",0,"21,881"
1637,23016-397605150,10298769,Cà Phê Muối Chú Long - Tôn Đức Thắng,23/01/2026 11:35,"22,000","7,000",0,0,"3,683",0,"11,318"
1638,23016-397608113,10321523,Cà Phê Muối Chú Long - Thanh Nhàn,23/01/2026 11:36,"65,000","11,000",0,0,"13,257",0,"40,743"
1639,23016-398012083,10298769,Cà Phê Muối Chú Long - Tôn Đức Thắng,23/01/2026 12:11,"22,000","7,000",0,0,"3,683",0,"11,318"
1640,23016-398158959,10225898,Cà Phê Muối Chú Long - Nguyễn Đình Chiểu,23/01/2026 11:29,"51,000","11,000",0,0,"9,820",0,"30,180"
1641,23016-398165911,10225898,Cà Phê Muối Chú Long - Nguyễn Đình Chiểu,23/01/2026 12:11,"22,000","7,000",0,0,"3,683",0,"11,318"
1642,23016-398511030,10358037,Cà Phê Muối Chú Long - Hùng Vương,23/01/2026 11:22,"22,000","7,000",0,0,"3,683",0,"11,318"
1643,23016-398697443,10235663,Cà Phê Muối Chú Long - Hà Huy Giáp,23/01/2026 11:14,"66,000","11,000",0,0,"13,503",0,"41,498"
1644,23016-399240976,10298769,Cà Phê Muối Chú Long - Tôn Đức Thắng,23/01/2026 11:30,"29,000",0,0,0,"7,120",0,"21,881"
1645,23016-399264272,10375372,Cà Phê Muối Chú Long - An Dương Vương,23/01/2026 11:39,"230,000",0,0,0,"56,465",0,"173,535"
1646,23016-399304720,10321524,Cà Phê Muối Chú Long - Đội Cấn,23/01/2026 11:44,"58,000","11,000",0,0,"11,539",0,"35,462"
1647,23016-399433563,10235663,Cà Phê Muối Chú Long - Hà Huy Giáp,23/01/2026 11:24,"29,000","7,250",0,0,"5,340",0,"16,410"
1648,23016-399851457,10321523,Cà Phê Muối Chú Long - Thanh Nhàn,23/01/2026 11:31,"29,000",0,0,0,"7,120",0,"21,881"
1649,23016-399879545,10340098,Cà Phê Muối Chú Long - Thuận An,23/01/2026 11:27,"29,000","14,500",0,0,"3,560",0,"10,940"
1650,23016-400058536,10225898,Cà Phê Muối Chú Long - Nguyễn Đình Chiểu,23/01/2026 11:47,"22,000","7,000",0,0,"3,683",0,"11,318"
1651,23016-400393557,10321523,Cà Phê Muối Chú Long - Thanh Nhàn,23/01/2026 12:44,"159,000","26,000",0,0,"32,652",0,"100,349"
1652,23016-400535982,10235659,Cà Phê Muối Chú Long - Nguyễn Hữu Cảnh,23/01/2026 11:24,"30,000","7,000",0,0,"5,647",0,"17,354"
1653,23016-401163963,10287840,Cà Phê Muối Chú Long - Long Xuyên,23/01/2026 11:25,"88,000",0,0,0,"21,604",0,"66,396"
1654,23016-401325806,10386890,Cà Phê Muối Chú Long - Nha Trang,23/01/2026 11:45,"145,000",0,0,0,"35,598",0,"109,403"
1655,23016-401461954,10350108,Cà Phê Muối Chú Long - Đường Láng,23/01/2026 12:00,"29,000","14,500",0,0,"3,560",0,"10,940"
1656,23016-401736182,10298769,Cà Phê Muối Chú Long - Tôn Đức Thắng,23/01/2026 11:36,"88,000","15,000",0,0,"17,922",0,"55,079"
1657,23016-401872833,10321524,Cà Phê Muối Chú Long - Đội Cấn,23/01/2026 11:48,"29,000",0,0,0,"7,120",0,"21,881"
1658,23016-401910292,10230793,Cà Phê Muối Chú Long - Huỳnh Văn Bánh,23/01/2026 11:40,"172,000","26,000",0,0,"35,843",0,"110,157"
1659,23016-401977896,10235658,Cà Phê Muối Chú Long - Công Trường Quốc Tế,23/01/2026 12:01,"54,000","11,000",0,0,"10,557",0,"32,444"
1660,23016-402152607,10219545,Cà Phê Muối Chú Long - Nguyễn Huệ,23/01/2026 11:40,"22,000","7,000",0,0,"3,683",0,"11,318"
1661,23016-402376200,10230793,Cà Phê Muối Chú Long - Huỳnh Văn Bánh,23/01/2026 12:08,"29,000",0,0,0,"7,120",0,"21,881"
1662,23016-402818179,10298824,Cà Phê Muối Chú Long - Hoàng Diệu,23/01/2026 11:25,"25,000","10,000",0,0,"3,683",0,"11,318"
1663,23016-403023930,10219545,Cà Phê Muối Chú Long - Nguyễn Huệ,23/01/2026 11:31,"22,000","7,000",0,0,"3,683",0,"11,318"
1664,23016-403260046,10298769,Cà Phê Muối Chú Long - Tôn Đức Thắng,23/01/2026 11:47,"29,000",0,0,0,"7,120",0,"21,881"
1665,23016-403444212,10230793,Cà Phê Muối Chú Long - Huỳnh Văn Bánh,23/01/2026 11:39,"44,000","14,000",0,0,"7,365",0,"22,635"
1666,23016-404882229,10296675,Cà Phê Muối Chú Long - Trương Định,23/01/2026 11:50,"22,000","5,000",0,0,"4,174",0,"12,827"
1667,23016-404973199,10232123,Cà Phê Muối Chú Long - 17A Ngô Tất Tố,23/01/2026 11:57,"58,000","11,000",0,0,"11,539",0,"35,462"
1668,23016-404988942,10296675,Cà Phê Muối Chú Long - Trương Định,23/01/2026 12:09,"29,000",0,0,0,"7,120",0,"21,881"
1669,23016-405115289,10230793,Cà Phê Muối Chú Long - Huỳnh Văn Bánh,23/01/2026 11:54,"44,000","5,000",0,0,"9,575",0,"29,426"
1670,23016-405510058,10350108,Cà Phê Muối Chú Long - Đường Láng,23/01/2026 12:17,"29,000","14,500",0,0,"3,560",0,"10,940"
1671,23016-405572888,10296675,Cà Phê Muối Chú Long - Trương Định,23/01/2026 12:06,"91,000","15,000",0,0,"18,658",0,"57,342"
1672,23016-405660008,10381892,Cà Phê Muối Chú Long - Phan Văn Trị,23/01/2026 11:28,"51,000",0,0,0,"12,521",0,"38,480"
1673,23016-405802050,10269971,Cà Phê Muối Chú Long - Cần Thơ,23/01/2026 11:50,"37,000","7,000",0,0,"7,365",0,"22,635"
1674,23016-405966635,10225898,Cà Phê Muối Chú Long - Nguyễn Đình Chiểu,23/01/2026 12:03,"87,000",0,0,0,"21,359",0,"65,642"
1675,23016-406305460,10225902,Cà Phê Muối Chú Long - Hậu Giang,23/01/2026 11:26,"102,000","20,000",0,0,"20,131",0,"61,869"
1676,23016-406693639,10350108,Cà Phê Muối Chú Long - Đường Láng,23/01/2026 12:11,"22,000","7,000",0,0,"3,683",0,"11,318"
1677,23016-406752898,10350108,Cà Phê Muối Chú Long - Đường Láng,23/01/2026 12:00,"58,000","11,000",0,0,"11,539",0,"35,462"
1678,23016-406932910,10230171,Cà Phê Muối Chú Long - Bình Long,23/01/2026 11:39,"29,000","14,500",0,0,"3,560",0,"10,940"
1679,23016-407208540,10235658,Cà Phê Muối Chú Long - Công Trường Quốc Tế,23/01/2026 13:23,"29,000","14,500",0,0,"3,560",0,"10,940"
1680,23016-407275298,10350108,Cà Phê Muối Chú Long - Đường Láng,23/01/2026 11:47,"44,000","14,000",0,0,"7,365",0,"22,635"
1681,23016-407531107,10230814,Cà Phê Muối Chú Long - Võ Văn Kiệt,23/01/2026 11:41,"29,000","5,000",0,0,"5,892",0,"18,108"
1682,23016-407609633,10235658,Cà Phê Muối Chú Long - Công Trường Quốc Tế,23/01/2026 11:47,"73,000","15,000",0,0,"14,239",0,"43,761"
1683,23016-407692507,10230814,Cà Phê Muối Chú Long - Võ Văn Kiệt,23/01/2026 11:59,"58,000","11,000",0,0,"11,539",0,"35,462"
1684,23016-408240064,10225902,Cà Phê Muối Chú Long - Hậu Giang,23/01/2026 11:39,"58,000",0,0,0,"14,239",0,"43,761"
1685,23016-408346777,10340098,Cà Phê Muối Chú Long - Thuận An,23/01/2026 11:49,"29,000",0,0,0,"7,120",0,"21,881"
1686,23016-408428912,10225895,Cà Phê Muối Chú Long - Cách Mạng Tháng 8,23/01/2026 11:47,"83,000","15,000",0,0,"16,694",0,"51,306"
1687,23016-408433053,10330437,Cà Phê Muối Chú Long - Trần Hưng Đạo,23/01/2026 11:35,"51,000","10,000",0,0,"10,066",0,"30,935"
1688,23016-408470021,10321524,Cà Phê Muối Chú Long - Đội Cấn,23/01/2026 11:54,"58,000","11,000",0,0,"11,539",0,"35,462"
1689,23016-408501249,10230793,Cà Phê Muối Chú Long - Huỳnh Văn Bánh,23/01/2026 11:42,"58,000",0,0,0,"14,239",0,"43,761"
1690,23016-408800272,10235658,Cà Phê Muối Chú Long - Công Trường Quốc Tế,23/01/2026 11:34,"58,000","11,000",0,0,"11,539",0,"35,462"
1691,23016-409209325,10350108,Cà Phê Muối Chú Long - Đường Láng,23/01/2026 12:32,"29,000",0,0,0,"7,120",0,"21,881"
1692,23016-409335741,10284115,Cà Phê Muối Chú Long - Kha Vạn Cân,23/01/2026 11:37,"44,000",0,0,0,"10,802",0,"33,198"
1693,23016-409545268,10350108,Cà Phê Muối Chú Long - Đường Láng,23/01/2026 12:21,"51,000","11,000",0,0,"9,820",0,"30,180"
1694,23016-409550693,10292015,Cà Phê Muối Chú Long - Long An,23/01/2026 11:28,"29,000",0,0,0,"7,120",0,"21,881"
1695,23016-409757854,10235663,Cà Phê Muối Chú Long - Hà Huy Giáp,23/01/2026 11:54,"44,000","10,000",0,0,"8,347",0,"25,653"
1696,23016-409937670,10235658,Cà Phê Muối Chú Long - Công Trường Quốc Tế,23/01/2026 11:53,"29,000","14,500",0,0,"3,560",0,"10,940"
1697,23016-410340642,10230814,Cà Phê Muối Chú Long - Võ Văn Kiệt,23/01/2026 11:52,"61,000","11,000",0,0,"12,275",0,"37,725"
1698,23016-410550401,10350108,Cà Phê Muối Chú Long - Đường Láng,23/01/2026 11:52,"44,000","14,000",0,0,"7,365",0,"22,635"
1699,23016-410986866,10235663,Cà Phê Muối Chú Long - Hà Huy Giáp,23/01/2026 11:49,"22,000","7,000",0,0,"3,683",0,"11,318"
1700,23016-411011840,10350108,Cà Phê Muối Chú Long - Đường Láng,23/01/2026 12:38,"65,000","11,000",0,0,"13,257",0,"40,743"
1701,23016-411208700,10350108,Cà Phê Muối Chú Long - Đường Láng,23/01/2026 12:29,"22,000","7,000",0,0,"3,683",0,"11,318"
1702,23016-411399792,10225888,Cà Phê Muối Chú Long - Lạc Long Quân,23/01/2026 11:37,"29,000",0,0,0,"7,120",0,"21,881"
1703,23016-411720619,10235658,Cà Phê Muối Chú Long - Công Trường Quốc Tế,23/01/2026 11:57,"58,000","11,000",0,0,"11,539",0,"35,462"
1704,23016-411958812,10216423,Cà Phê Muối Chú Long - 417 Cộng Hoà,23/01/2026 12:03,"83,000",0,0,0,"20,377",0,"62,624"
1705,23016-412060874,10230171,Cà Phê Muối Chú Long - Bình Long,23/01/2026 11:47,"22,000","7,000",0,0,"3,683",0,"11,318"
1706,23016-412333146,10235659,Cà Phê Muối Chú Long - Nguyễn Hữu Cảnh,23/01/2026 11:35,"51,000","11,000",0,0,"9,820",0,"30,180"
1707,23016-412639846,10386890,Cà Phê Muối Chú Long - Nha Trang,23/01/2026 12:06,"67,000",0,0,0,"16,449",0,"50,552"
1708,23016-412864023,10321523,Cà Phê Muối Chú Long - Thanh Nhàn,23/01/2026 11:49,"51,000","11,000",0,0,"9,820",0,"30,180"
1709,23016-413388775,10287867,Cà Phê Muối Chú Long - Classic,23/01/2026 11:57,"30,000","15,000",0,0,"3,683",0,"11,318"
1710,23016-413698055,10235663,Cà Phê Muối Chú Long - Hà Huy Giáp,23/01/2026 12:09,"58,000","10,000",0,0,"11,784",0,"36,216"
1711,23016-413787530,10321524,Cà Phê Muối Chú Long - Đội Cấn,23/01/2026 11:41,"29,000","14,500",0,0,"3,560",0,"10,940"
1712,23016-414326763,10235663,Cà Phê Muối Chú Long - Hà Huy Giáp,23/01/2026 11:47,"135,000","20,000",0,0,"28,233",0,"86,768"
1713,23016-414965698,10232123,Cà Phê Muối Chú Long - 17A Ngô Tất Tố,23/01/2026 12:19,"22,000","7,000",0,0,"3,683",0,"11,318"
1714,23016-415025478,10232123,Cà Phê Muối Chú Long - 17A Ngô Tất Tố,23/01/2026 12:00,"87,000","15,000",0,0,"17,676",0,"54,324"
1715,23016-415043255,10233716,Cà Phê Muối Chú Long - 130 Thích Quảng Đức,23/01/2026 11:54,"58,000","11,000",0,0,"11,539",0,"35,462"
1716,23016-415069065,10326235,Cà Phê Muối Chú Long - Cà Mau,23/01/2026 11:39,"36,000","9,000",0,0,"6,629",0,"20,372"
1717,23016-415149876,10230793,Cà Phê Muối Chú Long - Huỳnh Văn Bánh,23/01/2026 11:54,"29,000",0,0,0,"7,120",0,"21,881"
1718,23016-415705963,10235658,Cà Phê Muối Chú Long - Công Trường Quốc Tế,23/01/2026 11:45,"112,000","20,000",0,0,"22,586",0,"69,414"
1719,23016-415747101,10219545,Cà Phê Muối Chú Long - Nguyễn Huệ,23/01/2026 11:50,"22,000","7,000",0,0,"3,683",0,"11,318"
1720,23016-416242359,10235659,Cà Phê Muối Chú Long - Nguyễn Hữu Cảnh,23/01/2026 11:43,"51,000","11,000",0,0,"9,820",0,"30,180"
1721,23016-416291318,10321523,Cà Phê Muối Chú Long - Thanh Nhàn,23/01/2026 12:23,"108,000","20,000",0,0,"21,604",0,"66,396"
1722,23016-416366009,10313967,Cà Phê Muối Chú Long - Tiền Giang,23/01/2026 11:38,"204,000","32,000",0,0,"42,226",0,"129,774"
1723,23016-416465405,10287840,Cà Phê Muối Chú Long - Long Xuyên,23/01/2026 11:45,"22,000","7,000",0,0,"3,683",0,"11,318"
1724,23016-416467972,10216423,Cà Phê Muối Chú Long - 417 Cộng Hoà,23/01/2026 11:49,"29,000",0,0,0,"7,120",0,"21,881"
1725,23016-416539864,10230171,Cà Phê Muối Chú Long - Bình Long,23/01/2026 11:46,"51,000","11,000",0,0,"9,820",0,"30,180"
1726,23016-416547091,10292422,Cà Phê Muối Chú Long - Phan Thiết,23/01/2026 11:50,"25,000","10,000",0,0,"3,683",0,"11,318"
1727,23016-416552959,10225888,Cà Phê Muối Chú Long - Lạc Long Quân,23/01/2026 11:45,"87,000","15,000",0,0,"17,676",0,"54,324"
1728,23016-416562100,10235659,Cà Phê Muối Chú Long - Nguyễn Hữu Cảnh,23/01/2026 12:05,"22,000","7,000",0,0,"3,683",0,"11,318"
1729,23016-416627299,10321523,Cà Phê Muối Chú Long - Thanh Nhàn,23/01/2026 12:21,"58,000","11,000",0,0,"11,539",0,"35,462"
1730,23016-416733451,10375372,Cà Phê Muối Chú Long - An Dương Vương,23/01/2026 12:05,"58,000",0,0,0,"14,239",0,"43,761"
1731,23016-417145230,10269971,Cà Phê Muối Chú Long - Cần Thơ,23/01/2026 12:02,"22,000","7,000",0,0,"3,683",0,"11,318"
1732,23016-417181052,10230814,Cà Phê Muối Chú Long - Võ Văn Kiệt,23/01/2026 11:56,"65,000","11,000",0,0,"13,257",0,"40,743"
1733,23016-417249755,10225898,Cà Phê Muối Chú Long - Nguyễn Đình Chiểu,23/01/2026 11:52,"29,000","14,500",0,0,"3,560",0,"10,940"
1734,23016-418632515,10269971,Cà Phê Muối Chú Long - Cần Thơ,23/01/2026 12:00,"44,000","14,000",0,0,"7,365",0,"22,635"
1735,23016-418676952,10298769,Cà Phê Muối Chú Long - Tôn Đức Thắng,23/01/2026 12:08,"108,000","20,000",0,0,"21,604",0,"66,396"
1736,23016-419259933,10321523,Cà Phê Muối Chú Long - Thanh Nhàn,23/01/2026 12:02,"36,000","5,000",0,0,"7,611",0,"23,390"
1737,23016-419397465,10321524,Cà Phê Muối Chú Long - Đội Cấn,23/01/2026 12:29,"29,000",0,0,0,"7,120",0,"21,881"
1738,23016-419934851,10298769,Cà Phê Muối Chú Long - Tôn Đức Thắng,23/01/2026 12:34,"29,000",0,0,0,"7,120",0,"21,881"
1739,23016-420057085,10298769,Cà Phê Muối Chú Long - Tôn Đức Thắng,23/01/2026 12:25,"29,000",0,0,0,"7,120",0,"21,881"
1740,23016-420092512,10235658,Cà Phê Muối Chú Long - Công Trường Quốc Tế,23/01/2026 12:04,"69,000","11,000",0,0,"14,239",0,"43,761"
1741,23016-420340591,10225898,Cà Phê Muối Chú Long - Nguyễn Đình Chiểu,23/01/2026 11:58,"101,000","20,000",0,0,"19,886",0,"61,115"
1742,23016-420401021,10340098,Cà Phê Muối Chú Long - Thuận An,23/01/2026 12:02,"58,000","11,000",0,0,"11,539",0,"35,462"
1743,23016-420465819,10321523,Cà Phê Muối Chú Long - Thanh Nhàn,23/01/2026 12:22,"72,000","15,000",0,0,"13,994",0,"43,007"
1744,23016-420479746,10225871,Cà Phê Muối Chú Long - Đặng Nguyên Cẩn,23/01/2026 11:52,"90,000","15,000",0,0,"18,413",0,"56,588"
1745,23016-420509287,10233716,Cà Phê Muối Chú Long - 130 Thích Quảng Đức,23/01/2026 11:56,"25,000","5,000",0,0,"4,910",0,"15,090"
1746,23016-420889285,10298769,Cà Phê Muối Chú Long - Tôn Đức Thắng,23/01/2026 12:37,"51,000","11,000",0,0,"9,820",0,"30,180"
1747,23016-421094454,10321523,Cà Phê Muối Chú Long - Thanh Nhàn,23/01/2026 12:37,"29,000",0,0,0,"7,120",0,"21,881"
1748,23016-421132829,10350108,Cà Phê Muối Chú Long - Đường Láng,23/01/2026 12:46,"44,000","14,000",0,0,"7,365",0,"22,635"
1749,23016-421292190,10321523,Cà Phê Muối Chú Long - Thanh Nhàn,23/01/2026 12:38,"62,000","11,000",0,0,"12,521",0,"38,480"
1750,23016-421390546,10350108,Cà Phê Muối Chú Long - Đường Láng,23/01/2026 12:32,"109,000","20,000",0,0,"21,850",0,"67,151"
1751,23016-421409690,10216423,Cà Phê Muối Chú Long - 417 Cộng Hoà,23/01/2026 12:14,"50,000","20,000",0,0,"7,365",0,"22,635"
1752,23016-421466804,10381892,Cà Phê Muối Chú Long - Phan Văn Trị,23/01/2026 12:06,"22,000","7,000",0,0,"3,683",0,"11,318"
1753,23016-421576124,10235663,Cà Phê Muối Chú Long - Hà Huy Giáp,23/01/2026 12:04,"22,000",0,0,0,"5,401",0,"16,599"
1754,23016-421606707,10323120,Cà Phê Muối Chú Long - Đồng Xoài,23/01/2026 12:20,"58,000","11,000",0,0,"11,539",0,"35,462"
1755,23016-422119816,10321524,Cà Phê Muối Chú Long - Đội Cấn,23/01/2026 12:17,"133,000","20,000",0,0,"27,742",0,"85,259"
1756,23016-422215195,10225888,Cà Phê Muối Chú Long - Lạc Long Quân,23/01/2026 12:17,"149,000","26,000",0,0,"30,197",0,"92,804"
1757,23016-422233847,10230814,Cà Phê Muối Chú Long - Võ Văn Kiệt,23/01/2026 12:21,"29,000","14,500",0,0,"3,560",0,"10,940"
1758,23016-422564074,10230793,Cà Phê Muối Chú Long - Huỳnh Văn Bánh,23/01/2026 12:18,"22,000","7,000",0,0,"3,683",0,"11,318"
1759,23016-422681073,10225888,Cà Phê Muối Chú Long - Lạc Long Quân,23/01/2026 11:58,"180,000","26,000",0,0,"37,807",0,"116,193"
1760,23016-423231035,10235658,Cà Phê Muối Chú Long - Công Trường Quốc Tế,23/01/2026 12:30,"22,000","7,000",0,0,"3,683",0,"11,318"
1761,23016-423264862,10230793,Cà Phê Muối Chú Long - Huỳnh Văn Bánh,23/01/2026 12:03,"22,000","7,000",0,0,"3,683",0,"11,318"
1762,23016-423730394,10330437,Cà Phê Muối Chú Long - Trần Hưng Đạo,23/01/2026 13:03,"66,000","11,000",0,0,"13,503",0,"41,498"
1763,23016-423968437,10216423,Cà Phê Muối Chú Long - 417 Cộng Hoà,23/01/2026 12:31,"83,000","15,000",0,0,"16,694",0,"51,306"
1764,23016-424660295,10230793,Cà Phê Muối Chú Long - Huỳnh Văn Bánh,23/01/2026 12:13,"44,000","14,000",0,0,"7,365",0,"22,635"
1765,23016-425491383,10225895,Cà Phê Muối Chú Long - Cách Mạng Tháng 8,23/01/2026 12:18,"29,000","5,000",0,0,"5,892",0,"18,108"
1766,23016-425521180,10381983,Cà Phê Muối Chú Long - Bạch Đằng,23/01/2026 12:08,"22,000","7,000",0,0,"3,683",0,"11,318"
1767,23016-425801142,10292422,Cà Phê Muối Chú Long - Phan Thiết,23/01/2026 11:58,"44,000","10,000",0,0,"8,347",0,"25,653"
1768,23016-425808016,10230814,Cà Phê Muối Chú Long - Võ Văn Kiệt,23/01/2026 12:26,"113,000","20,000",0,0,"22,832",0,"70,169"
1769,23016-425958694,10230171,Cà Phê Muối Chú Long - Bình Long,23/01/2026 12:09,"111,000","20,000",0,0,"22,341",0,"68,660"
1770,23016-426044411,10235663,Cà Phê Muối Chú Long - Hà Huy Giáp,23/01/2026 12:29,"135,000","20,000",0,0,"28,233",0,"86,768"
1771,23016-426314459,10284115,Cà Phê Muối Chú Long - Kha Vạn Cân,23/01/2026 12:10,"228,000","32,000",0,0,"48,118",0,"147,882"
1772,23016-426850517,10354891,Cà Phê Muối Chú Long - Trà Vinh,23/01/2026 12:02,"22,000","7,000",0,0,"3,683",0,"11,318"
1773,23016-427056614,10375372,Cà Phê Muối Chú Long - An Dương Vương,23/01/2026 11:59,"22,000",0,0,0,"5,401",0,"16,599"
1774,23016-427260561,10350108,Cà Phê Muối Chú Long - Đường Láng,23/01/2026 12:18,"65,000","11,000",0,0,"13,257",0,"40,743"
1775,23016-427513780,10230793,Cà Phê Muối Chú Long - Huỳnh Văn Bánh,23/01/2026 12:17,"108,000","20,000",0,0,"21,604",0,"66,396"
1776,23016-427876779,10219545,Cà Phê Muối Chú Long - Nguyễn Huệ,23/01/2026 12:05,"29,000",0,0,0,"7,120",0,"21,881"
1777,23016-427891717,10350108,Cà Phê Muối Chú Long - Đường Láng,23/01/2026 12:33,"87,000","15,000",0,0,"17,676",0,"54,324"
1778,23016-428661693,10225902,Cà Phê Muối Chú Long - Hậu Giang,23/01/2026 12:03,"37,000",0,0,0,"9,084",0,"27,917"
1779,23016-428909683,10321524,Cà Phê Muối Chú Long - Đội Cấn,23/01/2026 12:33,"29,000","14,500",0,0,"3,560",0,"10,940"
1780,23016-429163038,10321523,Cà Phê Muối Chú Long - Thanh Nhàn,23/01/2026 12:32,"60,000","14,000",0,0,"11,293",0,"34,707"
1781,23016-429380658,10381983,Cà Phê Muối Chú Long - Bạch Đằng,23/01/2026 12:02,"29,000","14,500",0,0,"3,560",0,"10,940"
1782,23016-430087740,10235659,Cà Phê Muối Chú Long - Nguyễn Hữu Cảnh,23/01/2026 12:18,"29,000","14,500",0,0,"3,560",0,"10,940"
1783,23016-430192119,10298769,Cà Phê Muối Chú Long - Tôn Đức Thắng,23/01/2026 12:37,"58,000","11,000",0,0,"11,539",0,"35,462"
1784,23016-430449812,10296675,Cà Phê Muối Chú Long - Trương Định,23/01/2026 12:29,"44,000","14,000",0,0,"7,365",0,"22,635"
1785,23016-430554782,10350108,Cà Phê Muối Chú Long - Đường Láng,23/01/2026 13:05,"58,000","29,000",0,0,"7,120",0,"21,881"
1786,23016-430818324,10381892,Cà Phê Muối Chú Long - Phan Văn Trị,23/01/2026 12:33,"29,000",0,0,0,"7,120",0,"21,881"
1787,23016-430888670,10232123,Cà Phê Muối Chú Long - 17A Ngô Tất Tố,23/01/2026 13:58,"262,000","45,000",0,0,"53,274",0,"163,727"
1788,23016-430964729,10284115,Cà Phê Muối Chú Long - Kha Vạn Cân,23/01/2026 12:09,"29,000","14,500",0,0,"3,560",0,"10,940"
1789,23016-431153922,10381892,Cà Phê Muối Chú Long - Phan Văn Trị,23/01/2026 12:08,"44,000",0,0,0,"10,802",0,"33,198"
1790,23016-431277908,10225902,Cà Phê Muối Chú Long - Hậu Giang,23/01/2026 12:13,"29,000","5,000",0,0,"5,892",0,"18,108"
1791,23016-431778862,10321437,Cà Phê Muối Chú Long - Tây Ninh,23/01/2026 12:35,"170,000",0,0,0,"41,735",0,"128,265"
1792,23016-431787644,10299524,Cà Phê Muối Chú Long - Lê Duẩn,23/01/2026 12:17,"25,000","10,000",0,0,"3,683",0,"11,318"
1793,23016-432178456,10296675,Cà Phê Muối Chú Long - Trương Định,23/01/2026 12:56,"216,000","32,000",0,0,"45,172",0,"138,828"
1794,23016-432252368,10292422,Cà Phê Muối Chú Long - Phan Thiết,23/01/2026 12:17,"76,000","11,000",0,0,"15,958",0,"49,043"
1795,23016-432367746,10381892,Cà Phê Muối Chú Long - Phan Văn Trị,23/01/2026 12:32,"58,000",0,0,0,"14,239",0,"43,761"
1796,23016-432509336,10358016,Cà Phê Muối Chú Long - Bà Triệu,23/01/2026 12:24,"29,000","7,250",0,0,"5,340",0,"16,410"
1797,23016-432516058,10225871,Cà Phê Muối Chú Long - Đặng Nguyên Cẩn,23/01/2026 12:21,"102,000","15,000",0,0,"21,359",0,"65,642"
1798,23016-432767709,10321523,Cà Phê Muối Chú Long - Thanh Nhàn,23/01/2026 12:13,"87,000",0,0,0,"21,359",0,"65,642"
1799,23016-432813734,10285817,Cà Phê Muối Chú Long - 1349 Cách Mạng Tháng 8,23/01/2026 12:14,"29,000",0,0,0,"7,120",0,"21,881"
1800,23016-432992143,10225898,Cà Phê Muối Chú Long - Nguyễn Đình Chiểu,23/01/2026 12:51,"54,000","11,000",0,0,"10,557",0,"32,444"
1801,23016-433095084,10321523,Cà Phê Muối Chú Long - Thanh Nhàn,23/01/2026 13:02,"69,000","11,000",0,0,"14,239",0,"43,761"
1802,23016-433146461,10230793,Cà Phê Muối Chú Long - Huỳnh Văn Bánh,23/01/2026 12:35,"54,000","11,000",0,0,"10,557",0,"32,444"
1803,23016-433294912,10354891,Cà Phê Muối Chú Long - Trà Vinh,23/01/2026 12:25,"29,000","7,250",0,0,"5,340",0,"16,410"
1804,23016-433868274,10298769,Cà Phê Muối Chú Long - Tôn Đức Thắng,23/01/2026 12:32,"61,000","11,000",0,0,"12,275",0,"37,725"
1805,23016-434100756,10230793,Cà Phê Muối Chú Long - Huỳnh Văn Bánh,23/01/2026 12:36,"58,000",0,0,0,"14,239",0,"43,761"
1806,23016-434120421,10321524,Cà Phê Muối Chú Long - Đội Cấn,23/01/2026 12:34,"44,000","14,000",0,0,"7,365",0,"22,635"
1807,23016-434528586,10324687,Cà Phê Muối Chú Long - Huỳnh Tấn Phát,23/01/2026 12:22,"22,000","7,000",0,0,"3,683",0,"11,318"
1808,23016-434583968,10235659,Cà Phê Muối Chú Long - Nguyễn Hữu Cảnh,23/01/2026 12:19,"22,000","7,000",0,0,"3,683",0,"11,318"
1809,23016-434611822,10298769,Cà Phê Muối Chú Long - Tôn Đức Thắng,23/01/2026 12:44,"145,000","26,000",0,0,"29,215",0,"89,786"
1810,23016-434846248,10298769,Cà Phê Muối Chú Long - Tôn Đức Thắng,23/01/2026 12:36,"54,000","11,000",0,0,"10,557",0,"32,444"
1811,23016-435071500,10216423,Cà Phê Muối Chú Long - 417 Cộng Hoà,23/01/2026 12:34,"44,000","5,000",0,0,"9,575",0,"29,426"
1812,23016-435071840,10375372,Cà Phê Muối Chú Long - An Dương Vương,23/01/2026 12:15,"66,000",0,0,0,"16,203",0,"49,797"
1813,23016-435169663,10296675,Cà Phê Muối Chú Long - Trương Định,23/01/2026 12:44,"22,000","7,000",0,0,"3,683",0,"11,318"
1814,23016-435221997,10230793,Cà Phê Muối Chú Long - Huỳnh Văn Bánh,23/01/2026 12:25,"22,000","7,000",0,0,"3,683",0,"11,318"
1815,23016-435574610,10230171,Cà Phê Muối Chú Long - Bình Long,23/01/2026 12:19,"29,000",0,0,0,"7,120",0,"21,881"
1816,23016-435587755,10321524,Cà Phê Muối Chú Long - Đội Cấn,23/01/2026 12:18,"54,000","11,000",0,0,"10,557",0,"32,444"
1817,23016-435726103,10350108,Cà Phê Muối Chú Long - Đường Láng,23/01/2026 12:46,"65,000","11,000",0,0,"13,257",0,"40,743"
1818,23016-435919012,10232123,Cà Phê Muối Chú Long - 17A Ngô Tất Tố,23/01/2026 12:24,"29,000",0,0,0,"7,120",0,"21,881"
1819,23016-436015844,10225902,Cà Phê Muối Chú Long - Hậu Giang,23/01/2026 12:26,"66,000","11,000",0,0,"13,503",0,"41,498"
1820,23016-436140592,10292422,Cà Phê Muối Chú Long - Phan Thiết,23/01/2026 12:27,"29,000","7,250",0,0,"5,340",0,"16,410"
1821,23016-436401030,10235663,Cà Phê Muối Chú Long - Hà Huy Giáp,23/01/2026 12:21,"101,000","20,000",0,0,"19,886",0,"61,115"
1822,23016-436612627,10233716,Cà Phê Muối Chú Long - 130 Thích Quảng Đức,23/01/2026 12:23,"29,000","5,000",0,0,"5,892",0,"18,108"
1823,23016-436752776,10230814,Cà Phê Muối Chú Long - Võ Văn Kiệt,23/01/2026 12:35,"29,000",0,0,0,"7,120",0,"21,881"
1824,23016-436902650,10280033,Cà Phê Muối Chú Long - Bà Rịa,23/01/2026 12:26,"58,000","11,000",0,0,"11,539",0,"35,462"
1825,23016-436945147,10298824,Cà Phê Muối Chú Long - Hoàng Diệu,23/01/2026 12:33,"72,000","11,000",0,0,"14,976",0,"46,025"
1826,23016-437147146,10321523,Cà Phê Muối Chú Long - Thanh Nhàn,23/01/2026 12:43,"58,000","29,000",0,0,"7,120",0,"21,881"
1827,23016-437171694,10232123,Cà Phê Muối Chú Long - 17A Ngô Tất Tố,23/01/2026 12:34,"22,000","7,000",0,0,"3,683",0,"11,318"
1828,23016-437372150,10225902,Cà Phê Muối Chú Long - Hậu Giang,23/01/2026 12:39,"116,000","20,000",0,0,"23,568",0,"72,432"
1829,23016-438027477,10386890,Cà Phê Muối Chú Long - Nha Trang,23/01/2026 12:34,"87,000",0,0,0,"21,359",0,"65,642"
1830,23016-438884022,10321523,Cà Phê Muối Chú Long - Thanh Nhàn,23/01/2026 12:17,"58,000","29,000",0,0,"7,120",0,"21,881"
1831,23016-438946727,10386890,Cà Phê Muối Chú Long - Nha Trang,23/01/2026 12:21,"44,000",0,0,0,"10,802",0,"33,198"
1832,23016-438976200,10326235,Cà Phê Muối Chú Long - Cà Mau,23/01/2026 12:20,"58,000","11,000",0,0,"11,539",0,"35,462"
1833,23016-439443049,10219545,Cà Phê Muối Chú Long - Nguyễn Huệ,23/01/2026 12:19,"116,000","15,000",0,0,"24,796",0,"76,205"
1834,23016-439460645,10326235,Cà Phê Muối Chú Long - Cà Mau,23/01/2026 12:16,"130,000","20,000",0,0,"27,005",0,"82,995"
1835,23016-439609369,10315543,Cà Phê Muối Chú Long - Bến Tre,23/01/2026 12:24,"58,000","11,000",0,0,"11,539",0,"35,462"
1836,23016-439774491,10235658,Cà Phê Muối Chú Long - Công Trường Quốc Tế,23/01/2026 12:27,"29,000",0,0,0,"7,120",0,"21,881"
1837,23016-439869868,10296675,Cà Phê Muối Chú Long - Trương Định,23/01/2026 13:24,"58,000","11,000",0,0,"11,539",0,"35,462"
1838,23016-439987622,10350108,Cà Phê Muối Chú Long - Đường Láng,23/01/2026 13:01,"99,000","15,000",0,0,"20,622",0,"63,378"
1839,23016-440213691,10298769,Cà Phê Muối Chú Long - Tôn Đức Thắng,23/01/2026 12:33,"58,000","11,000",0,0,"11,539",0,"35,462"
1840,23016-440242035,10321524,Cà Phê Muối Chú Long - Đội Cấn,23/01/2026 12:47,"73,000","15,000",0,0,"14,239",0,"43,761"
1841,23016-440468282,10381892,Cà Phê Muối Chú Long - Phan Văn Trị,23/01/2026 12:46,"29,000","14,500",0,0,"3,560",0,"10,940"
1842,23016-441002188,10230793,Cà Phê Muối Chú Long - Huỳnh Văn Bánh,23/01/2026 12:45,"22,000",0,0,0,"5,401",0,"16,599"
1843,23016-441120681,10350108,Cà Phê Muối Chú Long - Đường Láng,23/01/2026 14:06,"98,000","15,000",0,0,"20,377",0,"62,624"
1844,23016-441267067,10321524,Cà Phê Muối Chú Long - Đội Cấn,23/01/2026 13:19,"58,000","11,000",0,0,"11,539",0,"35,462"
1845,23016-441307417,10296675,Cà Phê Muối Chú Long - Trương Định,23/01/2026 13:13,"29,000",0,0,0,"7,120",0,"21,881"
1846,23016-441410304,10375372,Cà Phê Muối Chú Long - An Dương Vương,23/01/2026 12:52,"22,000","7,000",0,0,"3,683",0,"11,318"
1847,23016-441559473,10235663,Cà Phê Muối Chú Long - Hà Huy Giáp,23/01/2026 12:44,"29,000","7,250",0,0,"5,340",0,"16,410"
1848,23016-441682106,10216423,Cà Phê Muối Chú Long - 417 Cộng Hoà,23/01/2026 12:37,"36,000",0,0,0,"8,838",0,"27,162"
1849,23016-441748678,10269971,Cà Phê Muối Chú Long - Cần Thơ,23/01/2026 12:38,"58,000","10,000",0,0,"11,784",0,"36,216"
1850,23016-441832385,10350108,Cà Phê Muối Chú Long - Đường Láng,23/01/2026 12:50,"22,000","7,000",0,0,"3,683",0,"11,318"
1851,23016-442179649,10230171,Cà Phê Muối Chú Long - Bình Long,23/01/2026 12:32,"22,000","7,000",0,0,"3,683",0,"11,318"
1852,23016-442261137,10321523,Cà Phê Muối Chú Long - Thanh Nhàn,23/01/2026 12:28,"22,000",0,0,0,"5,401",0,"16,599"
1853,23016-442410198,10313967,Cà Phê Muối Chú Long - Tiền Giang,23/01/2026 12:27,"51,000","11,000",0,0,"9,820",0,"30,180"
1854,23016-442680252,10323120,Cà Phê Muối Chú Long - Đồng Xoài,23/01/2026 12:25,"58,000","10,000",0,0,"11,784",0,"36,216"
1855,23016-442703320,10225902,Cà Phê Muối Chú Long - Hậu Giang,23/01/2026 12:49,"260,000","45,000",0,0,"52,783",0,"162,218"
1856,23016-442746046,10235658,Cà Phê Muối Chú Long - Công Trường Quốc Tế,23/01/2026 12:39,"29,000",0,0,0,"7,120",0,"21,881"
1857,23016-442915237,10350108,Cà Phê Muối Chú Long - Đường Láng,23/01/2026 13:00,"73,000","15,000",0,0,"14,239",0,"43,761"
1858,23016-443089725,10298769,Cà Phê Muối Chú Long - Tôn Đức Thắng,23/01/2026 12:50,"97,000","15,000",0,0,"20,131",0,"61,869"
1859,23016-444320261,10350108,Cà Phê Muối Chú Long - Đường Láng,23/01/2026 13:30,"54,000","11,000",0,0,"10,557",0,"32,444"
1860,23016-444833754,10216423,Cà Phê Muối Chú Long - 417 Cộng Hoà,23/01/2026 12:48,"87,000","15,000",0,0,"17,676",0,"54,324"
1861,23016-444974763,10296675,Cà Phê Muối Chú Long - Trương Định,23/01/2026 12:39,"44,000",0,0,0,"10,802",0,"33,198"
1862,23016-445088503,10321524,Cà Phê Muối Chú Long - Đội Cấn,23/01/2026 12:46,"69,000","11,000",0,0,"14,239",0,"43,761"
1863,23016-445541632,10350108,Cà Phê Muối Chú Long - Đường Láng,23/01/2026 13:03,"29,000",0,0,0,"7,120",0,"21,881"
1864,23016-445609432,10219545,Cà Phê Muối Chú Long - Nguyễn Huệ,23/01/2026 12:39,"22,000","7,000",0,0,"3,683",0,"11,318"
1865,23016-446283582,10350108,Cà Phê Muối Chú Long - Đường Láng,23/01/2026 13:05,"54,000","11,000",0,0,"10,557",0,"32,444"
1866,23016-446329064,10230171,Cà Phê Muối Chú Long - Bình Long,23/01/2026 12:33,"29,000",0,0,0,"7,120",0,"21,881"
1867,23016-446370320,10232123,Cà Phê Muối Chú Long - 17A Ngô Tất Tố,23/01/2026 12:42,"58,000","11,000",0,0,"11,539",0,"35,462"
1868,23016-446468939,10321524,Cà Phê Muối Chú Long - Đội Cấn,23/01/2026 13:03,"123,000","17,500",0,0,"25,900",0,"79,600"
1869,23016-446976529,10321524,Cà Phê Muối Chú Long - Đội Cấn,23/01/2026 12:51,"22,000","7,000",0,0,"3,683",0,"11,318"
1870,23016-447353475,10225898,Cà Phê Muối Chú Long - Nguyễn Đình Chiểu,23/01/2026 13:03,"44,000","14,000",0,0,"7,365",0,"22,635"
1871,23016-448129334,10298769,Cà Phê Muối Chú Long - Tôn Đức Thắng,23/01/2026 12:39,"65,000","11,000",0,0,"13,257",0,"40,743"
1872,23016-448208433,10350108,Cà Phê Muối Chú Long - Đường Láng,23/01/2026 13:47,"29,000",0,0,0,"7,120",0,"21,881"
1873,23016-448597110,10298769,Cà Phê Muối Chú Long - Tôn Đức Thắng,23/01/2026 13:02,"58,000","11,000",0,0,"11,539",0,"35,462"
1874,23016-448715710,10381892,Cà Phê Muối Chú Long - Phan Văn Trị,23/01/2026 12:47,"91,000",0,0,0,"22,341",0,"68,660"
1875,23016-448917891,10350108,Cà Phê Muối Chú Long - Đường Láng,23/01/2026 12:53,"29,000","5,000",0,0,"5,892",0,"18,108"
1876,23016-449228602,10321524,Cà Phê Muối Chú Long - Đội Cấn,23/01/2026 13:04,"58,000","11,000",0,0,"11,539",0,"35,462"
1877,23016-449327465,10321524,Cà Phê Muối Chú Long - Đội Cấn,23/01/2026 13:11,"58,000","29,000",0,0,"7,120",0,"21,881"
1878,23016-449335366,10269971,Cà Phê Muối Chú Long - Cần Thơ,23/01/2026 12:38,"58,000","11,000",0,0,"11,539",0,"35,462"
1879,23016-449785395,10350108,Cà Phê Muối Chú Long - Đường Láng,23/01/2026 13:51,"66,000","11,000",0,0,"13,503",0,"41,498"
1880,23016-449787759,10298769,Cà Phê Muối Chú Long - Tôn Đức Thắng,23/01/2026 13:08,"36,000","5,000",0,0,"7,611",0,"23,390"
1881,23016-449958441,10298769,Cà Phê Muối Chú Long - Tôn Đức Thắng,23/01/2026 13:03,"50,000","20,000",0,0,"7,365",0,"22,635"
1882,23016-450224101,10321523,Cà Phê Muối Chú Long - Thanh Nhàn,23/01/2026 13:25,"44,000",0,0,0,"10,802",0,"33,198"
1883,23016-450252696,10321524,Cà Phê Muối Chú Long - Đội Cấn,23/01/2026 13:06,"51,000","11,000",0,0,"9,820",0,"30,180"
1884,23016-450360239,10285817,Cà Phê Muối Chú Long - 1349 Cách Mạng Tháng 8,23/01/2026 12:59,"29,000",0,0,0,"7,120",0,"21,881"
1885,23016-450621890,10298769,Cà Phê Muối Chú Long - Tôn Đức Thắng,23/01/2026 13:09,"29,000",0,0,0,"7,120",0,"21,881"
1886,23016-450855561,10321524,Cà Phê Muối Chú Long - Đội Cấn,23/01/2026 13:29,"95,000","15,000",0,0,"19,640",0,"60,360"
1887,23016-451275307,10225898,Cà Phê Muối Chú Long - Nguyễn Đình Chiểu,23/01/2026 12:54,"112,000","20,000",0,0,"22,586",0,"69,414"
1888,23016-451323890,10298769,Cà Phê Muối Chú Long - Tôn Đức Thắng,23/01/2026 13:03,"44,000","14,000",0,0,"7,365",0,"22,635"
1889,23016-451366118,10321523,Cà Phê Muối Chú Long - Thanh Nhàn,23/01/2026 13:00,"87,000","15,000",0,0,"17,676",0,"54,324"
1890,23016-451601777,10358040,Cà Phê Muối Chú Long - Đoàn Thị Điểm,23/01/2026 12:42,"30,000","7,500",0,0,"5,524",0,"16,976"
1891,23016-451711273,10324687,Cà Phê Muối Chú Long - Huỳnh Tấn Phát,23/01/2026 12:52,"69,000","24,000",0,0,"11,048",0,"33,953"
1892,23016-451814636,10230793,Cà Phê Muối Chú Long - Huỳnh Văn Bánh,23/01/2026 12:50,"29,000","5,000",0,0,"5,892",0,"18,108"
1893,23016-452030336,10232123,Cà Phê Muối Chú Long - 17A Ngô Tất Tố,23/01/2026 12:54,"44,000",0,0,0,"10,802",0,"33,198"
1894,23016-452029709,10350108,Cà Phê Muối Chú Long - Đường Láng,23/01/2026 13:33,"72,000","15,000",0,0,"13,994",0,"43,007"
1895,23016-452037087,10225885,Cà Phê Muối Chú Long - Ngô Tất Tố,23/01/2026 13:03,"58,000","11,000",0,0,"11,539",0,"35,462"
1896,23016-453027825,10296675,Cà Phê Muối Chú Long - Trương Định,23/01/2026 13:09,"87,000","15,000",0,0,"17,676",0,"54,324"
1897,23016-453035323,10321523,Cà Phê Muối Chú Long - Thanh Nhàn,23/01/2026 13:09,"29,000","14,500",0,0,"3,560",0,"10,940"
1898,23016-453048172,10232123,Cà Phê Muối Chú Long - 17A Ngô Tất Tố,23/01/2026 13:00,"29,000",0,0,0,"7,120",0,"21,881"
1899,23016-453518901,10225895,Cà Phê Muối Chú Long - Cách Mạng Tháng 8,23/01/2026 12:44,"58,000","11,000",0,0,"11,539",0,"35,462"
1900,23016-453739148,10321524,Cà Phê Muối Chú Long - Đội Cấn,23/01/2026 13:26,"22,000","7,000",0,0,"3,683",0,"11,318"
1901,23016-453781720,10296675,Cà Phê Muối Chú Long - Trương Định,23/01/2026 13:07,"29,000","14,500",0,0,"3,560",0,"10,940"
1902,23016-453781807,10230817,Cà Phê Muối Chú Long - Thích Quảng Đức,23/01/2026 12:55,"29,000",0,0,0,"7,120",0,"21,881"
1903,23016-453827458,10296675,Cà Phê Muối Chú Long - Trương Định,23/01/2026 13:15,"29,000","5,000",0,0,"5,892",0,"18,108"
1904,23016-453844636,10225888,Cà Phê Muối Chú Long - Lạc Long Quân,23/01/2026 12:51,"83,000","15,000",0,0,"16,694",0,"51,306"
1905,23016-453906864,10296675,Cà Phê Muối Chú Long - Trương Định,23/01/2026 12:55,"54,000","11,000",0,0,"10,557",0,"32,444"
1906,23016-454374952,10358016,Cà Phê Muối Chú Long - Bà Triệu,23/01/2026 13:22,"44,000","14,000",0,0,"7,365",0,"22,635"
1907,23016-454589462,10284115,Cà Phê Muối Chú Long - Kha Vạn Cân,23/01/2026 13:06,"22,000","7,000",0,0,"3,683",0,"11,318"
1908,23016-454591403,10381983,Cà Phê Muối Chú Long - Bạch Đằng,23/01/2026 12:56,"29,000","7,000",0,0,"5,401",0,"16,599"
1909,23016-454644653,10358016,Cà Phê Muối Chú Long - Bà Triệu,23/01/2026 13:22,"44,000","14,000",0,0,"7,365",0,"22,635"
1910,23016-454678205,10230793,Cà Phê Muối Chú Long - Huỳnh Văn Bánh,23/01/2026 12:58,"44,000",0,0,0,"10,802",0,"33,198"
1911,23016-454781959,10225898,Cà Phê Muối Chú Long - Nguyễn Đình Chiểu,23/01/2026 13:10,"116,000","20,000",0,0,"23,568",0,"72,432"
1912,23016-454886757,10298769,Cà Phê Muối Chú Long - Tôn Đức Thắng,23/01/2026 13:00,"29,000",0,0,0,"7,120",0,"21,881"
1913,23016-455035453,10230814,Cà Phê Muối Chú Long - Võ Văn Kiệt,23/01/2026 12:52,"54,000","11,000",0,0,"10,557",0,"32,444"
1914,23016-455179837,10321523,Cà Phê Muối Chú Long - Thanh Nhàn,23/01/2026 13:23,"145,000","26,000",0,0,"29,215",0,"89,786"
1915,23016-455196651,10324687,Cà Phê Muối Chú Long - Huỳnh Tấn Phát,23/01/2026 12:48,"29,000","5,000",0,0,"5,892",0,"18,108"
1916,23016-455220192,10296675,Cà Phê Muối Chú Long - Trương Định,23/01/2026 13:17,"22,000","7,000",0,0,"3,683",0,"11,318"
1917,23016-455425683,10230171,Cà Phê Muối Chú Long - Bình Long,23/01/2026 12:52,"66,000","11,000",0,0,"13,503",0,"41,498"
1918,23016-455907058,10350108,Cà Phê Muối Chú Long - Đường Láng,23/01/2026 13:24,"29,000","5,000",0,0,"5,892",0,"18,108"
1919,23016-456181597,10298769,Cà Phê Muối Chú Long - Tôn Đức Thắng,23/01/2026 13:17,"44,000","14,000",0,0,"7,365",0,"22,635"
1920,23016-456273302,10287867,Cà Phê Muối Chú Long - Classic,23/01/2026 12:57,"30,000","15,000",0,0,"3,683",0,"11,318"
1921,23016-456402690,10350108,Cà Phê Muối Chú Long - Đường Láng,23/01/2026 13:17,"290,000","32,000",0,0,"63,339",0,"194,661"
1922,23016-456510419,10381983,Cà Phê Muối Chú Long - Bạch Đằng,23/01/2026 13:13,"22,000","7,000",0,0,"3,683",0,"11,318"
1923,23016-456617109,10298769,Cà Phê Muối Chú Long - Tôn Đức Thắng,23/01/2026 13:01,"58,000","11,000",0,0,"11,539",0,"35,462"
1924,23016-456738381,10225902,Cà Phê Muối Chú Long - Hậu Giang,23/01/2026 12:52,"58,000","11,000",0,0,"11,539",0,"35,462"
1925,23016-456815907,10225888,Cà Phê Muối Chú Long - Lạc Long Quân,23/01/2026 12:55,"51,000","11,000",0,0,"9,820",0,"30,180"
1926,23016-457304506,10235659,Cà Phê Muối Chú Long - Nguyễn Hữu Cảnh,23/01/2026 12:50,"29,000",0,0,0,"7,120",0,"21,881"
1927,23016-457355276,10296675,Cà Phê Muối Chú Long - Trương Định,23/01/2026 13:00,"73,000","11,000",0,0,"15,221",0,"46,779"
1928,23016-457406595,10330437,Cà Phê Muối Chú Long - Trần Hưng Đạo,23/01/2026 13:02,"29,000",0,0,0,"7,120",0,"21,881"
1929,23016-457454592,10225888,Cà Phê Muối Chú Long - Lạc Long Quân,23/01/2026 12:55,"116,000","20,000",0,0,"23,568",0,"72,432"
1930,23016-457637026,10230793,Cà Phê Muối Chú Long - Huỳnh Văn Bánh,23/01/2026 12:58,"83,000","15,000",0,0,"16,694",0,"51,306"
1931,23016-457812994,10321524,Cà Phê Muối Chú Long - Đội Cấn,23/01/2026 13:46,"51,000","11,000",0,0,"9,820",0,"30,180"
1932,23016-457922712,10225898,Cà Phê Muối Chú Long - Nguyễn Đình Chiểu,23/01/2026 13:24,"22,000","5,000",0,0,"4,174",0,"12,827"
1933,23016-458124639,10386890,Cà Phê Muối Chú Long - Nha Trang,23/01/2026 12:53,"87,000",0,0,0,"21,359",0,"65,642"
1934,23016-458424948,10321524,Cà Phê Muối Chú Long - Đội Cấn,23/01/2026 13:10,"58,000","11,000",0,0,"11,539",0,"35,462"
1935,23016-458589842,10350108,Cà Phê Muối Chú Long - Đường Láng,23/01/2026 13:16,"58,000","11,000",0,0,"11,539",0,"35,462"
1936,23016-459304156,10298769,Cà Phê Muối Chú Long - Tôn Đức Thắng,23/01/2026 13:21,"58,000","11,000",0,0,"11,539",0,"35,462"
1937,23016-459672732,10321523,Cà Phê Muối Chú Long - Thanh Nhàn,23/01/2026 13:20,"58,000","11,000",0,0,"11,539",0,"35,462"
1938,23016-459766298,10321524,Cà Phê Muối Chú Long - Đội Cấn,23/01/2026 13:27,"29,000","5,000",0,0,"5,892",0,"18,108"
1939,23016-459942348,10340098,Cà Phê Muối Chú Long - Thuận An,23/01/2026 13:00,"83,000","15,000",0,0,"16,694",0,"51,306"
1940,23016-460700620,10225898,Cà Phê Muối Chú Long - Nguyễn Đình Chiểu,23/01/2026 13:11,"51,000","11,000",0,0,"9,820",0,"30,180"
1941,23016-460765829,10350108,Cà Phê Muối Chú Long - Đường Láng,23/01/2026 13:52,"83,000","15,000",0,0,"16,694",0,"51,306"
1942,23016-460999069,10324687,Cà Phê Muối Chú Long - Huỳnh Tấn Phát,23/01/2026 13:16,"29,000",0,0,0,"7,120",0,"21,881"
1943,23016-461026558,10381892,Cà Phê Muối Chú Long - Phan Văn Trị,23/01/2026 13:10,"44,000",0,0,0,"10,802",0,"33,198"
1944,23016-461042003,10296675,Cà Phê Muối Chú Long - Trương Định,23/01/2026 13:03,"33,000","5,000",0,0,"6,874",0,"21,126"
1945,23016-461202721,10350108,Cà Phê Muối Chú Long - Đường Láng,23/01/2026 13:30,"29,000","14,500",0,0,"3,560",0,"10,940"
1946,23016-461204246,10321524,Cà Phê Muối Chú Long - Đội Cấn,23/01/2026 13:40,"91,000",0,0,0,"22,341",0,"68,660"
1947,23016-461541003,10235658,Cà Phê Muối Chú Long - Công Trường Quốc Tế,23/01/2026 13:22,"22,000","7,000",0,0,"3,683",0,"11,318"
1948,23016-461682040,10321437,Cà Phê Muối Chú Long - Tây Ninh,23/01/2026 13:08,"167,000","26,000",0,0,"34,616",0,"106,385"
1949,23016-462464021,10321523,Cà Phê Muối Chú Long - Thanh Nhàn,23/01/2026 13:14,"58,000","11,000",0,0,"11,539",0,"35,462"
1950,23016-462487389,10225902,Cà Phê Muối Chú Long - Hậu Giang,23/01/2026 13:07,"108,000","15,000",0,0,"22,832",0,"70,169"
1951,23016-462528319,10298769,Cà Phê Muối Chú Long - Tôn Đức Thắng,23/01/2026 13:32,"29,000","14,500",0,0,"3,560",0,"10,940"
1952,23016-462844523,10230814,Cà Phê Muối Chú Long - Võ Văn Kiệt,23/01/2026 13:06,"65,000","11,000",0,0,"13,257",0,"40,743"
1953,23016-463235453,10225898,Cà Phê Muối Chú Long - Nguyễn Đình Chiểu,23/01/2026 13:29,"22,000","7,000",0,0,"3,683",0,"11,318"
1954,23016-463451583,10330437,Cà Phê Muối Chú Long - Trần Hưng Đạo,23/01/2026 13:17,"58,000","11,000",0,0,"11,539",0,"35,462"
1955,23016-463490059,10354882,Cà Phê Muối Chú Long - Quảng Ngãi,23/01/2026 12:58,"75,000","10,000",0,0,"15,958",0,"49,043"
1956,23016-463545939,10235658,Cà Phê Muối Chú Long - Công Trường Quốc Tế,23/01/2026 13:11,"22,000","7,000",0,0,"3,683",0,"11,318"
1957,23016-463624941,10216423,Cà Phê Muối Chú Long - 417 Cộng Hoà,23/01/2026 13:08,"58,000","11,000",0,0,"11,539",0,"35,462"
1958,23016-463811057,10230814,Cà Phê Muối Chú Long - Võ Văn Kiệt,23/01/2026 13:08,"123,000","20,000",0,0,"25,287",0,"77,714"
1959,23016-463814279,10340098,Cà Phê Muối Chú Long - Thuận An,23/01/2026 13:33,"279,000","45,000",0,0,"57,447",0,"176,553"
1960,23016-464188372,10321523,Cà Phê Muối Chú Long - Thanh Nhàn,23/01/2026 13:38,"195,000","26,000",0,0,"41,490",0,"127,511"
1961,23016-464480799,10296675,Cà Phê Muối Chú Long - Trương Định,23/01/2026 13:25,"94,000",0,0,0,"23,077",0,"70,923"
1962,23016-464521382,10296675,Cà Phê Muối Chú Long - Trương Định,23/01/2026 13:35,"29,000","14,500",0,0,"3,560",0,"10,940"
1963,23016-464569761,10230171,Cà Phê Muối Chú Long - Bình Long,23/01/2026 13:04,"58,000","11,000",0,0,"11,539",0,"35,462"
1964,23016-464596353,10299524,Cà Phê Muối Chú Long - Lê Duẩn,23/01/2026 13:03,"50,000","11,000",0,0,"9,575",0,"29,426"
1965,23016-464832695,10321524,Cà Phê Muối Chú Long - Đội Cấn,23/01/2026 13:44,"87,000","25,500",0,0,"15,098",0,"46,402"
1966,23016-465334913,10287867,Cà Phê Muối Chú Long - Classic,23/01/2026 13:22,"29,000","5,000",0,0,"5,892",0,"18,108"
1967,23016-465397931,10230171,Cà Phê Muối Chú Long - Bình Long,23/01/2026 13:12,"29,000",0,0,0,"7,120",0,"21,881"
1968,23016-465626979,10350108,Cà Phê Muối Chú Long - Đường Láng,23/01/2026 13:48,"44,000",0,0,0,"10,802",0,"33,198"
1969,23016-465639861,10219545,Cà Phê Muối Chú Long - Nguyễn Huệ,23/01/2026 13:16,"22,000","7,000",0,0,"3,683",0,"11,318"
1970,23016-465747835,10350108,Cà Phê Muối Chú Long - Đường Láng,23/01/2026 13:19,"60,000","11,000",0,0,"12,030",0,"36,971"
1971,23016-466088760,10350108,Cà Phê Muối Chú Long - Đường Láng,23/01/2026 14:08,"51,000","11,000",0,0,"9,820",0,"30,180"
1972,23016-466095053,10321524,Cà Phê Muối Chú Long - Đội Cấn,23/01/2026 13:53,"54,000","11,000",0,0,"10,557",0,"32,444"
1973,23016-466600971,10233716,Cà Phê Muối Chú Long - 130 Thích Quảng Đức,23/01/2026 13:10,"25,000","10,000",0,0,"3,683",0,"11,318"
1974,23016-466728120,10296675,Cà Phê Muối Chú Long - Trương Định,23/01/2026 13:25,"47,000","5,000",0,0,"10,311",0,"31,689"
1975,23016-466998074,10296675,Cà Phê Muối Chú Long - Trương Định,23/01/2026 13:17,"22,000","7,000",0,0,"3,683",0,"11,318"
1976,23016-467044216,10216423,Cà Phê Muối Chú Long - 417 Cộng Hoà,23/01/2026 13:09,"58,000","11,000",0,0,"11,539",0,"35,462"
1977,23016-467056918,10230793,Cà Phê Muối Chú Long - Huỳnh Văn Bánh,23/01/2026 13:15,"44,000","14,000",0,0,"7,365",0,"22,635"
1978,23016-467648206,10350108,Cà Phê Muối Chú Long - Đường Láng,23/01/2026 13:16,"29,000","14,500",0,0,"3,560",0,"10,940"
1979,23016-467839888,10321524,Cà Phê Muối Chú Long - Đội Cấn,23/01/2026 13:15,"22,000","7,000",0,0,"3,683",0,"11,318"
1980,23016-467906055,10296675,Cà Phê Muối Chú Long - Trương Định,23/01/2026 13:08,"22,000","7,000",0,0,"3,683",0,"11,318"
1981,23016-467913965,10230793,Cà Phê Muối Chú Long - Huỳnh Văn Bánh,23/01/2026 13:16,"47,000","17,000",0,0,"7,365",0,"22,635"
1982,23016-468116082,10219545,Cà Phê Muối Chú Long - Nguyễn Huệ,23/01/2026 13:24,"44,000",0,0,0,"10,802",0,"33,198"
1983,23016-468261805,10233716,Cà Phê Muối Chú Long - 130 Thích Quảng Đức,23/01/2026 13:15,"58,000","11,000",0,0,"11,539",0,"35,462"
1984,23016-468405191,10219545,Cà Phê Muối Chú Long - Nguyễn Huệ,23/01/2026 13:21,"73,000","15,000",0,0,"14,239",0,"43,761"
1985,23016-468522207,10232123,Cà Phê Muối Chú Long - 17A Ngô Tất Tố,23/01/2026 13:16,"29,000",0,0,0,"7,120",0,"21,881"
1986,23016-468610142,10324687,Cà Phê Muối Chú Long - Huỳnh Tấn Phát,23/01/2026 13:23,"29,000",0,0,0,"7,120",0,"21,881"
1987,23016-468972948,10350108,Cà Phê Muối Chú Long - Đường Láng,23/01/2026 13:16,"44,000","14,000",0,0,"7,365",0,"22,635"
1988,23016-469144137,10313967,Cà Phê Muối Chú Long - Tiền Giang,23/01/2026 13:14,"203,000","32,000",0,0,"41,981",0,"129,020"
1989,23016-469223972,10225898,Cà Phê Muối Chú Long - Nguyễn Đình Chiểu,23/01/2026 13:14,"69,000","11,000",0,0,"14,239",0,"43,761"
1990,23016-469281918,10233716,Cà Phê Muối Chú Long - 130 Thích Quảng Đức,23/01/2026 13:19,"22,000","7,000",0,0,"3,683",0,"11,318"
1991,23016-469492468,10381983,Cà Phê Muối Chú Long - Bạch Đằng,23/01/2026 13:17,"29,000",0,0,0,"7,120",0,"21,881"
1992,23016-469584455,10230814,Cà Phê Muối Chú Long - Võ Văn Kiệt,23/01/2026 13:16,"29,000","14,500",0,0,"3,560",0,"10,940"
1993,23016-469591925,10350108,Cà Phê Muối Chú Long - Đường Láng,23/01/2026 13:40,"58,000","11,000",0,0,"11,539",0,"35,462"
1994,23016-469671198,10225902,Cà Phê Muối Chú Long - Hậu Giang,23/01/2026 13:18,"22,000","7,000",0,0,"3,683",0,"11,318"
1995,23016-469678820,10381892,Cà Phê Muối Chú Long - Phan Văn Trị,23/01/2026 13:32,"50,000",0,0,0,"12,275",0,"37,725"
1996,23016-470206079,10225898,Cà Phê Muối Chú Long - Nguyễn Đình Chiểu,23/01/2026 13:21,"58,000","11,000",0,0,"11,539",0,"35,462"
1997,23016-470432606,10375372,Cà Phê Muối Chú Long - An Dương Vương,23/01/2026 13:18,"22,000","7,000",0,0,"3,683",0,"11,318"
1998,23016-470705572,10233716,Cà Phê Muối Chú Long - 130 Thích Quảng Đức,23/01/2026 13:21,"22,000","7,000",0,0,"3,683",0,"11,318"
1999,23016-470794235,10233716,Cà Phê Muối Chú Long - 130 Thích Quảng Đức,23/01/2026 13:45,"167,000","26,000",0,0,"34,616",0,"106,385"
2000,23016-470819599,10230171,Cà Phê Muối Chú Long - Bình Long,23/01/2026 13:31,"22,000","7,000",0,0,"3,683",0,"11,318"
2001,23016-470900033,10287867,Cà Phê Muối Chú Long - Classic,23/01/2026 13:41,"59,000","11,000",0,0,"11,784",0,"36,216"
2002,23016-471229182,10230793,Cà Phê Muối Chú Long - Huỳnh Văn Bánh,23/01/2026 13:29,"58,000","11,000",0,0,"11,539",0,"35,462"
2003,23016-471306425,10287867,Cà Phê Muối Chú Long - Classic,23/01/2026 13:25,"60,000","30,000",0,0,"7,365",0,"22,635"
2004,23016-471305152,10321524,Cà Phê Muối Chú Long - Đội Cấn,23/01/2026 13:27,"58,000","11,000",0,0,"11,539",0,"35,462"
2005,23016-471452409,10225895,Cà Phê Muối Chú Long - Cách Mạng Tháng 8,23/01/2026 13:11,"29,000",0,0,0,"7,120",0,"21,881"
2006,23016-471667402,10287867,Cà Phê Muối Chú Long - Classic,23/01/2026 13:27,"60,000","11,000",0,0,"12,030",0,"36,971"
2007,23016-471722242,10321523,Cà Phê Muối Chú Long - Thanh Nhàn,23/01/2026 13:23,"29,000","7,000",0,0,"5,401",0,"16,599"
2008,23016-472052682,10287867,Cà Phê Muối Chú Long - Classic,23/01/2026 13:32,"30,000","15,000",0,0,"3,683",0,"11,318"
2009,23016-472263904,10298824,Cà Phê Muối Chú Long - Hoàng Diệu,23/01/2026 13:34,"25,000","10,000",0,0,"3,683",0,"11,318"
2010,23016-472277290,10321524,Cà Phê Muối Chú Long - Đội Cấn,23/01/2026 13:44,"44,000","14,000",0,0,"7,365",0,"22,635"
2011,23016-472309032,10321523,Cà Phê Muối Chú Long - Thanh Nhàn,23/01/2026 13:46,"22,000","7,000",0,0,"3,683",0,"11,318"
2012,23016-472373442,10323120,Cà Phê Muối Chú Long - Đồng Xoài,23/01/2026 13:22,"29,000","7,250",0,0,"5,340",0,"16,410"
2013,23016-472640528,10225898,Cà Phê Muối Chú Long - Nguyễn Đình Chiểu,23/01/2026 13:34,"54,000","11,000",0,0,"10,557",0,"32,444"
2014,23016-472843495,10321523,Cà Phê Muối Chú Long - Thanh Nhàn,23/01/2026 13:30,"159,000","26,000",0,0,"32,652",0,"100,349"
2015,23016-472947508,10230793,Cà Phê Muối Chú Long - Huỳnh Văn Bánh,23/01/2026 13:23,"187,000","26,000",0,0,"39,526",0,"121,475"
2016,23016-473068882,10230793,Cà Phê Muối Chú Long - Huỳnh Văn Bánh,23/01/2026 13:28,"44,000","14,000",0,0,"7,365",0,"22,635"
2017,23016-473662963,10321523,Cà Phê Muối Chú Long - Thanh Nhàn,23/01/2026 13:44,"87,000",0,0,0,"21,359",0,"65,642"
2018,23016-474041488,10284115,Cà Phê Muối Chú Long - Kha Vạn Cân,23/01/2026 13:20,"29,000","5,000",0,0,"5,892",0,"18,108"
2019,23016-474386000,10225898,Cà Phê Muối Chú Long - Nguyễn Đình Chiểu,23/01/2026 13:29,"76,000","11,000",0,0,"15,958",0,"49,043"
2020,23016-474418684,10298769,Cà Phê Muối Chú Long - Tôn Đức Thắng,23/01/2026 13:32,"22,000",0,0,0,"5,401",0,"16,599"
2021,23016-474753425,10321524,Cà Phê Muối Chú Long - Đội Cấn,23/01/2026 13:20,"36,000","5,000",0,0,"7,611",0,"23,390"
2022,23016-474783819,10269971,Cà Phê Muối Chú Long - Cần Thơ,23/01/2026 13:41,"50,000","20,000",0,0,"7,365",0,"22,635"
2023,23016-474801407,10350108,Cà Phê Muối Chú Long - Đường Láng,23/01/2026 13:42,"22,000","7,000",0,0,"3,683",0,"11,318"
2024,23016-474799094,10233716,Cà Phê Muối Chú Long - 130 Thích Quảng Đức,23/01/2026 13:47,"116,000","20,000",0,0,"23,568",0,"72,432"
2025,23016-474801859,10216423,Cà Phê Muối Chú Long - 417 Cộng Hoà,23/01/2026 13:47,"25,000","10,000",0,0,"3,683",0,"11,318"
2026,23016-475189102,10321523,Cà Phê Muối Chú Long - Thanh Nhàn,23/01/2026 14:18,"29,000",0,0,0,"7,120",0,"21,881"
2027,23016-475251271,10350108,Cà Phê Muối Chú Long - Đường Láng,23/01/2026 13:47,"58,000","11,000",0,0,"11,539",0,"35,462"
2028,23016-475296718,10225898,Cà Phê Muối Chú Long - Nguyễn Đình Chiểu,23/01/2026 13:23,"54,000","11,000",0,0,"10,557",0,"32,444"
2029,23016-475419535,10358037,Cà Phê Muối Chú Long - Hùng Vương,23/01/2026 13:23,"29,000","7,250",0,0,"5,340",0,"16,410"
2030,23016-475457751,10321524,Cà Phê Muối Chú Long - Đội Cấn,23/01/2026 13:30,"116,000","15,000",0,0,"24,796",0,"76,205"
2031,23016-475577338,10321523,Cà Phê Muối Chú Long - Thanh Nhàn,23/01/2026 13:55,"22,000","7,000",0,0,"3,683",0,"11,318"
2032,23016-475643486,10321523,Cà Phê Muối Chú Long - Thanh Nhàn,23/01/2026 13:26,"112,000","20,000",0,0,"22,586",0,"69,414"
2033,23016-475668672,10225902,Cà Phê Muối Chú Long - Hậu Giang,23/01/2026 13:36,"22,000","7,000",0,0,"3,683",0,"11,318"
2034,23016-476159223,10219545,Cà Phê Muối Chú Long - Nguyễn Huệ,23/01/2026 13:22,"51,000","11,000",0,0,"9,820",0,"30,180"
2035,23016-476502151,10230814,Cà Phê Muối Chú Long - Võ Văn Kiệt,23/01/2026 13:29,"29,000","14,500",0,0,"3,560",0,"10,940"
2036,23016-476671583,10358037,Cà Phê Muối Chú Long - Hùng Vương,23/01/2026 13:42,"29,000","7,250",0,0,"5,340",0,"16,410"
2037,23016-476775595,10225895,Cà Phê Muối Chú Long - Cách Mạng Tháng 8,23/01/2026 13:34,"44,000",0,0,0,"10,802",0,"33,198"
2038,23016-477054247,10230793,Cà Phê Muối Chú Long - Huỳnh Văn Bánh,23/01/2026 13:50,"22,000","7,000",0,0,"3,683",0,"11,318"
2039,23016-477064423,10323120,Cà Phê Muối Chú Long - Đồng Xoài,23/01/2026 13:33,"58,000","11,000",0,0,"11,539",0,"35,462"
2040,23016-477108716,10216423,Cà Phê Muối Chú Long - 417 Cộng Hoà,23/01/2026 13:36,"108,000","20,000",0,0,"21,604",0,"66,396"
2041,23016-477202507,10296675,Cà Phê Muối Chú Long - Trương Định,23/01/2026 13:25,"69,000","11,000",0,0,"14,239",0,"43,761"
2042,23016-477240541,10225898,Cà Phê Muối Chú Long - Nguyễn Đình Chiểu,23/01/2026 13:39,"66,000","11,000",0,0,"13,503",0,"41,498"
2043,23016-477249000,10299524,Cà Phê Muối Chú Long - Lê Duẩn,23/01/2026 13:31,"50,000","20,000",0,0,"7,365",0,"22,635"
2044,23016-477473907,10350108,Cà Phê Muối Chú Long - Đường Láng,23/01/2026 14:03,"58,000","11,000",0,0,"11,539",0,"35,462"
2045,23016-477526564,10358037,Cà Phê Muối Chú Long - Hùng Vương,23/01/2026 13:36,"22,000","7,000",0,0,"3,683",0,"11,318"
2046,23016-477692312,10321524,Cà Phê Muối Chú Long - Đội Cấn,23/01/2026 13:42,"130,000","20,000",0,0,"27,005",0,"82,995"
2047,23016-477768793,10350108,Cà Phê Muối Chú Long - Đường Láng,23/01/2026 14:21,"80,000","11,000",0,0,"16,940",0,"52,061"
2048,23016-477965199,10235663,Cà Phê Muối Chú Long - Hà Huy Giáp,23/01/2026 13:48,"223,000","32,000",0,0,"46,891",0,"144,110"
2049,23016-477997433,10298769,Cà Phê Muối Chú Long - Tôn Đức Thắng,23/01/2026 13:37,"87,000","15,000",0,0,"17,676",0,"54,324"
2050,23016-478094070,10225902,Cà Phê Muối Chú Long - Hậu Giang,23/01/2026 13:25,"22,000","7,000",0,0,"3,683",0,"11,318"
2051,23016-478339921,10340098,Cà Phê Muối Chú Long - Thuận An,23/01/2026 13:37,"141,000","26,000",0,0,"28,233",0,"86,768"
2052,23016-478823209,10216423,Cà Phê Muối Chú Long - 417 Cộng Hoà,23/01/2026 13:44,"51,000","11,000",0,0,"9,820",0,"30,180"
2053,23016-478898387,10375372,Cà Phê Muối Chú Long - An Dương Vương,23/01/2026 13:32,"87,000",0,0,0,"21,359",0,"65,642"
2054,23016-478880251,10235663,Cà Phê Muối Chú Long - Hà Huy Giáp,23/01/2026 13:31,"58,000",0,0,0,"14,239",0,"43,761"
2055,23016-479138460,10235663,Cà Phê Muối Chú Long - Hà Huy Giáp,23/01/2026 13:46,"87,000",0,0,0,"21,359",0,"65,642"
2056,23016-479291181,10219545,Cà Phê Muối Chú Long - Nguyễn Huệ,23/01/2026 13:32,"29,000",0,0,0,"7,120",0,"21,881"
2057,23016-479404878,10292422,Cà Phê Muối Chú Long - Phan Thiết,23/01/2026 20:56,"29,000","7,250",0,0,"5,340",0,"16,410"
2058,23016-479626959,10298769,Cà Phê Muối Chú Long - Tôn Đức Thắng,23/01/2026 13:45,"58,000","11,000",0,0,"11,539",0,"35,462"
2059,23016-479974261,10235658,Cà Phê Muối Chú Long - Công Trường Quốc Tế,23/01/2026 13:34,"29,000",0,0,0,"7,120",0,"21,881"
2060,23016-479988962,10296675,Cà Phê Muối Chú Long - Trương Định,23/01/2026 14:08,"224,000","32,000",0,0,"47,136",0,"144,864"
2061,23016-480090242,10298769,Cà Phê Muối Chú Long - Tôn Đức Thắng,23/01/2026 13:53,"29,000",0,0,0,"7,120",0,"21,881"
2062,23016-480121402,10225902,Cà Phê Muối Chú Long - Hậu Giang,23/01/2026 13:33,"29,000",0,0,0,"7,120",0,"21,881"
2063,23016-480165785,10233716,Cà Phê Muối Chú Long - 130 Thích Quảng Đức,23/01/2026 13:36,"22,000",0,0,0,"5,401",0,"16,599"
2064,23016-480296769,10298824,Cà Phê Muối Chú Long - Hoàng Diệu,23/01/2026 13:38,"54,000","11,000",0,0,"10,557",0,"32,444"
2065,23016-480399110,10235659,Cà Phê Muối Chú Long - Nguyễn Hữu Cảnh,23/01/2026 13:41,"150,000","26,000",0,0,"30,442",0,"93,558"
2066,23016-480483022,10225898,Cà Phê Muối Chú Long - Nguyễn Đình Chiểu,23/01/2026 13:42,"80,000","11,000",0,0,"16,940",0,"52,061"
2067,23016-480647604,10225885,Cà Phê Muối Chú Long - Ngô Tất Tố,23/01/2026 13:35,"58,000","11,000",0,0,"11,539",0,"35,462"
2068,23016-480896985,10381892,Cà Phê Muối Chú Long - Phan Văn Trị,23/01/2026 13:41,"75,000",0,0,0,"18,413",0,"56,588"
2069,23016-481071176,10307386,Cà Phê Muối Chú Long - Kiên Giang,23/01/2026 13:34,"22,000","7,000",0,0,"3,683",0,"11,318"
2070,23016-481278317,10326235,Cà Phê Muối Chú Long - Cà Mau,23/01/2026 13:29,"22,000","5,500",0,0,"4,051",0,"12,449"
2071,23016-481622144,10232123,Cà Phê Muối Chú Long - 17A Ngô Tất Tố,23/01/2026 13:51,"22,000","7,000",0,0,"3,683",0,"11,318"
2072,23016-481655245,10299524,Cà Phê Muối Chú Long - Lê Duẩn,23/01/2026 13:41,"22,000","7,000",0,0,"3,683",0,"11,318"
2073,23016-481812394,10230793,Cà Phê Muối Chú Long - Huỳnh Văn Bánh,23/01/2026 13:47,"44,000","14,000",0,0,"7,365",0,"22,635"
2074,23016-481827338,10321524,Cà Phê Muối Chú Long - Đội Cấn,23/01/2026 13:31,"29,000","14,500",0,0,"3,560",0,"10,940"
2075,23016-482017972,10321523,Cà Phê Muối Chú Long - Thanh Nhàn,23/01/2026 13:51,"87,000",0,0,0,"21,359",0,"65,642"
2076,23016-482112622,10298769,Cà Phê Muối Chú Long - Tôn Đức Thắng,23/01/2026 13:53,"29,000","7,000",0,0,"5,401",0,"16,599"
2077,23016-482126573,10298769,Cà Phê Muối Chú Long - Tôn Đức Thắng,23/01/2026 13:43,"44,000","14,000",0,0,"7,365",0,"22,635"
2078,23016-482187137,10235658,Cà Phê Muối Chú Long - Công Trường Quốc Tế,23/01/2026 13:36,"22,000",0,0,0,"5,401",0,"16,599"
2079,23016-482483788,10219545,Cà Phê Muối Chú Long - Nguyễn Huệ,23/01/2026 13:46,"58,000","11,000",0,0,"11,539",0,"35,462"
2080,23016-482553567,10225898,Cà Phê Muối Chú Long - Nguyễn Đình Chiểu,23/01/2026 13:48,"79,000","15,000",0,0,"15,712",0,"48,288"
2081,23016-482606645,10235658,Cà Phê Muối Chú Long - Công Trường Quốc Tế,23/01/2026 13:59,"22,000","7,000",0,0,"3,683",0,"11,318"
2082,23016-482707340,10225898,Cà Phê Muối Chú Long - Nguyễn Đình Chiểu,23/01/2026 13:51,"145,000","26,000",0,0,"29,215",0,"89,786"
2083,23016-483029258,10321439,Cà Phê Muối Chú Long - Vĩnh Long,23/01/2026 14:14,"116,000","20,000",0,0,"23,568",0,"72,432"
2084,23016-483070598,10225885,Cà Phê Muối Chú Long - Ngô Tất Tố,23/01/2026 13:45,"101,000","15,000",0,0,"21,113",0,"64,887"
2085,23016-483293643,10321524,Cà Phê Muối Chú Long - Đội Cấn,23/01/2026 13:48,"36,000",0,0,0,"8,838",0,"27,162"
2086,23016-483413375,10225902,Cà Phê Muối Chú Long - Hậu Giang,23/01/2026 13:47,"212,000","32,000",0,0,"44,190",0,"135,810"
2087,23016-483573783,10350108,Cà Phê Muối Chú Long - Đường Láng,23/01/2026 14:40,"44,000",0,0,0,"10,802",0,"33,198"
2088,23016-484021553,10232123,Cà Phê Muối Chú Long - 17A Ngô Tất Tố,23/01/2026 13:37,"22,000",0,0,0,"5,401",0,"16,599"
2089,23016-484260016,10321524,Cà Phê Muối Chú Long - Đội Cấn,23/01/2026 14:15,"29,000","5,000",0,0,"5,892",0,"18,108"
2090,23016-484397833,10321524,Cà Phê Muối Chú Long - Đội Cấn,23/01/2026 13:46,"22,000","7,000",0,0,"3,683",0,"11,318"
2091,23016-484437606,10350108,Cà Phê Muối Chú Long - Đường Láng,23/01/2026 14:32,"87,000","15,000",0,0,"17,676",0,"54,324"
2092,23016-484403642,10350108,Cà Phê Muối Chú Long - Đường Láng,23/01/2026 14:14,"87,000",0,0,0,"21,359",0,"65,642"
2093,23016-484546455,10216423,Cà Phê Muối Chú Long - 417 Cộng Hoà,23/01/2026 13:38,"29,000","5,000",0,0,"5,892",0,"18,108"
2094,23016-484601896,10235658,Cà Phê Muối Chú Long - Công Trường Quốc Tế,23/01/2026 13:40,"25,000","10,000",0,0,"3,683",0,"11,318"
2095,23016-484836545,10324687,Cà Phê Muối Chú Long - Huỳnh Tấn Phát,23/01/2026 13:55,"22,000","7,000",0,0,"3,683",0,"11,318"
2096,23016-485048981,10225898,Cà Phê Muối Chú Long - Nguyễn Đình Chiểu,23/01/2026 13:50,"110,000","15,000",0,0,"23,323",0,"71,678"
2097,23016-485125981,10235659,Cà Phê Muối Chú Long - Nguyễn Hữu Cảnh,23/01/2026 13:50,"51,000","11,000",0,0,"9,820",0,"30,180"
2098,23016-485196336,10216423,Cà Phê Muối Chú Long - 417 Cộng Hoà,23/01/2026 13:54,"29,000","14,500",0,0,"3,560",0,"10,940"
2099,23016-485216951,10298769,Cà Phê Muối Chú Long - Tôn Đức Thắng,23/01/2026 14:15,"29,000",0,0,0,"7,120",0,"21,881"
2100,23016-485233713,10296675,Cà Phê Muối Chú Long - Trương Định,23/01/2026 14:03,"72,000","15,000",0,0,"13,994",0,"43,007"
2101,23016-485504222,10350108,Cà Phê Muối Chú Long - Đường Láng,23/01/2026 14:18,"87,000","15,000",0,0,"17,676",0,"54,324"
2102,23016-485544550,10232123,Cà Phê Muối Chú Long - 17A Ngô Tất Tố,23/01/2026 14:04,"58,000",0,0,0,"14,239",0,"43,761"
2103,23016-485638234,10298824,Cà Phê Muối Chú Long - Hoàng Diệu,23/01/2026 13:48,"87,000","15,000",0,0,"17,676",0,"54,324"
2104,23016-485680168,10219545,Cà Phê Muối Chú Long - Nguyễn Huệ,23/01/2026 13:53,"228,000","32,000",0,0,"48,118",0,"147,882"
2105,23016-485885784,10381892,Cà Phê Muối Chú Long - Phan Văn Trị,23/01/2026 13:41,"58,000",0,0,0,"14,239",0,"43,761"
2106,23016-486100056,10225902,Cà Phê Muối Chú Long - Hậu Giang,23/01/2026 13:41,"116,000","15,000",0,0,"24,796",0,"76,205"
2107,23016-486151328,10225898,Cà Phê Muối Chú Long - Nguyễn Đình Chiểu,23/01/2026 13:46,"50,000","11,000",0,0,"9,575",0,"29,426"
2108,23016-486262677,10350108,Cà Phê Muối Chú Long - Đường Láng,23/01/2026 13:52,"66,000","11,000",0,0,"13,503",0,"41,498"
2109,23016-486667307,10298769,Cà Phê Muối Chú Long - Tôn Đức Thắng,23/01/2026 13:48,"83,000","15,000",0,0,"16,694",0,"51,306"
2110,23016-486685976,10225898,Cà Phê Muối Chú Long - Nguyễn Đình Chiểu,23/01/2026 13:57,"44,000","14,000",0,0,"7,365",0,"22,635"
2111,23016-487149888,10235663,Cà Phê Muối Chú Long - Hà Huy Giáp,23/01/2026 13:48,"58,000","11,000",0,0,"11,539",0,"35,462"
2112,23016-487241175,10321523,Cà Phê Muối Chú Long - Thanh Nhàn,23/01/2026 15:00,"257,000","37,500",0,0,"53,887",0,"165,613"
2113,23016-487236797,10323120,Cà Phê Muối Chú Long - Đồng Xoài,23/01/2026 13:48,"54,000","10,000",0,0,"10,802",0,"33,198"
2114,23016-487248913,10225898,Cà Phê Muối Chú Long - Nguyễn Đình Chiểu,23/01/2026 13:58,"102,000","20,000",0,0,"20,131",0,"61,869"
2115,23016-487294407,10292422,Cà Phê Muối Chú Long - Phan Thiết,23/01/2026 13:48,"58,000","11,000",0,0,"11,539",0,"35,462"
2116,23016-487397774,10381983,Cà Phê Muối Chú Long - Bạch Đằng,23/01/2026 14:10,"44,000","14,000",0,0,"7,365",0,"22,635"
2117,23016-487664759,10225902,Cà Phê Muối Chú Long - Hậu Giang,23/01/2026 13:53,"25,000","5,000",0,0,"4,910",0,"15,090"
2118,23016-487704391,10350108,Cà Phê Muối Chú Long - Đường Láng,23/01/2026 14:04,"69,000","11,000",0,0,"14,239",0,"43,761"
2119,23016-487804350,10350108,Cà Phê Muối Chú Long - Đường Láng,23/01/2026 13:59,"29,000","14,500",0,0,"3,560",0,"10,940"
2120,23016-488171209,10230814,Cà Phê Muối Chú Long - Võ Văn Kiệt,23/01/2026 13:51,"116,000","20,000",0,0,"23,568",0,"72,432"
2121,23016-488195539,10321523,Cà Phê Muối Chú Long - Thanh Nhàn,23/01/2026 13:49,"29,000",0,0,0,"7,120",0,"21,881"
2122,23016-488275780,10324687,Cà Phê Muối Chú Long - Huỳnh Tấn Phát,23/01/2026 13:53,"51,000","11,000",0,0,"9,820",0,"30,180"
2123,23016-488292051,10296675,Cà Phê Muối Chú Long - Trương Định,23/01/2026 13:54,"22,000","7,000",0,0,"3,683",0,"11,318"
2124,23016-488346252,10296675,Cà Phê Muối Chú Long - Trương Định,23/01/2026 14:14,"87,000",0,0,0,"21,359",0,"65,642"
2125,23016-488367619,10292015,Cà Phê Muối Chú Long - Long An,23/01/2026 13:43,"22,000","5,500",0,0,"4,051",0,"12,449"
2126,23016-488573760,10321523,Cà Phê Muối Chú Long - Thanh Nhàn,23/01/2026 14:23,"152,000","26,000",0,0,"30,933",0,"95,067"
2127,23016-488651128,10299524,Cà Phê Muối Chú Long - Lê Duẩn,23/01/2026 13:57,"44,000",0,0,0,"10,802",0,"33,198"
2128,23016-488776238,10321523,Cà Phê Muối Chú Long - Thanh Nhàn,23/01/2026 14:11,"58,000","11,000",0,0,"11,539",0,"35,462"
2129,23016-488779120,10298769,Cà Phê Muối Chú Long - Tôn Đức Thắng,23/01/2026 14:39,"87,000",0,0,0,"21,359",0,"65,642"
2130,23016-488784590,10321523,Cà Phê Muối Chú Long - Thanh Nhàn,23/01/2026 14:25,"66,000","11,000",0,0,"13,503",0,"41,498"
2131,23016-488836972,10321523,Cà Phê Muối Chú Long - Thanh Nhàn,23/01/2026 14:07,"94,000","15,000",0,0,"19,395",0,"59,606"
2132,23016-489192102,10216423,Cà Phê Muối Chú Long - 417 Cộng Hoà,23/01/2026 13:51,"50,000","20,000",0,0,"7,365",0,"22,635"
2133,23016-489204732,10350108,Cà Phê Muối Chú Long - Đường Láng,23/01/2026 14:07,"44,000","14,000",0,0,"7,365",0,"22,635"
2134,23016-489204539,10321524,Cà Phê Muối Chú Long - Đội Cấn,23/01/2026 14:05,"62,000","11,000",0,0,"12,521",0,"38,480"
2135,23016-489540439,10230171,Cà Phê Muối Chú Long - Bình Long,23/01/2026 13:46,"58,000","11,000",0,0,"11,539",0,"35,462"
2136,23016-489606063,10216423,Cà Phê Muối Chú Long - 417 Cộng Hoà,23/01/2026 14:19,"372,000","54,500",0,0,"77,946",0,"239,554"
2137,23016-489786017,10321524,Cà Phê Muối Chú Long - Đội Cấn,23/01/2026 18:33,"145,000","26,000",0,0,"29,215",0,"89,786"
2138,23016-489801703,10350108,Cà Phê Muối Chú Long - Đường Láng,23/01/2026 14:29,"174,000","26,000",0,0,"36,334",0,"111,666"
2139,23016-489807949,10350108,Cà Phê Muối Chú Long - Đường Láng,23/01/2026 14:08,"29,000",0,0,0,"7,120",0,"21,881"
2140,23016-489863872,10287867,Cà Phê Muối Chú Long - Classic,23/01/2026 13:58,"30,000",0,0,0,"7,365",0,"22,635"
2141,23016-489895974,10225888,Cà Phê Muối Chú Long - Lạc Long Quân,23/01/2026 13:47,"88,000",0,0,0,"21,604",0,"66,396"
2142,23016-490378666,10350108,Cà Phê Muối Chú Long - Đường Láng,23/01/2026 14:22,"87,000",0,0,0,"21,359",0,"65,642"
2143,23016-490472203,10298769,Cà Phê Muối Chú Long - Tôn Đức Thắng,23/01/2026 14:08,"51,000","11,000",0,0,"9,820",0,"30,180"
2144,23016-490512940,10321524,Cà Phê Muối Chú Long - Đội Cấn,23/01/2026 14:59,"125,000","17,500",0,0,"26,391",0,"81,109"
2145,23016-490538261,10296675,Cà Phê Muối Chú Long - Trương Định,23/01/2026 14:03,"108,000","20,000",0,0,"21,604",0,"66,396"
2146,23016-490755338,10321437,Cà Phê Muối Chú Long - Tây Ninh,23/01/2026 14:16,"29,000",0,0,0,"7,120",0,"21,881"
2147,23016-490781895,10321524,Cà Phê Muối Chú Long - Đội Cấn,23/01/2026 14:06,"127,000","17,500",0,0,"26,882",0,"82,618"
2148,23016-491028408,10235658,Cà Phê Muối Chú Long - Công Trường Quốc Tế,23/01/2026 14:08,"105,000","15,000",0,0,"22,095",0,"67,905"
2149,23016-491045809,10285817,Cà Phê Muối Chú Long - 1349 Cách Mạng Tháng 8,23/01/2026 13:53,"87,000","15,000",0,0,"17,676",0,"54,324"
2150,23016-491244706,10242271,Cà Phê Muối Chú Long - Vũng Tàu,23/01/2026 14:00,"130,000","20,000",0,0,"27,005",0,"82,995"
2151,23016-491417097,10321523,Cà Phê Muối Chú Long - Thanh Nhàn,23/01/2026 14:06,"62,000",0,0,0,"15,221",0,"46,779"
2152,23016-491434117,10386890,Cà Phê Muối Chú Long - Nha Trang,23/01/2026 14:01,"58,000",0,0,0,"14,239",0,"43,761"
2153,23016-491803600,10321523,Cà Phê Muối Chú Long - Thanh Nhàn,23/01/2026 14:13,"69,000","11,000",0,0,"14,239",0,"43,761"
2154,23016-491812527,10350108,Cà Phê Muối Chú Long - Đường Láng,23/01/2026 14:11,"44,000","14,000",0,0,"7,365",0,"22,635"
2155,23016-491861448,10225898,Cà Phê Muối Chú Long - Nguyễn Đình Chiểu,23/01/2026 14:12,"44,000","14,000",0,0,"7,365",0,"22,635"
2156,23016-492020610,10350108,Cà Phê Muối Chú Long - Đường Láng,23/01/2026 14:41,"52,000","11,000",0,0,"10,066",0,"30,935"
2157,23016-492040838,10298769,Cà Phê Muối Chú Long - Tôn Đức Thắng,23/01/2026 14:11,"58,000","11,000",0,0,"11,539",0,"35,462"
2158,23016-492147235,10321524,Cà Phê Muối Chú Long - Đội Cấn,23/01/2026 14:09,"37,000",0,0,0,"9,084",0,"27,917"
2159,23016-492190516,10350108,Cà Phê Muối Chú Long - Đường Láng,23/01/2026 15:20,"44,000","5,000",0,0,"9,575",0,"29,426"
2160,23016-492313033,10350108,Cà Phê Muối Chú Long - Đường Láng,23/01/2026 14:17,"132,000","20,000",0,0,"27,496",0,"84,504"
2161,23016-492315115,10350108,Cà Phê Muối Chú Long - Đường Láng,23/01/2026 14:08,"203,000","32,000",0,0,"41,981",0,"129,020"
2162,23016-492346419,10225871,Cà Phê Muối Chú Long - Đặng Nguyên Cẩn,23/01/2026 14:02,"83,000","15,000",0,0,"16,694",0,"51,306"
2163,23016-492392899,10235658,Cà Phê Muối Chú Long - Công Trường Quốc Tế,23/01/2026 13:58,"58,000",0,0,0,"14,239",0,"43,761"
2164,23016-492482518,10298769,Cà Phê Muối Chú Long - Tôn Đức Thắng,23/01/2026 14:40,"116,000",0,0,0,"28,478",0,"87,522"
2165,23016-492487689,10225898,Cà Phê Muối Chú Long - Nguyễn Đình Chiểu,23/01/2026 14:07,"25,000","10,000",0,0,"3,683",0,"11,318"
2166,23016-492504866,10321523,Cà Phê Muối Chú Long - Thanh Nhàn,23/01/2026 14:09,"125,000","17,500",0,0,"26,391",0,"81,109"
2167,23016-492850759,10350108,Cà Phê Muối Chú Long - Đường Láng,23/01/2026 15:06,"183,000","26,000",0,0,"38,544",0,"118,457"
2168,23016-492969907,10216423,Cà Phê Muối Chú Long - 417 Cộng Hoà,23/01/2026 14:07,"58,000","29,000",0,0,"7,120",0,"21,881"
2169,23016-493004196,10219545,Cà Phê Muối Chú Long - Nguyễn Huệ,23/01/2026 14:13,"163,000","26,000",0,0,"33,634",0,"103,367"
2170,23016-493059986,10225885,Cà Phê Muối Chú Long - Ngô Tất Tố,23/01/2026 13:52,"130,000","20,000",0,0,"27,005",0,"82,995"
2171,23016-493116439,10350108,Cà Phê Muối Chú Long - Đường Láng,23/01/2026 15:07,"101,000","15,000",0,0,"21,113",0,"64,887"
2172,23016-493161719,10298769,Cà Phê Muối Chú Long - Tôn Đức Thắng,23/01/2026 14:07,"44,000","14,000",0,0,"7,365",0,"22,635"
2173,23016-493164146,10321523,Cà Phê Muối Chú Long - Thanh Nhàn,23/01/2026 14:26,"120,000","20,000",0,0,"24,550",0,"75,450"
2174,23016-493365638,10225898,Cà Phê Muối Chú Long - Nguyễn Đình Chiểu,23/01/2026 14:08,"22,000","7,000",0,0,"3,683",0,"11,318"
2175,23016-493373861,10298769,Cà Phê Muối Chú Long - Tôn Đức Thắng,23/01/2026 14:37,"116,000","15,000",0,0,"24,796",0,"76,205"
2176,23016-493497969,10321523,Cà Phê Muối Chú Long - Thanh Nhàn,23/01/2026 14:13,"44,000","14,000",0,0,"7,365",0,"22,635"
2177,23016-493619738,10298824,Cà Phê Muối Chú Long - Hoàng Diệu,23/01/2026 13:59,"44,000","10,000",0,0,"8,347",0,"25,653"
2178,23016-493650848,10225902,Cà Phê Muối Chú Long - Hậu Giang,23/01/2026 14:04,"29,000","5,000",0,0,"5,892",0,"18,108"
2179,23016-493698297,10321523,Cà Phê Muối Chú Long - Thanh Nhàn,23/01/2026 14:14,"58,000","11,000",0,0,"11,539",0,"35,462"
2180,23016-493767800,10216423,Cà Phê Muối Chú Long - 417 Cộng Hoà,23/01/2026 14:14,"29,000",0,0,0,"7,120",0,"21,881"
2181,23016-493864025,10296675,Cà Phê Muối Chú Long - Trương Định,23/01/2026 14:06,"22,000","7,000",0,0,"3,683",0,"11,318"
2182,23016-493871007,10230171,Cà Phê Muối Chú Long - Bình Long,23/01/2026 14:08,"25,000","10,000",0,0,"3,683",0,"11,318"
2183,23016-493940855,10296675,Cà Phê Muối Chú Long - Trương Định,23/01/2026 14:10,"141,000","26,000",0,0,"28,233",0,"86,768"
2184,23016-493986304,10321524,Cà Phê Muối Chú Long - Đội Cấn,23/01/2026 14:30,"58,000","14,500",0,0,"10,679",0,"32,821"
2185,23016-494013321,10321523,Cà Phê Muối Chú Long - Thanh Nhàn,23/01/2026 14:27,"203,000","32,000",0,0,"41,981",0,"129,020"
2186,23016-494104094,10225895,Cà Phê Muối Chú Long - Cách Mạng Tháng 8,23/01/2026 13:50,"29,000","5,000",0,0,"5,892",0,"18,108"
2187,23016-494195724,10321523,Cà Phê Muối Chú Long - Thanh Nhàn,23/01/2026 14:04,"145,000","26,000",0,0,"29,215",0,"89,786"
2188,23016-494354524,10225902,Cà Phê Muối Chú Long - Hậu Giang,23/01/2026 14:15,"87,000","15,000",0,0,"17,676",0,"54,324"
2189,23016-494363822,10321524,Cà Phê Muối Chú Long - Đội Cấn,23/01/2026 14:12,"22,000","7,000",0,0,"3,683",0,"11,318"
2190,23016-494525170,10298769,Cà Phê Muối Chú Long - Tôn Đức Thắng,23/01/2026 14:19,"29,000","14,500",0,0,"3,560",0,"10,940"
2191,23016-494698947,10321524,Cà Phê Muối Chú Long - Đội Cấn,23/01/2026 15:45,"29,000","14,500",0,0,"3,560",0,"10,940"
2192,23016-494728437,10324687,Cà Phê Muối Chú Long - Huỳnh Tấn Phát,23/01/2026 13:56,"66,000","11,000",0,0,"13,503",0,"41,498"
2193,23016-495065734,10321523,Cà Phê Muối Chú Long - Thanh Nhàn,23/01/2026 14:09,"58,000","11,000",0,0,"11,539",0,"35,462"
2194,23016-495335095,10219545,Cà Phê Muối Chú Long - Nguyễn Huệ,23/01/2026 14:03,"58,000","11,000",0,0,"11,539",0,"35,462"
2195,23016-495732657,10216423,Cà Phê Muối Chú Long - 417 Cộng Hoà,23/01/2026 14:05,"54,000","11,000",0,0,"10,557",0,"32,444"
2196,23016-495931086,10225895,Cà Phê Muối Chú Long - Cách Mạng Tháng 8,23/01/2026 14:00,"79,000","11,000",0,0,"16,694",0,"51,306"
2197,23016-496178576,10321523,Cà Phê Muối Chú Long - Thanh Nhàn,23/01/2026 14:31,"22,000","7,000",0,0,"3,683",0,"11,318"
2198,23016-496241798,10350108,Cà Phê Muối Chú Long - Đường Láng,23/01/2026 15:13,"124,000","15,000",0,0,"26,760",0,"82,241"
2199,23016-496382329,10296675,Cà Phê Muối Chú Long - Trương Định,23/01/2026 14:08,"51,000","11,000",0,0,"9,820",0,"30,180"
2200,23016-496610419,10296675,Cà Phê Muối Chú Long - Trương Định,23/01/2026 14:09,"125,000","17,500",0,0,"26,391",0,"81,109"
2201,23016-496654270,10287867,Cà Phê Muối Chú Long - Classic,23/01/2026 14:11,"330,000","45,000",0,0,"69,968",0,"215,033"
2202,23016-496687473,10230793,Cà Phê Muối Chú Long - Huỳnh Văn Bánh,23/01/2026 14:17,"29,000","5,000",0,0,"5,892",0,"18,108"
2203,23016-496824401,10225898,Cà Phê Muối Chú Long - Nguyễn Đình Chiểu,23/01/2026 14:23,"22,000","7,000",0,0,"3,683",0,"11,318"
2204,23016-496962955,10296675,Cà Phê Muối Chú Long - Trương Định,23/01/2026 14:21,"191,000","26,000",0,0,"40,508",0,"124,493"
2205,23016-497059213,10225902,Cà Phê Muối Chú Long - Hậu Giang,23/01/2026 14:00,"76,000","11,000",0,0,"15,958",0,"49,043"
2206,23016-497078251,10296675,Cà Phê Muối Chú Long - Trương Định,23/01/2026 14:35,"58,000","11,000",0,0,"11,539",0,"35,462"
2207,23016-497606541,10296675,Cà Phê Muối Chú Long - Trương Định,23/01/2026 14:28,"58,000","11,000",0,0,"11,539",0,"35,462"
2208,23016-497618734,10298769,Cà Phê Muối Chú Long - Tôn Đức Thắng,23/01/2026 14:34,"261,000","45,000",0,0,"53,028",0,"162,972"
2209,23016-497695244,10225895,Cà Phê Muối Chú Long - Cách Mạng Tháng 8,23/01/2026 14:19,"203,000","32,000",0,0,"41,981",0,"129,020"
2210,23016-497928209,10321524,Cà Phê Muối Chú Long - Đội Cấn,23/01/2026 14:46,"145,000","26,000",0,0,"29,215",0,"89,786"
2211,23016-498178939,10321524,Cà Phê Muối Chú Long - Đội Cấn,23/01/2026 14:02,"145,000","26,000",0,0,"29,215",0,"89,786"
2212,23016-498557285,10321524,Cà Phê Muối Chú Long - Đội Cấn,23/01/2026 14:26,"119,000","17,500",0,0,"24,918",0,"76,582"
2213,23016-498646058,10233716,Cà Phê Muối Chú Long - 130 Thích Quảng Đức,23/01/2026 14:08,"29,000","7,000",0,0,"5,401",0,"16,599"
2214,23016-498651528,10298769,Cà Phê Muối Chú Long - Tôn Đức Thắng,23/01/2026 14:11,"22,000","7,000",0,0,"3,683",0,"11,318"
2215,23016-498796657,10381983,Cà Phê Muối Chú Long - Bạch Đằng,23/01/2026 14:16,"29,000",0,0,0,"7,120",0,"21,881"
2216,23016-498956127,10216423,Cà Phê Muối Chú Long - 417 Cộng Hoà,23/01/2026 14:25,"44,000","14,000",0,0,"7,365",0,"22,635"
2217,23016-498963031,10285817,Cà Phê Muối Chú Long - 1349 Cách Mạng Tháng 8,23/01/2026 14:03,"58,000","11,000",0,0,"11,539",0,"35,462"
2218,23016-499068864,10321524,Cà Phê Muối Chú Long - Đội Cấn,23/01/2026 14:46,"58,000","11,000",0,0,"11,539",0,"35,462"
2219,23016-499093491,10296675,Cà Phê Muối Chú Long - Trương Định,23/01/2026 14:10,"58,000","11,000",0,0,"11,539",0,"35,462"
2220,23016-499107207,10225888,Cà Phê Muối Chú Long - Lạc Long Quân,23/01/2026 14:12,"54,000","11,000",0,0,"10,557",0,"32,444"
2221,23016-499215650,10298769,Cà Phê Muối Chú Long - Tôn Đức Thắng,23/01/2026 14:32,"50,000","11,000",0,0,"9,575",0,"29,426"
2222,23016-499251417,10225895,Cà Phê Muối Chú Long - Cách Mạng Tháng 8,23/01/2026 14:13,"22,000","7,000",0,0,"3,683",0,"11,318"
2223,23016-499428379,10381892,Cà Phê Muối Chú Long - Phan Văn Trị,23/01/2026 14:27,"47,000",0,0,0,"11,539",0,"35,462"
2224,23016-499496890,10321524,Cà Phê Muối Chú Long - Đội Cấn,23/01/2026 14:40,"76,000","11,000",0,0,"15,958",0,"49,043"
2225,23016-499507117,10225898,Cà Phê Muối Chú Long - Nguyễn Đình Chiểu,23/01/2026 14:12,"22,000","7,000",0,0,"3,683",0,"11,318"
2226,23016-499605598,10235658,Cà Phê Muối Chú Long - Công Trường Quốc Tế,23/01/2026 14:19,"80,000","15,000",0,0,"15,958",0,"49,043"
2227,23016-499632367,10375372,Cà Phê Muối Chú Long - An Dương Vương,23/01/2026 14:30,"58,000",0,0,0,"14,239",0,"43,761"
2228,23016-500368682,10321523,Cà Phê Muối Chú Long - Thanh Nhàn,23/01/2026 14:30,"58,000","11,000",0,0,"11,539",0,"35,462"
2229,23016-500398794,10284115,Cà Phê Muối Chú Long - Kha Vạn Cân,23/01/2026 14:15,"44,000","14,000",0,0,"7,365",0,"22,635"
2230,23016-500416270,10321523,Cà Phê Muối Chú Long - Thanh Nhàn,23/01/2026 14:56,"58,000","11,000",0,0,"11,539",0,"35,462"
2231,23016-500580940,10321523,Cà Phê Muối Chú Long - Thanh Nhàn,23/01/2026 14:32,"176,000","26,000",0,0,"36,825",0,"113,175"
2232,23016-500604127,10321524,Cà Phê Muối Chú Long - Đội Cấn,23/01/2026 14:15,"29,000",0,0,0,"7,120",0,"21,881"
2233,23016-500610584,10235659,Cà Phê Muối Chú Long - Nguyễn Hữu Cảnh,23/01/2026 14:34,"29,000",0,0,0,"7,120",0,"21,881"
2234,23016-500814480,10233716,Cà Phê Muối Chú Long - 130 Thích Quảng Đức,23/01/2026 14:15,"110,000","20,000",0,0,"22,095",0,"67,905"
2235,23016-500970401,10296675,Cà Phê Muối Chú Long - Trương Định,23/01/2026 14:15,"22,000",0,0,0,"5,401",0,"16,599"
2236,23016-501170927,10321523,Cà Phê Muối Chú Long - Thanh Nhàn,23/01/2026 14:38,"29,000",0,0,0,"7,120",0,"21,881"
2237,23016-501194074,10292422,Cà Phê Muối Chú Long - Phan Thiết,23/01/2026 14:18,"58,000","10,000",0,0,"11,784",0,"36,216"
2238,23016-501288063,10287867,Cà Phê Muối Chú Long - Classic,23/01/2026 14:18,"30,000","15,000",0,0,"3,683",0,"11,318"
2239,23016-501666525,10287867,Cà Phê Muối Chú Long - Classic,23/01/2026 14:18,"60,000","30,000",0,0,"7,365",0,"22,635"
2240,23016-501794701,10225902,Cà Phê Muối Chú Long - Hậu Giang,23/01/2026 14:32,"50,000","20,000",0,0,"7,365",0,"22,635"
2241,23016-501803502,10350108,Cà Phê Muối Chú Long - Đường Láng,23/01/2026 14:57,"81,000","11,000",0,0,"17,185",0,"52,815"
2242,23016-502025634,10230171,Cà Phê Muối Chú Long - Bình Long,23/01/2026 14:20,"58,000","11,000",0,0,"11,539",0,"35,462"
2243,23016-502214316,10321524,Cà Phê Muối Chú Long - Đội Cấn,23/01/2026 14:09,"36,000",0,0,0,"8,838",0,"27,162"
2244,23016-502247551,10298769,Cà Phê Muối Chú Long - Tôn Đức Thắng,23/01/2026 14:23,"29,000","14,500",0,0,"3,560",0,"10,940"
2245,23016-502428659,10350108,Cà Phê Muối Chú Long - Đường Láng,23/01/2026 15:15,"29,000","14,500",0,0,"3,560",0,"10,940"
2246,23016-502490858,10298769,Cà Phê Muối Chú Long - Tôn Đức Thắng,23/01/2026 14:28,"29,000","5,000",0,0,"5,892",0,"18,108"
2247,23016-502570442,10354882,Cà Phê Muối Chú Long - Quảng Ngãi,23/01/2026 14:09,"88,000",0,0,0,"21,604",0,"66,396"
2248,23016-502785653,10225888,Cà Phê Muối Chú Long - Lạc Long Quân,23/01/2026 14:10,"87,000","15,000",0,0,"17,676",0,"54,324"
2249,23016-502833714,10296675,Cà Phê Muối Chú Long - Trương Định,23/01/2026 14:22,"50,000","11,000",0,0,"9,575",0,"29,426"
2250,23016-502872671,10230171,Cà Phê Muối Chú Long - Bình Long,23/01/2026 14:11,"58,000","11,000",0,0,"11,539",0,"35,462"
2251,23016-502926927,10235659,Cà Phê Muối Chú Long - Nguyễn Hữu Cảnh,23/01/2026 14:08,"37,000",0,0,0,"9,084",0,"27,917"
2252,23016-503466440,10219545,Cà Phê Muối Chú Long - Nguyễn Huệ,23/01/2026 14:08,"87,000",0,0,0,"21,359",0,"65,642"
2253,23016-503589220,10381983,Cà Phê Muối Chú Long - Bạch Đằng,23/01/2026 14:16,"152,000",0,0,0,"37,316",0,"114,684"
2254,23016-503628092,10225885,Cà Phê Muối Chú Long - Ngô Tất Tố,23/01/2026 14:14,"29,000",0,0,0,"7,120",0,"21,881"
2255,23016-503675797,10230814,Cà Phê Muối Chú Long - Võ Văn Kiệt,23/01/2026 14:27,"22,000","7,000",0,0,"3,683",0,"11,318"
2256,23016-503725939,10225888,Cà Phê Muối Chú Long - Lạc Long Quân,23/01/2026 14:13,"116,000","20,000",0,0,"23,568",0,"72,432"
2257,23016-503880832,10292422,Cà Phê Muối Chú Long - Phan Thiết,23/01/2026 14:11,"25,000","6,250",0,0,"4,603",0,"14,147"
2258,23016-504037268,10298769,Cà Phê Muối Chú Long - Tôn Đức Thắng,23/01/2026 14:30,"58,000","11,000",0,0,"11,539",0,"35,462"
2259,23016-504214929,10321524,Cà Phê Muối Chú Long - Đội Cấn,23/01/2026 14:34,"22,000","7,000",0,0,"3,683",0,"11,318"
2260,23016-504319936,10296675,Cà Phê Muối Chú Long - Trương Định,23/01/2026 14:10,"116,000","20,000",0,0,"23,568",0,"72,432"
2261,23016-504344629,10230171,Cà Phê Muối Chú Long - Bình Long,23/01/2026 14:16,"22,000","7,000",0,0,"3,683",0,"11,318"
2262,23016-504406045,10324687,Cà Phê Muối Chú Long - Huỳnh Tấn Phát,23/01/2026 14:18,"145,000","26,000",0,0,"29,215",0,"89,786"
2263,23016-504524959,10299524,Cà Phê Muối Chú Long - Lê Duẩn,23/01/2026 14:14,"29,000","7,250",0,0,"5,340",0,"16,410"
2264,23016-504562912,10381983,Cà Phê Muối Chú Long - Bạch Đằng,23/01/2026 14:38,"22,000","7,000",0,0,"3,683",0,"11,318"
2265,23016-504650010,10298769,Cà Phê Muối Chú Long - Tôn Đức Thắng,23/01/2026 14:46,"22,000","7,000",0,0,"3,683",0,"11,318"
2266,23016-504678916,10321524,Cà Phê Muối Chú Long - Đội Cấn,23/01/2026 14:30,"22,000",0,0,0,"5,401",0,"16,599"
2267,23016-504889575,10298769,Cà Phê Muối Chú Long - Tôn Đức Thắng,23/01/2026 14:47,"73,000","15,000",0,0,"14,239",0,"43,761"
2268,23016-504927578,10219545,Cà Phê Muối Chú Long - Nguyễn Huệ,23/01/2026 14:34,"22,000","7,000",0,0,"3,683",0,"11,318"
2269,23016-504934956,10287867,Cà Phê Muối Chú Long - Classic,23/01/2026 14:15,"30,000","15,000",0,0,"3,683",0,"11,318"
2270,23016-504937486,10225888,Cà Phê Muối Chú Long - Lạc Long Quân,23/01/2026 14:10,"51,000","11,000",0,0,"9,820",0,"30,180"
2271,23016-504984065,10225902,Cà Phê Muối Chú Long - Hậu Giang,23/01/2026 14:15,"129,000",0,0,0,"31,670",0,"97,331"
2272,23016-505167346,10242271,Cà Phê Muối Chú Long - Vũng Tàu,23/01/2026 14:25,"66,000","29,000",0,0,"9,084",0,"27,917"
2273,23016-505196390,10230814,Cà Phê Muối Chú Long - Võ Văn Kiệt,23/01/2026 14:22,"44,000",0,0,0,"10,802",0,"33,198"
2274,23016-505232594,10225871,Cà Phê Muối Chú Long - Đặng Nguyên Cẩn,23/01/2026 14:32,"65,000","11,000",0,0,"13,257",0,"40,743"
2275,23016-505311551,10340098,Cà Phê Muối Chú Long - Thuận An,23/01/2026 14:16,"80,000","29,000",0,0,"12,521",0,"38,480"
2276,23016-505326470,10225902,Cà Phê Muối Chú Long - Hậu Giang,23/01/2026 14:28,"116,000","20,000",0,0,"23,568",0,"72,432"
2277,23016-505340289,10230171,Cà Phê Muối Chú Long - Bình Long,23/01/2026 14:12,"29,000","14,500",0,0,"3,560",0,"10,940"
2278,23016-505542196,10321523,Cà Phê Muối Chú Long - Thanh Nhàn,23/01/2026 14:43,"105,000","15,000",0,0,"22,095",0,"67,905"
2279,23016-505563129,10350108,Cà Phê Muối Chú Long - Đường Láng,23/01/2026 15:38,"58,000","11,000",0,0,"11,539",0,"35,462"
2280,23016-505637729,10296675,Cà Phê Muối Chú Long - Trương Định,23/01/2026 14:15,"125,000","20,000",0,0,"25,778",0,"79,223"
2281,23016-505727159,10386890,Cà Phê Muối Chú Long - Nha Trang,23/01/2026 14:17,"113,000",0,0,0,"27,742",0,"85,259"
2282,23016-505759562,10298769,Cà Phê Muối Chú Long - Tôn Đức Thắng,23/01/2026 14:50,"22,000","7,000",0,0,"3,683",0,"11,318"
2283,23016-505795955,10321523,Cà Phê Muối Chú Long - Thanh Nhàn,23/01/2026 14:47,"22,000","5,000",0,0,"4,174",0,"12,827"
2284,23016-505997021,10232123,Cà Phê Muối Chú Long - 17A Ngô Tất Tố,23/01/2026 14:19,"65,000","11,000",0,0,"13,257",0,"40,743"
2285,23016-506150276,10340098,Cà Phê Muối Chú Long - Thuận An,23/01/2026 14:22,"110,000","15,000",0,0,"23,323",0,"71,678"
2286,23016-506215721,10321523,Cà Phê Muối Chú Long - Thanh Nhàn,23/01/2026 14:31,"82,000",0,0,0,"20,131",0,"61,869"
2287,23016-506251525,10298824,Cà Phê Muối Chú Long - Hoàng Diệu,23/01/2026 14:34,"29,000","14,500",0,0,"3,560",0,"10,940"
2288,23016-506281452,10298769,Cà Phê Muối Chú Long - Tôn Đức Thắng,23/01/2026 14:38,"157,000","26,000",0,0,"32,161",0,"98,840"
2289,23016-506570907,10296675,Cà Phê Muối Chú Long - Trương Định,23/01/2026 14:41,"173,000","26,000",0,0,"36,089",0,"110,912"
2290,23016-506713196,10386890,Cà Phê Muối Chú Long - Nha Trang,23/01/2026 14:40,"66,000",0,0,0,"16,203",0,"49,797"
2291,23016-506718704,10386890,Cà Phê Muối Chú Long - Nha Trang,23/01/2026 14:26,"29,000",0,0,0,"7,120",0,"21,881"
2292,23016-506764625,10299524,Cà Phê Muối Chú Long - Lê Duẩn,23/01/2026 14:18,"261,000","37,500",0,0,"54,869",0,"168,631"
2293,23016-506974686,10296675,Cà Phê Muối Chú Long - Trương Định,23/01/2026 15:03,"116,000","15,000",0,0,"24,796",0,"76,205"
2294,23016-507218171,10232123,Cà Phê Muối Chú Long - 17A Ngô Tất Tố,23/01/2026 14:27,"122,000","17,500",0,0,"25,655",0,"78,845"
2295,23016-507327717,10296675,Cà Phê Muối Chú Long - Trương Định,23/01/2026 14:39,"58,000","11,000",0,0,"11,539",0,"35,462"
2296,23016-507512614,10225898,Cà Phê Muối Chú Long - Nguyễn Đình Chiểu,23/01/2026 14:19,"145,000","26,000",0,0,"29,215",0,"89,786"
2297,23016-507717933,10298769,Cà Phê Muối Chú Long - Tôn Đức Thắng,23/01/2026 14:29,"179,000","26,000",0,0,"37,562",0,"115,439"
2298,23016-507767173,10225885,Cà Phê Muối Chú Long - Ngô Tất Tố,23/01/2026 14:25,"29,000",0,0,0,"7,120",0,"21,881"
2299,23016-507924308,10235659,Cà Phê Muối Chú Long - Nguyễn Hữu Cảnh,23/01/2026 14:21,"54,000","11,000",0,0,"10,557",0,"32,444"
2300,23016-507989675,10287840,Cà Phê Muối Chú Long - Long Xuyên,23/01/2026 14:18,"29,000",0,0,0,"7,120",0,"21,881"
2301,23016-508086951,10298824,Cà Phê Muối Chú Long - Hoàng Diệu,23/01/2026 14:30,"29,000","7,250",0,0,"5,340",0,"16,410"
2302,23016-508185965,10232123,Cà Phê Muối Chú Long - 17A Ngô Tất Tố,23/01/2026 15:13,"113,000","20,000",0,0,"22,832",0,"70,169"
2303,23016-509107338,10225898,Cà Phê Muối Chú Long - Nguyễn Đình Chiểu,23/01/2026 14:25,"29,000",0,0,0,"7,120",0,"21,881"
2304,23016-509202757,10321523,Cà Phê Muối Chú Long - Thanh Nhàn,23/01/2026 14:45,"174,000","26,000",0,0,"36,334",0,"111,666"
2305,23016-509374497,10386890,Cà Phê Muối Chú Long - Nha Trang,23/01/2026 15:00,"91,000",0,0,0,"22,341",0,"68,660"
2306,23016-509392074,10230171,Cà Phê Muối Chú Long - Bình Long,23/01/2026 14:20,"29,000",0,0,0,"7,120",0,"21,881"
2307,23016-509659083,10321524,Cà Phê Muối Chú Long - Đội Cấn,23/01/2026 14:45,"36,000",0,0,0,"8,838",0,"27,162"
2308,23016-509951761,10285817,Cà Phê Muối Chú Long - 1349 Cách Mạng Tháng 8,23/01/2026 14:29,"375,000","54,500",0,0,"78,683",0,"241,817"
2309,23016-509960724,10230793,Cà Phê Muối Chú Long - Huỳnh Văn Bánh,23/01/2026 14:29,"22,000","7,000",0,0,"3,683",0,"11,318"
2310,23016-509963995,10298769,Cà Phê Muối Chú Long - Tôn Đức Thắng,23/01/2026 14:56,"197,000","26,000",0,0,"41,981",0,"129,020"
2311,23016-510389194,10284115,Cà Phê Muối Chú Long - Kha Vạn Cân,23/01/2026 14:38,"91,000",0,0,0,"22,341",0,"68,660"
2312,23016-510515497,10321524,Cà Phê Muối Chú Long - Đội Cấn,23/01/2026 14:52,"58,000","11,000",0,0,"11,539",0,"35,462"
2313,23016-510579242,10321523,Cà Phê Muối Chú Long - Thanh Nhàn,23/01/2026 14:36,"58,000","11,000",0,0,"11,539",0,"35,462"
2314,23016-510715886,10321523,Cà Phê Muối Chú Long - Thanh Nhàn,23/01/2026 14:52,"29,000",0,0,0,"7,120",0,"21,881"
2315,23016-510767559,10321523,Cà Phê Muối Chú Long - Thanh Nhàn,23/01/2026 14:34,"98,000","15,000",0,0,"20,377",0,"62,624"
2316,23016-510880800,10287867,Cà Phê Muối Chú Long - Classic,23/01/2026 14:21,"30,000",0,0,0,"7,365",0,"22,635"
2317,23016-510879850,10321524,Cà Phê Muối Chú Long - Đội Cấn,23/01/2026 14:33,"66,000","11,000",0,0,"13,503",0,"41,498"
2318,23016-510918636,10230793,Cà Phê Muối Chú Long - Huỳnh Văn Bánh,23/01/2026 14:30,"87,000",0,0,0,"21,359",0,"65,642"
2319,23016-510930452,10375372,Cà Phê Muối Chú Long - An Dương Vương,23/01/2026 14:24,"22,000",0,0,0,"5,401",0,"16,599"
2320,23016-511042353,10298769,Cà Phê Muối Chú Long - Tôn Đức Thắng,23/01/2026 15:04,"74,000","15,000",0,0,"14,485",0,"44,516"
2321,23016-511148456,10321523,Cà Phê Muối Chú Long - Thanh Nhàn,23/01/2026 14:36,"58,000","11,000",0,0,"11,539",0,"35,462"
2322,23016-511176607,10386890,Cà Phê Muối Chú Long - Nha Trang,23/01/2026 14:21,"29,000",0,0,0,"7,120",0,"21,881"
2323,23016-511305184,10230171,Cà Phê Muối Chú Long - Bình Long,23/01/2026 14:37,"29,000",0,0,0,"7,120",0,"21,881"
2324,23016-511425789,10225888,Cà Phê Muối Chú Long - Lạc Long Quân,23/01/2026 14:31,"58,000","11,000",0,0,"11,539",0,"35,462"
2325,23016-511489003,10381892,Cà Phê Muối Chú Long - Phan Văn Trị,23/01/2026 14:30,"22,000","7,000",0,0,"3,683",0,"11,318"
2326,23016-511651016,10225898,Cà Phê Muối Chú Long - Nguyễn Đình Chiểu,23/01/2026 14:36,"22,000","7,000",0,0,"3,683",0,"11,318"
2327,23016-511698159,10298769,Cà Phê Muối Chú Long - Tôn Đức Thắng,23/01/2026 14:49,"25,000","5,000",0,0,"4,910",0,"15,090"
2328,23016-511794735,10285817,Cà Phê Muối Chú Long - 1349 Cách Mạng Tháng 8,23/01/2026 14:22,"29,000",0,0,0,"7,120",0,"21,881"
2329,23016-511935305,10321523,Cà Phê Muối Chú Long - Thanh Nhàn,23/01/2026 14:45,"58,000","11,000",0,0,"11,539",0,"35,462"
2330,23016-511963313,10225898,Cà Phê Muối Chú Long - Nguyễn Đình Chiểu,23/01/2026 14:51,"44,000","14,000",0,0,"7,365",0,"22,635"
2331,23016-512178802,10298769,Cà Phê Muối Chú Long - Tôn Đức Thắng,23/01/2026 14:52,"195,000","26,000",0,0,"41,490",0,"127,511"
2332,23016-512584435,10230814,Cà Phê Muối Chú Long - Võ Văn Kiệt,23/01/2026 14:35,"44,000","14,000",0,0,"7,365",0,"22,635"
2333,23016-512661066,10225902,Cà Phê Muối Chú Long - Hậu Giang,23/01/2026 14:23,"69,000","11,000",0,0,"14,239",0,"43,761"
2334,23016-512714771,10296675,Cà Phê Muối Chú Long - Trương Định,23/01/2026 14:41,"228,000","32,000",0,0,"48,118",0,"147,882"
2335,23016-512903095,10350108,Cà Phê Muối Chú Long - Đường Láng,23/01/2026 15:17,"29,000","14,500",0,0,"3,560",0,"10,940"
2336,23016-512985052,10381892,Cà Phê Muối Chú Long - Phan Văn Trị,23/01/2026 14:40,"51,000",0,0,0,"12,521",0,"38,480"
2337,23016-513183653,10386890,Cà Phê Muối Chú Long - Nha Trang,23/01/2026 14:40,"44,000",0,0,0,"10,802",0,"33,198"
2338,23016-513199334,10386890,Cà Phê Muối Chú Long - Nha Trang,23/01/2026 14:52,"37,000",0,0,0,"9,084",0,"27,917"
2339,23016-513405064,10225888,Cà Phê Muối Chú Long - Lạc Long Quân,23/01/2026 14:25,"58,000","11,000",0,0,"11,539",0,"35,462"
2340,23016-513461002,10219545,Cà Phê Muối Chú Long - Nguyễn Huệ,23/01/2026 14:37,"58,000","11,000",0,0,"11,539",0,"35,462"
2341,23016-513484482,10299524,Cà Phê Muối Chú Long - Lê Duẩn,23/01/2026 14:38,"87,000",0,0,0,"21,359",0,"65,642"
2342,23016-513574335,10321439,Cà Phê Muối Chú Long - Vĩnh Long,23/01/2026 14:27,"104,000","15,000",0,0,"21,850",0,"67,151"
2343,23016-513800474,10225902,Cà Phê Muối Chú Long - Hậu Giang,23/01/2026 14:33,"58,000","11,000",0,0,"11,539",0,"35,462"
2344,23016-513893388,10296675,Cà Phê Muối Chú Long - Trương Định,23/01/2026 14:59,"29,000","14,500",0,0,"3,560",0,"10,940"
2345,23016-514376538,10321523,Cà Phê Muối Chú Long - Thanh Nhàn,23/01/2026 14:31,"55,000","11,000",0,0,"10,802",0,"33,198"
2346,23016-514406052,10235658,Cà Phê Muối Chú Long - Công Trường Quốc Tế,23/01/2026 14:33,"74,000","11,000",0,0,"15,467",0,"47,534"
2347,23016-514930173,10321523,Cà Phê Muối Chú Long - Thanh Nhàn,23/01/2026 14:43,"83,000",0,0,0,"20,377",0,"62,624"
2348,23016-514957046,10321523,Cà Phê Muối Chú Long - Thanh Nhàn,23/01/2026 14:36,"83,000",0,0,0,"20,377",0,"62,624"
2349,23016-514980984,10321523,Cà Phê Muối Chú Long - Thanh Nhàn,23/01/2026 15:04,"22,000","7,000",0,0,"3,683",0,"11,318"
2350,23016-514977601,10225895,Cà Phê Muối Chú Long - Cách Mạng Tháng 8,23/01/2026 14:38,"29,000","7,000",0,0,"5,401",0,"16,599"
2351,23016-515040162,10225898,Cà Phê Muối Chú Long - Nguyễn Đình Chiểu,23/01/2026 14:40,"72,000",0,0,0,"17,676",0,"54,324"
2352,23016-515124740,10321524,Cà Phê Muối Chú Long - Đội Cấn,23/01/2026 14:44,"130,000","20,000",0,0,"27,005",0,"82,995"
2353,23016-515148882,10225898,Cà Phê Muối Chú Long - Nguyễn Đình Chiểu,23/01/2026 14:36,"149,000","26,000",0,0,"30,197",0,"92,804"
2354,23016-515268358,10350108,Cà Phê Muối Chú Long - Đường Láng,23/01/2026 15:05,"58,000","11,000",0,0,"11,539",0,"35,462"
2355,23016-515318615,10321524,Cà Phê Muối Chú Long - Đội Cấn,23/01/2026 14:36,"108,000",0,0,0,"26,514",0,"81,486"
2356,23016-515409596,10321524,Cà Phê Muối Chú Long - Đội Cấn,23/01/2026 14:37,"87,000",0,0,0,"21,359",0,"65,642"
2357,23016-515442100,10321523,Cà Phê Muối Chú Long - Thanh Nhàn,23/01/2026 14:50,"116,000","15,000",0,0,"24,796",0,"76,205"
2358,23016-515488152,10381892,Cà Phê Muối Chú Long - Phan Văn Trị,23/01/2026 15:05,"158,000",0,0,0,"38,789",0,"119,211"
2359,23016-515545860,10230171,Cà Phê Muối Chú Long - Bình Long,23/01/2026 14:31,"44,000","14,000",0,0,"7,365",0,"22,635"
2360,23016-515563607,10298769,Cà Phê Muối Chú Long - Tôn Đức Thắng,23/01/2026 14:48,"29,000",0,0,0,"7,120",0,"21,881"
2361,23016-515601485,10296675,Cà Phê Muối Chú Long - Trương Định,23/01/2026 15:05,"94,000","15,000",0,0,"19,395",0,"59,606"
2362,23016-515673567,10299524,Cà Phê Muối Chú Long - Lê Duẩn,23/01/2026 14:54,"22,000","7,000",0,0,"3,683",0,"11,318"
2363,23016-515812714,10219545,Cà Phê Muối Chú Long - Nguyễn Huệ,23/01/2026 14:39,"22,000","7,000",0,0,"3,683",0,"11,318"
2364,23016-515960630,10292015,Cà Phê Muối Chú Long - Long An,23/01/2026 14:30,"101,000",0,0,0,"24,796",0,"76,205"
2365,23016-516174303,10298769,Cà Phê Muối Chú Long - Tôn Đức Thắng,23/01/2026 15:02,"65,000","11,000",0,0,"13,257",0,"40,743"
2366,23016-516387544,10298824,Cà Phê Muối Chú Long - Hoàng Diệu,23/01/2026 14:48,"25,000","10,000",0,0,"3,683",0,"11,318"
2367,23016-516605758,10298824,Cà Phê Muối Chú Long - Hoàng Diệu,23/01/2026 14:37,"29,000","14,500",0,0,"3,560",0,"10,940"
2368,23016-516703115,10230171,Cà Phê Muối Chú Long - Bình Long,23/01/2026 14:36,"22,000","7,000",0,0,"3,683",0,"11,318"
2369,23016-516866159,10321523,Cà Phê Muối Chú Long - Thanh Nhàn,23/01/2026 15:12,"44,000","14,000",0,0,"7,365",0,"22,635"
2370,23016-516933692,10230814,Cà Phê Muối Chú Long - Võ Văn Kiệt,23/01/2026 15:03,"369,000","45,000",0,0,"79,542",0,"244,458"
2371,23016-517019628,10307386,Cà Phê Muối Chú Long - Kiên Giang,23/01/2026 14:42,"50,000","11,000",0,0,"9,575",0,"29,426"
2372,23016-517050710,10230793,Cà Phê Muối Chú Long - Huỳnh Văn Bánh,23/01/2026 14:46,"58,000",0,0,0,"14,239",0,"43,761"
2373,23016-517100623,10375372,Cà Phê Muối Chú Long - An Dương Vương,23/01/2026 14:39,"22,000","7,000",0,0,"3,683",0,"11,318"
2374,23016-517344917,10298769,Cà Phê Muối Chú Long - Tôn Đức Thắng,23/01/2026 14:58,"29,000",0,0,0,"7,120",0,"21,881"
2375,23016-517735864,10225902,Cà Phê Muối Chú Long - Hậu Giang,23/01/2026 14:51,"80,000","15,000",0,0,"15,958",0,"49,043"
2376,23016-517920326,10350108,Cà Phê Muối Chú Long - Đường Láng,23/01/2026 15:49,"29,000",0,0,0,"7,120",0,"21,881"
2377,23016-518185757,10225885,Cà Phê Muối Chú Long - Ngô Tất Tố,23/01/2026 15:02,"22,000","7,000",0,0,"3,683",0,"11,318"
2378,23016-518260538,10284115,Cà Phê Muối Chú Long - Kha Vạn Cân,23/01/2026 14:34,"29,000","5,000",0,0,"5,892",0,"18,108"
2379,23016-518321393,10287867,Cà Phê Muối Chú Long - Classic,23/01/2026 14:54,"34,000","19,000",0,0,"3,683",0,"11,318"
2380,23016-518466773,10321523,Cà Phê Muối Chú Long - Thanh Nhàn,23/01/2026 15:06,"47,000","17,000",0,0,"7,365",0,"22,635"
2381,23016-518550664,10321523,Cà Phê Muối Chú Long - Thanh Nhàn,23/01/2026 14:57,"66,000","11,000",0,0,"13,503",0,"41,498"
2382,23016-518671511,10321523,Cà Phê Muối Chú Long - Thanh Nhàn,23/01/2026 14:50,"58,000","11,000",0,0,"11,539",0,"35,462"
2383,23016-519027351,10230814,Cà Phê Muối Chú Long - Võ Văn Kiệt,23/01/2026 14:52,"174,000","26,000",0,0,"36,334",0,"111,666"
2384,23016-519033436,10350108,Cà Phê Muối Chú Long - Đường Láng,23/01/2026 15:42,"76,000","15,000",0,0,"14,976",0,"46,025"
2385,23016-519101223,10315543,Cà Phê Muối Chú Long - Bến Tre,23/01/2026 14:29,"36,000","9,000",0,0,"6,629",0,"20,372"
2386,23016-519145895,10287867,Cà Phê Muối Chú Long - Classic,23/01/2026 14:42,"31,000","5,000",0,0,"6,383",0,"19,617"
2387,23016-519453075,10296675,Cà Phê Muối Chú Long - Trương Định,23/01/2026 14:32,"44,000","14,000",0,0,"7,365",0,"22,635"
2388,23016-519523199,10235658,Cà Phê Muối Chú Long - Công Trường Quốc Tế,23/01/2026 14:34,"51,000","11,000",0,0,"9,820",0,"30,180"
2389,23016-519555184,10350108,Cà Phê Muối Chú Long - Đường Láng,23/01/2026 14:59,"25,000","10,000",0,0,"3,683",0,"11,318"
2390,23016-519635094,10225902,Cà Phê Muối Chú Long - Hậu Giang,23/01/2026 14:42,"25,000","10,000",0,0,"3,683",0,"11,318"
2391,23016-519978806,10296675,Cà Phê Muối Chú Long - Trương Định,23/01/2026 15:16,"366,000","37,500",0,0,"80,647",0,"247,853"
2392,23016-520034065,10287867,Cà Phê Muối Chú Long - Classic,23/01/2026 14:38,"30,000","5,000",0,0,"6,138",0,"18,863"
2393,23016-520201783,10298769,Cà Phê Muối Chú Long - Tôn Đức Thắng,23/01/2026 14:58,"66,000","11,000",0,0,"13,503",0,"41,498"
2394,23016-520206531,10350108,Cà Phê Muối Chú Long - Đường Láng,23/01/2026 15:05,"29,000","14,500",0,0,"3,560",0,"10,940"
2395,23016-520525965,10296675,Cà Phê Muối Chú Long - Trương Định,23/01/2026 15:02,"141,000","26,000",0,0,"28,233",0,"86,768"
2396,23016-520683757,10292422,Cà Phê Muối Chú Long - Phan Thiết,23/01/2026 14:47,"58,000","11,000",0,0,"11,539",0,"35,462"
2397,23016-520862722,10235663,Cà Phê Muối Chú Long - Hà Huy Giáp,23/01/2026 14:42,"66,000",0,0,0,"16,203",0,"49,797"
2398,23016-521027895,10292015,Cà Phê Muối Chú Long - Long An,23/01/2026 14:38,"36,000","9,000",0,0,"6,629",0,"20,372"
2399,23016-521032750,10235663,Cà Phê Muối Chú Long - Hà Huy Giáp,23/01/2026 14:36,"58,000","11,000",0,0,"11,539",0,"35,462"
2400,23016-521057422,10375372,Cà Phê Muối Chú Long - An Dương Vương,23/01/2026 14:43,"44,000","14,000",0,0,"7,365",0,"22,635"
2401,23016-521278183,10269971,Cà Phê Muối Chú Long - Cần Thơ,23/01/2026 14:45,"29,000",0,0,0,"7,120",0,"21,881"
2402,23016-521378435,10321524,Cà Phê Muối Chú Long - Đội Cấn,23/01/2026 14:51,"124,000","20,000",0,0,"25,532",0,"78,468"
2403,23016-521645190,10321524,Cà Phê Muối Chú Long - Đội Cấn,23/01/2026 15:30,"232,000","32,000",0,0,"49,100",0,"150,900"
2404,23016-521745896,10321523,Cà Phê Muối Chú Long - Thanh Nhàn,23/01/2026 15:02,"29,000","7,000",0,0,"5,401",0,"16,599"
2405,23016-521754409,10230793,Cà Phê Muối Chú Long - Huỳnh Văn Bánh,23/01/2026 14:43,"44,000",0,0,0,"10,802",0,"33,198"
2406,23016-521856724,10298824,Cà Phê Muối Chú Long - Hoàng Diệu,23/01/2026 14:49,"29,000","7,250",0,0,"5,340",0,"16,410"
2407,23016-522001135,10296675,Cà Phê Muối Chú Long - Trương Định,23/01/2026 15:25,"29,000","7,000",0,0,"5,401",0,"16,599"
2408,23016-522281539,10321524,Cà Phê Muối Chú Long - Đội Cấn,23/01/2026 15:22,"54,000","11,000",0,0,"10,557",0,"32,444"
2409,23016-522304330,10307386,Cà Phê Muối Chú Long - Kiên Giang,23/01/2026 14:44,"44,000","10,000",0,0,"8,347",0,"25,653"
2410,23016-522300570,10216423,Cà Phê Muối Chú Long - 417 Cộng Hoà,23/01/2026 14:45,"44,000","14,000",0,0,"7,365",0,"22,635"
2411,23016-522444643,10375372,Cà Phê Muối Chú Long - An Dương Vương,23/01/2026 14:55,"51,000",0,0,0,"12,521",0,"38,480"
2412,23016-522465206,10232123,Cà Phê Muối Chú Long - 17A Ngô Tất Tố,23/01/2026 15:06,"87,000","15,000",0,0,"17,676",0,"54,324"
2413,23016-522488730,10321523,Cà Phê Muối Chú Long - Thanh Nhàn,23/01/2026 15:04,"58,000","11,000",0,0,"11,539",0,"35,462"
2414,23016-522499950,10219545,Cà Phê Muối Chú Long - Nguyễn Huệ,23/01/2026 14:58,"22,000","7,000",0,0,"3,683",0,"11,318"
2415,23016-522535724,10321523,Cà Phê Muối Chú Long - Thanh Nhàn,23/01/2026 14:59,"83,000","15,000",0,0,"16,694",0,"51,306"
2416,23016-522584388,10307386,Cà Phê Muối Chú Long - Kiên Giang,23/01/2026 14:42,"22,000","7,000",0,0,"3,683",0,"11,318"
2417,23016-522713375,10230171,Cà Phê Muối Chú Long - Bình Long,23/01/2026 15:02,"22,000","7,000",0,0,"3,683",0,"11,318"
2418,23016-522788142,10225895,Cà Phê Muối Chú Long - Cách Mạng Tháng 8,23/01/2026 14:50,"25,000","10,000",0,0,"3,683",0,"11,318"
2419,23016-523061391,10296675,Cà Phê Muối Chú Long - Trương Định,23/01/2026 14:48,"83,000","15,000",0,0,"16,694",0,"51,306"
2420,23016-523141546,10350108,Cà Phê Muối Chú Long - Đường Láng,23/01/2026 15:32,"22,000","7,000",0,0,"3,683",0,"11,318"
2421,23016-523171186,10298769,Cà Phê Muối Chú Long - Tôn Đức Thắng,23/01/2026 15:07,"51,000","11,000",0,0,"9,820",0,"30,180"
2422,23016-523433056,10298769,Cà Phê Muối Chú Long - Tôn Đức Thắng,23/01/2026 14:46,"29,000",0,0,0,"7,120",0,"21,881"
2423,23016-523513993,10296675,Cà Phê Muối Chú Long - Trương Định,23/01/2026 15:20,"87,000",0,0,0,"21,359",0,"65,642"
2424,23016-523599245,10287867,Cà Phê Muối Chú Long - Classic,23/01/2026 14:48,"30,000","15,000",0,0,"3,683",0,"11,318"
2425,23016-523702820,10296675,Cà Phê Muối Chú Long - Trương Định,23/01/2026 15:37,"174,000","26,000",0,0,"36,334",0,"111,666"
2426,23016-523731601,10350108,Cà Phê Muối Chú Long - Đường Láng,23/01/2026 15:16,"102,000","20,000",0,0,"20,131",0,"61,869"
2427,23016-524381489,10225888,Cà Phê Muối Chú Long - Lạc Long Quân,23/01/2026 14:42,"51,000","11,000",0,0,"9,820",0,"30,180"
2428,23016-524945665,10230171,Cà Phê Muối Chú Long - Bình Long,23/01/2026 14:50,"242,000","32,000",0,0,"51,555",0,"158,445"
2429,23016-525048063,10298769,Cà Phê Muối Chú Long - Tôn Đức Thắng,23/01/2026 15:22,"29,000",0,0,0,"7,120",0,"21,881"
2430,23016-525111944,10350108,Cà Phê Muối Chú Long - Đường Láng,23/01/2026 15:28,"22,000","7,000",0,0,"3,683",0,"11,318"
2431,23016-525127351,10386890,Cà Phê Muối Chú Long - Nha Trang,23/01/2026 15:03,"250,000",0,0,0,"61,375",0,"188,625"
2432,23016-525239801,10386890,Cà Phê Muối Chú Long - Nha Trang,23/01/2026 15:10,"58,000",0,0,0,"14,239",0,"43,761"
2433,23016-525359576,10298769,Cà Phê Muối Chú Long - Tôn Đức Thắng,23/01/2026 15:05,"22,000","7,000",0,0,"3,683",0,"11,318"
2434,23016-525647433,10298769,Cà Phê Muối Chú Long - Tôn Đức Thắng,23/01/2026 15:23,"58,000","11,000",0,0,"11,539",0,"35,462"
2435,23016-525700840,10230171,Cà Phê Muối Chú Long - Bình Long,23/01/2026 14:53,"29,000",0,0,0,"7,120",0,"21,881"
2436,23016-526380468,10350108,Cà Phê Muối Chú Long - Đường Láng,23/01/2026 15:21,"22,000","7,000",0,0,"3,683",0,"11,318"
2437,23016-526450734,10350108,Cà Phê Muối Chú Long - Đường Láng,23/01/2026 15:08,"37,000",0,0,0,"9,084",0,"27,917"
2438,23016-526524595,10321524,Cà Phê Muối Chú Long - Đội Cấn,23/01/2026 15:08,"87,000",0,0,0,"21,359",0,"65,642"
2439,23016-526616224,10354891,Cà Phê Muối Chú Long - Trà Vinh,23/01/2026 14:52,"22,000","7,000",0,0,"3,683",0,"11,318"
2440,23016-526704747,10230814,Cà Phê Muối Chú Long - Võ Văn Kiệt,23/01/2026 14:50,"87,000",0,0,0,"21,359",0,"65,642"
2441,23016-526877895,10296675,Cà Phê Muối Chú Long - Trương Định,23/01/2026 15:04,"54,000","11,000",0,0,"10,557",0,"32,444"
2442,23016-526886140,10298769,Cà Phê Muối Chú Long - Tôn Đức Thắng,23/01/2026 15:23,"29,000","14,500",0,0,"3,560",0,"10,940"
2443,23016-527067211,10298769,Cà Phê Muối Chú Long - Tôn Đức Thắng,23/01/2026 15:00,"61,000","11,000",0,0,"12,275",0,"37,725"
2444,23016-527241512,10350108,Cà Phê Muối Chú Long - Đường Láng,23/01/2026 15:40,"94,000","15,000",0,0,"19,395",0,"59,606"
2445,23016-527269537,10298769,Cà Phê Muối Chú Long - Tôn Đức Thắng,23/01/2026 15:04,"22,000",0,0,0,"5,401",0,"16,599"
2446,23016-527308156,10350108,Cà Phê Muối Chú Long - Đường Láng,23/01/2026 15:03,"29,000",0,0,0,"7,120",0,"21,881"
2447,23016-527384950,10298824,Cà Phê Muối Chú Long - Hoàng Diệu,23/01/2026 15:01,"168,000","26,000",0,0,"34,861",0,"107,139"
2448,23016-527485372,10235659,Cà Phê Muối Chú Long - Nguyễn Hữu Cảnh,23/01/2026 15:01,"130,000","20,000",0,0,"27,005",0,"82,995"
2449,23016-527796086,10284115,Cà Phê Muối Chú Long - Kha Vạn Cân,23/01/2026 14:59,"58,000","11,000",0,0,"11,539",0,"35,462"
2450,23016-528451155,10321524,Cà Phê Muối Chú Long - Đội Cấn,23/01/2026 15:02,"58,000","11,000",0,0,"11,539",0,"35,462"
2451,23016-528502027,10321524,Cà Phê Muối Chú Long - Đội Cấn,23/01/2026 15:11,"58,000","11,000",0,0,"11,539",0,"35,462"
2452,23016-528670712,10298769,Cà Phê Muối Chú Long - Tôn Đức Thắng,23/01/2026 15:35,"174,000","26,000",0,0,"36,334",0,"111,666"
2453,23016-529364555,10225898,Cà Phê Muối Chú Long - Nguyễn Đình Chiểu,23/01/2026 15:01,"25,000","5,000",0,0,"4,910",0,"15,090"
2454,23016-529530458,10298769,Cà Phê Muối Chú Long - Tôn Đức Thắng,23/01/2026 15:04,"58,000","11,000",0,0,"11,539",0,"35,462"
2455,23016-529601050,10298824,Cà Phê Muối Chú Long - Hoàng Diệu,23/01/2026 15:22,"44,000","10,000",0,0,"8,347",0,"25,653"
2456,23016-529670613,10296675,Cà Phê Muối Chú Long - Trương Định,23/01/2026 15:14,"44,000","14,000",0,0,"7,365",0,"22,635"
2457,23016-529734123,10230793,Cà Phê Muối Chú Long - Huỳnh Văn Bánh,23/01/2026 15:04,"58,000",0,0,0,"14,239",0,"43,761"
2458,23016-529865754,10235663,Cà Phê Muối Chú Long - Hà Huy Giáp,23/01/2026 14:58,"51,000","11,000",0,0,"9,820",0,"30,180"
2459,23016-529977289,10296675,Cà Phê Muối Chú Long - Trương Định,23/01/2026 15:09,"22,000","7,000",0,0,"3,683",0,"11,318"
2460,23016-530149869,10350108,Cà Phê Muối Chú Long - Đường Láng,23/01/2026 15:42,"58,000","29,000",0,0,"7,120",0,"21,881"
2461,23016-530256638,10296675,Cà Phê Muối Chú Long - Trương Định,23/01/2026 15:05,"52,000","14,000",0,0,"9,329",0,"28,671"
2462,23016-530353179,10350108,Cà Phê Muối Chú Long - Đường Láng,23/01/2026 16:07,"51,000","11,000",0,0,"9,820",0,"30,180"
2463,23016-530447376,10216423,Cà Phê Muối Chú Long - 417 Cộng Hoà,23/01/2026 14:59,"29,000","14,500",0,0,"3,560",0,"10,940"
2464,23016-530662559,10284115,Cà Phê Muối Chú Long - Kha Vạn Cân,23/01/2026 15:18,"50,000","11,000",0,0,"9,575",0,"29,426"
2465,23016-530951308,10296675,Cà Phê Muối Chú Long - Trương Định,23/01/2026 15:10,"22,000","7,000",0,0,"3,683",0,"11,318"
2466,23016-531058818,10296675,Cà Phê Muối Chú Long - Trương Định,23/01/2026 15:26,"29,000",0,0,0,"7,120",0,"21,881"
2467,23016-531193195,10350108,Cà Phê Muối Chú Long - Đường Láng,23/01/2026 16:03,"87,000","15,000",0,0,"17,676",0,"54,324"
2468,23016-531264104,10216423,Cà Phê Muối Chú Long - 417 Cộng Hoà,23/01/2026 14:56,"29,000",0,0,0,"7,120",0,"21,881"
2469,23016-531510058,10298769,Cà Phê Muối Chú Long - Tôn Đức Thắng,23/01/2026 15:32,"22,000","7,000",0,0,"3,683",0,"11,318"
2470,23016-531526896,10219545,Cà Phê Muối Chú Long - Nguyễn Huệ,23/01/2026 15:06,"116,000","15,000",0,0,"24,796",0,"76,205"
2471,23016-531889631,10269971,Cà Phê Muối Chú Long - Cần Thơ,23/01/2026 14:59,"44,000","10,000",0,0,"8,347",0,"25,653"
2472,23016-532175307,10386890,Cà Phê Muối Chú Long - Nha Trang,23/01/2026 15:14,"66,000",0,0,0,"16,203",0,"49,797"
2473,23016-532623691,10381892,Cà Phê Muối Chú Long - Phan Văn Trị,23/01/2026 15:12,"66,000",0,0,0,"16,203",0,"49,797"
2474,23016-532708835,10350108,Cà Phê Muối Chú Long - Đường Láng,23/01/2026 15:53,"137,000","20,000",0,0,"28,724",0,"88,277"
2475,23016-532826893,10235659,Cà Phê Muối Chú Long - Nguyễn Hữu Cảnh,23/01/2026 15:06,"29,000","14,500",0,0,"3,560",0,"10,940"
2476,23016-532859849,10269971,Cà Phê Muối Chú Long - Cần Thơ,23/01/2026 14:56,"25,000","10,000",0,0,"3,683",0,"11,318"
2477,23016-533447251,10324687,Cà Phê Muối Chú Long - Huỳnh Tấn Phát,23/01/2026 15:17,"148,000","26,000",0,0,"29,951",0,"92,049"
2478,23016-533555460,10321523,Cà Phê Muối Chú Long - Thanh Nhàn,23/01/2026 15:24,"58,000","11,000",0,0,"11,539",0,"35,462"
2479,23016-533611064,10230171,Cà Phê Muối Chú Long - Bình Long,23/01/2026 15:03,"58,000",0,0,0,"14,239",0,"43,761"
2480,23016-534137786,10225871,Cà Phê Muối Chú Long - Đặng Nguyên Cẩn,23/01/2026 15:00,"44,000","14,000",0,0,"7,365",0,"22,635"
2481,23016-534325710,10216423,Cà Phê Muối Chú Long - 417 Cộng Hoà,23/01/2026 15:03,"29,000","7,000",0,0,"5,401",0,"16,599"
2482,23016-534708933,10235658,Cà Phê Muối Chú Long - Công Trường Quốc Tế,23/01/2026 15:06,"66,000","11,000",0,0,"13,503",0,"41,498"
2483,23016-534798156,10219545,Cà Phê Muối Chú Long - Nguyễn Huệ,23/01/2026 15:04,"58,000","11,000",0,0,"11,539",0,"35,462"
2484,23016-534958676,10298769,Cà Phê Muối Chú Long - Tôn Đức Thắng,23/01/2026 15:08,"29,000",0,0,0,"7,120",0,"21,881"
2485,23016-535354125,10386890,Cà Phê Muối Chú Long - Nha Trang,23/01/2026 15:09,"75,000",0,0,0,"18,413",0,"56,588"
2486,23016-535439856,10296675,Cà Phê Muối Chú Long - Trương Định,23/01/2026 15:40,"154,000","26,000",0,0,"31,424",0,"96,576"
2487,23016-535487366,10298769,Cà Phê Muối Chú Long - Tôn Đức Thắng,23/01/2026 16:00,"29,000","14,500",0,0,"3,560",0,"10,940"
2488,23016-535498504,10235663,Cà Phê Muối Chú Long - Hà Huy Giáp,23/01/2026 15:05,"130,000","20,000",0,0,"27,005",0,"82,995"
2489,23016-535568114,10296675,Cà Phê Muối Chú Long - Trương Định,23/01/2026 16:01,"54,000","11,000",0,0,"10,557",0,"32,444"
2490,23016-535960408,10298824,Cà Phê Muối Chú Long - Hoàng Diệu,23/01/2026 15:28,"22,000","7,000",0,0,"3,683",0,"11,318"
2491,23016-536425623,10340098,Cà Phê Muối Chú Long - Thuận An,23/01/2026 15:10,"54,000","10,000",0,0,"10,802",0,"33,198"
2492,23016-536443038,10321524,Cà Phê Muối Chú Long - Đội Cấn,23/01/2026 15:04,"58,000","11,000",0,0,"11,539",0,"35,462"
2493,23016-536791886,10230793,Cà Phê Muối Chú Long - Huỳnh Văn Bánh,23/01/2026 15:16,"29,000","5,000",0,0,"5,892",0,"18,108"
2494,23016-536864404,10296675,Cà Phê Muối Chú Long - Trương Định,23/01/2026 15:21,"22,000","7,000",0,0,"3,683",0,"11,318"
2495,23016-536907872,10321523,Cà Phê Muối Chú Long - Thanh Nhàn,23/01/2026 15:33,"132,000","20,000",0,0,"27,496",0,"84,504"
2496,23016-536918775,10225902,Cà Phê Muối Chú Long - Hậu Giang,23/01/2026 15:09,"87,000",0,0,0,"21,359",0,"65,642"
2497,23016-537738204,10230814,Cà Phê Muối Chú Long - Võ Văn Kiệt,23/01/2026 15:06,"36,000",0,0,0,"8,838",0,"27,162"
2498,23016-537849871,10298769,Cà Phê Muối Chú Long - Tôn Đức Thắng,23/01/2026 15:38,"44,000",0,0,0,"10,802",0,"33,198"
2499,23016-537964774,10298769,Cà Phê Muối Chú Long - Tôn Đức Thắng,23/01/2026 15:35,"132,000","20,000",0,0,"27,496",0,"84,504"
2500,23016-538166167,10321523,Cà Phê Muối Chú Long - Thanh Nhàn,23/01/2026 15:49,"83,000","15,000",0,0,"16,694",0,"51,306"
2501,23016-538263256,10296675,Cà Phê Muối Chú Long - Trương Định,23/01/2026 15:50,"44,000",0,0,0,"10,802",0,"33,198"
2502,23016-538356926,10219545,Cà Phê Muối Chú Long - Nguyễn Huệ,23/01/2026 15:07,"29,000",0,0,0,"7,120",0,"21,881"
2503,23016-538553543,10284115,Cà Phê Muối Chú Long - Kha Vạn Cân,23/01/2026 15:14,"29,000","14,500",0,0,"3,560",0,"10,940"
2504,23016-538786087,10354891,Cà Phê Muối Chú Long - Trà Vinh,23/01/2026 15:09,"30,000","7,000",0,0,"5,647",0,"17,354"
2505,23016-538949713,10298769,Cà Phê Muối Chú Long - Tôn Đức Thắng,23/01/2026 15:39,"44,000","14,000",0,0,"7,365",0,"22,635"
2506,23016-539110146,10230793,Cà Phê Muối Chú Long - Huỳnh Văn Bánh,23/01/2026 15:16,"29,000",0,0,0,"7,120",0,"21,881"
2507,23016-539318280,10321523,Cà Phê Muối Chú Long - Thanh Nhàn,23/01/2026 15:37,"29,000",0,0,0,"7,120",0,"21,881"
2508,23016-539871303,10225898,Cà Phê Muối Chú Long - Nguyễn Đình Chiểu,23/01/2026 15:23,"22,000","7,000",0,0,"3,683",0,"11,318"
2509,23016-539932269,10216423,Cà Phê Muối Chú Long - 417 Cộng Hoà,23/01/2026 15:17,"29,000",0,0,0,"7,120",0,"21,881"
2510,23016-539938024,10292422,Cà Phê Muối Chú Long - Phan Thiết,23/01/2026 15:09,"72,000","10,000",0,0,"15,221",0,"46,779"
2511,23016-539958537,10375372,Cà Phê Muối Chú Long - An Dương Vương,23/01/2026 15:28,"44,000",0,0,0,"10,802",0,"33,198"
2512,23016-540178776,10296675,Cà Phê Muối Chú Long - Trương Định,23/01/2026 15:40,"94,000",0,0,0,"23,077",0,"70,923"
2513,23016-540566561,10321523,Cà Phê Muối Chú Long - Thanh Nhàn,23/01/2026 15:44,"22,000","7,000",0,0,"3,683",0,"11,318"
2514,23016-540997060,10235663,Cà Phê Muối Chú Long - Hà Huy Giáp,23/01/2026 15:25,"54,000","11,000",0,0,"10,557",0,"32,444"
2515,23016-541278564,10235659,Cà Phê Muối Chú Long - Nguyễn Hữu Cảnh,23/01/2026 15:13,"22,000","7,000",0,0,"3,683",0,"11,318"
2516,23016-541431140,10225898,Cà Phê Muối Chú Long - Nguyễn Đình Chiểu,23/01/2026 15:20,"51,000","11,000",0,0,"9,820",0,"30,180"
2517,23016-541483532,10386890,Cà Phê Muối Chú Long - Nha Trang,23/01/2026 15:40,"160,000",0,0,0,"39,280",0,"120,720"
2518,23016-541737510,10298769,Cà Phê Muối Chú Long - Tôn Đức Thắng,23/01/2026 15:36,"58,000","11,000",0,0,"11,539",0,"35,462"
2519,23016-541874535,10296675,Cà Phê Muối Chú Long - Trương Định,23/01/2026 15:43,"51,000","11,000",0,0,"9,820",0,"30,180"
2520,23016-542014829,10219545,Cà Phê Muối Chú Long - Nguyễn Huệ,23/01/2026 15:24,"245,000","32,000",0,0,"52,292",0,"160,709"
2521,23016-542041143,10296675,Cà Phê Muối Chú Long - Trương Định,23/01/2026 15:32,"29,000",0,0,0,"7,120",0,"21,881"
2522,23016-542047334,10230793,Cà Phê Muối Chú Long - Huỳnh Văn Bánh,23/01/2026 15:10,"94,000",0,0,0,"23,077",0,"70,923"
2523,23016-542212413,10298824,Cà Phê Muối Chú Long - Hoàng Diệu,23/01/2026 15:24,"22,000","7,000",0,0,"3,683",0,"11,318"
2524,23016-542617999,10381983,Cà Phê Muối Chú Long - Bạch Đằng,23/01/2026 15:31,"44,000","14,000",0,0,"7,365",0,"22,635"
2525,23016-542773077,10225895,Cà Phê Muối Chú Long - Cách Mạng Tháng 8,23/01/2026 15:14,"22,000","7,000",0,0,"3,683",0,"11,318"
2526,23016-543030928,10230171,Cà Phê Muối Chú Long - Bình Long,23/01/2026 15:24,"105,000","20,000",0,0,"20,868",0,"64,133"
2527,23016-543046337,10235658,Cà Phê Muối Chú Long - Công Trường Quốc Tế,23/01/2026 15:14,"29,000","14,500",0,0,"3,560",0,"10,940"
2528,23016-543103695,10381983,Cà Phê Muối Chú Long - Bạch Đằng,23/01/2026 15:39,"44,000","14,000",0,0,"7,365",0,"22,635"
2529,23016-543964725,10321523,Cà Phê Muối Chú Long - Thanh Nhàn,23/01/2026 15:44,"29,000",0,0,0,"7,120",0,"21,881"
2530,23016-544004047,10321524,Cà Phê Muối Chú Long - Đội Cấn,23/01/2026 16:03,"58,000","11,000",0,0,"11,539",0,"35,462"
2531,23016-544025040,10324687,Cà Phê Muối Chú Long - Huỳnh Tấn Phát,23/01/2026 15:22,"22,000","7,000",0,0,"3,683",0,"11,318"
2532,23016-544258597,10298824,Cà Phê Muối Chú Long - Hoàng Diệu,23/01/2026 15:32,"54,000","10,000",0,0,"10,802",0,"33,198"
2533,23016-544385545,10386890,Cà Phê Muối Chú Long - Nha Trang,23/01/2026 15:31,"54,000",0,0,0,"13,257",0,"40,743"
2534,23016-544444127,10298769,Cà Phê Muối Chú Long - Tôn Đức Thắng,23/01/2026 15:27,"75,000","15,000",0,0,"14,730",0,"45,270"
2535,23016-544635316,10296675,Cà Phê Muối Chú Long - Trương Định,23/01/2026 15:46,"51,000","11,000",0,0,"9,820",0,"30,180"
2536,23016-544725247,10235663,Cà Phê Muối Chú Long - Hà Huy Giáp,23/01/2026 15:27,"94,000",0,0,0,"23,077",0,"70,923"
2537,23016-544766001,10225885,Cà Phê Muối Chú Long - Ngô Tất Tố,23/01/2026 15:21,"29,000",0,0,0,"7,120",0,"21,881"
2538,23016-545133115,10230814,Cà Phê Muối Chú Long - Võ Văn Kiệt,23/01/2026 15:21,"88,000","15,000",0,0,"17,922",0,"55,079"
2539,23016-545289966,10219545,Cà Phê Muối Chú Long - Nguyễn Huệ,23/01/2026 15:17,"58,000","11,000",0,0,"11,539",0,"35,462"
2540,23016-545528574,10321523,Cà Phê Muối Chú Long - Thanh Nhàn,23/01/2026 15:39,"74,000","15,000",0,0,"14,485",0,"44,516"
2541,23016-545573073,10386890,Cà Phê Muối Chú Long - Nha Trang,23/01/2026 15:28,"29,000",0,0,0,"7,120",0,"21,881"
2542,23016-545797348,10296675,Cà Phê Muối Chú Long - Trương Định,23/01/2026 15:36,"174,000","26,000",0,0,"36,334",0,"111,666"
2543,23016-545852374,10375372,Cà Phê Muối Chú Long - An Dương Vương,23/01/2026 15:33,"54,000",0,0,0,"13,257",0,"40,743"
2544,23016-546575476,10321524,Cà Phê Muối Chú Long - Đội Cấn,23/01/2026 15:53,"132,000","20,000",0,0,"27,496",0,"84,504"
2545,23016-546714316,10216423,Cà Phê Muối Chú Long - 417 Cộng Hoà,23/01/2026 15:41,"74,000","15,000",0,0,"14,485",0,"44,516"
2546,23016-546961996,10235659,Cà Phê Muối Chú Long - Nguyễn Hữu Cảnh,23/01/2026 15:39,"58,000","29,000",0,0,"7,120",0,"21,881"
2547,23016-547050676,10225871,Cà Phê Muối Chú Long - Đặng Nguyên Cẩn,23/01/2026 15:29,"58,000","11,000",0,0,"11,539",0,"35,462"
2548,23016-547186360,10230171,Cà Phê Muối Chú Long - Bình Long,23/01/2026 15:43,"22,000","7,000",0,0,"3,683",0,"11,318"
2549,23016-547215411,10299524,Cà Phê Muối Chú Long - Lê Duẩn,23/01/2026 15:39,"50,000","20,000",0,0,"7,365",0,"22,635"
2550,23016-547478236,10269971,Cà Phê Muối Chú Long - Cần Thơ,23/01/2026 15:28,"22,000","7,000",0,0,"3,683",0,"11,318"
2551,23016-547627448,10219545,Cà Phê Muối Chú Long - Nguyễn Huệ,23/01/2026 15:32,"87,000","15,000",0,0,"17,676",0,"54,324"
2552,23016-547648782,10225902,Cà Phê Muối Chú Long - Hậu Giang,23/01/2026 15:35,"50,000","11,000",0,0,"9,575",0,"29,426"
2553,23016-547659208,10225898,Cà Phê Muối Chú Long - Nguyễn Đình Chiểu,23/01/2026 15:25,"51,000","11,000",0,0,"9,820",0,"30,180"
2554,23016-547727422,10298769,Cà Phê Muối Chú Long - Tôn Đức Thắng,23/01/2026 15:39,"87,000",0,0,0,"21,359",0,"65,642"
2555,23016-548909659,10219545,Cà Phê Muối Chú Long - Nguyễn Huệ,23/01/2026 15:30,"22,000","7,000",0,0,"3,683",0,"11,318"
2556,23016-549319897,10296675,Cà Phê Muối Chú Long - Trương Định,23/01/2026 15:30,"37,000",0,0,0,"9,084",0,"27,917"
2557,23016-549629659,10386890,Cà Phê Muối Chú Long - Nha Trang,23/01/2026 15:43,"29,000",0,0,0,"7,120",0,"21,881"
2558,23016-549631300,10350108,Cà Phê Muối Chú Long - Đường Láng,23/01/2026 15:50,"22,000","7,000",0,0,"3,683",0,"11,318"
2559,23016-549865478,10235663,Cà Phê Muối Chú Long - Hà Huy Giáp,23/01/2026 15:33,"50,000","20,000",0,0,"7,365",0,"22,635"
2560,23016-550170998,10219545,Cà Phê Muối Chú Long - Nguyễn Huệ,23/01/2026 15:39,"87,000","15,000",0,0,"17,676",0,"54,324"
2561,23016-550187776,10225902,Cà Phê Muối Chú Long - Hậu Giang,23/01/2026 15:35,"51,000","11,000",0,0,"9,820",0,"30,180"
2562,23016-550296516,10321524,Cà Phê Muối Chú Long - Đội Cấn,23/01/2026 15:29,"58,000","29,000",0,0,"7,120",0,"21,881"
2563,23016-550596062,10298769,Cà Phê Muối Chú Long - Tôn Đức Thắng,23/01/2026 16:12,"58,000","11,000",0,0,"11,539",0,"35,462"
2564,23016-550652379,10225895,Cà Phê Muối Chú Long - Cách Mạng Tháng 8,23/01/2026 15:43,"311,000","37,500",0,0,"67,144",0,"206,356"
2565,23016-550821956,10216423,Cà Phê Muối Chú Long - 417 Cộng Hoà,23/01/2026 15:32,"58,000","11,000",0,0,"11,539",0,"35,462"
2566,23016-551370102,10298769,Cà Phê Muối Chú Long - Tôn Đức Thắng,23/01/2026 16:12,"95,000","15,000",0,0,"19,640",0,"60,360"
2567,23016-998648929,10225902,Cà Phê Muối Chú Long - Hậu Giang,23/01/2026 15:30,"22,000","7,000",0,0,"3,683",0,"11,318"
2568,23016-551468680,10321437,Cà Phê Muối Chú Long - Tây Ninh,23/01/2026 15:32,"37,000",0,0,0,"9,084",0,"27,917"
2569,23016-551564695,10287867,Cà Phê Muối Chú Long - Classic,23/01/2026 15:37,"60,000","11,000",0,0,"12,030",0,"36,971"
2570,23016-551577924,10307386,Cà Phê Muối Chú Long - Kiên Giang,23/01/2026 15:32,"36,000","9,000",0,0,"6,629",0,"20,372"
2571,23016-551656715,10350108,Cà Phê Muối Chú Long - Đường Láng,23/01/2026 16:16,"25,000","10,000",0,0,"3,683",0,"11,318"
2572,23016-551889924,10230814,Cà Phê Muối Chú Long - Võ Văn Kiệt,23/01/2026 15:32,"29,000",0,0,0,"7,120",0,"21,881"
2573,23016-552197315,10350108,Cà Phê Muối Chú Long - Đường Láng,23/01/2026 15:57,"58,000","11,000",0,0,"11,539",0,"35,462"
2574,23016-552901466,10292422,Cà Phê Muối Chú Long - Phan Thiết,23/01/2026 15:28,"29,000","7,250",0,0,"5,340",0,"16,410"
2575,23016-552999283,10298769,Cà Phê Muối Chú Long - Tôn Đức Thắng,23/01/2026 16:01,"22,000","7,000",0,0,"3,683",0,"11,318"
2576,23016-553458775,10296675,Cà Phê Muối Chú Long - Trương Định,23/01/2026 15:47,"79,000","11,000",0,0,"16,694",0,"51,306"
2577,23016-553559287,10225895,Cà Phê Muối Chú Long - Cách Mạng Tháng 8,23/01/2026 15:36,"29,000",0,0,0,"7,120",0,"21,881"
2578,23016-553963443,10230171,Cà Phê Muối Chú Long - Bình Long,23/01/2026 15:35,"51,000","11,000",0,0,"9,820",0,"30,180"
2579,23016-554501104,10230793,Cà Phê Muối Chú Long - Huỳnh Văn Bánh,23/01/2026 15:38,"87,000","15,000",0,0,"17,676",0,"54,324"
2580,23016-554606912,10350108,Cà Phê Muối Chú Long - Đường Láng,23/01/2026 16:36,"154,000","26,000",0,0,"31,424",0,"96,576"
2581,23016-555254999,10321524,Cà Phê Muối Chú Long - Đội Cấn,23/01/2026 15:41,"44,000",0,0,0,"10,802",0,"33,198"
2582,23016-555637460,10298769,Cà Phê Muối Chú Long - Tôn Đức Thắng,23/01/2026 15:49,"29,000","5,000",0,0,"5,892",0,"18,108"
2583,23016-556075580,10354891,Cà Phê Muối Chú Long - Trà Vinh,23/01/2026 15:46,"50,000","11,000",0,0,"9,575",0,"29,426"
2584,23016-556524091,10269971,Cà Phê Muối Chú Long - Cần Thơ,23/01/2026 15:48,"36,000","5,000",0,0,"7,611",0,"23,390"
2585,23016-556600475,10225885,Cà Phê Muối Chú Long - Ngô Tất Tố,23/01/2026 15:55,"141,000","26,000",0,0,"28,233",0,"86,768"
2586,23016-556634648,10298769,Cà Phê Muối Chú Long - Tôn Đức Thắng,23/01/2026 15:57,"104,000","15,000",0,0,"21,850",0,"67,151"
2587,23016-556724385,10321523,Cà Phê Muối Chú Long - Thanh Nhàn,23/01/2026 16:07,"29,000","5,000",0,0,"5,892",0,"18,108"
2588,23016-557005233,10321523,Cà Phê Muối Chú Long - Thanh Nhàn,23/01/2026 15:57,"29,000",0,0,0,"7,120",0,"21,881"
2589,23016-557312704,10269971,Cà Phê Muối Chú Long - Cần Thơ,23/01/2026 15:55,"94,000","15,000",0,0,"19,395",0,"59,606"
2590,23016-557344949,10292422,Cà Phê Muối Chú Long - Phan Thiết,23/01/2026 15:36,"22,000","5,500",0,0,"4,051",0,"12,449"
2591,23016-557555656,10350108,Cà Phê Muối Chú Long - Đường Láng,23/01/2026 15:55,"58,000","11,000",0,0,"11,539",0,"35,462"
2592,23016-557665294,10330437,Cà Phê Muối Chú Long - Trần Hưng Đạo,23/01/2026 15:44,"25,000","10,000",0,0,"3,683",0,"11,318"
2593,23016-557906763,10230171,Cà Phê Muối Chú Long - Bình Long,23/01/2026 15:53,"25,000","10,000",0,0,"3,683",0,"11,318"
2594,23016-558238929,10225895,Cà Phê Muối Chú Long - Cách Mạng Tháng 8,23/01/2026 15:48,"47,000",0,0,0,"11,539",0,"35,462"
2595,23016-558357410,10225871,Cà Phê Muối Chú Long - Đặng Nguyên Cẩn,23/01/2026 15:46,"69,000","11,000",0,0,"14,239",0,"43,761"
2596,23016-558778065,10321523,Cà Phê Muối Chú Long - Thanh Nhàn,23/01/2026 15:59,"47,000","5,000",0,0,"10,311",0,"31,689"
2597,23016-558801897,10287840,Cà Phê Muối Chú Long - Long Xuyên,23/01/2026 15:40,"36,000","9,000",0,0,"6,629",0,"20,372"
2598,23016-559015789,10324687,Cà Phê Muối Chú Long - Huỳnh Tấn Phát,23/01/2026 15:54,"29,000",0,0,0,"7,120",0,"21,881"
2599,23016-559028181,10321523,Cà Phê Muối Chú Long - Thanh Nhàn,23/01/2026 16:21,"29,000",0,0,0,"7,120",0,"21,881"
2600,23016-559511654,10298769,Cà Phê Muối Chú Long - Tôn Đức Thắng,23/01/2026 15:51,"47,000",0,0,0,"11,539",0,"35,462"
2601,23016-561714830,10321523,Cà Phê Muối Chú Long - Thanh Nhàn,23/01/2026 16:14,"29,000",0,0,0,"7,120",0,"21,881"
2602,23016-562135734,10350108,Cà Phê Muối Chú Long - Đường Láng,23/01/2026 16:13,"50,000","20,000",0,0,"7,365",0,"22,635"
2603,23016-562356467,10381983,Cà Phê Muối Chú Long - Bạch Đằng,23/01/2026 16:02,"22,000","7,000",0,0,"3,683",0,"11,318"
2604,23016-562394171,10235659,Cà Phê Muối Chú Long - Nguyễn Hữu Cảnh,23/01/2026 15:51,"29,000",0,0,0,"7,120",0,"21,881"
2605,23016-563169154,10235663,Cà Phê Muối Chú Long - Hà Huy Giáp,23/01/2026 16:12,"150,000","26,000",0,0,"30,442",0,"93,558"
2606,23016-563392036,10313967,Cà Phê Muối Chú Long - Tiền Giang,23/01/2026 16:47,"58,000","29,000",0,0,"7,120",0,"21,881"
2607,23016-563988965,10350108,Cà Phê Muối Chú Long - Đường Láng,23/01/2026 17:35,"95,000","15,000",0,0,"19,640",0,"60,360"
2608,23016-564133287,10299524,Cà Phê Muối Chú Long - Lê Duẩn,23/01/2026 15:50,"36,000","9,000",0,0,"6,629",0,"20,372"
2609,23016-564134974,10296675,Cà Phê Muối Chú Long - Trương Định,23/01/2026 15:59,"58,000","11,000",0,0,"11,539",0,"35,462"
2610,23016-564424248,10296675,Cà Phê Muối Chú Long - Trương Định,23/01/2026 16:17,"69,000","11,000",0,0,"14,239",0,"43,761"
2611,23016-564700053,10296675,Cà Phê Muối Chú Long - Trương Định,23/01/2026 16:40,"87,000","15,000",0,0,"17,676",0,"54,324"
2612,23016-564749662,10321523,Cà Phê Muối Chú Long - Thanh Nhàn,23/01/2026 16:06,"260,000","45,000",0,0,"52,783",0,"162,218"
2613,23016-565024881,10321523,Cà Phê Muối Chú Long - Thanh Nhàn,23/01/2026 16:24,"83,000",0,0,0,"20,377",0,"62,624"
2614,23016-565128918,10321523,Cà Phê Muối Chú Long - Thanh Nhàn,23/01/2026 16:02,"54,000","11,000",0,0,"10,557",0,"32,444"
2615,23016-566269176,10321523,Cà Phê Muối Chú Long - Thanh Nhàn,23/01/2026 15:59,"58,000","11,000",0,0,"11,539",0,"35,462"
2616,23016-566425972,10242271,Cà Phê Muối Chú Long - Vũng Tàu,23/01/2026 16:00,"88,000","15,000",0,0,"17,922",0,"55,079"
2617,23016-566436035,10321524,Cà Phê Muối Chú Long - Đội Cấn,23/01/2026 16:06,"22,000","7,000",0,0,"3,683",0,"11,318"
2618,23016-566749126,10386890,Cà Phê Muối Chú Long - Nha Trang,23/01/2026 15:57,"29,000",0,0,0,"7,120",0,"21,881"
2619,23016-566751508,10298769,Cà Phê Muối Chú Long - Tôn Đức Thắng,23/01/2026 16:18,"47,000",0,0,0,"11,539",0,"35,462"
2620,23016-567261206,10321524,Cà Phê Muối Chú Long - Đội Cấn,23/01/2026 16:07,"22,000","7,000",0,0,"3,683",0,"11,318"
2621,23016-567338932,10233716,Cà Phê Muối Chú Long - 130 Thích Quảng Đức,23/01/2026 16:05,"58,000","11,000",0,0,"11,539",0,"35,462"
2622,23016-567365377,10321523,Cà Phê Muối Chú Long - Thanh Nhàn,23/01/2026 15:59,"29,000",0,0,0,"7,120",0,"21,881"
2623,23016-567454975,10321523,Cà Phê Muối Chú Long - Thanh Nhàn,23/01/2026 16:36,"133,000","20,000",0,0,"27,742",0,"85,259"
2624,23016-567619767,10321523,Cà Phê Muối Chú Long - Thanh Nhàn,23/01/2026 16:07,"29,000",0,0,0,"7,120",0,"21,881"
2625,23016-567736043,10298769,Cà Phê Muối Chú Long - Tôn Đức Thắng,23/01/2026 16:17,"104,000","20,000",0,0,"20,622",0,"63,378"
2626,23016-568074567,10219545,Cà Phê Muối Chú Long - Nguyễn Huệ,23/01/2026 16:08,"37,000","5,000",0,0,"7,856",0,"24,144"
2627,23016-568588693,10230793,Cà Phê Muối Chú Long - Huỳnh Văn Bánh,23/01/2026 16:09,"44,000","14,000",0,0,"7,365",0,"22,635"
2628,23016-568713794,10216423,Cà Phê Muối Chú Long - 417 Cộng Hoà,23/01/2026 16:07,"22,000","7,000",0,0,"3,683",0,"11,318"
2629,23016-568849210,10292422,Cà Phê Muối Chú Long - Phan Thiết,23/01/2026 16:06,"44,000","10,000",0,0,"8,347",0,"25,653"
2630,23016-569112175,10350108,Cà Phê Muối Chú Long - Đường Láng,23/01/2026 16:03,"50,000","11,000",0,0,"9,575",0,"29,426"
2631,23016-569229507,10298769,Cà Phê Muối Chú Long - Tôn Đức Thắng,23/01/2026 16:41,"65,000","11,000",0,0,"13,257",0,"40,743"
2632,23016-569524887,10284115,Cà Phê Muối Chú Long - Kha Vạn Cân,23/01/2026 16:02,"22,000","7,000",0,0,"3,683",0,"11,318"
2633,23016-569543943,10232123,Cà Phê Muối Chú Long - 17A Ngô Tất Tố,23/01/2026 16:23,"47,000","5,000",0,0,"10,311",0,"31,689"
2634,23016-570437090,10375372,Cà Phê Muối Chú Long - An Dương Vương,23/01/2026 16:17,"22,000","7,000",0,0,"3,683",0,"11,318"
2635,23016-571104659,10235659,Cà Phê Muối Chú Long - Nguyễn Hữu Cảnh,23/01/2026 16:08,"87,000",0,0,0,"21,359",0,"65,642"
2636,23016-571660355,10350108,Cà Phê Muối Chú Long - Đường Láng,23/01/2026 16:20,"260,000","32,000",0,0,"55,974",0,"172,026"
2637,23016-572151774,10242271,Cà Phê Muối Chú Long - Vũng Tàu,23/01/2026 16:10,"154,000","26,000",0,0,"31,424",0,"96,576"
2638,23016-572154373,10232123,Cà Phê Muối Chú Long - 17A Ngô Tất Tố,23/01/2026 16:14,"25,000","10,000",0,0,"3,683",0,"11,318"
2639,23016-572530895,10298769,Cà Phê Muối Chú Long - Tôn Đức Thắng,23/01/2026 16:27,"47,000",0,0,0,"11,539",0,"35,462"
2640,23016-572638101,10296675,Cà Phê Muối Chú Long - Trương Định,23/01/2026 16:47,"51,000","11,000",0,0,"9,820",0,"30,180"
2641,23016-573367441,10358037,Cà Phê Muối Chú Long - Hùng Vương,23/01/2026 16:33,"25,000","10,000",0,0,"3,683",0,"11,318"
2642,23016-573500052,10321524,Cà Phê Muối Chú Long - Đội Cấn,23/01/2026 16:33,"58,000","11,000",0,0,"11,539",0,"35,462"
2643,23016-573920232,10219545,Cà Phê Muối Chú Long - Nguyễn Huệ,23/01/2026 16:13,"29,000","5,000",0,0,"5,892",0,"18,108"
2644,23016-574804486,10321523,Cà Phê Muối Chú Long - Thanh Nhàn,23/01/2026 16:30,"54,000","11,000",0,0,"10,557",0,"32,444"
2645,23016-575742892,10296675,Cà Phê Muối Chú Long - Trương Định,23/01/2026 16:20,"22,000","7,000",0,0,"3,683",0,"11,318"
2646,23016-576287957,10381983,Cà Phê Muối Chú Long - Bạch Đằng,23/01/2026 16:36,"51,000",0,0,0,"12,521",0,"38,480"
2647,23016-576347020,10296675,Cà Phê Muối Chú Long - Trương Định,23/01/2026 16:25,"79,000","15,000",0,0,"15,712",0,"48,288"
2648,23016-576848573,10321524,Cà Phê Muối Chú Long - Đội Cấn,23/01/2026 16:39,"29,000","14,500",0,0,"3,560",0,"10,940"
2649,23016-577090840,10321523,Cà Phê Muối Chú Long - Thanh Nhàn,23/01/2026 16:31,"44,000",0,0,0,"10,802",0,"33,198"
2650,23016-577845323,10350108,Cà Phê Muối Chú Long - Đường Láng,23/01/2026 16:25,"22,000",0,0,0,"5,401",0,"16,599"
2651,23016-577975827,10298769,Cà Phê Muối Chú Long - Tôn Đức Thắng,23/01/2026 16:45,"44,000",0,0,0,"10,802",0,"33,198"
2652,23016-578513978,10235659,Cà Phê Muối Chú Long - Nguyễn Hữu Cảnh,23/01/2026 16:40,"58,000","11,000",0,0,"11,539",0,"35,462"
2653,23016-579395078,10298769,Cà Phê Muối Chú Long - Tôn Đức Thắng,23/01/2026 16:42,"22,000","7,000",0,0,"3,683",0,"11,318"
2654,23016-579501451,10230814,Cà Phê Muối Chú Long - Võ Văn Kiệt,23/01/2026 16:19,"94,000",0,0,0,"23,077",0,"70,923"
2655,23016-579521872,10219545,Cà Phê Muối Chú Long - Nguyễn Huệ,23/01/2026 16:15,"58,000","29,000",0,0,"7,120",0,"21,881"
2656,23016-579746693,10225898,Cà Phê Muối Chú Long - Nguyễn Đình Chiểu,23/01/2026 16:23,"80,000","11,000",0,0,"16,940",0,"52,061"
2657,23016-580562596,10225902,Cà Phê Muối Chú Long - Hậu Giang,23/01/2026 16:25,"216,000","32,000",0,0,"45,172",0,"138,828"
2658,23016-581182083,10321437,Cà Phê Muối Chú Long - Tây Ninh,23/01/2026 16:21,"51,000","10,000",0,0,"10,066",0,"30,935"
2659,23016-581940574,10299524,Cà Phê Muối Chú Long - Lê Duẩn,23/01/2026 16:21,"51,000","11,000",0,0,"9,820",0,"30,180"
2660,23016-582148459,10235659,Cà Phê Muối Chú Long - Nguyễn Hữu Cảnh,23/01/2026 16:19,"29,000","14,500",0,0,"3,560",0,"10,940"
2661,23016-582704465,10298769,Cà Phê Muối Chú Long - Tôn Đức Thắng,23/01/2026 16:25,"44,000",0,0,0,"10,802",0,"33,198"
2662,23016-582772806,10321523,Cà Phê Muối Chú Long - Thanh Nhàn,23/01/2026 16:46,"29,000",0,0,0,"7,120",0,"21,881"
2663,23016-584488045,10321523,Cà Phê Muối Chú Long - Thanh Nhàn,23/01/2026 16:47,"88,000","15,000",0,0,"17,922",0,"55,079"
2664,23016-585217795,10225898,Cà Phê Muối Chú Long - Nguyễn Đình Chiểu,23/01/2026 16:40,"116,000","15,000",0,0,"24,796",0,"76,205"
2665,23016-585502284,10230171,Cà Phê Muối Chú Long - Bình Long,23/01/2026 16:29,"76,000","15,000",0,0,"14,976",0,"46,025"
2666,23016-586085112,10298769,Cà Phê Muối Chú Long - Tôn Đức Thắng,23/01/2026 16:25,"58,000","11,000",0,0,"11,539",0,"35,462"
2667,23016-586406601,10284115,Cà Phê Muối Chú Long - Kha Vạn Cân,23/01/2026 16:37,"58,000","11,000",0,0,"11,539",0,"35,462"
2668,23016-586454391,10358016,Cà Phê Muối Chú Long - Bà Triệu,23/01/2026 16:34,"54,000","10,000",0,0,"10,802",0,"33,198"
2669,23016-587038436,10321523,Cà Phê Muối Chú Long - Thanh Nhàn,23/01/2026 16:39,"54,000","11,000",0,0,"10,557",0,"32,444"
2670,23016-587168733,10298769,Cà Phê Muối Chú Long - Tôn Đức Thắng,23/01/2026 16:50,"44,000",0,0,0,"10,802",0,"33,198"
2671,23016-587712182,10321523,Cà Phê Muối Chú Long - Thanh Nhàn,23/01/2026 16:33,"60,000","14,000",0,0,"11,293",0,"34,707"
2672,23016-587713230,10321523,Cà Phê Muối Chú Long - Thanh Nhàn,23/01/2026 16:38,"30,000","7,000",0,0,"5,647",0,"17,354"
2673,23016-588652865,10299524,Cà Phê Muối Chú Long - Lê Duẩn,23/01/2026 16:42,"66,000","11,000",0,0,"13,503",0,"41,498"
2674,23016-588986825,10230814,Cà Phê Muối Chú Long - Võ Văn Kiệt,23/01/2026 16:42,"29,000",0,0,0,"7,120",0,"21,881"
2675,23016-589004573,10354891,Cà Phê Muối Chú Long - Trà Vinh,23/01/2026 16:42,"58,000","21,750",0,0,"8,899",0,"27,351"
2676,23016-589353288,10321523,Cà Phê Muối Chú Long - Thanh Nhàn,23/01/2026 16:44,"58,000","11,000",0,0,"11,539",0,"35,462"
2677,23016-589357911,10242271,Cà Phê Muối Chú Long - Vũng Tàu,23/01/2026 16:51,"130,000","20,000",0,0,"27,005",0,"82,995"
2678,23016-589553324,10350108,Cà Phê Muối Chú Long - Đường Láng,23/01/2026 16:33,"181,000","26,000",0,0,"38,053",0,"116,948"
2679,23016-590184084,10350108,Cà Phê Muối Chú Long - Đường Láng,23/01/2026 16:58,"29,000",0,0,0,"7,120",0,"21,881"
2680,23016-590241949,10216423,Cà Phê Muối Chú Long - 417 Cộng Hoà,23/01/2026 16:43,"116,000","20,000",0,0,"23,568",0,"72,432"
2681,23016-590268050,10386890,Cà Phê Muối Chú Long - Nha Trang,23/01/2026 16:38,"29,000",0,0,0,"7,120",0,"21,881"
2682,23016-590345710,10321523,Cà Phê Muối Chú Long - Thanh Nhàn,23/01/2026 16:51,"87,000","15,000",0,0,"17,676",0,"54,324"
2683,23016-590961922,10321524,Cà Phê Muối Chú Long - Đội Cấn,23/01/2026 17:07,"22,000","7,000",0,0,"3,683",0,"11,318"
2684,23016-591406318,10242271,Cà Phê Muối Chú Long - Vũng Tàu,23/01/2026 16:52,"58,000","11,000",0,0,"11,539",0,"35,462"
2685,23016-591549526,10225902,Cà Phê Muối Chú Long - Hậu Giang,23/01/2026 16:40,"58,000","11,000",0,0,"11,539",0,"35,462"
2686,23016-591747041,10299524,Cà Phê Muối Chú Long - Lê Duẩn,23/01/2026 16:33,"30,000",0,0,0,"7,365",0,"22,635"
2687,23016-592244195,10292422,Cà Phê Muối Chú Long - Phan Thiết,23/01/2026 16:41,"29,000","7,250",0,0,"5,340",0,"16,410"
2688,23016-592335204,10292422,Cà Phê Muối Chú Long - Phan Thiết,23/01/2026 16:38,"25,000","5,000",0,0,"4,910",0,"15,090"
2689,23016-594695568,10321523,Cà Phê Muối Chú Long - Thanh Nhàn,23/01/2026 16:58,"29,000",0,0,0,"7,120",0,"21,881"
2690,23016-595559835,10381983,Cà Phê Muối Chú Long - Bạch Đằng,23/01/2026 16:50,"29,000",0,0,0,"7,120",0,"21,881"
2691,23016-595706780,10321523,Cà Phê Muối Chú Long - Thanh Nhàn,23/01/2026 17:22,"50,000","11,000",0,0,"9,575",0,"29,426"
2692,23016-595889257,10321524,Cà Phê Muối Chú Long - Đội Cấn,23/01/2026 16:54,"58,000","29,000",0,0,"7,120",0,"21,881"
2693,23016-597776043,10216423,Cà Phê Muối Chú Long - 417 Cộng Hoà,23/01/2026 16:59,"22,000",0,0,0,"5,401",0,"16,599"
2694,23016-598414528,10296675,Cà Phê Muối Chú Long - Trương Định,23/01/2026 16:58,"54,000","11,000",0,0,"10,557",0,"32,444"
2695,23016-599547990,10321524,Cà Phê Muối Chú Long - Đội Cấn,23/01/2026 16:58,"54,000","11,000",0,0,"10,557",0,"32,444"
2696,23016-600607119,10321523,Cà Phê Muối Chú Long - Thanh Nhàn,23/01/2026 16:53,"29,000",0,0,0,"7,120",0,"21,881"
2697,23016-601082130,10225902,Cà Phê Muối Chú Long - Hậu Giang,23/01/2026 17:06,"58,000","11,000",0,0,"11,539",0,"35,462"
2698,23016-601726597,10292422,Cà Phê Muối Chú Long - Phan Thiết,23/01/2026 16:54,"29,000","7,250",0,0,"5,340",0,"16,410"
2699,23016-602125918,10299524,Cà Phê Muối Chú Long - Lê Duẩn,23/01/2026 17:06,"44,000","14,000",0,0,"7,365",0,"22,635"
2700,23016-602873361,10321524,Cà Phê Muối Chú Long - Đội Cấn,23/01/2026 17:23,"51,000","11,000",0,0,"9,820",0,"30,180"
2701,23016-603708051,10298769,Cà Phê Muối Chú Long - Tôn Đức Thắng,23/01/2026 17:01,"58,000","11,000",0,0,"11,539",0,"35,462"
2702,23016-604386570,10292422,Cà Phê Muối Chú Long - Phan Thiết,23/01/2026 17:01,"58,000","11,000",0,0,"11,539",0,"35,462"
2703,23016-604590872,10292422,Cà Phê Muối Chú Long - Phan Thiết,23/01/2026 17:12,"58,000","11,000",0,0,"11,539",0,"35,462"
2704,23016-604671494,10321524,Cà Phê Muối Chú Long - Đội Cấn,23/01/2026 17:13,"22,000","7,000",0,0,"3,683",0,"11,318"
2705,23016-604735945,10235663,Cà Phê Muối Chú Long - Hà Huy Giáp,23/01/2026 17:12,"22,000","7,000",0,0,"3,683",0,"11,318"
2706,23016-605118997,10230814,Cà Phê Muối Chú Long - Võ Văn Kiệt,23/01/2026 17:14,"196,000","26,000",0,0,"41,735",0,"128,265"
2707,23016-607001810,10381892,Cà Phê Muối Chú Long - Phan Văn Trị,23/01/2026 17:19,"44,000",0,0,0,"10,802",0,"33,198"
2708,23016-607071970,10230171,Cà Phê Muối Chú Long - Bình Long,23/01/2026 17:11,"25,000","10,000",0,0,"3,683",0,"11,318"
2709,23016-607469326,10230814,Cà Phê Muối Chú Long - Võ Văn Kiệt,23/01/2026 17:17,"47,000",0,0,0,"11,539",0,"35,462"
2710,23016-608959460,10299524,Cà Phê Muối Chú Long - Lê Duẩn,23/01/2026 17:17,"29,000","7,250",0,0,"5,340",0,"16,410"
2711,23016-609956430,10242271,Cà Phê Muối Chú Long - Vũng Tàu,23/01/2026 17:06,"54,000","11,000",0,0,"10,557",0,"32,444"
2712,23016-611160226,10284115,Cà Phê Muối Chú Long - Kha Vạn Cân,23/01/2026 17:13,"22,000","7,000",0,0,"3,683",0,"11,318"
2713,23016-611566688,10284115,Cà Phê Muối Chú Long - Kha Vạn Cân,23/01/2026 17:17,"22,000","7,000",0,0,"3,683",0,"11,318"
2714,23016-612336453,10358037,Cà Phê Muối Chú Long - Hùng Vương,23/01/2026 17:39,"25,000","10,000",0,0,"3,683",0,"11,318"
2715,23016-613095363,10321523,Cà Phê Muối Chú Long - Thanh Nhàn,23/01/2026 17:44,"51,000","11,000",0,0,"9,820",0,"30,180"
2716,23016-613313358,10321523,Cà Phê Muối Chú Long - Thanh Nhàn,23/01/2026 17:38,"72,000","11,000",0,0,"14,976",0,"46,025"
2717,23016-613692030,10350108,Cà Phê Muối Chú Long - Đường Láng,23/01/2026 18:52,"58,000","11,000",0,0,"11,539",0,"35,462"
2718,23016-613990543,10321523,Cà Phê Muối Chú Long - Thanh Nhàn,23/01/2026 17:18,"29,000","5,000",0,0,"5,892",0,"18,108"
2719,23016-614054583,10321523,Cà Phê Muối Chú Long - Thanh Nhàn,23/01/2026 17:33,"54,000","11,000",0,0,"10,557",0,"32,444"
2720,23016-615391665,10230793,Cà Phê Muối Chú Long - Huỳnh Văn Bánh,23/01/2026 17:24,"44,000",0,0,0,"10,802",0,"33,198"
2721,23016-615598505,10235663,Cà Phê Muối Chú Long - Hà Huy Giáp,23/01/2026 17:36,"51,000","10,000",0,0,"10,066",0,"30,935"
2722,23016-616001780,10284115,Cà Phê Muối Chú Long - Kha Vạn Cân,23/01/2026 17:18,"29,000",0,0,0,"7,120",0,"21,881"
2723,23016-617320047,10298769,Cà Phê Muối Chú Long - Tôn Đức Thắng,23/01/2026 17:27,"58,000","11,000",0,0,"11,539",0,"35,462"
2724,23016-617817788,10284115,Cà Phê Muối Chú Long - Kha Vạn Cân,23/01/2026 17:32,"109,000","15,000",0,0,"23,077",0,"70,923"
2725,23016-618460095,10230793,Cà Phê Muối Chú Long - Huỳnh Văn Bánh,23/01/2026 17:52,"44,000","14,000",0,0,"7,365",0,"22,635"
2726,23016-618876801,10292422,Cà Phê Muối Chú Long - Phan Thiết,23/01/2026 17:29,"22,000","5,500",0,0,"4,051",0,"12,449"
2727,23016-620338494,10358016,Cà Phê Muối Chú Long - Bà Triệu,23/01/2026 17:42,"83,000","15,000",0,0,"16,694",0,"51,306"
2728,23016-622041460,10298769,Cà Phê Muối Chú Long - Tôn Đức Thắng,23/01/2026 17:51,"25,000","10,000",0,0,"3,683",0,"11,318"
2729,23016-622067667,10225871,Cà Phê Muối Chú Long - Đặng Nguyên Cẩn,23/01/2026 17:50,"22,000","7,000",0,0,"3,683",0,"11,318"
2730,23016-622181955,10298769,Cà Phê Muối Chú Long - Tôn Đức Thắng,23/01/2026 17:46,"44,000","14,000",0,0,"7,365",0,"22,635"
2731,23016-622805364,10381983,Cà Phê Muối Chú Long - Bạch Đằng,23/01/2026 17:51,"227,000",0,0,0,"55,729",0,"171,272"
2732,23016-623026981,10230793,Cà Phê Muối Chú Long - Huỳnh Văn Bánh,23/01/2026 17:31,"25,000","10,000",0,0,"3,683",0,"11,318"
2733,23016-623286274,10225902,Cà Phê Muối Chú Long - Hậu Giang,23/01/2026 17:31,"58,000","11,000",0,0,"11,539",0,"35,462"
2734,23016-624511069,10321523,Cà Phê Muối Chú Long - Thanh Nhàn,23/01/2026 17:59,"44,000",0,0,0,"10,802",0,"33,198"
2735,23016-624815010,10225898,Cà Phê Muối Chú Long - Nguyễn Đình Chiểu,23/01/2026 17:33,"29,000",0,0,0,"7,120",0,"21,881"
2736,23016-625944959,10225898,Cà Phê Muối Chú Long - Nguyễn Đình Chiểu,23/01/2026 17:52,"58,000","11,000",0,0,"11,539",0,"35,462"
2737,23016-627150941,10230171,Cà Phê Muối Chú Long - Bình Long,23/01/2026 17:52,"270,000","45,000",0,0,"55,238",0,"169,763"
2738,23016-627768527,10358037,Cà Phê Muối Chú Long - Hùng Vương,23/01/2026 17:51,"22,000","7,000",0,0,"3,683",0,"11,318"
2739,23016-628396612,10375372,Cà Phê Muối Chú Long - An Dương Vương,23/01/2026 17:57,"58,000",0,0,0,"14,239",0,"43,761"
2740,23016-629577715,10350108,Cà Phê Muối Chú Long - Đường Láng,23/01/2026 20:38,"29,000","14,500",0,0,"3,560",0,"10,940"
2741,23016-630128377,10296675,Cà Phê Muối Chú Long - Trương Định,23/01/2026 18:38,"65,000","11,000",0,0,"13,257",0,"40,743"
2742,23016-630206517,10235663,Cà Phê Muối Chú Long - Hà Huy Giáp,23/01/2026 18:21,"58,000","11,000",0,0,"11,539",0,"35,462"
2743,23016-631160671,10230793,Cà Phê Muối Chú Long - Huỳnh Văn Bánh,23/01/2026 17:58,"25,000","10,000",0,0,"3,683",0,"11,318"
2744,23016-632279509,10292422,Cà Phê Muối Chú Long - Phan Thiết,23/01/2026 17:41,"25,000","6,250",0,0,"4,603",0,"14,147"
2745,23016-632631954,10285817,Cà Phê Muối Chú Long - 1349 Cách Mạng Tháng 8,23/01/2026 17:45,"25,000","10,000",0,0,"3,683",0,"11,318"
2746,23016-632747910,10235658,Cà Phê Muối Chú Long - Công Trường Quốc Tế,23/01/2026 18:01,"73,000","15,000",0,0,"14,239",0,"43,761"
2747,23016-633589474,10230814,Cà Phê Muối Chú Long - Võ Văn Kiệt,23/01/2026 17:57,"203,000","32,000",0,0,"41,981",0,"129,020"
2748,23016-633762346,10225871,Cà Phê Muối Chú Long - Đặng Nguyên Cẩn,23/01/2026 17:55,"47,000","5,000",0,0,"10,311",0,"31,689"
2749,23016-633852259,10321439,Cà Phê Muối Chú Long - Vĩnh Long,23/01/2026 17:46,"44,000","14,000",0,0,"7,365",0,"22,635"
2750,23016-634418705,10232123,Cà Phê Muối Chú Long - 17A Ngô Tất Tố,23/01/2026 18:14,"58,000","11,000",0,0,"11,539",0,"35,462"
2751,23016-634523558,10225898,Cà Phê Muối Chú Long - Nguyễn Đình Chiểu,23/01/2026 18:10,"29,000",0,0,0,"7,120",0,"21,881"
2752,23016-635395889,10321523,Cà Phê Muối Chú Long - Thanh Nhàn,23/01/2026 18:22,"95,000","15,000",0,0,"19,640",0,"60,360"
2753,23016-636076055,10321523,Cà Phê Muối Chú Long - Thanh Nhàn,23/01/2026 18:36,"58,000","11,000",0,0,"11,539",0,"35,462"
2754,23016-636874187,10381892,Cà Phê Muối Chú Long - Phan Văn Trị,23/01/2026 18:20,"157,000",0,0,0,"38,544",0,"118,457"
2755,23016-637684374,10321524,Cà Phê Muối Chú Long - Đội Cấn,23/01/2026 18:23,"22,000","7,000",0,0,"3,683",0,"11,318"
2756,23016-638382238,10225898,Cà Phê Muối Chú Long - Nguyễn Đình Chiểu,23/01/2026 18:07,"72,000","27,000",0,0,"11,048",0,"33,953"
2757,23016-639435229,10298769,Cà Phê Muối Chú Long - Tôn Đức Thắng,23/01/2026 18:11,"25,000","10,000",0,0,"3,683",0,"11,318"
2758,23016-641015401,10375372,Cà Phê Muối Chú Long - An Dương Vương,23/01/2026 17:59,"58,000","29,000",0,0,"7,120",0,"21,881"
2759,23016-641342303,10225871,Cà Phê Muối Chú Long - Đặng Nguyên Cẩn,23/01/2026 18:13,"58,000","11,000",0,0,"11,539",0,"35,462"
2760,23016-642031932,10324687,Cà Phê Muối Chú Long - Huỳnh Tấn Phát,23/01/2026 18:04,"22,000","7,000",0,0,"3,683",0,"11,318"
2761,23016-642368360,10233716,Cà Phê Muối Chú Long - 130 Thích Quảng Đức,23/01/2026 18:04,"29,000","14,500",0,0,"3,560",0,"10,940"
2762,23016-643460332,10358037,Cà Phê Muối Chú Long - Hùng Vương,23/01/2026 18:14,"29,000","7,250",0,0,"5,340",0,"16,410"
2763,23016-643532234,10233716,Cà Phê Muối Chú Long - 130 Thích Quảng Đức,23/01/2026 18:09,"58,000","11,000",0,0,"11,539",0,"35,462"
2764,23016-645690393,10225902,Cà Phê Muối Chú Long - Hậu Giang,23/01/2026 18:02,"58,000","11,000",0,0,"11,539",0,"35,462"
2765,23016-645873174,10298769,Cà Phê Muối Chú Long - Tôn Đức Thắng,23/01/2026 19:18,"44,000","14,000",0,0,"7,365",0,"22,635"
2766,23016-646332535,10358037,Cà Phê Muối Chú Long - Hùng Vương,23/01/2026 18:39,"22,000","7,000",0,0,"3,683",0,"11,318"
2767,23016-646699838,10225898,Cà Phê Muối Chú Long - Nguyễn Đình Chiểu,23/01/2026 18:28,"83,000","15,000",0,0,"16,694",0,"51,306"
2768,23016-647467577,10296675,Cà Phê Muối Chú Long - Trương Định,23/01/2026 18:18,"50,000","11,000",0,0,"9,575",0,"29,426"
2769,23016-647760964,10298769,Cà Phê Muối Chú Long - Tôn Đức Thắng,23/01/2026 18:34,"22,000","7,000",0,0,"3,683",0,"11,318"
2770,23016-648929845,10287867,Cà Phê Muối Chú Long - Classic,23/01/2026 18:35,"64,000","34,000",0,0,"7,365",0,"22,635"
2771,23016-649453938,10321523,Cà Phê Muối Chú Long - Thanh Nhàn,23/01/2026 18:39,"61,000","11,000",0,0,"12,275",0,"37,725"
2772,23016-649524005,10225888,Cà Phê Muối Chú Long - Lạc Long Quân,23/01/2026 18:15,"29,000","14,500",0,0,"3,560",0,"10,940"
2773,23016-649827616,10330437,Cà Phê Muối Chú Long - Trần Hưng Đạo,23/01/2026 18:29,"29,000","7,250",0,0,"5,340",0,"16,410"
2774,23016-650479872,10225895,Cà Phê Muối Chú Long - Cách Mạng Tháng 8,23/01/2026 18:10,"44,000",0,0,0,"10,802",0,"33,198"
2775,23016-651334476,10340098,Cà Phê Muối Chú Long - Thuận An,23/01/2026 18:38,"22,000",0,0,0,"5,401",0,"16,599"
2776,23016-652026807,10375372,Cà Phê Muối Chú Long - An Dương Vương,23/01/2026 18:31,"29,000","14,500",0,0,"3,560",0,"10,940"
2777,23016-653458790,10381983,Cà Phê Muối Chú Long - Bạch Đằng,23/01/2026 18:44,"29,000","14,500",0,0,"3,560",0,"10,940"
2778,23016-654687642,10225898,Cà Phê Muối Chú Long - Nguyễn Đình Chiểu,23/01/2026 18:44,"54,000","11,000",0,0,"10,557",0,"32,444"
2779,23016-655587726,10235659,Cà Phê Muối Chú Long - Nguyễn Hữu Cảnh,23/01/2026 19:10,"58,000","11,000",0,0,"11,539",0,"35,462"
2780,23016-655610637,10287867,Cà Phê Muối Chú Long - Classic,23/01/2026 18:27,"130,000","20,000",0,0,"27,005",0,"82,995"
2781,23016-655712847,10354882,Cà Phê Muối Chú Long - Quảng Ngãi,23/01/2026 18:31,"54,000",0,0,0,"13,257",0,"40,743"
2782,23016-657111501,10299524,Cà Phê Muối Chú Long - Lê Duẩn,23/01/2026 18:49,"79,000",0,0,0,"19,395",0,"59,606"
2783,23016-657907037,10350108,Cà Phê Muối Chú Long - Đường Láng,23/01/2026 19:16,"22,000","7,000",0,0,"3,683",0,"11,318"
2784,23016-658396911,10235659,Cà Phê Muối Chú Long - Nguyễn Hữu Cảnh,23/01/2026 18:53,"58,000","11,000",0,0,"11,539",0,"35,462"
2785,23016-659120059,10230814,Cà Phê Muối Chú Long - Võ Văn Kiệt,23/01/2026 18:55,"58,000","11,000",0,0,"11,539",0,"35,462"
2786,23016-661054627,10216423,Cà Phê Muối Chú Long - 417 Cộng Hoà,23/01/2026 18:53,"58,000","11,000",0,0,"11,539",0,"35,462"
2787,23016-661215657,10225871,Cà Phê Muối Chú Long - Đặng Nguyên Cẩn,23/01/2026 18:34,"58,000","11,000",0,0,"11,539",0,"35,462"
2788,23016-662634540,10299524,Cà Phê Muối Chú Long - Lê Duẩn,23/01/2026 19:04,"29,000",0,0,0,"7,120",0,"21,881"
2789,23016-662672671,10235663,Cà Phê Muối Chú Long - Hà Huy Giáp,23/01/2026 18:43,"650,000","69,500",0,0,"142,513",0,"437,987"
2790,23016-664388866,10235658,Cà Phê Muối Chú Long - Công Trường Quốc Tế,23/01/2026 18:50,"44,000","14,000",0,0,"7,365",0,"22,635"
2791,23016-665236186,10235658,Cà Phê Muối Chú Long - Công Trường Quốc Tế,23/01/2026 19:00,"116,000","20,000",0,0,"23,568",0,"72,432"
2792,23016-665362099,10321523,Cà Phê Muối Chú Long - Thanh Nhàn,23/01/2026 19:23,"108,000","20,000",0,0,"21,604",0,"66,396"
2793,23016-665547086,10323120,Cà Phê Muối Chú Long - Đồng Xoài,23/01/2026 18:41,"62,000",0,0,0,"15,221",0,"46,779"
2794,23016-665635110,10386890,Cà Phê Muối Chú Long - Nha Trang,23/01/2026 19:00,"66,000",0,0,0,"16,203",0,"49,797"
2795,23016-666636810,10350108,Cà Phê Muối Chú Long - Đường Láng,23/01/2026 19:01,"25,000","10,000",0,0,"3,683",0,"11,318"
2796,23016-667258173,10321523,Cà Phê Muối Chú Long - Thanh Nhàn,23/01/2026 19:15,"50,000","20,000",0,0,"7,365",0,"22,635"
2797,23016-668291466,10230171,Cà Phê Muối Chú Long - Bình Long,23/01/2026 19:10,"44,000","14,000",0,0,"7,365",0,"22,635"
2798,23016-668344354,10287867,Cà Phê Muối Chú Long - Classic,23/01/2026 19:02,"195,000","26,000",0,0,"41,490",0,"127,511"
2799,23016-669537584,10321524,Cà Phê Muối Chú Long - Đội Cấn,23/01/2026 19:19,"69,000","11,000",0,0,"14,239",0,"43,761"
2800,23016-670304354,10216423,Cà Phê Muối Chú Long - 417 Cộng Hoà,23/01/2026 19:06,"62,000","11,000",0,0,"12,521",0,"38,480"
2801,23016-671122428,10287867,Cà Phê Muối Chú Long - Classic,23/01/2026 19:24,"34,000","19,000",0,0,"3,683",0,"11,318"
2802,23016-672088124,10350108,Cà Phê Muối Chú Long - Đường Láng,23/01/2026 19:30,"74,000","11,000",0,0,"15,467",0,"47,534"
2803,23016-673683706,10299524,Cà Phê Muối Chú Long - Lê Duẩn,23/01/2026 19:10,"54,000","11,000",0,0,"10,557",0,"32,444"
2804,23016-674522998,10321524,Cà Phê Muối Chú Long - Đội Cấn,23/01/2026 19:40,"22,000","5,000",0,0,"4,174",0,"12,827"
2805,23016-675043295,10296675,Cà Phê Muối Chú Long - Trương Định,23/01/2026 19:23,"22,000","7,000",0,0,"3,683",0,"11,318"
2806,23016-675051667,10296675,Cà Phê Muối Chú Long - Trương Định,23/01/2026 19:46,"29,000",0,0,0,"7,120",0,"21,881"
2807,23016-675437480,10225895,Cà Phê Muối Chú Long - Cách Mạng Tháng 8,23/01/2026 19:06,"29,000","5,000",0,0,"5,892",0,"18,108"
2808,23016-678624681,10321523,Cà Phê Muối Chú Long - Thanh Nhàn,23/01/2026 19:34,"29,000",0,0,0,"7,120",0,"21,881"
2809,23016-678729281,10330437,Cà Phê Muối Chú Long - Trần Hưng Đạo,23/01/2026 19:08,"25,000","10,000",0,0,"3,683",0,"11,318"
2810,23016-679086563,10230171,Cà Phê Muối Chú Long - Bình Long,23/01/2026 19:03,"58,000","11,000",0,0,"11,539",0,"35,462"
2811,23016-679369413,10235663,Cà Phê Muối Chú Long - Hà Huy Giáp,23/01/2026 19:07,"29,000","14,500",0,0,"3,560",0,"10,940"
2812,23016-679810088,10230171,Cà Phê Muối Chú Long - Bình Long,23/01/2026 19:03,"44,000",0,0,0,"10,802",0,"33,198"
2813,23016-680184605,10340098,Cà Phê Muối Chú Long - Thuận An,23/01/2026 19:10,"58,000","11,000",0,0,"11,539",0,"35,462"
2814,23016-681273041,10225902,Cà Phê Muối Chú Long - Hậu Giang,23/01/2026 19:42,"22,000","7,000",0,0,"3,683",0,"11,318"
2815,23016-681461816,10323120,Cà Phê Muối Chú Long - Đồng Xoài,23/01/2026 19:03,"29,000","7,250",0,0,"5,340",0,"16,410"
2816,23016-682522380,10232123,Cà Phê Muối Chú Long - 17A Ngô Tất Tố,23/01/2026 19:12,"87,000","15,000",0,0,"17,676",0,"54,324"
2817,23016-683116010,10219545,Cà Phê Muối Chú Long - Nguyễn Huệ,23/01/2026 19:11,"29,000",0,0,0,"7,120",0,"21,881"
2818,23016-683809284,10230793,Cà Phê Muối Chú Long - Huỳnh Văn Bánh,23/01/2026 19:14,"44,000","14,000",0,0,"7,365",0,"22,635"
2819,23016-683915689,10235659,Cà Phê Muối Chú Long - Nguyễn Hữu Cảnh,23/01/2026 19:25,"61,000","11,000",0,0,"12,275",0,"37,725"
2820,23016-684421760,10298769,Cà Phê Muối Chú Long - Tôn Đức Thắng,23/01/2026 19:18,"76,000","15,000",0,0,"14,976",0,"46,025"
2821,23016-688228768,10230817,Cà Phê Muối Chú Long - Thích Quảng Đức,23/01/2026 19:27,"58,000","11,000",0,0,"11,539",0,"35,462"
2822,23016-688938067,10230171,Cà Phê Muối Chú Long - Bình Long,23/01/2026 19:28,"22,000","7,000",0,0,"3,683",0,"11,318"
2823,23016-690025578,10381983,Cà Phê Muối Chú Long - Bạch Đằng,23/01/2026 19:26,"54,000","14,500",0,0,"9,697",0,"29,803"
2824,23016-690301550,10298769,Cà Phê Muối Chú Long - Tôn Đức Thắng,23/01/2026 19:45,"50,000","20,000",0,0,"7,365",0,"22,635"
2825,23016-693867178,10225871,Cà Phê Muối Chú Long - Đặng Nguyên Cẩn,23/01/2026 19:38,"22,000","7,000",0,0,"3,683",0,"11,318"
2826,23016-694082242,10235658,Cà Phê Muối Chú Long - Công Trường Quốc Tế,23/01/2026 19:34,"22,000","7,000",0,0,"3,683",0,"11,318"
2827,23016-694207473,10296675,Cà Phê Muối Chú Long - Trương Định,23/01/2026 20:02,"44,000","14,000",0,0,"7,365",0,"22,635"
2828,23016-694306852,10292422,Cà Phê Muối Chú Long - Phan Thiết,23/01/2026 19:34,"29,000","7,250",0,0,"5,340",0,"16,410"
2829,23016-694553474,10219545,Cà Phê Muối Chú Long - Nguyễn Huệ,23/01/2026 19:37,"116,000","20,000",0,0,"23,568",0,"72,432"
2830,23016-695289448,10225898,Cà Phê Muối Chú Long - Nguyễn Đình Chiểu,23/01/2026 19:30,"51,000","11,000",0,0,"9,820",0,"30,180"
2831,23016-695353202,10298824,Cà Phê Muối Chú Long - Hoàng Diệu,23/01/2026 19:39,"25,000","10,000",0,0,"3,683",0,"11,318"
2832,23016-695486019,10269971,Cà Phê Muối Chú Long - Cần Thơ,23/01/2026 19:41,"51,000","11,000",0,0,"9,820",0,"30,180"
2833,23016-695817807,10321524,Cà Phê Muối Chú Long - Đội Cấn,23/01/2026 20:00,"58,000",0,0,0,"14,239",0,"43,761"
2834,23016-695905861,10269971,Cà Phê Muối Chú Long - Cần Thơ,23/01/2026 19:51,"94,000","15,000",0,0,"19,395",0,"59,606"
2835,23016-695973944,10298769,Cà Phê Muối Chú Long - Tôn Đức Thắng,23/01/2026 19:53,"116,000","15,000",0,0,"24,796",0,"76,205"
2836,23016-696097747,10298824,Cà Phê Muối Chú Long - Hoàng Diệu,23/01/2026 19:40,"37,000","9,250",0,0,"6,813",0,"20,937"
2837,23016-696118362,10230793,Cà Phê Muối Chú Long - Huỳnh Văn Bánh,23/01/2026 19:50,"22,000","7,000",0,0,"3,683",0,"11,318"
2838,23016-697354799,10225888,Cà Phê Muối Chú Long - Lạc Long Quân,23/01/2026 19:44,"62,000","11,000",0,0,"12,521",0,"38,480"
2839,23016-697723066,10330437,Cà Phê Muối Chú Long - Trần Hưng Đạo,23/01/2026 19:32,"29,000","7,250",0,0,"5,340",0,"16,410"
2840,23016-698157347,10269971,Cà Phê Muối Chú Long - Cần Thơ,23/01/2026 19:58,"29,000","7,000",0,0,"5,401",0,"16,599"
2841,23016-698655468,10354882,Cà Phê Muối Chú Long - Quảng Ngãi,23/01/2026 19:42,"29,000","7,250",0,0,"5,340",0,"16,410"
2842,23016-700391140,10321523,Cà Phê Muối Chú Long - Thanh Nhàn,23/01/2026 19:44,"22,000","7,000",0,0,"3,683",0,"11,318"
2843,23016-701029111,10230814,Cà Phê Muối Chú Long - Võ Văn Kiệt,23/01/2026 19:42,"145,000","26,000",0,0,"29,215",0,"89,786"
2844,23016-701198209,10321523,Cà Phê Muối Chú Long - Thanh Nhàn,23/01/2026 20:06,"61,000","11,000",0,0,"12,275",0,"37,725"
2845,23016-701522274,10321524,Cà Phê Muối Chú Long - Đội Cấn,23/01/2026 20:15,"58,000","11,000",0,0,"11,539",0,"35,462"
2846,23016-702129371,10230814,Cà Phê Muối Chú Long - Võ Văn Kiệt,23/01/2026 19:57,"90,000",0,0,0,"22,095",0,"67,905"
2847,23016-702546068,10225902,Cà Phê Muối Chú Long - Hậu Giang,23/01/2026 19:53,"44,000",0,0,0,"10,802",0,"33,198"
2848,23016-704193789,10321524,Cà Phê Muối Chú Long - Đội Cấn,23/01/2026 20:04,"51,000","11,000",0,0,"9,820",0,"30,180"
2849,23016-704736257,10233716,Cà Phê Muối Chú Long - 130 Thích Quảng Đức,23/01/2026 19:57,"22,000","5,000",0,0,"4,174",0,"12,827"
2850,23016-705141278,10321523,Cà Phê Muối Chú Long - Thanh Nhàn,23/01/2026 19:49,"22,000","7,000",0,0,"3,683",0,"11,318"
2851,23016-705570131,10296675,Cà Phê Muối Chú Long - Trương Định,23/01/2026 20:14,"44,000","14,000",0,0,"7,365",0,"22,635"
2852,23016-706372994,10330437,Cà Phê Muối Chú Long - Trần Hưng Đạo,23/01/2026 19:59,"44,000","14,000",0,0,"7,365",0,"22,635"
2853,23016-706661275,10232123,Cà Phê Muối Chú Long - 17A Ngô Tất Tố,23/01/2026 20:01,"51,000","11,000",0,0,"9,820",0,"30,180"
2854,23016-706773823,10230793,Cà Phê Muối Chú Long - Huỳnh Văn Bánh,23/01/2026 20:07,"25,000","10,000",0,0,"3,683",0,"11,318"
2855,23016-706932069,10235658,Cà Phê Muối Chú Long - Công Trường Quốc Tế,23/01/2026 20:16,"22,000","7,000",0,0,"3,683",0,"11,318"
2856,23016-707060395,10321523,Cà Phê Muối Chú Long - Thanh Nhàn,23/01/2026 19:55,"58,000","11,000",0,0,"11,539",0,"35,462"
2857,23016-707314481,10292422,Cà Phê Muối Chú Long - Phan Thiết,23/01/2026 19:54,"29,000","7,250",0,0,"5,340",0,"16,410"
2858,23016-707881785,10216423,Cà Phê Muối Chú Long - 417 Cộng Hoà,23/01/2026 19:49,"58,000","11,000",0,0,"11,539",0,"35,462"
2859,23016-708328314,10298824,Cà Phê Muối Chú Long - Hoàng Diệu,23/01/2026 19:53,"44,000","14,000",0,0,"7,365",0,"22,635"
2860,23016-710117548,10235663,Cà Phê Muối Chú Long - Hà Huy Giáp,23/01/2026 20:06,"52,000","11,000",0,0,"10,066",0,"30,935"
2861,23016-711190272,10225888,Cà Phê Muối Chú Long - Lạc Long Quân,23/01/2026 20:00,"54,000","11,000",0,0,"10,557",0,"32,444"
2862,23016-712135187,10225898,Cà Phê Muối Chú Long - Nguyễn Đình Chiểu,23/01/2026 20:18,"29,000",0,0,0,"7,120",0,"21,881"
2863,23016-712291045,10230814,Cà Phê Muối Chú Long - Võ Văn Kiệt,23/01/2026 21:06,"58,000","29,000",0,0,"7,120",0,"21,881"
2864,23016-713377901,10298769,Cà Phê Muối Chú Long - Tôn Đức Thắng,23/01/2026 20:23,"22,000","7,000",0,0,"3,683",0,"11,318"
2865,23016-713429971,10386890,Cà Phê Muối Chú Long - Nha Trang,23/01/2026 20:36,"66,000",0,0,0,"16,203",0,"49,797"
2866,23016-713537420,10225888,Cà Phê Muối Chú Long - Lạc Long Quân,23/01/2026 20:17,"58,000","11,000",0,0,"11,539",0,"35,462"
2867,23016-713728379,10232123,Cà Phê Muối Chú Long - 17A Ngô Tất Tố,23/01/2026 20:15,"25,000","10,000",0,0,"3,683",0,"11,318"
2868,23016-714089376,10225902,Cà Phê Muối Chú Long - Hậu Giang,23/01/2026 20:32,"58,000","11,000",0,0,"11,539",0,"35,462"
2869,23016-715384194,10225898,Cà Phê Muối Chú Long - Nguyễn Đình Chiểu,23/01/2026 20:21,"58,000","29,000",0,0,"7,120",0,"21,881"
2870,23016-715711866,10324687,Cà Phê Muối Chú Long - Huỳnh Tấn Phát,23/01/2026 20:15,"69,000","24,000",0,0,"11,048",0,"33,953"
2871,23016-716162527,10358037,Cà Phê Muối Chú Long - Hùng Vương,23/01/2026 20:27,"25,000","10,000",0,0,"3,683",0,"11,318"
2872,23016-716292737,10386890,Cà Phê Muối Chú Long - Nha Trang,23/01/2026 20:11,"83,000",0,0,0,"20,377",0,"62,624"
2873,23016-716409010,10358016,Cà Phê Muối Chú Long - Bà Triệu,23/01/2026 20:20,"58,000","11,000",0,0,"11,539",0,"35,462"
2874,23016-716511194,10296675,Cà Phê Muối Chú Long - Trương Định,23/01/2026 20:26,"153,000","26,000",0,0,"31,179",0,"95,822"
2875,23016-716598139,10219545,Cà Phê Muối Chú Long - Nguyễn Huệ,23/01/2026 20:15,"112,000","15,000",0,0,"23,814",0,"73,187"
2876,23016-717560460,10350108,Cà Phê Muối Chú Long - Đường Láng,23/01/2026 21:25,"25,000","10,000",0,0,"3,683",0,"11,318"
2877,23016-717748430,10298824,Cà Phê Muối Chú Long - Hoàng Diệu,23/01/2026 20:24,"44,000","10,000",0,0,"8,347",0,"25,653"
2878,23016-718469147,10230171,Cà Phê Muối Chú Long - Bình Long,23/01/2026 20:03,"29,000",0,0,0,"7,120",0,"21,881"
2879,23016-718963198,10287840,Cà Phê Muối Chú Long - Long Xuyên,23/01/2026 20:32,"29,000",0,0,0,"7,120",0,"21,881"
2880,23016-719109670,10375372,Cà Phê Muối Chú Long - An Dương Vương,23/01/2026 20:14,"58,000",0,0,0,"14,239",0,"43,761"
2881,23016-719761883,10330437,Cà Phê Muối Chú Long - Trần Hưng Đạo,23/01/2026 20:14,"50,000","20,000",0,0,"7,365",0,"22,635"
2882,23016-719785779,10287840,Cà Phê Muối Chú Long - Long Xuyên,23/01/2026 20:10,"50,000","11,000",0,0,"9,575",0,"29,426"
2883,23016-720793614,10350108,Cà Phê Muối Chú Long - Đường Láng,23/01/2026 20:57,"29,000",0,0,0,"7,120",0,"21,881"
2884,23016-721158151,10321523,Cà Phê Muối Chú Long - Thanh Nhàn,23/01/2026 20:35,"22,000","7,000",0,0,"3,683",0,"11,318"
2885,23016-721188061,10298769,Cà Phê Muối Chú Long - Tôn Đức Thắng,23/01/2026 20:28,"141,000","26,000",0,0,"28,233",0,"86,768"
2886,23016-721219572,10321523,Cà Phê Muối Chú Long - Thanh Nhàn,23/01/2026 20:36,"22,000","7,000",0,0,"3,683",0,"11,318"
2887,23016-721643314,10233716,Cà Phê Muối Chú Long - 130 Thích Quảng Đức,23/01/2026 20:30,"25,000","10,000",0,0,"3,683",0,"11,318"
2888,23016-722197190,10350108,Cà Phê Muối Chú Long - Đường Láng,23/01/2026 20:58,"58,000","11,000",0,0,"11,539",0,"35,462"
2889,23016-724024344,10324687,Cà Phê Muối Chú Long - Huỳnh Tấn Phát,23/01/2026 20:44,"80,000","11,000",0,0,"16,940",0,"52,061"
2890,23016-724249970,10230793,Cà Phê Muối Chú Long - Huỳnh Văn Bánh,23/01/2026 20:34,"22,000","5,000",0,0,"4,174",0,"12,827"
2891,23016-724844174,10219545,Cà Phê Muối Chú Long - Nguyễn Huệ,23/01/2026 20:31,"58,000","11,000",0,0,"11,539",0,"35,462"
2892,23016-725592181,10299524,Cà Phê Muối Chú Long - Lê Duẩn,23/01/2026 20:37,"76,000","11,000",0,0,"15,958",0,"49,043"
2893,23016-725741830,10321524,Cà Phê Muối Chú Long - Đội Cấn,24/01/2026 01:00,"83,000",0,0,0,"20,377",0,"62,624"
2894,23016-725884021,10326235,Cà Phê Muối Chú Long - Cà Mau,23/01/2026 20:35,"29,000","7,250",0,0,"5,340",0,"16,410"
2895,23016-726570428,10225871,Cà Phê Muối Chú Long - Đặng Nguyên Cẩn,23/01/2026 20:22,"29,000","5,000",0,0,"5,892",0,"18,108"
2896,23016-726988774,10296675,Cà Phê Muối Chú Long - Trương Định,23/01/2026 20:39,"29,000","14,500",0,0,"3,560",0,"10,940"
2897,23016-727681172,10299524,Cà Phê Muối Chú Long - Lê Duẩn,23/01/2026 20:48,"25,000","10,000",0,0,"3,683",0,"11,318"
2898,23016-729095415,10225902,Cà Phê Muối Chú Long - Hậu Giang,23/01/2026 20:41,"58,000","11,000",0,0,"11,539",0,"35,462"
2899,23016-729260321,10225888,Cà Phê Muối Chú Long - Lạc Long Quân,23/01/2026 20:27,"54,000","11,000",0,0,"10,557",0,"32,444"
2900,23016-729821824,10285817,Cà Phê Muối Chú Long - 1349 Cách Mạng Tháng 8,23/01/2026 20:38,"50,000","20,000",0,0,"7,365",0,"22,635"
2901,23016-730290493,10225902,Cà Phê Muối Chú Long - Hậu Giang,23/01/2026 20:41,"108,000","15,000",0,0,"22,832",0,"70,169"
2902,23016-731424240,10296675,Cà Phê Muối Chú Long - Trương Định,23/01/2026 20:45,"36,000",0,0,0,"8,838",0,"27,162"
2903,23016-733899444,10296675,Cà Phê Muối Chú Long - Trương Định,23/01/2026 20:56,"50,000","20,000",0,0,"7,365",0,"22,635"
2904,23016-734051570,10324687,Cà Phê Muối Chú Long - Huỳnh Tấn Phát,23/01/2026 20:32,"29,000","5,000",0,0,"5,892",0,"18,108"
2905,23016-734260466,10230814,Cà Phê Muối Chú Long - Võ Văn Kiệt,23/01/2026 21:06,"50,000","20,000",0,0,"7,365",0,"22,635"
2906,23016-734584628,10321523,Cà Phê Muối Chú Long - Thanh Nhàn,23/01/2026 21:00,"25,000","10,000",0,0,"3,683",0,"11,318"
2907,23016-735066914,10321524,Cà Phê Muối Chú Long - Đội Cấn,23/01/2026 21:05,"116,000","20,000",0,0,"23,568",0,"72,432"
2908,23016-735344387,10350108,Cà Phê Muối Chú Long - Đường Láng,23/01/2026 21:31,"116,000","20,000",0,0,"23,568",0,"72,432"
2909,23016-735662577,10321523,Cà Phê Muối Chú Long - Thanh Nhàn,23/01/2026 21:19,"58,000",0,0,0,"14,239",0,"43,761"
2910,23016-736527591,10296675,Cà Phê Muối Chú Long - Trương Định,23/01/2026 20:57,"44,000","14,000",0,0,"7,365",0,"22,635"
2911,23016-737804778,10292422,Cà Phê Muối Chú Long - Phan Thiết,23/01/2026 20:49,"37,000","9,250",0,0,"6,813",0,"20,937"
2912,23016-739642860,10230814,Cà Phê Muối Chú Long - Võ Văn Kiệt,23/01/2026 21:10,"29,000","14,500",0,0,"3,560",0,"10,940"
2913,23016-741580227,10321523,Cà Phê Muối Chú Long - Thanh Nhàn,23/01/2026 21:01,"87,000","15,000",0,0,"17,676",0,"54,324"
2914,23016-742135476,10230171,Cà Phê Muối Chú Long - Bình Long,23/01/2026 20:53,"30,000","7,000",0,0,"5,647",0,"17,354"
2915,23016-742345998,10292422,Cà Phê Muối Chú Long - Phan Thiết,23/01/2026 20:44,"25,000","5,000",0,0,"4,910",0,"15,090"
2916,23016-742855087,10225895,Cà Phê Muối Chú Long - Cách Mạng Tháng 8,23/01/2026 20:48,"82,000","15,000",0,0,"16,449",0,"50,552"
2917,23016-744134554,10230817,Cà Phê Muối Chú Long - Thích Quảng Đức,23/01/2026 20:50,"37,000",0,0,0,"9,084",0,"27,917"
2918,23016-744467185,10292422,Cà Phê Muối Chú Long - Phan Thiết,23/01/2026 20:53,"44,000","10,000",0,0,"8,347",0,"25,653"
2919,23016-745066967,10298769,Cà Phê Muối Chú Long - Tôn Đức Thắng,23/01/2026 21:07,"108,000","20,000",0,0,"21,604",0,"66,396"
2920,23016-745536105,10350108,Cà Phê Muối Chú Long - Đường Láng,23/01/2026 21:29,"94,000","25,500",0,0,"16,817",0,"51,683"
2921,23016-745674227,10321524,Cà Phê Muối Chú Long - Đội Cấn,23/01/2026 21:30,"54,000","11,000",0,0,"10,557",0,"32,444"
2922,23016-746893082,10230171,Cà Phê Muối Chú Long - Bình Long,23/01/2026 21:08,"44,000","14,000",0,0,"7,365",0,"22,635"
2923,23016-748214567,10292422,Cà Phê Muối Chú Long - Phan Thiết,23/01/2026 21:02,"22,000","5,500",0,0,"4,051",0,"12,449"
2924,23016-748356839,10350108,Cà Phê Muối Chú Long - Đường Láng,23/01/2026 22:04,"22,000","7,000",0,0,"3,683",0,"11,318"
2925,23016-748875646,10233716,Cà Phê Muối Chú Long - 130 Thích Quảng Đức,23/01/2026 21:17,"58,000","11,000",0,0,"11,539",0,"35,462"
2926,23016-749464109,10298824,Cà Phê Muối Chú Long - Hoàng Diệu,23/01/2026 21:02,"29,000",0,0,0,"7,120",0,"21,881"
2927,23016-750924893,10324687,Cà Phê Muối Chú Long - Huỳnh Tấn Phát,23/01/2026 21:02,"50,000","20,000",0,0,"7,365",0,"22,635"
2928,23016-751114385,10230171,Cà Phê Muối Chú Long - Bình Long,23/01/2026 21:15,"58,000","11,000",0,0,"11,539",0,"35,462"
2929,23016-751914909,10219545,Cà Phê Muối Chú Long - Nguyễn Huệ,23/01/2026 21:05,"58,000","11,000",0,0,"11,539",0,"35,462"
2930,23016-752293421,10287867,Cà Phê Muối Chú Long - Classic,23/01/2026 21:07,"30,000","15,000",0,0,"3,683",0,"11,318"
2931,23016-752491684,10225885,Cà Phê Muối Chú Long - Ngô Tất Tố,23/01/2026 21:18,"25,000","10,000",0,0,"3,683",0,"11,318"
2932,23016-754420391,10269971,Cà Phê Muối Chú Long - Cần Thơ,23/01/2026 21:21,"87,000",0,0,0,"21,359",0,"65,642"
2933,23016-754537770,10287840,Cà Phê Muối Chú Long - Long Xuyên,23/01/2026 21:22,"25,000",0,0,0,"6,138",0,"18,863"
2934,23016-756326405,10296675,Cà Phê Muối Chú Long - Trương Định,23/01/2026 21:58,"58,000","11,000",0,0,"11,539",0,"35,462"
2935,23016-756734934,10287867,Cà Phê Muối Chú Long - Classic,23/01/2026 21:37,"68,000","38,000",0,0,"7,365",0,"22,635"
2936,23016-758166187,10350108,Cà Phê Muối Chú Long - Đường Láng,23/01/2026 22:29,"44,000","14,000",0,0,"7,365",0,"22,635"
2937,23016-758434862,10292422,Cà Phê Muối Chú Long - Phan Thiết,23/01/2026 21:15,"25,000","6,250",0,0,"4,603",0,"14,147"
2938,23016-759636198,10321523,Cà Phê Muối Chú Long - Thanh Nhàn,23/01/2026 22:19,"175,000","26,000",0,0,"36,580",0,"112,421"
2939,23016-760068061,10350108,Cà Phê Muối Chú Long - Đường Láng,23/01/2026 21:30,"44,000",0,0,0,"10,802",0,"33,198"
2940,23016-760422139,10321523,Cà Phê Muối Chú Long - Thanh Nhàn,23/01/2026 21:34,"22,000","7,000",0,0,"3,683",0,"11,318"
2941,23016-762137743,10350108,Cà Phê Muối Chú Long - Đường Láng,23/01/2026 22:01,"325,000","32,000",0,0,"71,932",0,"221,069"
2942,23016-762382245,10321523,Cà Phê Muối Chú Long - Thanh Nhàn,23/01/2026 21:42,"94,000","15,000",0,0,"19,395",0,"59,606"
2943,23016-762779576,10298769,Cà Phê Muối Chú Long - Tôn Đức Thắng,23/01/2026 22:03,"98,000","15,000",0,0,"20,377",0,"62,624"
2944,23016-763784572,10298769,Cà Phê Muối Chú Long - Tôn Đức Thắng,23/01/2026 21:50,"130,000","20,000",0,0,"27,005",0,"82,995"
2945,23016-763960387,10321524,Cà Phê Muối Chú Long - Đội Cấn,23/01/2026 22:11,"139,000","20,000",0,0,"29,215",0,"89,786"
2946,23016-764048501,10292015,Cà Phê Muối Chú Long - Long An,23/01/2026 21:33,"50,000","11,000",0,0,"9,575",0,"29,426"
2947,23016-766831002,10375372,Cà Phê Muối Chú Long - An Dương Vương,23/01/2026 21:57,"58,000",0,0,0,"14,239",0,"43,761"
2948,23016-767348883,10354891,Cà Phê Muối Chú Long - Trà Vinh,23/01/2026 21:36,"25,000","10,000",0,0,"3,683",0,"11,318"
2949,23016-768494628,10321523,Cà Phê Muối Chú Long - Thanh Nhàn,23/01/2026 21:53,"72,000","15,000",0,0,"13,994",0,"43,007"
2950,23016-770660272,10381892,Cà Phê Muối Chú Long - Phan Văn Trị,23/01/2026 21:43,"37,000",0,0,0,"9,084",0,"27,917"
2951,23016-770933644,10350108,Cà Phê Muối Chú Long - Đường Láng,23/01/2026 22:05,"54,000","11,000",0,0,"10,557",0,"32,444"
2952,23016-771202860,10219545,Cà Phê Muối Chú Long - Nguyễn Huệ,23/01/2026 21:46,"74,000","15,000",0,0,"14,485",0,"44,516"
2953,23016-771880147,10287867,Cà Phê Muối Chú Long - Classic,23/01/2026 21:45,"63,000","11,000",0,0,"12,766",0,"39,234"
2954,23016-772446076,10354891,Cà Phê Muối Chú Long - Trà Vinh,23/01/2026 21:45,"37,000","9,250",0,0,"6,813",0,"20,937"
2955,23016-772487873,10354891,Cà Phê Muối Chú Long - Trà Vinh,23/01/2026 21:37,"54,000","11,000",0,0,"10,557",0,"32,444"
2956,23016-772514969,10225898,Cà Phê Muối Chú Long - Nguyễn Đình Chiểu,23/01/2026 21:42,"123,000","20,000",0,0,"25,287",0,"77,714"
2957,23016-773050664,10225902,Cà Phê Muối Chú Long - Hậu Giang,23/01/2026 21:45,"87,000","15,000",0,0,"17,676",0,"54,324"
2958,23016-773231319,10225898,Cà Phê Muối Chú Long - Nguyễn Đình Chiểu,23/01/2026 21:57,"29,000","5,000",0,0,"5,892",0,"18,108"
2959,23016-774193733,10350108,Cà Phê Muối Chú Long - Đường Láng,23/01/2026 21:49,"25,000","10,000",0,0,"3,683",0,"11,318"
2960,23016-776984583,10321523,Cà Phê Muối Chú Long - Thanh Nhàn,23/01/2026 21:54,"186,000","26,000",0,0,"39,280",0,"120,720"
2961,23016-777941313,10321523,Cà Phê Muối Chú Long - Thanh Nhàn,23/01/2026 22:06,"50,000","11,000",0,0,"9,575",0,"29,426"
2962,23016-779271432,10321523,Cà Phê Muối Chú Long - Thanh Nhàn,23/01/2026 22:03,"58,000","11,000",0,0,"11,539",0,"35,462"
2963,23016-780647008,10321523,Cà Phê Muối Chú Long - Thanh Nhàn,23/01/2026 22:12,"25,000","10,000",0,0,"3,683",0,"11,318"
2964,23016-781210088,10225888,Cà Phê Muối Chú Long - Lạc Long Quân,23/01/2026 21:53,"22,000","5,000",0,0,"4,174",0,"12,827"
2965,23016-785911714,10298769,Cà Phê Muối Chú Long - Tôn Đức Thắng,23/01/2026 22:18,"54,000","11,000",0,0,"10,557",0,"32,444"
2966,23016-786651982,10375372,Cà Phê Muối Chú Long - An Dương Vương,23/01/2026 22:10,"58,000",0,0,0,"14,239",0,"43,761"
2967,23016-787240475,10381892,Cà Phê Muối Chú Long - Phan Văn Trị,23/01/2026 22:05,"51,000",0,0,0,"12,521",0,"38,480"
2968,23016-787381008,10340098,Cà Phê Muối Chú Long - Thuận An,23/01/2026 22:21,"116,000","15,000",0,0,"24,796",0,"76,205"
2969,23016-789422523,10219545,Cà Phê Muối Chú Long - Nguyễn Huệ,23/01/2026 22:22,"133,000","20,000",0,0,"27,742",0,"85,259"
2970,23016-789454337,10219545,Cà Phê Muối Chú Long - Nguyễn Huệ,23/01/2026 22:25,"51,000","11,000",0,0,"9,820",0,"30,180"
2971,23016-789508143,10321523,Cà Phê Muối Chú Long - Thanh Nhàn,23/01/2026 22:23,"66,000","11,000",0,0,"13,503",0,"41,498"
2972,23016-789894077,10225888,Cà Phê Muối Chú Long - Lạc Long Quân,23/01/2026 22:16,"22,000","7,000",0,0,"3,683",0,"11,318"
2973,23016-790582947,10350108,Cà Phê Muối Chú Long - Đường Láng,23/01/2026 23:11,"47,000","17,000",0,0,"7,365",0,"22,635"
2974,23016-791985238,10321524,Cà Phê Muối Chú Long - Đội Cấn,23/01/2026 22:44,"22,000","7,000",0,0,"3,683",0,"11,318"
2975,23016-792932548,10219545,Cà Phê Muối Chú Long - Nguyễn Huệ,23/01/2026 22:31,"58,000","11,000",0,0,"11,539",0,"35,462"
2976,23016-793373222,10340098,Cà Phê Muối Chú Long - Thuận An,23/01/2026 22:42,"87,000","15,000",0,0,"17,676",0,"54,324"
2977,23016-795147084,10321523,Cà Phê Muối Chú Long - Thanh Nhàn,23/01/2026 22:23,"47,000","5,000",0,0,"10,311",0,"31,689"
2978,23016-796512431,10321523,Cà Phê Muối Chú Long - Thanh Nhàn,23/01/2026 22:38,"116,000","15,000",0,0,"24,796",0,"76,205"
2979,23016-799191371,10225888,Cà Phê Muối Chú Long - Lạc Long Quân,23/01/2026 22:37,"58,000","11,000",0,0,"11,539",0,"35,462"
2980,23016-806937529,10375372,Cà Phê Muối Chú Long - An Dương Vương,23/01/2026 22:44,"58,000",0,0,0,"14,239",0,"43,761"
2981,23016-810048188,10287867,Cà Phê Muối Chú Long - Classic,23/01/2026 22:53,"68,000","11,000",0,0,"13,994",0,"43,007"
2982,23016-815434361,10219545,Cà Phê Muối Chú Long - Nguyễn Huệ,23/01/2026 22:59,"94,000",0,0,0,"23,077",0,"70,923"
2983,23016-815929049,10219545,Cà Phê Muối Chú Long - Nguyễn Huệ,23/01/2026 22:59,"66,000","11,000",0,0,"13,503",0,"41,498"
2984,23016-834768187,10287867,Cà Phê Muối Chú Long - Classic,23/01/2026 23:42,"188,000","26,000",0,0,"39,771",0,"122,229"
2985,23016-835402292,10219545,Cà Phê Muối Chú Long - Nguyễn Huệ,23/01/2026 23:30,"29,000","5,000",0,0,"5,892",0,"18,108"
2986,23016-837382635,10287867,Cà Phê Muối Chú Long - Classic,23/01/2026 23:32,"30,000",0,0,0,"7,365",0,"22,635"
2987,23016-847881719,10375372,Cà Phê Muối Chú Long - An Dương Vương,23/01/2026 23:52,"29,000",0,0,0,"7,120",0,"21,881"
