STT,Mã Đơn Hàng,ID cửa hàng,Tên cửa hàng,Thời gian hoàn thành/ huỷ đơn,Giá trị đơn hàng,Khuyến mại từ quán,Phí dịch vụ,Phí vận chuyển trả cho quán,Chiết khấu,Thuế khấu trừ,Thực thu
1,25056-862648314,10219545,Cà Phê Muối Chú Long - Nguyễn Huệ,26/05/2026 00:20:39,"181,000",0,0,0,"44,436",0,"136,565"
2,26056-003983817,10235663,Cà Phê Muối Chú Long - Hà Huy Giáp,26/05/2026 06:26:42,"73,000","15,000",0,0,"14,239",0,"43,761"
3,26056-008108840,10375372,Cà Phê Muối Chú Long - An Dương Vương,26/05/2026 00:26:03,"54,000","10,000",0,0,"10,802",0,"33,198"
4,26056-011050223,10375372,Cà Phê Muối Chú Long - An Dương Vương,26/05/2026 00:35:21,"113,000","22,600",0,0,"22,193",0,"68,207"
5,26056-026216279,10350108,Cà Phê Muối Chú Long - Đường Láng,26/05/2026 06:46:55,"58,000","11,000",0,0,"11,539",0,"35,462"
6,26056-034535464,10287867,Cà Phê Muối Chú Long - Classic,26/05/2026 01:14:43,"97,000","19,400",0,0,"19,051",0,"58,549"
7,26056-043342607,10235658,Cà Phê Muối Chú Long - Công Trường Quốc Tế,26/05/2026 08:13:20,"54,000","11,000",0,0,"10,557",0,"32,444"
8,26056-047580026,10225902,Cà Phê Muối Chú Long - Hậu Giang,26/05/2026 01:40:13,"87,000","17,400",0,0,"17,087",0,"52,513"
9,26056-093598034,10216423,Cà Phê Muối Chú Long - 417 Cộng Hoà,26/05/2026 07:43:22,"58,000","11,000",0,0,"11,539",0,"35,462"
10,26056-095799524,10219545,Cà Phê Muối Chú Long - Nguyễn Huệ,26/05/2026 02:56:37,"47,000","5,000",0,0,"10,311",0,"31,689"
11,26056-097297252,10225902,Cà Phê Muối Chú Long - Hậu Giang,26/05/2026 06:39:14,"80,000","15,000",0,0,"15,958",0,"49,043"
12,26056-101657178,10225902,Cà Phê Muối Chú Long - Hậu Giang,26/05/2026 03:14:56,"83,000","16,600",0,0,"16,301",0,"50,099"
13,26056-144998939,10225902,Cà Phê Muối Chú Long - Hậu Giang,26/05/2026 04:20:45,"36,000","5,000",0,0,"7,611",0,"23,390"
14,26056-154836494,10219545,Cà Phê Muối Chú Long - Nguyễn Huệ,26/05/2026 04:35:47,"58,000","11,600",0,0,"11,391",0,"35,009"
15,26056-175642505,10216423,Cà Phê Muối Chú Long - 417 Cộng Hoà,26/05/2026 09:33:20,"51,000","11,000",0,0,"9,820",0,"30,180"
16,26056-181685147,10298824,Cà Phê Muối Chú Long - Hoàng Diệu,26/05/2026 05:32:30,"116,000","23,200",0,0,"22,782",0,"70,018"
17,26056-192234302,10287867,Cà Phê Muối Chú Long - Classic,26/05/2026 05:33:29,"59,000","11,800",0,0,"11,588",0,"35,612"
18,26056-198268632,10219545,Cà Phê Muối Chú Long - Nguyễn Huệ,26/05/2026 05:42:39,"66,000","13,200",0,0,"12,962",0,"39,838"
19,26056-200036510,10219545,Cà Phê Muối Chú Long - Nguyễn Huệ,26/05/2026 05:46:16,"54,000","11,000",0,0,"10,557",0,"32,444"
20,26056-200298513,10230417,Cà Phê Muối Chú Long - Lê Văn Sỹ,26/05/2026 05:58:05,"153,000","28,571",0,0,"30,547",0,"93,882"
21,26056-202511114,10358037,Cà Phê Muối Chú Long - 35 Trần Phú,26/05/2026 05:54:06,"58,000","11,600",0,0,"11,391",0,"35,009"
22,26056-204172638,10292422,Cà Phê Muối Chú Long - Phan Thiết,26/05/2026 06:14:29,"51,000","11,000",0,0,"9,820",0,"30,180"
23,26056-204494096,10225895,Cà Phê Muối Chú Long - Cách Mạng Tháng 8,26/05/2026 05:48:56,"29,000","5,000",0,0,"5,892",0,"18,108"
24,26056-205962111,10375372,Cà Phê Muối Chú Long - An Dương Vương,26/05/2026 06:28:49,"37,000",0,0,0,"9,084",0,"27,917"
25,26056-206275457,10232123,Cà Phê Muối Chú Long - 17A Ngô Tất Tố,26/05/2026 05:58:32,"22,000","5,000",0,0,"4,174",0,"12,827"
26,26056-207583793,10230292,Cà Phê Muối Chú Long - Lê Văn Việt,26/05/2026 06:13:51,"44,000",0,0,0,"10,802",0,"33,198"
27,26056-209663254,10354882,Cà Phê Muối Chú Long - Quảng Ngãi,26/05/2026 06:03:47,"36,000","9,000",0,0,"6,629",0,"20,372"
28,26056-209683200,10242271,Cà Phê Muối Chú Long - Vũng Tàu,26/05/2026 06:08:09,"58,000","11,600",0,0,"11,391",0,"35,009"
29,26056-211302832,10381892,Cà Phê Muối Chú Long - Phan Văn Trị,26/05/2026 06:06:26,"58,000","11,600",0,0,"11,391",0,"35,009"
30,26056-212453861,10235663,Cà Phê Muối Chú Long - Hà Huy Giáp,26/05/2026 05:59:15,"29,000","7,250",0,0,"5,340",0,"16,410"
31,26056-212493059,10407619,Cà Phê Muối Chú Long - 117 Lò Đúc,26/05/2026 06:26:43,"58,000",0,0,0,"14,239",0,"43,761"
32,26056-214819200,10216423,Cà Phê Muối Chú Long - 417 Cộng Hoà,26/05/2026 06:16:22,"116,000","23,200",0,0,"22,782",0,"70,018"
33,26056-214911512,10216423,Cà Phê Muối Chú Long - 417 Cộng Hoà,26/05/2026 06:11:02,"166,000","29,880",0,0,"33,417",0,"102,703"
34,26056-215546328,10225888,Cà Phê Muối Chú Long - Lạc Long Quân,26/05/2026 06:17:42,"51,000","11,000",0,0,"9,820",0,"30,180"
35,26056-216512080,10224935,Cà Phê Muối Chú Long - 585 Quang Trung,26/05/2026 06:24:38,"58,000","11,600",0,0,"11,391",0,"35,009"
36,26056-216948264,10230292,Cà Phê Muối Chú Long - Lê Văn Việt,26/05/2026 06:21:14,"29,000","5,000",0,0,"5,892",0,"18,108"
37,26056-217514911,10375372,Cà Phê Muối Chú Long - An Dương Vương,26/05/2026 06:15:54,"87,000","17,400",0,0,"17,087",0,"52,513"
38,26056-218668294,10230817,Cà Phê Muối Chú Long - Thích Quảng Đức,26/05/2026 06:27:05,"58,000","11,600",0,0,"11,391",0,"35,009"
39,26056-218749019,10233716,Cà Phê Muối Chú Long - 130 Thích Quảng Đức,26/05/2026 06:18:10,"58,000","11,600",0,0,"11,391",0,"35,009"
40,26056-219082489,10230814,Cà Phê Muối Chú Long - Võ Văn Kiệt,26/05/2026 06:14:42,"29,000","5,000",0,0,"5,892",0,"18,108"
41,26056-220182255,10230171,Cà Phê Muối Chú Long - Bình Long,26/05/2026 06:38:17,"87,000","17,400",0,0,"17,087",0,"52,513"
42,26056-220459927,10287867,Cà Phê Muối Chú Long - Classic,26/05/2026 06:30:45,"97,000","19,400",0,0,"19,051",0,"58,549"
43,26056-221824720,10381892,Cà Phê Muối Chú Long - Phan Văn Trị,26/05/2026 06:24:58,"87,000","17,400",0,0,"17,087",0,"52,513"
44,26056-222648931,10225902,Cà Phê Muối Chú Long - Hậu Giang,26/05/2026 06:34:26,"36,000",0,0,0,"8,838",0,"27,162"
45,26056-223030837,10381892,Cà Phê Muối Chú Long - Phan Văn Trị,26/05/2026 06:30:31,"61,000","12,200",0,0,"11,980",0,"36,820"
46,26056-223260479,10242271,Cà Phê Muối Chú Long - Vũng Tàu,26/05/2026 06:19:27,"73,000","15,000",0,0,"14,239",0,"43,761"
47,26056-223402763,10284115,Cà Phê Muối Chú Long - Kha Vạn Cân,26/05/2026 06:26:38,"76,000","15,200",0,0,"14,926",0,"45,874"
48,26056-223821263,10313967,Cà Phê Muối Chú Long - 82 Ngô Gia Tự,26/05/2026 06:27:09,"36,000","9,000",0,0,"6,629",0,"20,372"
49,26056-224447633,10296675,Cà Phê Muối Chú Long - Trương Định,26/05/2026 07:09:37,"22,000","5,000",0,0,"4,174",0,"12,827"
50,26056-224456082,10230417,Cà Phê Muối Chú Long - Lê Văn Sỹ,26/05/2026 06:40:57,"54,000","10,000",0,0,"10,802",0,"33,198"
51,26056-224822409,10225902,Cà Phê Muối Chú Long - Hậu Giang,26/05/2026 07:12:49,"87,000","15,000",0,0,"17,676",0,"54,324"
52,26056-224935995,10230171,Cà Phê Muối Chú Long - Bình Long,26/05/2026 06:26:39,"87,000","17,400",0,0,"17,087",0,"52,513"
53,26056-225911550,10408376,Cà Phê Muối Chú Long - 203 Tôn Đản,26/05/2026 06:27:41,"58,000",0,0,0,"14,239",0,"43,761"
54,26056-226502190,10358037,Cà Phê Muối Chú Long - 35 Trần Phú,26/05/2026 06:26:24,"29,000","5,000",0,0,"5,892",0,"18,108"
55,26056-226581101,10287867,Cà Phê Muối Chú Long - Classic,26/05/2026 06:38:04,"60,000","38,000",0,0,"5,401",0,"16,599"
56,26056-226748866,10230417,Cà Phê Muối Chú Long - Lê Văn Sỹ,26/05/2026 06:33:14,"37,000",0,0,0,"9,084",0,"27,917"
57,26056-227015402,10321523,Cà Phê Muối Chú Long - Thanh Nhàn,26/05/2026 06:39:07,"58,000","11,600",0,0,"11,391",0,"35,009"
58,26056-229556154,10235659,Cà Phê Muối Chú Long - Nguyễn Hữu Cảnh,26/05/2026 06:44:34,"58,000","11,600",0,0,"11,391",0,"35,009"
59,26056-229875244,10233716,Cà Phê Muối Chú Long - 130 Thích Quảng Đức,26/05/2026 06:43:12,"51,000","11,000",0,0,"9,820",0,"30,180"
60,26056-230897211,10235663,Cà Phê Muối Chú Long - Hà Huy Giáp,26/05/2026 06:44:27,"58,000","11,600",0,0,"11,391",0,"35,009"
61,26056-230980946,10354882,Cà Phê Muối Chú Long - Quảng Ngãi,26/05/2026 06:52:14,"65,000","13,000",0,0,"12,766",0,"39,234"
62,26056-230998466,10298769,Cà Phê Muối Chú Long - Tôn Đức Thắng,26/05/2026 06:35:58,"22,000","5,000",0,0,"4,174",0,"12,827"
63,26056-231903558,10292422,Cà Phê Muối Chú Long - Phan Thiết,26/05/2026 06:33:47,"29,000","7,250",0,0,"5,340",0,"16,410"
64,26056-231959704,10219545,Cà Phê Muối Chú Long - Nguyễn Huệ,26/05/2026 06:34:32,"87,000","17,400",0,0,"17,087",0,"52,513"
65,26056-232975649,10340098,Cà Phê Muối Chú Long - Thuận An,26/05/2026 06:55:33,"116,000","23,200",0,0,"22,782",0,"70,018"
66,26056-233017118,10298769,Cà Phê Muối Chú Long - Tôn Đức Thắng,26/05/2026 06:39:19,"29,000","5,000",0,0,"5,892",0,"18,108"
67,26056-234402792,10224935,Cà Phê Muối Chú Long - 585 Quang Trung,26/05/2026 06:51:23,"58,000","11,600",0,0,"11,391",0,"35,009"
68,26056-235133300,10235658,Cà Phê Muối Chú Long - Công Trường Quốc Tế,26/05/2026 06:53:05,"29,000","5,000",0,0,"5,892",0,"18,108"
69,26056-235603764,10230171,Cà Phê Muối Chú Long - Bình Long,26/05/2026 06:45:34,"58,000","11,600",0,0,"11,391",0,"35,009"
70,26056-236937728,10386890,Cà Phê Muối Chú Long - Nha Trang,26/05/2026 06:55:35,"112,000","22,400",0,0,"21,997",0,"67,603"
71,26056-236944489,10324687,Cà Phê Muối Chú Long - Huỳnh Tấn Phát,26/05/2026 06:55:53,"116,000","23,200",0,0,"22,782",0,"70,018"
72,26056-237954174,10321524,Cà Phê Muối Chú Long - Đội Cấn,26/05/2026 07:01:44,"58,000","11,600",0,0,"11,391",0,"35,009"
73,26056-238232528,10358016,Cà Phê Muối Chú Long - Bà Triệu,26/05/2026 06:44:55,"22,000","5,500",0,0,"4,051",0,"12,449"
74,26056-238504405,10381983,Cà Phê Muối Chú Long - Bạch Đằng,26/05/2026 06:50:02,"116,000",0,0,0,"28,478",0,"87,522"
75,26056-238796228,10230399,Cà Phê Muối Chú Long - Tân Kỳ Tân Quý,26/05/2026 06:53:24,"116,000","23,200",0,0,"22,782",0,"70,018"
76,26056-239263231,10225895,Cà Phê Muối Chú Long - Cách Mạng Tháng 8,26/05/2026 06:48:20,"58,000","11,000",0,0,"11,539",0,"35,462"
77,26056-240288856,10222800,Cà Phê Muối Chú Long - Thành Thái,26/05/2026 06:50:51,"116,000","23,200",0,0,"22,782",0,"70,018"
78,26056-240334885,10386890,Cà Phê Muối Chú Long - Nha Trang,26/05/2026 07:02:30,"44,000","5,000",0,0,"9,575",0,"29,426"
79,26056-240459570,10230399,Cà Phê Muối Chú Long - Tân Kỳ Tân Quý,26/05/2026 07:04:18,"29,000","5,000",0,0,"5,892",0,"18,108"
80,26056-240740386,10230292,Cà Phê Muối Chú Long - Lê Văn Việt,26/05/2026 06:51:48,"113,000","22,600",0,0,"22,193",0,"68,207"
81,26056-240951987,10230793,Cà Phê Muối Chú Long - Huỳnh Văn Bánh,26/05/2026 06:58:03,"51,000","11,000",0,0,"9,820",0,"30,180"
82,26056-241018303,10225888,Cà Phê Muối Chú Long - Lạc Long Quân,26/05/2026 07:20:11,"87,000","17,400",0,0,"17,087",0,"52,513"
83,26056-241516411,10235663,Cà Phê Muối Chú Long - Hà Huy Giáp,26/05/2026 06:49:34,"80,000","16,000",0,0,"15,712",0,"48,288"
84,26056-241528548,10321523,Cà Phê Muối Chú Long - Thanh Nhàn,26/05/2026 07:04:23,"69,000","13,800",0,0,"13,552",0,"41,648"
85,26056-242493144,10321524,Cà Phê Muối Chú Long - Đội Cấn,26/05/2026 06:52:14,"29,000","5,000",0,0,"5,892",0,"18,108"
86,26056-242927698,10307386,Cà Phê Muối Chú Long - Kiên Giang,26/05/2026 07:09:26,"29,000","7,250",0,0,"5,340",0,"16,410"
87,26056-243086138,10235659,Cà Phê Muối Chú Long - Nguyễn Hữu Cảnh,26/05/2026 07:11:36,"51,000","11,000",0,0,"9,820",0,"30,180"
88,26056-243275899,10375372,Cà Phê Muối Chú Long - An Dương Vương,26/05/2026 06:58:24,"117,000","23,400",0,0,"22,979",0,"70,621"
89,26056-243725769,10230171,Cà Phê Muối Chú Long - Bình Long,26/05/2026 06:51:52,"29,000",0,0,0,"7,120",0,"21,881"
90,26056-243780017,10230814,Cà Phê Muối Chú Long - Võ Văn Kiệt,26/05/2026 07:02:53,"58,000","11,600",0,0,"11,391",0,"35,009"
91,26056-243795246,10230417,Cà Phê Muối Chú Long - Lê Văn Sỹ,26/05/2026 06:57:52,"36,000",0,0,0,"8,838",0,"27,162"
92,26056-244205935,10216423,Cà Phê Muối Chú Long - 417 Cộng Hoà,26/05/2026 07:04:47,"51,000","11,000",0,0,"9,820",0,"30,180"
93,26056-244629306,10230417,Cà Phê Muối Chú Long - Lê Văn Sỹ,26/05/2026 07:03:49,"145,000","28,571",0,0,"28,583",0,"87,846"
94,26056-244737523,10296675,Cà Phê Muối Chú Long - Trương Định,26/05/2026 07:42:37,"65,000","13,000",0,0,"12,766",0,"39,234"
95,26056-244808027,10232123,Cà Phê Muối Chú Long - 17A Ngô Tất Tố,26/05/2026 07:09:45,"116,000","23,200",0,0,"22,782",0,"70,018"
96,26056-244895954,10292422,Cà Phê Muối Chú Long - Phan Thiết,26/05/2026 06:55:58,"22,000","5,500",0,0,"4,051",0,"12,449"
97,26056-244966910,10233716,Cà Phê Muối Chú Long - 130 Thích Quảng Đức,26/05/2026 07:19:15,"87,000","17,400",0,0,"17,087",0,"52,513"
98,26056-245112342,10225898,Cà Phê Muối Chú Long - Nguyễn Đình Chiểu,26/05/2026 06:59:39,"87,000","17,400",0,0,"17,087",0,"52,513"
99,26056-245581350,10222800,Cà Phê Muối Chú Long - Thành Thái,26/05/2026 07:02:29,"66,000","13,200",0,0,"12,962",0,"39,838"
100,26056-245958493,10235663,Cà Phê Muối Chú Long - Hà Huy Giáp,26/05/2026 07:01:15,"87,000","17,400",0,0,"17,087",0,"52,513"
101,26056-246198290,10321523,Cà Phê Muối Chú Long - Thanh Nhàn,26/05/2026 07:02:49,"58,000","11,600",0,0,"11,391",0,"35,009"
102,26056-247253861,10296675,Cà Phê Muối Chú Long - Trương Định,26/05/2026 07:01:54,"72,000","14,400",0,0,"14,141",0,"43,459"
103,26056-247329694,10230399,Cà Phê Muối Chú Long - Tân Kỳ Tân Quý,26/05/2026 07:02:08,"73,000","14,600",0,0,"14,337",0,"44,063"
104,26056-247463033,10323120,Cà Phê Muối Chú Long - Đồng Xoài,26/05/2026 07:00:18,"36,000","9,000",0,0,"6,629",0,"20,372"
105,26056-247849932,10230417,Cà Phê Muối Chú Long - Lê Văn Sỹ,26/05/2026 07:11:16,"58,000","11,600",0,0,"11,391",0,"35,009"
106,26056-247859918,10298769,Cà Phê Muối Chú Long - Tôn Đức Thắng,26/05/2026 07:22:27,"58,000","11,600",0,0,"11,391",0,"35,009"
107,26056-247917350,10233716,Cà Phê Muối Chú Long - 130 Thích Quảng Đức,26/05/2026 07:13:10,"145,000","28,571",0,0,"28,583",0,"87,846"
108,26056-248086711,10224935,Cà Phê Muối Chú Long - 585 Quang Trung,26/05/2026 07:13:43,"58,000","11,600",0,0,"11,391",0,"35,009"
109,26056-248096998,10222800,Cà Phê Muối Chú Long - Thành Thái,26/05/2026 07:14:43,"116,000","23,200",0,0,"22,782",0,"70,018"
110,26056-248347567,10299524,Cà Phê Muối Chú Long - Lê Duẩn,26/05/2026 07:27:13,"37,000","9,250",0,0,"6,813",0,"20,937"
111,26056-248541976,10219545,Cà Phê Muối Chú Long - Nguyễn Huệ,26/05/2026 07:14:56,"134,000","26,800",0,0,"26,318",0,"80,882"
112,26056-248696849,10230817,Cà Phê Muối Chú Long - Thích Quảng Đức,26/05/2026 07:08:07,"87,000","17,400",0,0,"17,087",0,"52,513"
113,26056-248833559,10222800,Cà Phê Muối Chú Long - Thành Thái,26/05/2026 07:34:14,"58,000","11,600",0,0,"11,391",0,"35,009"
114,26056-248844171,10354891,Cà Phê Muối Chú Long - Trà Vinh,26/05/2026 07:03:12,"58,000","11,600",0,0,"11,391",0,"35,009"
115,26056-248868163,10225902,Cà Phê Muối Chú Long - Hậu Giang,26/05/2026 07:13:56,"112,000","22,400",0,0,"21,997",0,"67,603"
116,26056-249035101,10224935,Cà Phê Muối Chú Long - 585 Quang Trung,26/05/2026 07:26:10,"80,000","16,000",0,0,"15,712",0,"48,288"
117,26056-249343177,10321439,Cà Phê Muối Chú Long - Vĩnh Long,26/05/2026 06:57:34,"58,000","11,600",0,0,"11,391",0,"35,009"
118,26056-249841308,10230292,Cà Phê Muối Chú Long - Lê Văn Việt,26/05/2026 07:12:24,"58,000","11,600",0,0,"11,391",0,"35,009"
119,26056-250474759,10395671,Cà Phê Muối Chú Long - 59 Trường Chinh,26/05/2026 07:28:42,"112,000","22,400",0,0,"21,997",0,"67,603"
120,26056-250526560,10350108,Cà Phê Muối Chú Long - Đường Láng,26/05/2026 07:28:25,"36,000",0,0,0,"8,838",0,"27,162"
121,26056-251018938,10233716,Cà Phê Muối Chú Long - 130 Thích Quảng Đức,26/05/2026 07:24:26,"66,000",0,0,0,"16,203",0,"49,797"
122,26056-251717542,10381892,Cà Phê Muối Chú Long - Phan Văn Trị,26/05/2026 07:26:54,"112,000","22,400",0,0,"21,997",0,"67,603"
123,26056-252105082,10230171,Cà Phê Muối Chú Long - Bình Long,26/05/2026 07:14:08,"80,000","16,000",0,0,"15,712",0,"48,288"
124,26056-252313679,10230814,Cà Phê Muối Chú Long - Võ Văn Kiệt,26/05/2026 07:12:30,"58,000","11,600",0,0,"11,391",0,"35,009"
125,26056-253236910,10225898,Cà Phê Muối Chú Long - Nguyễn Đình Chiểu,26/05/2026 07:13:33,"29,000","5,000",0,0,"5,892",0,"18,108"
126,26056-253359996,10298769,Cà Phê Muối Chú Long - Tôn Đức Thắng,26/05/2026 07:41:25,"181,000","32,580",0,0,"36,437",0,"111,983"
127,26056-253426275,10222800,Cà Phê Muối Chú Long - Thành Thái,26/05/2026 07:11:37,"54,000","11,000",0,0,"10,557",0,"32,444"
128,26056-253864299,10235658,Cà Phê Muối Chú Long - Công Trường Quốc Tế,26/05/2026 07:10:32,"29,000","5,000",0,0,"5,892",0,"18,108"
129,26056-254087263,10285817,Cà Phê Muối Chú Long - 1349 Cách Mạng Tháng 8,26/05/2026 07:20:03,"112,000","22,400",0,0,"21,997",0,"67,603"
130,26056-254232705,10230292,Cà Phê Muối Chú Long - Lê Văn Việt,26/05/2026 07:54:19,"108,000","20,000",0,0,"21,604",0,"66,396"
131,26056-254421473,10296675,Cà Phê Muối Chú Long - Trương Định,26/05/2026 07:42:54,"58,000","11,600",0,0,"11,391",0,"35,009"
132,26056-254988878,10225888,Cà Phê Muối Chú Long - Lạc Long Quân,26/05/2026 07:28:56,"132,000","26,400",0,0,"25,925",0,"79,675"
133,26056-255097613,10321524,Cà Phê Muối Chú Long - Đội Cấn,26/05/2026 07:19:53,"94,000","18,800",0,0,"18,462",0,"56,738"
134,26056-255147824,10292422,Cà Phê Muối Chú Long - Phan Thiết,26/05/2026 07:15:25,"58,000","11,600",0,0,"11,391",0,"35,009"
135,26056-255157760,10230958,Cà Phê Muối Chú Long - 3/26 Quang Trung,26/05/2026 07:32:41,"58,000","11,600",0,0,"11,391",0,"35,009"
136,26056-255224215,10224935,Cà Phê Muối Chú Long - 585 Quang Trung,26/05/2026 07:18:16,"87,000","17,400",0,0,"17,087",0,"52,513"
137,26056-255371971,10386890,Cà Phê Muối Chú Long - Nha Trang,26/05/2026 07:15:41,"87,000","17,400",0,0,"17,087",0,"52,513"
138,26056-255467009,10321524,Cà Phê Muối Chú Long - Đội Cấn,26/05/2026 08:30:45,"87,000","17,400",0,0,"17,087",0,"52,513"
139,26056-255473954,10235659,Cà Phê Muối Chú Long - Nguyễn Hữu Cảnh,26/05/2026 07:26:18,"58,000","11,600",0,0,"11,391",0,"35,009"
140,26056-255577070,10321524,Cà Phê Muối Chú Long - Đội Cấn,26/05/2026 07:58:58,"58,000","11,600",0,0,"11,391",0,"35,009"
141,26056-255598199,10242271,Cà Phê Muối Chú Long - Vũng Tàu,26/05/2026 07:25:46,"37,000","5,000",0,0,"7,856",0,"24,144"
142,26056-255840179,10381892,Cà Phê Muối Chú Long - Phan Văn Trị,26/05/2026 07:22:03,"188,000","33,840",0,0,"37,846",0,"116,314"
143,26056-255855314,10225871,Cà Phê Muối Chú Long - Đặng Nguyên Cẩn,26/05/2026 07:28:45,"145,000","28,571",0,0,"28,583",0,"87,846"
144,26056-255869713,10287867,Cà Phê Muối Chú Long - Classic,26/05/2026 08:00:20,"60,000","38,000",0,0,"5,401",0,"16,599"
145,26056-256139802,10287867,Cà Phê Muối Chú Long - Classic,26/05/2026 07:46:23,"60,000","38,000",0,0,"5,401",0,"16,599"
146,26056-256599057,10298769,Cà Phê Muối Chú Long - Tôn Đức Thắng,26/05/2026 07:28:09,"104,000","20,800",0,0,"20,426",0,"62,774"
147,26056-256662874,10405301,Cà Phê Muối Chú Long - 01 Hàng Đậu,26/05/2026 07:23:23,"44,000",0,0,0,"10,802",0,"33,198"
148,26056-256681660,10232123,Cà Phê Muối Chú Long - 17A Ngô Tất Tố,26/05/2026 07:34:31,"145,000","28,571",0,0,"28,583",0,"87,846"
149,26056-256740164,10292422,Cà Phê Muối Chú Long - Phan Thiết,26/05/2026 07:14:00,"58,000","11,600",0,0,"11,391",0,"35,009"
150,26056-256810801,10321523,Cà Phê Muối Chú Long - Thanh Nhàn,26/05/2026 07:56:12,"65,000","13,000",0,0,"12,766",0,"39,234"
151,26056-257030081,10230417,Cà Phê Muối Chú Long - Lê Văn Sỹ,26/05/2026 07:36:20,"36,000",0,0,0,"8,838",0,"27,162"
152,26056-257154115,10321524,Cà Phê Muối Chú Long - Đội Cấn,26/05/2026 07:49:47,"44,000","5,000",0,0,"9,575",0,"29,426"
153,26056-257270137,10397657,Cà Phê Muối Chú Long - 368 Lê Đức Thọ,26/05/2026 07:54:51,"116,000","23,200",0,0,"22,782",0,"70,018"
154,26056-257577085,10222800,Cà Phê Muối Chú Long - Thành Thái,26/05/2026 07:24:57,"163,000","29,340",0,0,"32,814",0,"100,846"
155,26056-257629692,10235659,Cà Phê Muối Chú Long - Nguyễn Hữu Cảnh,26/05/2026 07:32:27,"58,000","11,600",0,0,"11,391",0,"35,009"
156,26056-257711948,10242271,Cà Phê Muối Chú Long - Vũng Tàu,26/05/2026 07:13:33,"261,000","46,980",0,0,"52,542",0,"161,478"
157,26056-257765844,10340098,Cà Phê Muối Chú Long - Thuận An,26/05/2026 07:28:26,"133,000","26,600",0,0,"26,121",0,"80,279"
158,26056-257903871,10324687,Cà Phê Muối Chú Long - Huỳnh Tấn Phát,26/05/2026 07:20:30,"58,000","11,600",0,0,"11,391",0,"35,009"
159,26056-257945818,10230399,Cà Phê Muối Chú Long - Tân Kỳ Tân Quý,26/05/2026 07:39:59,"29,000","5,000",0,0,"5,892",0,"18,108"
160,26056-258318131,10230417,Cà Phê Muối Chú Long - Lê Văn Sỹ,26/05/2026 07:35:00,"80,000","16,000",0,0,"15,712",0,"48,288"
161,26056-258934012,10216423,Cà Phê Muối Chú Long - 417 Cộng Hoà,26/05/2026 07:25:52,"145,000","28,571",0,0,"28,583",0,"87,846"
162,26056-259289989,10230171,Cà Phê Muối Chú Long - Bình Long,26/05/2026 07:29:18,"101,000","20,200",0,0,"19,836",0,"60,964"
163,26056-259355063,10222800,Cà Phê Muối Chú Long - Thành Thái,26/05/2026 07:21:51,"116,000","23,200",0,0,"22,782",0,"70,018"
164,26056-259481451,10350108,Cà Phê Muối Chú Long - Đường Láng,26/05/2026 08:13:50,"29,000","5,000",0,0,"5,892",0,"18,108"
165,26056-259614697,10230171,Cà Phê Muối Chú Long - Bình Long,26/05/2026 07:29:54,"29,000","5,000",0,0,"5,892",0,"18,108"
166,26056-259654017,10287867,Cà Phê Muối Chú Long - Classic,26/05/2026 07:31:34,"30,000","19,000",0,0,"2,701",0,"8,300"
167,26056-259764271,10222800,Cà Phê Muối Chú Long - Thành Thái,26/05/2026 07:30:50,"116,000","23,200",0,0,"22,782",0,"70,018"
168,26056-259904963,10224935,Cà Phê Muối Chú Long - 585 Quang Trung,26/05/2026 07:36:00,"58,000","11,600",0,0,"11,391",0,"35,009"
169,26056-260143679,10222800,Cà Phê Muối Chú Long - Thành Thái,26/05/2026 07:29:21,"94,000","18,800",0,0,"18,462",0,"56,738"
170,26056-260185058,10296675,Cà Phê Muối Chú Long - Trương Định,26/05/2026 07:33:14,"130,000","26,000",0,0,"25,532",0,"78,468"
171,26056-260313298,10321523,Cà Phê Muối Chú Long - Thanh Nhàn,26/05/2026 08:04:03,"22,000","5,000",0,0,"4,174",0,"12,827"
172,26056-260335631,10386890,Cà Phê Muối Chú Long - Nha Trang,26/05/2026 07:49:13,"29,000","5,000",0,0,"5,892",0,"18,108"
173,26056-260554053,10232123,Cà Phê Muối Chú Long - 17A Ngô Tất Tố,26/05/2026 07:25:18,"105,000","21,000",0,0,"20,622",0,"63,378"
174,26056-260693252,10224935,Cà Phê Muối Chú Long - 585 Quang Trung,26/05/2026 07:30:44,"87,000","17,400",0,0,"17,087",0,"52,513"
175,26056-260757077,10230171,Cà Phê Muối Chú Long - Bình Long,26/05/2026 07:40:07,"58,000","11,600",0,0,"11,391",0,"35,009"
176,26056-260832174,10219545,Cà Phê Muối Chú Long - Nguyễn Huệ,26/05/2026 07:31:20,"123,000",0,0,0,"30,197",0,"92,804"
177,26056-260916739,10230817,Cà Phê Muối Chú Long - Thích Quảng Đức,26/05/2026 07:27:42,"87,000","17,400",0,0,"17,087",0,"52,513"
178,26056-260923350,10315543,Cà Phê Muối Chú Long - Bến Tre,26/05/2026 07:27:07,"29,000","7,250",0,0,"5,340",0,"16,410"
179,26056-260953448,10386890,Cà Phê Muối Chú Long - Nha Trang,26/05/2026 07:37:00,"87,000","17,400",0,0,"17,087",0,"52,513"
180,26056-260989067,10222800,Cà Phê Muối Chú Long - Thành Thái,26/05/2026 08:59:06,"29,000","5,000",0,0,"5,892",0,"18,108"
181,26056-261405479,10230814,Cà Phê Muối Chú Long - Võ Văn Kiệt,26/05/2026 07:33:13,"91,000","18,200",0,0,"17,872",0,"54,928"
182,26056-261532704,10230814,Cà Phê Muối Chú Long - Võ Văn Kiệt,26/05/2026 07:33:43,"72,000","14,400",0,0,"14,141",0,"43,459"
183,26056-261575840,10298769,Cà Phê Muối Chú Long - Tôn Đức Thắng,26/05/2026 07:40:10,"50,000","11,000",0,0,"9,575",0,"29,426"
184,26056-261847751,10235663,Cà Phê Muối Chú Long - Hà Huy Giáp,26/05/2026 07:44:13,"51,000","11,000",0,0,"9,820",0,"30,180"
185,26056-262285641,10354882,Cà Phê Muối Chú Long - Quảng Ngãi,26/05/2026 07:33:27,"99,000","19,800",0,0,"19,444",0,"59,756"
186,26056-262308888,10321439,Cà Phê Muối Chú Long - Vĩnh Long,26/05/2026 07:27:03,"54,000","10,000",0,0,"10,802",0,"33,198"
187,26056-262856687,10225888,Cà Phê Muối Chú Long - Lạc Long Quân,26/05/2026 07:35:54,"145,000","28,571",0,0,"28,583",0,"87,846"
188,26056-263184355,10230399,Cà Phê Muối Chú Long - Tân Kỳ Tân Quý,26/05/2026 07:53:29,"117,000","23,400",0,0,"22,979",0,"70,621"
189,26056-263724492,10354882,Cà Phê Muối Chú Long - Quảng Ngãi,26/05/2026 07:37:59,"58,000","11,600",0,0,"11,391",0,"35,009"
190,26056-263811962,10230399,Cà Phê Muối Chú Long - Tân Kỳ Tân Quý,26/05/2026 07:42:33,"116,000","23,200",0,0,"22,782",0,"70,018"
191,26056-263915743,10321523,Cà Phê Muối Chú Long - Thanh Nhàn,26/05/2026 07:50:54,"116,000","23,200",0,0,"22,782",0,"70,018"
192,26056-264156278,10230292,Cà Phê Muối Chú Long - Lê Văn Việt,26/05/2026 07:37:35,"30,000","5,000",0,0,"6,138",0,"18,863"
193,26056-264194661,10230171,Cà Phê Muối Chú Long - Bình Long,26/05/2026 07:37:31,"58,000","11,600",0,0,"11,391",0,"35,009"
194,26056-264261242,10225885,Cà Phê Muối Chú Long - Ngô Tất Tố,26/05/2026 10:17:58,"58,000","11,600",0,0,"11,391",0,"35,009"
195,26056-264262780,10315543,Cà Phê Muối Chú Long - Bến Tre,26/05/2026 07:39:39,"174,000","28,571",0,0,"35,703",0,"109,726"
196,26056-264322275,10224935,Cà Phê Muối Chú Long - 585 Quang Trung,26/05/2026 07:48:08,"58,000","11,600",0,0,"11,391",0,"35,009"
197,26056-264429376,10354882,Cà Phê Muối Chú Long - Quảng Ngãi,26/05/2026 07:33:14,"58,000","11,600",0,0,"11,391",0,"35,009"
198,26056-264547723,10230171,Cà Phê Muối Chú Long - Bình Long,26/05/2026 07:41:24,"145,000","28,571",0,0,"28,583",0,"87,846"
199,26056-264690201,10216423,Cà Phê Muối Chú Long - 417 Cộng Hoà,26/05/2026 07:39:15,"44,000",0,0,0,"10,802",0,"33,198"
200,26056-264701920,10324687,Cà Phê Muối Chú Long - Huỳnh Tấn Phát,26/05/2026 07:30:20,"58,000","10,000",0,0,"11,784",0,"36,216"
201,26056-265037816,10292422,Cà Phê Muối Chú Long - Phan Thiết,26/05/2026 07:31:26,"29,000","7,250",0,0,"5,340",0,"16,410"
202,26056-265212655,10395671,Cà Phê Muối Chú Long - 59 Trường Chinh,26/05/2026 07:43:58,"58,000","11,600",0,0,"11,391",0,"35,009"
203,26056-265281402,10292422,Cà Phê Muối Chú Long - Phan Thiết,26/05/2026 07:31:58,"22,000","5,500",0,0,"4,051",0,"12,449"
204,26056-265320227,10298769,Cà Phê Muối Chú Long - Tôn Đức Thắng,26/05/2026 08:02:13,"80,000","16,000",0,0,"15,712",0,"48,288"
205,26056-265343637,10386890,Cà Phê Muối Chú Long - Nha Trang,26/05/2026 07:37:50,"22,000","5,000",0,0,"4,174",0,"12,827"
206,26056-265354456,10354882,Cà Phê Muối Chú Long - Quảng Ngãi,26/05/2026 07:32:06,"29,000","7,250",0,0,"5,340",0,"16,410"
207,26056-265423085,10230399,Cà Phê Muối Chú Long - Tân Kỳ Tân Quý,26/05/2026 07:47:08,"104,000","20,800",0,0,"20,426",0,"62,774"
208,26056-265576792,10235658,Cà Phê Muối Chú Long - Công Trường Quốc Tế,26/05/2026 07:38:20,"58,000","11,600",0,0,"11,391",0,"35,009"
209,26056-265728342,10242271,Cà Phê Muối Chú Long - Vũng Tàu,26/05/2026 07:34:36,"116,000","23,200",0,0,"22,782",0,"70,018"
210,26056-265795778,10219545,Cà Phê Muối Chú Long - Nguyễn Huệ,26/05/2026 07:48:11,"47,000",0,0,0,"11,539",0,"35,462"
211,26056-265932918,10230793,Cà Phê Muối Chú Long - Huỳnh Văn Bánh,26/05/2026 07:45:18,"148,000","28,571",0,0,"29,320",0,"90,109"
212,26056-266062917,10230171,Cà Phê Muối Chú Long - Bình Long,26/05/2026 07:46:51,"109,000","21,800",0,0,"21,408",0,"65,792"
213,26056-266259515,10232123,Cà Phê Muối Chú Long - 17A Ngô Tất Tố,26/05/2026 07:41:02,"22,000","5,000",0,0,"4,174",0,"12,827"
214,26056-266269268,10230958,Cà Phê Muối Chú Long - 3/26 Quang Trung,26/05/2026 08:14:01,"58,000","11,600",0,0,"11,391",0,"35,009"
215,26056-266348736,10222800,Cà Phê Muối Chú Long - Thành Thái,26/05/2026 07:41:52,"146,000","28,571",0,0,"28,829",0,"88,600"
216,26056-266531056,10230171,Cà Phê Muối Chú Long - Bình Long,26/05/2026 07:41:18,"87,000","17,400",0,0,"17,087",0,"52,513"
217,26056-266594703,10230958,Cà Phê Muối Chú Long - 3/26 Quang Trung,26/05/2026 07:35:20,"87,000","17,400",0,0,"17,087",0,"52,513"
218,26056-266592137,10315543,Cà Phê Muối Chú Long - Bến Tre,26/05/2026 07:34:48,"54,000","11,000",0,0,"10,557",0,"32,444"
219,26056-266676530,10225902,Cà Phê Muối Chú Long - Hậu Giang,26/05/2026 07:45:37,"76,000","15,200",0,0,"14,926",0,"45,874"
220,26056-266764566,10230399,Cà Phê Muối Chú Long - Tân Kỳ Tân Quý,26/05/2026 07:47:18,"130,000",0,0,0,"31,915",0,"98,085"
221,26056-267070694,10321523,Cà Phê Muối Chú Long - Thanh Nhàn,26/05/2026 08:17:31,"167,000","30,060",0,0,"33,619",0,"103,321"
222,26056-267256157,10395671,Cà Phê Muối Chú Long - 59 Trường Chinh,26/05/2026 07:45:29,"51,000","10,000",0,0,"10,066",0,"30,935"
223,26056-267368968,10292422,Cà Phê Muối Chú Long - Phan Thiết,26/05/2026 07:54:58,"80,000","16,000",0,0,"15,712",0,"48,288"
224,26056-267384860,10284115,Cà Phê Muối Chú Long - Kha Vạn Cân,26/05/2026 07:43:26,"88,000","17,600",0,0,"17,283",0,"53,117"
225,26056-267395524,10222800,Cà Phê Muối Chú Long - Thành Thái,26/05/2026 07:44:06,"141,000","28,200",0,0,"27,692",0,"85,108"
226,26056-267607946,10298824,Cà Phê Muối Chú Long - Hoàng Diệu,26/05/2026 07:37:16,"29,000","7,250",0,0,"5,340",0,"16,410"
227,26056-267655985,10350108,Cà Phê Muối Chú Long - Đường Láng,26/05/2026 08:26:19,"173,000","31,140",0,0,"34,827",0,"107,033"
228,26056-267714317,10230292,Cà Phê Muối Chú Long - Lê Văn Việt,26/05/2026 07:34:48,"58,000","11,600",0,0,"11,391",0,"35,009"
229,26056-267773847,10225895,Cà Phê Muối Chú Long - Cách Mạng Tháng 8,26/05/2026 07:33:19,"36,000",0,0,0,"8,838",0,"27,162"
230,26056-267835811,10230171,Cà Phê Muối Chú Long - Bình Long,26/05/2026 07:39:24,"88,000","15,000",0,0,"17,922",0,"55,079"
231,26056-267957264,10219545,Cà Phê Muối Chú Long - Nguyễn Huệ,26/05/2026 07:43:28,"58,000","11,600",0,0,"11,391",0,"35,009"
232,26056-268075771,10405301,Cà Phê Muối Chú Long - 01 Hàng Đậu,26/05/2026 08:38:10,"29,000",0,0,0,"7,120",0,"21,881"
233,26056-268293740,10230171,Cà Phê Muối Chú Long - Bình Long,26/05/2026 07:50:07,"113,000","22,600",0,0,"22,193",0,"68,207"
234,26056-268318108,10340098,Cà Phê Muối Chú Long - Thuận An,26/05/2026 08:04:51,"116,000","23,200",0,0,"22,782",0,"70,018"
235,26056-268437134,10292015,Cà Phê Muối Chú Long - Long An,26/05/2026 07:48:39,"199,000","35,820",0,0,"40,061",0,"123,119"
236,26056-268455897,10219545,Cà Phê Muối Chú Long - Nguyễn Huệ,26/05/2026 07:38:50,"65,000","13,000",0,0,"12,766",0,"39,234"
237,26056-268595323,10381892,Cà Phê Muối Chú Long - Phan Văn Trị,26/05/2026 07:40:22,"94,000","18,800",0,0,"18,462",0,"56,738"
238,26056-268851034,10296675,Cà Phê Muối Chú Long - Trương Định,26/05/2026 07:48:30,"131,000","26,200",0,0,"25,728",0,"79,072"
239,26056-269020957,10284115,Cà Phê Muối Chú Long - Kha Vạn Cân,26/05/2026 07:39:33,"87,000","15,000",0,0,"17,676",0,"54,324"
240,26056-269085505,10340098,Cà Phê Muối Chú Long - Thuận An,26/05/2026 07:44:02,"29,000","7,250",0,0,"5,340",0,"16,410"
241,26056-269336303,10321524,Cà Phê Muối Chú Long - Đội Cấn,26/05/2026 08:02:37,"37,000",0,0,0,"9,084",0,"27,917"
242,26056-269405672,10225902,Cà Phê Muối Chú Long - Hậu Giang,26/05/2026 08:12:29,"29,000","5,000",0,0,"5,892",0,"18,108"
243,26056-269494414,10292015,Cà Phê Muối Chú Long - Long An,26/05/2026 07:51:46,"145,000","28,571",0,0,"28,583",0,"87,846"
244,26056-269715571,10395671,Cà Phê Muối Chú Long - 59 Trường Chinh,26/05/2026 07:40:55,"199,000","35,820",0,0,"40,061",0,"123,119"
245,26056-269784343,10321523,Cà Phê Muối Chú Long - Thanh Nhàn,26/05/2026 08:02:16,"37,000",0,0,0,"9,084",0,"27,917"
246,26056-269870505,10230292,Cà Phê Muối Chú Long - Lê Văn Việt,26/05/2026 08:03:05,"54,000","11,000",0,0,"10,557",0,"32,444"
247,26056-269936299,10233716,Cà Phê Muối Chú Long - 130 Thích Quảng Đức,26/05/2026 07:52:39,"73,000","15,000",0,0,"14,239",0,"43,761"
248,26056-270075718,10222800,Cà Phê Muối Chú Long - Thành Thái,26/05/2026 07:49:36,"87,000","17,400",0,0,"17,087",0,"52,513"
249,26056-270093756,10233716,Cà Phê Muối Chú Long - 130 Thích Quảng Đức,26/05/2026 07:43:03,"58,000",0,0,0,"14,239",0,"43,761"
250,26056-270235047,10321523,Cà Phê Muối Chú Long - Thanh Nhàn,26/05/2026 07:55:39,"54,000","11,000",0,0,"10,557",0,"32,444"
251,26056-270250696,10235663,Cà Phê Muối Chú Long - Hà Huy Giáp,26/05/2026 07:42:33,"87,000","15,000",0,0,"17,676",0,"54,324"
252,26056-270300637,10230292,Cà Phê Muối Chú Long - Lê Văn Việt,26/05/2026 08:17:02,"116,000","23,200",0,0,"22,782",0,"70,018"
253,26056-270474348,10225902,Cà Phê Muối Chú Long - Hậu Giang,26/05/2026 07:40:38,"58,000","11,600",0,0,"11,391",0,"35,009"
254,26056-270528744,10381983,Cà Phê Muối Chú Long - Bạch Đằng,26/05/2026 08:03:44,"51,000",0,0,0,"12,521",0,"38,480"
255,26056-270535634,10225888,Cà Phê Muối Chú Long - Lạc Long Quân,26/05/2026 07:51:50,"44,000",0,0,0,"10,802",0,"33,198"
256,26056-270557366,10321523,Cà Phê Muối Chú Long - Thanh Nhàn,26/05/2026 09:45:08,"33,000","5,000",0,0,"6,874",0,"21,126"
257,26056-270685535,10386890,Cà Phê Muối Chú Long - Nha Trang,26/05/2026 08:19:31,"87,000","17,400",0,0,"17,087",0,"52,513"
258,26056-270687108,10230171,Cà Phê Muối Chú Long - Bình Long,26/05/2026 07:48:20,"130,000","26,000",0,0,"25,532",0,"78,468"
259,26056-270700126,10284115,Cà Phê Muối Chú Long - Kha Vạn Cân,26/05/2026 07:47:02,"58,000","11,600",0,0,"11,391",0,"35,009"
260,26056-270697990,10321523,Cà Phê Muối Chú Long - Thanh Nhàn,26/05/2026 07:52:30,"102,000","20,400",0,0,"20,033",0,"61,567"
261,26056-270746344,10222800,Cà Phê Muối Chú Long - Thành Thái,26/05/2026 07:49:53,"58,000","11,600",0,0,"11,391",0,"35,009"
262,26056-270802478,10230793,Cà Phê Muối Chú Long - Huỳnh Văn Bánh,26/05/2026 07:54:36,"58,000","11,600",0,0,"11,391",0,"35,009"
263,26056-270883480,10299524,Cà Phê Muối Chú Long - Lê Duẩn,26/05/2026 07:54:24,"29,000","7,250",0,0,"5,340",0,"16,410"
264,26056-271025678,10354882,Cà Phê Muối Chú Long - Quảng Ngãi,26/05/2026 07:41:00,"29,000","7,250",0,0,"5,340",0,"16,410"
265,26056-271032319,10350108,Cà Phê Muối Chú Long - Đường Láng,26/05/2026 08:26:46,"58,000","11,600",0,0,"11,391",0,"35,009"
266,26056-271131961,10235663,Cà Phê Muối Chú Long - Hà Huy Giáp,26/05/2026 08:07:04,"191,000","26,000",0,0,"40,508",0,"124,493"
267,26056-271141589,10235663,Cà Phê Muối Chú Long - Hà Huy Giáp,26/05/2026 08:05:55,"58,000","11,600",0,0,"11,391",0,"35,009"
268,26056-271257321,10230399,Cà Phê Muối Chú Long - Tân Kỳ Tân Quý,26/05/2026 07:42:07,"83,000","16,600",0,0,"16,301",0,"50,099"
269,26056-271259678,10292422,Cà Phê Muối Chú Long - Phan Thiết,26/05/2026 07:39:38,"22,000","5,500",0,0,"4,051",0,"12,449"
270,26056-271272942,10350108,Cà Phê Muối Chú Long - Đường Láng,26/05/2026 07:57:48,"58,000","11,600",0,0,"11,391",0,"35,009"
271,26056-271342691,10324687,Cà Phê Muối Chú Long - Huỳnh Tấn Phát,26/05/2026 07:59:10,"51,000","11,000",0,0,"9,820",0,"30,180"
272,26056-271399847,10230292,Cà Phê Muối Chú Long - Lê Văn Việt,26/05/2026 07:41:47,"87,000","17,400",0,0,"17,087",0,"52,513"
273,26056-271495407,10222800,Cà Phê Muối Chú Long - Thành Thái,26/05/2026 07:56:40,"116,000","23,200",0,0,"22,782",0,"70,018"
274,26056-271498668,10298769,Cà Phê Muối Chú Long - Tôn Đức Thắng,26/05/2026 07:57:39,"29,000","5,000",0,0,"5,892",0,"18,108"
275,26056-271518386,10321523,Cà Phê Muối Chú Long - Thanh Nhàn,26/05/2026 07:58:57,"58,000","11,600",0,0,"11,391",0,"35,009"
276,26056-271600716,10321439,Cà Phê Muối Chú Long - Vĩnh Long,26/05/2026 07:41:24,"29,000","7,250",0,0,"5,340",0,"16,410"
277,26056-271609543,10298769,Cà Phê Muối Chú Long - Tôn Đức Thắng,26/05/2026 07:49:59,"330,000","47,368",0,0,"69,386",0,"213,246"
278,26056-271799336,10298769,Cà Phê Muối Chú Long - Tôn Đức Thắng,26/05/2026 08:05:29,"148,000","28,571",0,0,"29,320",0,"90,109"
279,26056-271842797,10375372,Cà Phê Muối Chú Long - An Dương Vương,26/05/2026 07:45:58,"145,000","28,571",0,0,"28,583",0,"87,846"
280,26056-271905139,10386890,Cà Phê Muối Chú Long - Nha Trang,26/05/2026 07:45:31,"50,000","10,000",0,0,"9,820",0,"30,180"
281,26056-272237789,10230958,Cà Phê Muối Chú Long - 3/26 Quang Trung,26/05/2026 07:48:12,"145,000","28,571",0,0,"28,583",0,"87,846"
282,26056-272240659,10386890,Cà Phê Muối Chú Long - Nha Trang,26/05/2026 08:07:45,"95,000","19,000",0,0,"18,658",0,"57,342"
283,26056-272290184,10350108,Cà Phê Muối Chú Long - Đường Láng,26/05/2026 07:50:49,"101,000","20,200",0,0,"19,836",0,"60,964"
284,26056-272338963,10225898,Cà Phê Muối Chú Long - Nguyễn Đình Chiểu,26/05/2026 08:08:29,"349,000","47,368",0,0,"74,051",0,"227,581"
285,26056-272372923,10235658,Cà Phê Muối Chú Long - Công Trường Quốc Tế,26/05/2026 08:03:54,"83,000","16,600",0,0,"16,301",0,"50,099"
286,26056-272470117,10230292,Cà Phê Muối Chú Long - Lê Văn Việt,26/05/2026 07:52:49,"22,000","5,000",0,0,"4,174",0,"12,827"
287,26056-272532015,10269971,Cà Phê Muối Chú Long - Cần Thơ,26/05/2026 07:47:11,"220,000","39,600",0,0,"44,288",0,"136,112"
288,26056-272565638,10397657,Cà Phê Muối Chú Long - 368 Lê Đức Thọ,26/05/2026 08:07:32,"58,000","11,600",0,0,"11,391",0,"35,009"
289,26056-272873862,10287867,Cà Phê Muối Chú Long - Classic,26/05/2026 07:52:25,"30,000","19,000",0,0,"2,701",0,"8,300"
290,26056-273088102,10321523,Cà Phê Muối Chú Long - Thanh Nhàn,26/05/2026 07:50:43,"170,000","30,600",0,0,"34,223",0,"105,177"
291,26056-273098909,10225871,Cà Phê Muối Chú Long - Đặng Nguyên Cẩn,26/05/2026 07:56:46,"47,000",0,0,0,"11,539",0,"35,462"
292,26056-273163539,10230399,Cà Phê Muối Chú Long - Tân Kỳ Tân Quý,26/05/2026 07:52:59,"87,000","17,400",0,0,"17,087",0,"52,513"
293,26056-273314829,10230958,Cà Phê Muối Chú Long - 3/26 Quang Trung,26/05/2026 07:50:00,"51,000","10,000",0,0,"10,066",0,"30,935"
294,26056-273416603,10405301,Cà Phê Muối Chú Long - 01 Hàng Đậu,26/05/2026 08:19:05,"29,000",0,0,0,"7,120",0,"21,881"
295,26056-273432746,10381892,Cà Phê Muối Chú Long - Phan Văn Trị,26/05/2026 08:14:07,"29,000","5,000",0,0,"5,892",0,"18,108"
296,26056-273672847,10287867,Cà Phê Muối Chú Long - Classic,26/05/2026 07:51:37,"60,000","38,000",0,0,"5,401",0,"16,599"
297,26056-273721056,10292015,Cà Phê Muối Chú Long - Long An,26/05/2026 07:50:58,"87,000","17,400",0,0,"17,087",0,"52,513"
298,26056-273771443,10321524,Cà Phê Muối Chú Long - Đội Cấn,26/05/2026 08:39:51,"29,000","5,000",0,0,"5,892",0,"18,108"
299,26056-274000258,10235659,Cà Phê Muối Chú Long - Nguyễn Hữu Cảnh,26/05/2026 07:55:35,"29,000","5,000",0,0,"5,892",0,"18,108"
300,26056-274085005,10230958,Cà Phê Muối Chú Long - 3/26 Quang Trung,26/05/2026 07:57:59,"29,000","5,000",0,0,"5,892",0,"18,108"
301,26056-274149784,10340098,Cà Phê Muối Chú Long - Thuận An,26/05/2026 08:19:33,"260,000","46,800",0,0,"52,341",0,"160,859"
302,26056-274185127,10222800,Cà Phê Muối Chú Long - Thành Thái,26/05/2026 08:04:40,"109,000","21,800",0,0,"21,408",0,"65,792"
303,26056-274208642,10219545,Cà Phê Muối Chú Long - Nguyễn Huệ,26/05/2026 07:52:07,"174,000","31,320",0,0,"35,028",0,"107,652"
304,26056-274205852,10225885,Cà Phê Muối Chú Long - Ngô Tất Tố,26/05/2026 08:02:49,"58,000","11,600",0,0,"11,391",0,"35,009"
305,26056-274208852,10287867,Cà Phê Muối Chú Long - Classic,26/05/2026 08:04:21,"60,000","38,000",0,0,"5,401",0,"16,599"
306,26056-274271344,10230417,Cà Phê Muối Chú Long - Lê Văn Sỹ,26/05/2026 08:02:32,"134,000","26,800",0,0,"26,318",0,"80,882"
307,26056-274285647,10321523,Cà Phê Muối Chú Long - Thanh Nhàn,26/05/2026 08:02:59,"58,000","11,600",0,0,"11,391",0,"35,009"
308,26056-274297316,10225902,Cà Phê Muối Chú Long - Hậu Giang,26/05/2026 07:55:46,"29,000","5,000",0,0,"5,892",0,"18,108"
309,26056-274447316,10225885,Cà Phê Muối Chú Long - Ngô Tất Tố,26/05/2026 08:09:03,"94,000","18,800",0,0,"18,462",0,"56,738"
310,26056-274444963,10321523,Cà Phê Muối Chú Long - Thanh Nhàn,26/05/2026 08:09:03,"58,000","11,600",0,0,"11,391",0,"35,009"
311,26056-274527665,10386890,Cà Phê Muối Chú Long - Nha Trang,26/05/2026 08:12:49,"66,000","13,200",0,0,"12,962",0,"39,838"
312,26056-274685979,10397657,Cà Phê Muối Chú Long - 368 Lê Đức Thọ,26/05/2026 08:03:15,"58,000","11,600",0,0,"11,391",0,"35,009"
313,26056-274962454,10222800,Cà Phê Muối Chú Long - Thành Thái,26/05/2026 07:57:28,"22,000","5,000",0,0,"4,174",0,"12,827"
314,26056-274978458,10235663,Cà Phê Muối Chú Long - Hà Huy Giáp,26/05/2026 08:03:19,"80,000","16,000",0,0,"15,712",0,"48,288"
315,26056-274977374,10395671,Cà Phê Muối Chú Long - 59 Trường Chinh,26/05/2026 07:54:48,"83,000",0,0,0,"20,377",0,"62,624"
316,26056-275208119,10296675,Cà Phê Muối Chú Long - Trương Định,26/05/2026 08:00:58,"58,000","11,600",0,0,"11,391",0,"35,009"
317,26056-275236241,10216423,Cà Phê Muối Chú Long - 417 Cộng Hoà,26/05/2026 08:06:28,"54,000","11,000",0,0,"10,557",0,"32,444"
318,26056-275319937,10321437,Cà Phê Muối Chú Long - Tây Ninh,26/05/2026 07:54:36,"112,000","22,400",0,0,"21,997",0,"67,603"
319,26056-275351922,10235658,Cà Phê Muối Chú Long - Công Trường Quốc Tế,26/05/2026 07:50:30,"145,000","28,571",0,0,"28,583",0,"87,846"
320,26056-275405462,10225895,Cà Phê Muối Chú Long - Cách Mạng Tháng 8,26/05/2026 07:59:15,"58,000","11,600",0,0,"11,391",0,"35,009"
321,26056-275468811,10386890,Cà Phê Muối Chú Long - Nha Trang,26/05/2026 08:01:13,"29,000","5,000",0,0,"5,892",0,"18,108"
322,26056-275540563,10381892,Cà Phê Muối Chú Long - Phan Văn Trị,26/05/2026 08:05:32,"29,000","5,000",0,0,"5,892",0,"18,108"
323,26056-275658810,10324687,Cà Phê Muối Chú Long - Huỳnh Tấn Phát,26/05/2026 07:58:27,"166,000","29,880",0,0,"33,417",0,"102,703"
324,26056-275662928,10222800,Cà Phê Muối Chú Long - Thành Thái,26/05/2026 08:15:06,"58,000","11,600",0,0,"11,391",0,"35,009"
325,26056-275698197,10287867,Cà Phê Muối Chú Long - Classic,26/05/2026 07:59:49,"60,000","38,000",0,0,"5,401",0,"16,599"
326,26056-275729539,10230958,Cà Phê Muối Chú Long - 3/26 Quang Trung,26/05/2026 08:03:00,"130,000","26,000",0,0,"25,532",0,"78,468"
327,26056-275765269,10287867,Cà Phê Muối Chú Long - Classic,26/05/2026 08:00:58,"30,000","19,000",0,0,"2,701",0,"8,300"
328,26056-275859563,10225871,Cà Phê Muối Chú Long - Đặng Nguyên Cẩn,26/05/2026 08:04:56,"87,000","17,400",0,0,"17,087",0,"52,513"
329,26056-275881277,10235663,Cà Phê Muối Chú Long - Hà Huy Giáp,26/05/2026 08:06:16,"73,000","14,600",0,0,"14,337",0,"44,063"
330,26056-275978174,10230793,Cà Phê Muối Chú Long - Huỳnh Văn Bánh,26/05/2026 08:08:23,"87,000","17,400",0,0,"17,087",0,"52,513"
331,26056-276075356,10292422,Cà Phê Muối Chú Long - Phan Thiết,26/05/2026 07:55:34,"29,000","7,250",0,0,"5,340",0,"16,410"
332,26056-276091724,10230793,Cà Phê Muối Chú Long - Huỳnh Văn Bánh,26/05/2026 08:02:05,"58,000","11,600",0,0,"11,391",0,"35,009"
333,26056-276125477,10298824,Cà Phê Muối Chú Long - Hoàng Diệu,26/05/2026 08:05:21,"87,000","17,400",0,0,"17,087",0,"52,513"
334,26056-276184929,10350108,Cà Phê Muối Chú Long - Đường Láng,26/05/2026 09:02:47,"260,000","45,000",0,0,"52,783",0,"162,218"
335,26056-276222698,10330437,Cà Phê Muối Chú Long - Trần Hưng Đạo,26/05/2026 07:58:11,"58,000","11,600",0,0,"11,391",0,"35,009"
336,26056-276327072,10235659,Cà Phê Muối Chú Long - Nguyễn Hữu Cảnh,26/05/2026 08:24:18,"163,000","29,340",0,0,"32,814",0,"100,846"
337,26056-276335174,10225902,Cà Phê Muối Chú Long - Hậu Giang,26/05/2026 08:14:17,"83,000","16,600",0,0,"16,301",0,"50,099"
338,26056-276419066,10292422,Cà Phê Muối Chú Long - Phan Thiết,26/05/2026 08:09:57,"29,000","7,250",0,0,"5,340",0,"16,410"
339,26056-276445503,10321439,Cà Phê Muối Chú Long - Vĩnh Long,26/05/2026 07:53:14,"87,000","17,400",0,0,"17,087",0,"52,513"
340,26056-276464705,10350108,Cà Phê Muối Chú Long - Đường Láng,26/05/2026 08:20:29,"36,000",0,0,0,"8,838",0,"27,162"
341,26056-276484153,10292015,Cà Phê Muối Chú Long - Long An,26/05/2026 07:59:47,"29,000","7,250",0,0,"5,340",0,"16,410"
342,26056-276529402,10321439,Cà Phê Muối Chú Long - Vĩnh Long,26/05/2026 07:58:54,"62,000","12,400",0,0,"12,177",0,"37,423"
343,26056-276580306,10321523,Cà Phê Muối Chú Long - Thanh Nhàn,26/05/2026 08:05:23,"65,000","13,000",0,0,"12,766",0,"39,234"
344,26056-276615157,10386890,Cà Phê Muối Chú Long - Nha Trang,26/05/2026 07:59:42,"135,000","27,000",0,0,"26,514",0,"81,486"
345,26056-276634040,10225898,Cà Phê Muối Chú Long - Nguyễn Đình Chiểu,26/05/2026 07:54:48,"58,000","11,600",0,0,"11,391",0,"35,009"
346,26056-276683158,10233716,Cà Phê Muối Chú Long - 130 Thích Quảng Đức,26/05/2026 08:07:46,"80,000","16,000",0,0,"15,712",0,"48,288"
347,26056-276797474,10216423,Cà Phê Muối Chú Long - 417 Cộng Hoà,26/05/2026 08:07:57,"79,000","15,800",0,0,"15,516",0,"47,684"
348,26056-276872786,10381892,Cà Phê Muối Chú Long - Phan Văn Trị,26/05/2026 08:11:40,"58,000","11,600",0,0,"11,391",0,"35,009"
349,26056-276931534,10242271,Cà Phê Muối Chú Long - Vũng Tàu,26/05/2026 07:45:50,"261,000","46,980",0,0,"52,542",0,"161,478"
350,26056-277014065,10230814,Cà Phê Muối Chú Long - Võ Văn Kiệt,26/05/2026 07:58:46,"116,000","23,200",0,0,"22,782",0,"70,018"
351,26056-277057239,10386890,Cà Phê Muối Chú Long - Nha Trang,26/05/2026 08:21:04,"65,000","13,000",0,0,"12,766",0,"39,234"
352,26056-277315586,10321523,Cà Phê Muối Chú Long - Thanh Nhàn,26/05/2026 08:07:45,"75,000","15,000",0,0,"14,730",0,"45,270"
353,26056-277438225,10225898,Cà Phê Muối Chú Long - Nguyễn Đình Chiểu,26/05/2026 08:10:39,"58,000","11,600",0,0,"11,391",0,"35,009"
354,26056-277446604,10225902,Cà Phê Muối Chú Long - Hậu Giang,26/05/2026 08:08:18,"29,000","5,000",0,0,"5,892",0,"18,108"
355,26056-277624413,10354882,Cà Phê Muối Chú Long - Quảng Ngãi,26/05/2026 07:59:34,"29,000","7,250",0,0,"5,340",0,"16,410"
356,26056-277636777,10230171,Cà Phê Muối Chú Long - Bình Long,26/05/2026 07:53:16,"98,000","19,600",0,0,"19,247",0,"59,153"
357,26056-277668340,10292015,Cà Phê Muối Chú Long - Long An,26/05/2026 08:00:27,"80,000","16,000",0,0,"15,712",0,"48,288"
358,26056-277719499,10381892,Cà Phê Muối Chú Long - Phan Văn Trị,26/05/2026 08:00:29,"51,000","10,000",0,0,"10,066",0,"30,935"
359,26056-277756258,10235658,Cà Phê Muối Chú Long - Công Trường Quốc Tế,26/05/2026 08:05:30,"58,000","11,600",0,0,"11,391",0,"35,009"
360,26056-277795345,10225902,Cà Phê Muối Chú Long - Hậu Giang,26/05/2026 08:08:22,"87,000","17,400",0,0,"17,087",0,"52,513"
361,26056-277798252,10235663,Cà Phê Muối Chú Long - Hà Huy Giáp,26/05/2026 07:54:40,"29,000","7,250",0,0,"5,340",0,"16,410"
362,26056-277827807,10216423,Cà Phê Muối Chú Long - 417 Cộng Hoà,26/05/2026 08:05:46,"58,000","11,600",0,0,"11,391",0,"35,009"
363,26056-277909589,10395671,Cà Phê Muối Chú Long - 59 Trường Chinh,26/05/2026 07:58:22,"124,000","24,800",0,0,"24,354",0,"74,846"
364,26056-278150790,10219545,Cà Phê Muối Chú Long - Nguyễn Huệ,26/05/2026 08:04:17,"88,000","17,600",0,0,"17,283",0,"53,117"
365,26056-278163341,10230958,Cà Phê Muối Chú Long - 3/26 Quang Trung,26/05/2026 08:00:32,"83,000","16,600",0,0,"16,301",0,"50,099"
366,26056-278188545,10386890,Cà Phê Muối Chú Long - Nha Trang,26/05/2026 08:07:39,"22,000","5,000",0,0,"4,174",0,"12,827"
367,26056-278209530,10224935,Cà Phê Muối Chú Long - 585 Quang Trung,26/05/2026 08:01:56,"58,000","11,600",0,0,"11,391",0,"35,009"
368,26056-278361784,10216423,Cà Phê Muối Chú Long - 417 Cộng Hoà,26/05/2026 08:00:37,"29,000","5,000",0,0,"5,892",0,"18,108"
369,26056-278507996,10225898,Cà Phê Muối Chú Long - Nguyễn Đình Chiểu,26/05/2026 07:57:32,"58,000","11,600",0,0,"11,391",0,"35,009"
370,26056-278569265,10307386,Cà Phê Muối Chú Long - Kiên Giang,26/05/2026 08:07:29,"87,000","17,400",0,0,"17,087",0,"52,513"
371,26056-278693143,10242271,Cà Phê Muối Chú Long - Vũng Tàu,26/05/2026 07:52:59,"54,000","11,000",0,0,"10,557",0,"32,444"
372,26056-278789679,10375372,Cà Phê Muối Chú Long - An Dương Vương,26/05/2026 07:55:17,"66,000","13,200",0,0,"12,962",0,"39,838"
373,26056-278814896,10230399,Cà Phê Muối Chú Long - Tân Kỳ Tân Quý,26/05/2026 08:05:26,"58,000","11,600",0,0,"11,391",0,"35,009"
374,26056-279118759,10292422,Cà Phê Muối Chú Long - Phan Thiết,26/05/2026 08:05:07,"73,000","14,600",0,0,"14,337",0,"44,063"
375,26056-279121978,10222800,Cà Phê Muối Chú Long - Thành Thái,26/05/2026 08:09:17,"66,000","13,200",0,0,"12,962",0,"39,838"
376,26056-279166462,10350108,Cà Phê Muối Chú Long - Đường Láng,26/05/2026 08:25:37,"58,000","11,600",0,0,"11,391",0,"35,009"
377,26056-279231091,10230171,Cà Phê Muối Chú Long - Bình Long,26/05/2026 08:07:31,"58,000","11,600",0,0,"11,391",0,"35,009"
378,26056-279268676,10235659,Cà Phê Muối Chú Long - Nguyễn Hữu Cảnh,26/05/2026 07:57:30,"105,000","21,000",0,0,"20,622",0,"63,378"
379,26056-279392999,10296675,Cà Phê Muối Chú Long - Trương Định,26/05/2026 08:06:24,"148,000","28,571",0,0,"29,320",0,"90,109"
380,26056-279441360,10235658,Cà Phê Muối Chú Long - Công Trường Quốc Tế,26/05/2026 08:01:13,"94,000","18,800",0,0,"18,462",0,"56,738"
381,26056-279571932,10324687,Cà Phê Muối Chú Long - Huỳnh Tấn Phát,26/05/2026 08:07:55,"109,000","21,800",0,0,"21,408",0,"65,792"
382,26056-279726534,10324687,Cà Phê Muối Chú Long - Huỳnh Tấn Phát,26/05/2026 08:02:49,"87,000","17,400",0,0,"17,087",0,"52,513"
383,26056-280082956,10225898,Cà Phê Muối Chú Long - Nguyễn Đình Chiểu,26/05/2026 08:08:58,"290,000",0,0,0,"71,195",0,"218,805"
384,26056-280199967,10375372,Cà Phê Muối Chú Long - An Dương Vương,26/05/2026 07:57:00,"196,000","35,280",0,0,"39,457",0,"121,263"
385,26056-280198274,10321524,Cà Phê Muối Chú Long - Đội Cấn,26/05/2026 08:30:06,"158,000","28,440",0,0,"31,807",0,"97,753"
386,26056-280366442,10330437,Cà Phê Muối Chú Long - Trần Hưng Đạo,26/05/2026 08:31:31,"87,000","17,400",0,0,"17,087",0,"52,513"
387,26056-280462541,10405301,Cà Phê Muối Chú Long - 01 Hàng Đậu,26/05/2026 08:30:46,"58,000",0,0,0,"14,239",0,"43,761"
388,26056-280614961,10216423,Cà Phê Muối Chú Long - 417 Cộng Hoà,26/05/2026 08:07:28,"87,000","17,400",0,0,"17,087",0,"52,513"
389,26056-280656738,10381892,Cà Phê Muối Chú Long - Phan Văn Trị,26/05/2026 08:14:11,"94,000","18,800",0,0,"18,462",0,"56,738"
390,26056-280726588,10230417,Cà Phê Muối Chú Long - Lê Văn Sỹ,26/05/2026 07:59:26,"58,000","11,600",0,0,"11,391",0,"35,009"
391,26056-280756252,10292422,Cà Phê Muối Chú Long - Phan Thiết,26/05/2026 08:08:16,"29,000","7,250",0,0,"5,340",0,"16,410"
392,26056-280935460,10292422,Cà Phê Muối Chú Long - Phan Thiết,26/05/2026 07:54:24,"29,000","7,250",0,0,"5,340",0,"16,410"
393,26056-280945548,10224935,Cà Phê Muối Chú Long - 585 Quang Trung,26/05/2026 08:11:09,"58,000","11,600",0,0,"11,391",0,"35,009"
394,26056-281032798,10216423,Cà Phê Muối Chú Long - 417 Cộng Hoà,26/05/2026 08:03:43,"58,000","11,600",0,0,"11,391",0,"35,009"
395,26056-281105017,10219545,Cà Phê Muối Chú Long - Nguyễn Huệ,26/05/2026 07:57:13,"51,000","10,000",0,0,"10,066",0,"30,935"
396,26056-281111487,10386890,Cà Phê Muối Chú Long - Nha Trang,26/05/2026 08:17:53,"87,000","17,400",0,0,"17,087",0,"52,513"
397,26056-281175140,10340098,Cà Phê Muối Chú Long - Thuận An,26/05/2026 08:07:02,"87,000","17,400",0,0,"17,087",0,"52,513"
398,26056-281230476,10230292,Cà Phê Muối Chú Long - Lê Văn Việt,26/05/2026 08:15:42,"116,000","23,200",0,0,"22,782",0,"70,018"
399,26056-281477554,10292422,Cà Phê Muối Chú Long - Phan Thiết,26/05/2026 08:15:19,"94,000","18,800",0,0,"18,462",0,"56,738"
400,26056-281531500,10386890,Cà Phê Muối Chú Long - Nha Trang,26/05/2026 08:37:27,"22,000","5,000",0,0,"4,174",0,"12,827"
401,26056-281614686,10298769,Cà Phê Muối Chú Long - Tôn Đức Thắng,26/05/2026 08:48:16,"88,000","17,600",0,0,"17,283",0,"53,117"
402,26056-281810010,10230171,Cà Phê Muối Chú Long - Bình Long,26/05/2026 08:45:52,"120,000","24,000",0,0,"23,568",0,"72,432"
403,26056-281870168,10225871,Cà Phê Muối Chú Long - Đặng Nguyên Cẩn,26/05/2026 08:17:28,"113,000","22,600",0,0,"22,193",0,"68,207"
404,26056-281941060,10230399,Cà Phê Muối Chú Long - Tân Kỳ Tân Quý,26/05/2026 08:08:42,"94,000",0,0,0,"23,077",0,"70,923"
405,26056-281944133,10296675,Cà Phê Muối Chú Long - Trương Định,26/05/2026 08:38:45,"72,000","14,400",0,0,"14,141",0,"43,459"
406,26056-282307386,10224935,Cà Phê Muối Chú Long - 585 Quang Trung,26/05/2026 08:23:14,"80,000","16,000",0,0,"15,712",0,"48,288"
407,26056-282368406,10222800,Cà Phê Muối Chú Long - Thành Thái,26/05/2026 08:19:36,"91,000","18,200",0,0,"17,872",0,"54,928"
408,26056-282571485,10386890,Cà Phê Muối Chú Long - Nha Trang,26/05/2026 08:28:00,"58,000","11,600",0,0,"11,391",0,"35,009"
409,26056-282705967,10405301,Cà Phê Muối Chú Long - 01 Hàng Đậu,26/05/2026 08:24:09,"54,000",0,0,0,"13,257",0,"40,743"
410,26056-282835621,10292422,Cà Phê Muối Chú Long - Phan Thiết,26/05/2026 08:11:06,"25,000","6,250",0,0,"4,603",0,"14,147"
411,26056-282862974,10284115,Cà Phê Muối Chú Long - Kha Vạn Cân,26/05/2026 08:10:49,"108,000","21,600",0,0,"21,211",0,"65,189"
412,26056-282898669,10230817,Cà Phê Muối Chú Long - Thích Quảng Đức,26/05/2026 08:15:25,"58,000","11,600",0,0,"11,391",0,"35,009"
413,26056-282917509,10321523,Cà Phê Muối Chú Long - Thanh Nhàn,26/05/2026 08:22:00,"123,000","24,600",0,0,"24,157",0,"74,243"
414,26056-282928018,10225888,Cà Phê Muối Chú Long - Lạc Long Quân,26/05/2026 08:07:49,"58,000","11,600",0,0,"11,391",0,"35,009"
415,26056-283094873,10230171,Cà Phê Muối Chú Long - Bình Long,26/05/2026 08:04:51,"87,000","17,400",0,0,"17,087",0,"52,513"
416,26056-283346337,10225888,Cà Phê Muối Chú Long - Lạc Long Quân,26/05/2026 08:15:37,"61,000","12,200",0,0,"11,980",0,"36,820"
417,26056-283357171,10225902,Cà Phê Muối Chú Long - Hậu Giang,26/05/2026 08:19:39,"54,000","10,000",0,0,"10,802",0,"33,198"
418,26056-283685674,10321524,Cà Phê Muối Chú Long - Đội Cấn,26/05/2026 08:45:48,"37,000",0,0,0,"9,084",0,"27,917"
419,26056-283941598,10230399,Cà Phê Muối Chú Long - Tân Kỳ Tân Quý,26/05/2026 08:05:12,"29,000","5,000",0,0,"5,892",0,"18,108"
420,26056-283970882,10375372,Cà Phê Muối Chú Long - An Dương Vương,26/05/2026 08:11:32,"132,000","26,400",0,0,"25,925",0,"79,675"
421,26056-284027162,10242271,Cà Phê Muối Chú Long - Vũng Tàu,26/05/2026 08:18:13,"116,000","23,200",0,0,"22,782",0,"70,018"
422,26056-284036795,10224935,Cà Phê Muối Chú Long - 585 Quang Trung,26/05/2026 08:37:22,"58,000","11,600",0,0,"11,391",0,"35,009"
423,26056-284046487,10225895,Cà Phê Muối Chú Long - Cách Mạng Tháng 8,26/05/2026 08:18:28,"55,000","11,000",0,0,"10,802",0,"33,198"
424,26056-284090394,10230399,Cà Phê Muối Chú Long - Tân Kỳ Tân Quý,26/05/2026 08:11:53,"29,000","5,000",0,0,"5,892",0,"18,108"
425,26056-284090651,10354882,Cà Phê Muối Chú Long - Quảng Ngãi,26/05/2026 08:10:15,"58,000","11,600",0,0,"11,391",0,"35,009"
426,26056-284339324,10321524,Cà Phê Muối Chú Long - Đội Cấn,26/05/2026 08:38:04,"29,000","5,000",0,0,"5,892",0,"18,108"
427,26056-284344949,10225898,Cà Phê Muối Chú Long - Nguyễn Đình Chiểu,26/05/2026 08:16:42,"29,000","5,000",0,0,"5,892",0,"18,108"
428,26056-284477831,10222800,Cà Phê Muối Chú Long - Thành Thái,26/05/2026 08:11:17,"112,000","22,400",0,0,"21,997",0,"67,603"
429,26056-284556541,10292422,Cà Phê Muối Chú Long - Phan Thiết,26/05/2026 08:19:11,"91,000","18,200",0,0,"17,872",0,"54,928"
430,26056-284564585,10225902,Cà Phê Muối Chú Long - Hậu Giang,26/05/2026 08:17:22,"65,000","13,000",0,0,"12,766",0,"39,234"
431,26056-284893512,10381892,Cà Phê Muối Chú Long - Phan Văn Trị,26/05/2026 08:17:52,"145,000","28,571",0,0,"28,583",0,"87,846"
432,26056-285186719,10298824,Cà Phê Muối Chú Long - Hoàng Diệu,26/05/2026 08:35:37,"54,000","10,000",0,0,"10,802",0,"33,198"
433,26056-285181822,10224935,Cà Phê Muối Chú Long - 585 Quang Trung,26/05/2026 08:12:27,"51,000","11,000",0,0,"9,820",0,"30,180"
434,26056-285182342,10225902,Cà Phê Muối Chú Long - Hậu Giang,26/05/2026 08:20:52,"97,000","19,400",0,0,"19,051",0,"58,549"
435,26056-285388973,10230958,Cà Phê Muối Chú Long - 3/26 Quang Trung,26/05/2026 08:16:47,"87,000","17,400",0,0,"17,087",0,"52,513"
436,26056-285451096,10230171,Cà Phê Muối Chú Long - Bình Long,26/05/2026 08:13:45,"66,000","13,200",0,0,"12,962",0,"39,838"
437,26056-285518064,10225895,Cà Phê Muối Chú Long - Cách Mạng Tháng 8,26/05/2026 08:11:52,"116,000","23,200",0,0,"22,782",0,"70,018"
438,26056-285548390,10230417,Cà Phê Muối Chú Long - Lê Văn Sỹ,26/05/2026 08:25:04,"137,000","27,400",0,0,"26,907",0,"82,693"
439,26056-285557887,10296675,Cà Phê Muối Chú Long - Trương Định,26/05/2026 08:46:10,"87,000","17,400",0,0,"17,087",0,"52,513"
440,26056-285563689,10298769,Cà Phê Muối Chú Long - Tôn Đức Thắng,26/05/2026 08:29:52,"58,000","11,600",0,0,"11,391",0,"35,009"
441,26056-285575084,10375372,Cà Phê Muối Chú Long - An Dương Vương,26/05/2026 08:16:06,"154,000","28,571",0,0,"30,793",0,"94,636"
442,26056-285622090,10358016,Cà Phê Muối Chú Long - Bà Triệu,26/05/2026 08:15:40,"58,000","11,600",0,0,"11,391",0,"35,009"
443,26056-285640955,10222800,Cà Phê Muối Chú Long - Thành Thái,26/05/2026 08:29:14,"87,000","17,400",0,0,"17,087",0,"52,513"
444,26056-285788453,10292015,Cà Phê Muối Chú Long - Long An,26/05/2026 08:13:25,"109,000","21,800",0,0,"21,408",0,"65,792"
445,26056-285815736,10296675,Cà Phê Muối Chú Long - Trương Định,26/05/2026 08:09:32,"29,000","5,000",0,0,"5,892",0,"18,108"
446,26056-285815503,10350108,Cà Phê Muối Chú Long - Đường Láng,26/05/2026 08:15:58,"87,000","17,400",0,0,"17,087",0,"52,513"
447,26056-285912345,10230399,Cà Phê Muối Chú Long - Tân Kỳ Tân Quý,26/05/2026 08:24:02,"72,000","14,400",0,0,"14,141",0,"43,459"
448,26056-285930403,10242271,Cà Phê Muối Chú Long - Vũng Tàu,26/05/2026 08:23:31,"95,000","19,000",0,0,"18,658",0,"57,342"
449,26056-285962802,10298769,Cà Phê Muối Chú Long - Tôn Đức Thắng,26/05/2026 08:57:18,"58,000","11,600",0,0,"11,391",0,"35,009"
450,26056-285969179,10222800,Cà Phê Muối Chú Long - Thành Thái,26/05/2026 08:17:42,"88,000","17,600",0,0,"17,283",0,"53,117"
451,26056-285991864,10233716,Cà Phê Muối Chú Long - 130 Thích Quảng Đức,26/05/2026 08:06:34,"29,000","5,000",0,0,"5,892",0,"18,108"
452,26056-286004628,10230793,Cà Phê Muối Chú Long - Huỳnh Văn Bánh,26/05/2026 08:12:08,"66,000","13,200",0,0,"12,962",0,"39,838"
453,26056-286023186,10230292,Cà Phê Muối Chú Long - Lê Văn Việt,26/05/2026 08:23:55,"95,000","19,000",0,0,"18,658",0,"57,342"
454,26056-286042662,10219545,Cà Phê Muối Chú Long - Nguyễn Huệ,26/05/2026 08:09:56,"80,000","16,000",0,0,"15,712",0,"48,288"
455,26056-286075537,10381983,Cà Phê Muối Chú Long - Bạch Đằng,26/05/2026 08:18:23,"80,000",0,0,0,"19,640",0,"60,360"
456,26056-286258614,10230399,Cà Phê Muối Chú Long - Tân Kỳ Tân Quý,26/05/2026 08:05:14,"58,000","11,600",0,0,"11,391",0,"35,009"
457,26056-286385881,10230399,Cà Phê Muối Chú Long - Tân Kỳ Tân Quý,26/05/2026 08:42:14,"54,000","10,000",0,0,"10,802",0,"33,198"
458,26056-286452884,10225902,Cà Phê Muối Chú Long - Hậu Giang,26/05/2026 08:13:57,"51,000","11,000",0,0,"9,820",0,"30,180"
459,26056-286459803,10235658,Cà Phê Muối Chú Long - Công Trường Quốc Tế,26/05/2026 08:21:36,"29,000","5,000",0,0,"5,892",0,"18,108"
460,26056-286615936,10230793,Cà Phê Muối Chú Long - Huỳnh Văn Bánh,26/05/2026 08:02:31,"58,000","11,600",0,0,"11,391",0,"35,009"
461,26056-286737379,10224935,Cà Phê Muối Chú Long - 585 Quang Trung,26/05/2026 08:30:59,"66,000","13,200",0,0,"12,962",0,"39,838"
462,26056-286787405,10284115,Cà Phê Muối Chú Long - Kha Vạn Cân,26/05/2026 08:05:43,"54,000","10,000",0,0,"10,802",0,"33,198"
463,26056-286787245,10321523,Cà Phê Muối Chú Long - Thanh Nhàn,26/05/2026 08:21:51,"44,000",0,0,0,"10,802",0,"33,198"
464,26056-286857526,10407619,Cà Phê Muối Chú Long - 117 Lò Đúc,26/05/2026 08:10:08,"195,000",0,0,0,"47,873",0,"147,128"
465,26056-286949464,10397657,Cà Phê Muối Chú Long - 368 Lê Đức Thọ,26/05/2026 08:21:01,"50,000","23,000",0,0,"6,629",0,"20,372"
466,26056-286954730,10315543,Cà Phê Muối Chú Long - Bến Tre,26/05/2026 08:08:07,"29,000","7,250",0,0,"5,340",0,"16,410"
467,26056-287129780,10230793,Cà Phê Muối Chú Long - Huỳnh Văn Bánh,26/05/2026 08:30:25,"58,000","11,600",0,0,"11,391",0,"35,009"
468,26056-287150481,10235658,Cà Phê Muối Chú Long - Công Trường Quốc Tế,26/05/2026 08:19:00,"51,000","11,000",0,0,"9,820",0,"30,180"
469,26056-287180735,10292422,Cà Phê Muối Chú Long - Phan Thiết,26/05/2026 08:10:56,"29,000","7,250",0,0,"5,340",0,"16,410"
470,26056-287197704,10292422,Cà Phê Muối Chú Long - Phan Thiết,26/05/2026 08:12:24,"29,000","7,250",0,0,"5,340",0,"16,410"
471,26056-287196413,10235663,Cà Phê Muối Chú Long - Hà Huy Giáp,26/05/2026 08:09:27,"88,000","17,600",0,0,"17,283",0,"53,117"
472,26056-287320908,10350108,Cà Phê Muối Chú Long - Đường Láng,26/05/2026 08:40:20,"109,000","21,800",0,0,"21,408",0,"65,792"
473,26056-287596361,10386890,Cà Phê Muối Chú Long - Nha Trang,26/05/2026 08:22:47,"95,000","19,000",0,0,"18,658",0,"57,342"
474,26056-287713648,10235658,Cà Phê Muối Chú Long - Công Trường Quốc Tế,26/05/2026 08:19:31,"58,000","11,600",0,0,"11,391",0,"35,009"
475,26056-287739180,10225895,Cà Phê Muối Chú Long - Cách Mạng Tháng 8,26/05/2026 08:11:03,"66,000","13,200",0,0,"12,962",0,"39,838"
476,26056-287784870,10235663,Cà Phê Muối Chú Long - Hà Huy Giáp,26/05/2026 08:08:44,"44,000","10,000",0,0,"8,347",0,"25,653"
477,26056-287797303,10321523,Cà Phê Muối Chú Long - Thanh Nhàn,26/05/2026 09:01:22,"66,000","13,200",0,0,"12,962",0,"39,838"
478,26056-287850013,10230417,Cà Phê Muối Chú Long - Lê Văn Sỹ,26/05/2026 08:23:59,"300,000","47,368",0,0,"62,021",0,"190,611"
479,26056-287895225,10298824,Cà Phê Muối Chú Long - Hoàng Diệu,26/05/2026 08:10:34,"87,000","17,400",0,0,"17,087",0,"52,513"
480,26056-288009579,10358016,Cà Phê Muối Chú Long - Bà Triệu,26/05/2026 08:07:44,"87,000","17,400",0,0,"17,087",0,"52,513"
481,26056-288010349,10321523,Cà Phê Muối Chú Long - Thanh Nhàn,26/05/2026 08:33:13,"69,000","13,800",0,0,"13,552",0,"41,648"
482,26056-288046313,10235663,Cà Phê Muối Chú Long - Hà Huy Giáp,26/05/2026 08:27:44,"51,000","11,000",0,0,"9,820",0,"30,180"
483,26056-288062145,10408376,Cà Phê Muối Chú Long - 203 Tôn Đản,26/05/2026 08:12:32,"129,000",0,0,0,"31,670",0,"97,331"
484,26056-288077418,10386890,Cà Phê Muối Chú Long - Nha Trang,26/05/2026 08:09:39,"54,000","10,000",0,0,"10,802",0,"33,198"
485,26056-288088254,10222800,Cà Phê Muối Chú Long - Thành Thái,26/05/2026 08:35:50,"87,000","17,400",0,0,"17,087",0,"52,513"
486,26056-288145672,10375372,Cà Phê Muối Chú Long - An Dương Vương,26/05/2026 08:17:51,"58,000","11,600",0,0,"11,391",0,"35,009"
487,26056-288171199,10242271,Cà Phê Muối Chú Long - Vũng Tàu,26/05/2026 08:23:07,"60,000","11,000",0,0,"12,030",0,"36,971"
488,26056-288234614,10321524,Cà Phê Muối Chú Long - Đội Cấn,26/05/2026 08:39:32,"22,000","5,000",0,0,"4,174",0,"12,827"
489,26056-288245729,10321524,Cà Phê Muối Chú Long - Đội Cấn,26/05/2026 08:22:22,"65,000","13,000",0,0,"12,766",0,"39,234"
490,26056-288284260,10287867,Cà Phê Muối Chú Long - Classic,26/05/2026 08:28:04,"260,000","45,000",0,0,"52,783",0,"162,218"
491,26056-288287660,10321523,Cà Phê Muối Chú Long - Thanh Nhàn,26/05/2026 08:59:36,"58,000","11,600",0,0,"11,391",0,"35,009"
492,26056-288339291,10225895,Cà Phê Muối Chú Long - Cách Mạng Tháng 8,26/05/2026 08:08:25,"66,000","13,200",0,0,"12,962",0,"39,838"
493,26056-288485893,10225898,Cà Phê Muối Chú Long - Nguyễn Đình Chiểu,26/05/2026 08:11:06,"36,000",0,0,0,"8,838",0,"27,162"
494,26056-288594753,10298769,Cà Phê Muối Chú Long - Tôn Đức Thắng,26/05/2026 09:12:11,"54,000","11,000",0,0,"10,557",0,"32,444"
495,26056-288636277,10350108,Cà Phê Muối Chú Long - Đường Láng,26/05/2026 08:20:01,"29,000","5,000",0,0,"5,892",0,"18,108"
496,26056-288639462,10222800,Cà Phê Muối Chú Long - Thành Thái,26/05/2026 08:17:51,"51,000","11,000",0,0,"9,820",0,"30,180"
497,26056-288660165,10298769,Cà Phê Muối Chú Long - Tôn Đức Thắng,26/05/2026 08:16:49,"36,000",0,0,0,"8,838",0,"27,162"
498,26056-288698619,10222800,Cà Phê Muối Chú Long - Thành Thái,26/05/2026 08:34:22,"58,000","11,600",0,0,"11,391",0,"35,009"
499,26056-288699737,10340098,Cà Phê Muối Chú Long - Thuận An,26/05/2026 08:42:31,"65,000","13,000",0,0,"12,766",0,"39,234"
500,26056-288799041,10375372,Cà Phê Muối Chú Long - An Dương Vương,26/05/2026 08:12:43,"145,000","28,571",0,0,"28,583",0,"87,846"
501,26056-288857482,10235663,Cà Phê Muối Chú Long - Hà Huy Giáp,26/05/2026 08:24:42,"66,000","11,000",0,0,"13,503",0,"41,498"
502,26056-288872417,10350108,Cà Phê Muối Chú Long - Đường Láng,26/05/2026 08:48:17,"37,000",0,0,0,"9,084",0,"27,917"
503,26056-289103130,10292422,Cà Phê Muối Chú Long - Phan Thiết,26/05/2026 08:13:02,"80,000","16,000",0,0,"15,712",0,"48,288"
504,26056-289115756,10219545,Cà Phê Muối Chú Long - Nguyễn Huệ,26/05/2026 08:18:17,"47,000",0,0,0,"11,539",0,"35,462"
505,26056-289144513,10230417,Cà Phê Muối Chú Long - Lê Văn Sỹ,26/05/2026 08:25:35,"58,000","11,600",0,0,"11,391",0,"35,009"
506,26056-289320006,10225871,Cà Phê Muối Chú Long - Đặng Nguyên Cẩn,26/05/2026 08:13:59,"112,000","22,400",0,0,"21,997",0,"67,603"
507,26056-289338349,10287867,Cà Phê Muối Chú Long - Classic,26/05/2026 08:48:36,"30,000","19,000",0,0,"2,701",0,"8,300"
508,26056-289377718,10225871,Cà Phê Muối Chú Long - Đặng Nguyên Cẩn,26/05/2026 08:24:14,"44,000",0,0,0,"10,802",0,"33,198"
509,26056-289403215,10219545,Cà Phê Muối Chú Long - Nguyễn Huệ,26/05/2026 08:13:37,"29,000","5,000",0,0,"5,892",0,"18,108"
510,26056-289435473,10330437,Cà Phê Muối Chú Long - Trần Hưng Đạo,26/05/2026 08:20:53,"29,000","7,250",0,0,"5,340",0,"16,410"
511,26056-289467174,10216423,Cà Phê Muối Chú Long - 417 Cộng Hoà,26/05/2026 08:48:40,"51,000","11,000",0,0,"9,820",0,"30,180"
512,26056-289493427,10321524,Cà Phê Muối Chú Long - Đội Cấn,26/05/2026 08:45:26,"58,000","11,600",0,0,"11,391",0,"35,009"
513,26056-289495710,10397657,Cà Phê Muối Chú Long - 368 Lê Đức Thọ,26/05/2026 08:42:15,"50,000","23,000",0,0,"6,629",0,"20,372"
514,26056-289607970,10230793,Cà Phê Muối Chú Long - Huỳnh Văn Bánh,26/05/2026 08:23:21,"116,000","23,200",0,0,"22,782",0,"70,018"
515,26056-289735909,10298824,Cà Phê Muối Chú Long - Hoàng Diệu,26/05/2026 08:19:21,"58,000","11,600",0,0,"11,391",0,"35,009"
516,26056-289741295,10381892,Cà Phê Muối Chú Long - Phan Văn Trị,26/05/2026 08:40:40,"94,000","18,800",0,0,"18,462",0,"56,738"
517,26056-289957340,10224935,Cà Phê Muối Chú Long - 585 Quang Trung,26/05/2026 08:15:37,"54,000","11,000",0,0,"10,557",0,"32,444"
518,26056-290078009,10298769,Cà Phê Muối Chú Long - Tôn Đức Thắng,26/05/2026 08:25:34,"66,000","13,200",0,0,"12,962",0,"39,838"
519,26056-290088524,10224935,Cà Phê Muối Chú Long - 585 Quang Trung,26/05/2026 08:26:21,"151,000","28,571",0,0,"30,056",0,"92,373"
520,26056-290106357,10381892,Cà Phê Muối Chú Long - Phan Văn Trị,26/05/2026 08:28:10,"87,000","17,400",0,0,"17,087",0,"52,513"
521,26056-290347629,10330437,Cà Phê Muối Chú Long - Trần Hưng Đạo,26/05/2026 08:20:43,"29,000","7,250",0,0,"5,340",0,"16,410"
522,26056-290365116,10230417,Cà Phê Muối Chú Long - Lê Văn Sỹ,26/05/2026 08:17:38,"58,000","11,600",0,0,"11,391",0,"35,009"
523,26056-290463863,10230417,Cà Phê Muối Chú Long - Lê Văn Sỹ,26/05/2026 08:35:55,"58,000","11,600",0,0,"11,391",0,"35,009"
524,26056-290481212,10230793,Cà Phê Muối Chú Long - Huỳnh Văn Bánh,26/05/2026 08:15:33,"117,000","23,400",0,0,"22,979",0,"70,621"
525,26056-290508791,10292015,Cà Phê Muối Chú Long - Long An,26/05/2026 08:15:31,"183,000","32,940",0,0,"36,840",0,"113,220"
526,26056-290560559,10287867,Cà Phê Muối Chú Long - Classic,26/05/2026 08:29:53,"30,000","19,000",0,0,"2,701",0,"8,300"
527,26056-290572935,10269971,Cà Phê Muối Chú Long - Cần Thơ,26/05/2026 08:16:27,"58,000","11,600",0,0,"11,391",0,"35,009"
528,26056-290643081,10408376,Cà Phê Muối Chú Long - 203 Tôn Đản,26/05/2026 08:22:52,"110,000",0,0,0,"27,005",0,"82,995"
529,26056-290698609,10375372,Cà Phê Muối Chú Long - An Dương Vương,26/05/2026 08:18:54,"58,000","11,600",0,0,"11,391",0,"35,009"
530,26056-290760524,10230814,Cà Phê Muối Chú Long - Võ Văn Kiệt,26/05/2026 08:27:30,"58,000","11,000",0,0,"11,539",0,"35,462"
531,26056-290763183,10340098,Cà Phê Muối Chú Long - Thuận An,26/05/2026 08:40:18,"87,000","17,400",0,0,"17,087",0,"52,513"
532,26056-290781609,10321524,Cà Phê Muối Chú Long - Đội Cấn,26/05/2026 08:34:00,"174,000","31,320",0,0,"35,028",0,"107,652"
533,26056-290835769,10235659,Cà Phê Muối Chú Long - Nguyễn Hữu Cảnh,26/05/2026 08:40:23,"204,000","36,720",0,0,"41,067",0,"126,213"
534,26056-290876755,10230399,Cà Phê Muối Chú Long - Tân Kỳ Tân Quý,26/05/2026 08:14:58,"29,000","5,000",0,0,"5,892",0,"18,108"
535,26056-291092673,10299524,Cà Phê Muối Chú Long - Lê Duẩn,26/05/2026 08:20:03,"51,000","11,000",0,0,"9,820",0,"30,180"
536,26056-291134267,10230958,Cà Phê Muối Chú Long - 3/26 Quang Trung,26/05/2026 08:23:59,"87,000","17,400",0,0,"17,087",0,"52,513"
537,26056-291175270,10242271,Cà Phê Muối Chú Long - Vũng Tàu,26/05/2026 08:17:28,"58,000","11,000",0,0,"11,539",0,"35,462"
538,26056-291216247,10230171,Cà Phê Muối Chú Long - Bình Long,26/05/2026 08:28:02,"87,000","17,400",0,0,"17,087",0,"52,513"
539,26056-291246530,10321439,Cà Phê Muối Chú Long - Vĩnh Long,26/05/2026 08:16:45,"58,000","11,600",0,0,"11,391",0,"35,009"
540,26056-291321953,10324687,Cà Phê Muối Chú Long - Huỳnh Tấn Phát,26/05/2026 08:14:27,"58,000","11,600",0,0,"11,391",0,"35,009"
541,26056-291323741,10230814,Cà Phê Muối Chú Long - Võ Văn Kiệt,26/05/2026 08:18:14,"29,000","5,000",0,0,"5,892",0,"18,108"
542,26056-291395542,10230399,Cà Phê Muối Chú Long - Tân Kỳ Tân Quý,26/05/2026 08:30:30,"116,000","23,200",0,0,"22,782",0,"70,018"
543,26056-291462311,10230814,Cà Phê Muối Chú Long - Võ Văn Kiệt,26/05/2026 08:29:51,"54,000","11,000",0,0,"10,557",0,"32,444"
544,26056-291463343,10298824,Cà Phê Muối Chú Long - Hoàng Diệu,26/05/2026 08:42:33,"25,000","6,250",0,0,"4,603",0,"14,147"
545,26056-291495784,10230171,Cà Phê Muối Chú Long - Bình Long,26/05/2026 08:22:56,"58,000","11,600",0,0,"11,391",0,"35,009"
546,26056-291589867,10225888,Cà Phê Muối Chú Long - Lạc Long Quân,26/05/2026 08:34:47,"58,000","11,600",0,0,"11,391",0,"35,009"
547,26056-291590481,10230958,Cà Phê Muối Chú Long - 3/26 Quang Trung,26/05/2026 08:39:54,"87,000","17,400",0,0,"17,087",0,"52,513"
548,26056-291698258,10230292,Cà Phê Muối Chú Long - Lê Văn Việt,26/05/2026 08:41:25,"58,000","11,600",0,0,"11,391",0,"35,009"
549,26056-291925209,10222800,Cà Phê Muối Chú Long - Thành Thái,26/05/2026 08:23:10,"99,000","19,800",0,0,"19,444",0,"59,756"
550,26056-291953855,10350108,Cà Phê Muối Chú Long - Đường Láng,26/05/2026 08:31:02,"210,000","37,800",0,0,"42,275",0,"129,925"
551,26056-291972896,10296675,Cà Phê Muối Chú Long - Trương Định,26/05/2026 08:28:30,"58,000","11,600",0,0,"11,391",0,"35,009"
552,26056-292014702,10225902,Cà Phê Muối Chú Long - Hậu Giang,26/05/2026 08:22:04,"87,000","17,400",0,0,"17,087",0,"52,513"
553,26056-292106453,10222800,Cà Phê Muối Chú Long - Thành Thái,26/05/2026 08:32:55,"87,000","17,400",0,0,"17,087",0,"52,513"
554,26056-292131166,10222800,Cà Phê Muối Chú Long - Thành Thái,26/05/2026 08:13:29,"51,000","11,000",0,0,"9,820",0,"30,180"
555,26056-292168288,10405301,Cà Phê Muối Chú Long - 01 Hàng Đậu,26/05/2026 08:42:10,"22,000",0,0,0,"5,401",0,"16,599"
556,26056-292269655,10287867,Cà Phê Muối Chú Long - Classic,26/05/2026 08:38:40,"60,000","38,000",0,0,"5,401",0,"16,599"
557,26056-292292393,10287867,Cà Phê Muối Chú Long - Classic,26/05/2026 08:19:32,"30,000","19,000",0,0,"2,701",0,"8,300"
558,26056-292481576,10321524,Cà Phê Muối Chú Long - Đội Cấn,26/05/2026 08:21:37,"47,000","5,000",0,0,"10,311",0,"31,689"
559,26056-292534688,10225898,Cà Phê Muối Chú Long - Nguyễn Đình Chiểu,26/05/2026 08:38:13,"22,000","5,000",0,0,"4,174",0,"12,827"
560,26056-292652474,10225895,Cà Phê Muối Chú Long - Cách Mạng Tháng 8,26/05/2026 08:39:36,"44,000","5,000",0,0,"9,575",0,"29,426"
561,26056-292661511,10235659,Cà Phê Muối Chú Long - Nguyễn Hữu Cảnh,26/05/2026 08:17:51,"58,000","11,600",0,0,"11,391",0,"35,009"
562,26056-292689842,10235663,Cà Phê Muối Chú Long - Hà Huy Giáp,26/05/2026 08:31:39,"88,000","17,600",0,0,"17,283",0,"53,117"
563,26056-292780191,10299524,Cà Phê Muối Chú Long - Lê Duẩn,26/05/2026 08:57:48,"29,000","7,250",0,0,"5,340",0,"16,410"
564,26056-292783309,10222800,Cà Phê Muối Chú Long - Thành Thái,26/05/2026 08:24:33,"108,000","21,600",0,0,"21,211",0,"65,189"
565,26056-292788499,10224935,Cà Phê Muối Chú Long - 585 Quang Trung,26/05/2026 08:22:39,"72,000","14,400",0,0,"14,141",0,"43,459"
566,26056-292814354,10225898,Cà Phê Muối Chú Long - Nguyễn Đình Chiểu,26/05/2026 08:22:26,"87,000","17,400",0,0,"17,087",0,"52,513"
567,26056-292816038,10235659,Cà Phê Muối Chú Long - Nguyễn Hữu Cảnh,26/05/2026 08:25:13,"29,000",0,0,0,"7,120",0,"21,881"
568,26056-292836979,10222800,Cà Phê Muối Chú Long - Thành Thái,26/05/2026 08:32:43,"112,000","22,400",0,0,"21,997",0,"67,603"
569,26056-292849874,10375372,Cà Phê Muối Chú Long - An Dương Vương,26/05/2026 08:17:58,"58,000","11,600",0,0,"11,391",0,"35,009"
570,26056-292893993,10235663,Cà Phê Muối Chú Long - Hà Huy Giáp,26/05/2026 08:26:19,"29,000","7,250",0,0,"5,340",0,"16,410"
571,26056-292928739,10230793,Cà Phê Muối Chú Long - Huỳnh Văn Bánh,26/05/2026 08:18:51,"110,000","22,000",0,0,"21,604",0,"66,396"
572,26056-293244549,10299524,Cà Phê Muối Chú Long - Lê Duẩn,26/05/2026 08:34:15,"58,000","11,600",0,0,"11,391",0,"35,009"
573,26056-293243893,10225898,Cà Phê Muối Chú Long - Nguyễn Đình Chiểu,26/05/2026 08:25:47,"174,000","31,320",0,0,"35,028",0,"107,652"
574,26056-293244980,10230793,Cà Phê Muối Chú Long - Huỳnh Văn Bánh,26/05/2026 08:17:43,"73,000","14,600",0,0,"14,337",0,"44,063"
575,26056-293256744,10296675,Cà Phê Muối Chú Long - Trương Định,26/05/2026 08:35:41,"29,000","5,000",0,0,"5,892",0,"18,108"
576,26056-293261957,10219545,Cà Phê Muối Chú Long - Nguyễn Huệ,26/05/2026 08:21:38,"58,000","11,600",0,0,"11,391",0,"35,009"
577,26056-293432387,10405301,Cà Phê Muối Chú Long - 01 Hàng Đậu,26/05/2026 08:58:24,"88,000",0,0,0,"21,604",0,"66,396"
578,26056-293460709,10219545,Cà Phê Muối Chú Long - Nguyễn Huệ,26/05/2026 08:35:08,"36,000",0,0,0,"8,838",0,"27,162"
579,26056-293468503,10395671,Cà Phê Muối Chú Long - 59 Trường Chinh,26/05/2026 09:23:54,"112,000","22,400",0,0,"21,997",0,"67,603"
580,26056-293600846,10284115,Cà Phê Muối Chú Long - Kha Vạn Cân,26/05/2026 08:31:38,"87,000","17,400",0,0,"17,087",0,"52,513"
581,26056-293639687,10216423,Cà Phê Muối Chú Long - 417 Cộng Hoà,26/05/2026 08:38:37,"51,000","11,000",0,0,"9,820",0,"30,180"
582,26056-293647514,10381892,Cà Phê Muối Chú Long - Phan Văn Trị,26/05/2026 08:38:05,"109,000","21,800",0,0,"21,408",0,"65,792"
583,26056-293664888,10219545,Cà Phê Muối Chú Long - Nguyễn Huệ,26/05/2026 08:27:03,"58,000","11,600",0,0,"11,391",0,"35,009"
584,26056-293752272,10287867,Cà Phê Muối Chú Long - Classic,26/05/2026 08:35:57,"63,000","12,600",0,0,"12,373",0,"38,027"
585,26056-293836511,10222800,Cà Phê Muối Chú Long - Thành Thái,26/05/2026 08:19:28,"58,000","11,600",0,0,"11,391",0,"35,009"
586,26056-293851454,10235658,Cà Phê Muối Chú Long - Công Trường Quốc Tế,26/05/2026 08:29:36,"117,000","23,400",0,0,"22,979",0,"70,621"
587,26056-293901249,10296675,Cà Phê Muối Chú Long - Trương Định,26/05/2026 08:32:39,"58,000","11,600",0,0,"11,391",0,"35,009"
588,26056-293922745,10375372,Cà Phê Muối Chú Long - An Dương Vương,26/05/2026 08:28:10,"58,000","11,600",0,0,"11,391",0,"35,009"
589,26056-293959395,10350108,Cà Phê Muối Chú Long - Đường Láng,26/05/2026 09:36:55,"98,000","19,600",0,0,"19,247",0,"59,153"
590,26056-293998221,10408376,Cà Phê Muối Chú Long - 203 Tôn Đản,26/05/2026 08:24:13,"73,000",0,0,0,"17,922",0,"55,079"
591,26056-294009374,10330437,Cà Phê Muối Chú Long - Trần Hưng Đạo,26/05/2026 09:15:23,"50,000","11,000",0,0,"9,575",0,"29,426"
592,26056-294042910,10350108,Cà Phê Muối Chú Long - Đường Láng,26/05/2026 08:59:24,"206,000","37,080",0,0,"41,470",0,"127,450"
593,26056-294043235,10230171,Cà Phê Muối Chú Long - Bình Long,26/05/2026 08:26:41,"87,000","17,400",0,0,"17,087",0,"52,513"
594,26056-294139597,10350108,Cà Phê Muối Chú Long - Đường Láng,26/05/2026 09:16:24,"87,000","17,400",0,0,"17,087",0,"52,513"
595,26056-294171562,10296675,Cà Phê Muối Chú Long - Trương Định,26/05/2026 09:03:26,"112,000","22,400",0,0,"21,997",0,"67,603"
596,26056-294171302,10381983,Cà Phê Muối Chú Long - Bạch Đằng,26/05/2026 08:23:18,"51,000",0,0,0,"12,521",0,"38,480"
597,26056-294191121,10225898,Cà Phê Muối Chú Long - Nguyễn Đình Chiểu,26/05/2026 09:02:35,"51,000","11,000",0,0,"9,820",0,"30,180"
598,26056-294274948,10298824,Cà Phê Muối Chú Long - Hoàng Diệu,26/05/2026 08:30:13,"44,000","10,000",0,0,"8,347",0,"25,653"
599,26056-294321638,10216423,Cà Phê Muối Chú Long - 417 Cộng Hoà,26/05/2026 08:28:32,"79,000","15,800",0,0,"15,516",0,"47,684"
600,26056-294371991,10225871,Cà Phê Muối Chú Long - Đặng Nguyên Cẩn,26/05/2026 08:41:51,"116,000","23,200",0,0,"22,782",0,"70,018"
601,26056-294423837,10340098,Cà Phê Muối Chú Long - Thuận An,26/05/2026 08:52:26,"190,000","34,200",0,0,"38,249",0,"117,551"
602,26056-294440462,10321523,Cà Phê Muối Chú Long - Thanh Nhàn,26/05/2026 08:23:23,"61,000","12,200",0,0,"11,980",0,"36,820"
603,26056-294536426,10230292,Cà Phê Muối Chú Long - Lê Văn Việt,26/05/2026 08:36:48,"29,000","5,000",0,0,"5,892",0,"18,108"
604,26056-294543228,10225902,Cà Phê Muối Chú Long - Hậu Giang,26/05/2026 08:26:54,"29,000","5,000",0,0,"5,892",0,"18,108"
605,26056-294577857,10284115,Cà Phê Muối Chú Long - Kha Vạn Cân,26/05/2026 08:34:36,"66,000","13,200",0,0,"12,962",0,"39,838"
606,26056-294615795,10219545,Cà Phê Muối Chú Long - Nguyễn Huệ,26/05/2026 08:39:14,"51,000","11,000",0,0,"9,820",0,"30,180"
607,26056-294616686,10386890,Cà Phê Muối Chú Long - Nha Trang,26/05/2026 09:04:13,"58,000","11,600",0,0,"11,391",0,"35,009"
608,26056-294646440,10230292,Cà Phê Muối Chú Long - Lê Văn Việt,26/05/2026 08:22:19,"58,000","10,000",0,0,"11,784",0,"36,216"
609,26056-294701375,10222800,Cà Phê Muối Chú Long - Thành Thái,26/05/2026 08:32:22,"145,000","28,571",0,0,"28,583",0,"87,846"
610,26056-294730665,10235663,Cà Phê Muối Chú Long - Hà Huy Giáp,26/05/2026 08:37:19,"58,000","11,600",0,0,"11,391",0,"35,009"
611,26056-294780737,10298769,Cà Phê Muối Chú Long - Tôn Đức Thắng,26/05/2026 08:25:04,"54,000","11,000",0,0,"10,557",0,"32,444"
612,26056-294793062,10242271,Cà Phê Muối Chú Long - Vũng Tàu,26/05/2026 08:43:22,"112,000","22,400",0,0,"21,997",0,"67,603"
613,26056-294813671,10324687,Cà Phê Muối Chú Long - Huỳnh Tấn Phát,26/05/2026 08:32:31,"203,000","36,540",0,0,"40,866",0,"125,594"
614,26056-294834074,10292422,Cà Phê Muối Chú Long - Phan Thiết,26/05/2026 08:35:43,"58,000","11,600",0,0,"11,391",0,"35,009"
615,26056-294918611,10330437,Cà Phê Muối Chú Long - Trần Hưng Đạo,26/05/2026 08:31:24,"58,000","11,600",0,0,"11,391",0,"35,009"
616,26056-294940213,10324687,Cà Phê Muối Chú Long - Huỳnh Tấn Phát,26/05/2026 08:34:19,"80,000","16,000",0,0,"15,712",0,"48,288"
617,26056-294985028,10358037,Cà Phê Muối Chú Long - 35 Trần Phú,26/05/2026 08:27:41,"51,000","11,000",0,0,"9,820",0,"30,180"
618,26056-294996460,10230814,Cà Phê Muối Chú Long - Võ Văn Kiệt,26/05/2026 08:31:30,"171,000","30,780",0,0,"34,424",0,"105,796"
619,26056-295070295,10381892,Cà Phê Muối Chú Long - Phan Văn Trị,26/05/2026 08:28:19,"58,000","11,600",0,0,"11,391",0,"35,009"
620,26056-295090609,10340098,Cà Phê Muối Chú Long - Thuận An,26/05/2026 08:43:22,"58,000","11,600",0,0,"11,391",0,"35,009"
621,26056-295124580,10287867,Cà Phê Muối Chú Long - Classic,26/05/2026 08:24:12,"130,000","26,000",0,0,"25,532",0,"78,468"
622,26056-295150822,10222800,Cà Phê Muối Chú Long - Thành Thái,26/05/2026 08:36:10,"113,000","22,600",0,0,"22,193",0,"68,207"
623,26056-295222617,10235663,Cà Phê Muối Chú Long - Hà Huy Giáp,26/05/2026 08:34:58,"29,000","7,250",0,0,"5,340",0,"16,410"
624,26056-295297901,10225902,Cà Phê Muối Chú Long - Hậu Giang,26/05/2026 08:22:52,"58,000","11,600",0,0,"11,391",0,"35,009"
625,26056-295370291,10386890,Cà Phê Muối Chú Long - Nha Trang,26/05/2026 08:29:29,"29,000","5,000",0,0,"5,892",0,"18,108"
626,26056-295441807,10397657,Cà Phê Muối Chú Long - 368 Lê Đức Thọ,26/05/2026 08:29:00,"146,000","28,571",0,0,"28,829",0,"88,600"
627,26056-295481324,10235663,Cà Phê Muối Chú Long - Hà Huy Giáp,26/05/2026 08:22:36,"29,000","7,250",0,0,"5,340",0,"16,410"
628,26056-295515217,10230399,Cà Phê Muối Chú Long - Tân Kỳ Tân Quý,26/05/2026 08:27:57,"58,000","11,600",0,0,"11,391",0,"35,009"
629,26056-295586785,10292015,Cà Phê Muối Chú Long - Long An,26/05/2026 08:18:55,"29,000","7,250",0,0,"5,340",0,"16,410"
630,26056-295740558,10225871,Cà Phê Muối Chú Long - Đặng Nguyên Cẩn,26/05/2026 08:41:55,"87,000","17,400",0,0,"17,087",0,"52,513"
631,26056-295754194,10235663,Cà Phê Muối Chú Long - Hà Huy Giáp,26/05/2026 08:42:52,"87,000","17,400",0,0,"17,087",0,"52,513"
632,26056-295758622,10222800,Cà Phê Muối Chú Long - Thành Thái,26/05/2026 08:40:22,"80,000","16,000",0,0,"15,712",0,"48,288"
633,26056-295810775,10219545,Cà Phê Muối Chú Long - Nguyễn Huệ,26/05/2026 08:30:20,"87,000","17,400",0,0,"17,087",0,"52,513"
634,26056-295831700,10230958,Cà Phê Muối Chú Long - 3/26 Quang Trung,26/05/2026 08:36:52,"58,000","11,600",0,0,"11,391",0,"35,009"
635,26056-295852905,10386890,Cà Phê Muối Chú Long - Nha Trang,26/05/2026 08:57:20,"88,000","17,600",0,0,"17,283",0,"53,117"
636,26056-295906409,10235658,Cà Phê Muối Chú Long - Công Trường Quốc Tế,26/05/2026 08:38:19,"58,000","11,600",0,0,"11,391",0,"35,009"
637,26056-295946233,10225871,Cà Phê Muối Chú Long - Đặng Nguyên Cẩn,26/05/2026 08:34:39,"130,000","26,000",0,0,"25,532",0,"78,468"
638,26056-295959440,10375372,Cà Phê Muối Chú Long - An Dương Vương,26/05/2026 08:23:32,"29,000","5,000",0,0,"5,892",0,"18,108"
639,26056-296212784,10307386,Cà Phê Muối Chú Long - Kiên Giang,26/05/2026 08:30:12,"80,000","16,000",0,0,"15,712",0,"48,288"
640,26056-296257405,10225885,Cà Phê Muối Chú Long - Ngô Tất Tố,26/05/2026 08:34:03,"58,000","11,600",0,0,"11,391",0,"35,009"
641,26056-296318539,10225888,Cà Phê Muối Chú Long - Lạc Long Quân,26/05/2026 08:29:25,"58,000","11,600",0,0,"11,391",0,"35,009"
642,26056-296445511,10326235,Cà Phê Muối Chú Long - Cà Mau,26/05/2026 08:23:42,"29,000","7,250",0,0,"5,340",0,"16,410"
643,26056-296563677,10324687,Cà Phê Muối Chú Long - Huỳnh Tấn Phát,26/05/2026 08:44:31,"58,000","11,600",0,0,"11,391",0,"35,009"
644,26056-296617208,10230958,Cà Phê Muối Chú Long - 3/26 Quang Trung,26/05/2026 08:34:36,"112,000","22,400",0,0,"21,997",0,"67,603"
645,26056-296640267,10225885,Cà Phê Muối Chú Long - Ngô Tất Tố,26/05/2026 08:23:58,"58,000","11,600",0,0,"11,391",0,"35,009"
646,26056-296658544,10298769,Cà Phê Muối Chú Long - Tôn Đức Thắng,26/05/2026 09:04:57,"87,000","17,400",0,0,"17,087",0,"52,513"
647,26056-296680782,10216423,Cà Phê Muối Chú Long - 417 Cộng Hoà,26/05/2026 08:28:54,"29,000","5,000",0,0,"5,892",0,"18,108"
648,26056-296697666,10235658,Cà Phê Muối Chú Long - Công Trường Quốc Tế,26/05/2026 08:47:03,"58,000","11,600",0,0,"11,391",0,"35,009"
649,26056-296730550,10230399,Cà Phê Muối Chú Long - Tân Kỳ Tân Quý,26/05/2026 08:42:47,"214,000","38,520",0,0,"43,080",0,"132,400"
650,26056-296734705,10324687,Cà Phê Muối Chú Long - Huỳnh Tấn Phát,26/05/2026 08:54:21,"87,000","17,400",0,0,"17,087",0,"52,513"
651,26056-296737863,10230292,Cà Phê Muối Chú Long - Lê Văn Việt,26/05/2026 08:27:49,"58,000","11,600",0,0,"11,391",0,"35,009"
652,26056-296791731,10242271,Cà Phê Muối Chú Long - Vũng Tàu,26/05/2026 08:33:35,"261,000","46,980",0,0,"52,542",0,"161,478"
653,26056-296822326,10235663,Cà Phê Muối Chú Long - Hà Huy Giáp,26/05/2026 08:19:38,"80,000","16,000",0,0,"15,712",0,"48,288"
654,26056-296861788,10299524,Cà Phê Muối Chú Long - Lê Duẩn,26/05/2026 08:58:09,"196,000","35,280",0,0,"39,457",0,"121,263"
655,26056-296900121,10225895,Cà Phê Muối Chú Long - Cách Mạng Tháng 8,26/05/2026 08:21:23,"58,000","11,600",0,0,"11,391",0,"35,009"
656,26056-296939162,10225895,Cà Phê Muối Chú Long - Cách Mạng Tháng 8,26/05/2026 08:46:55,"87,000","17,400",0,0,"17,087",0,"52,513"
657,26056-296944067,10330437,Cà Phê Muối Chú Long - Trần Hưng Đạo,26/05/2026 08:32:12,"94,000","18,800",0,0,"18,462",0,"56,738"
658,26056-296994426,10225902,Cà Phê Muối Chú Long - Hậu Giang,26/05/2026 08:24:57,"116,000","23,200",0,0,"22,782",0,"70,018"
659,26056-297015862,10350108,Cà Phê Muối Chú Long - Đường Láng,26/05/2026 09:33:06,"87,000","17,400",0,0,"17,087",0,"52,513"
660,26056-297068067,10405301,Cà Phê Muối Chú Long - 01 Hàng Đậu,26/05/2026 09:26:12,"50,000","23,000",0,0,"6,629",0,"20,372"
661,26056-297238636,10321523,Cà Phê Muối Chú Long - Thanh Nhàn,26/05/2026 08:40:43,"83,000","16,600",0,0,"16,301",0,"50,099"
662,26056-297319447,10386890,Cà Phê Muối Chú Long - Nha Trang,26/05/2026 08:49:02,"137,000","27,400",0,0,"26,907",0,"82,693"
663,26056-297523170,10340098,Cà Phê Muối Chú Long - Thuận An,26/05/2026 08:36:06,"124,000","24,800",0,0,"24,354",0,"74,846"
664,26056-297568823,10222800,Cà Phê Muối Chú Long - Thành Thái,26/05/2026 08:30:44,"47,000",0,0,0,"11,539",0,"35,462"
665,26056-297640023,10225895,Cà Phê Muối Chú Long - Cách Mạng Tháng 8,26/05/2026 09:00:54,"152,000","28,571",0,0,"30,302",0,"93,127"
666,26056-297712893,10230814,Cà Phê Muối Chú Long - Võ Văn Kiệt,26/05/2026 08:28:58,"22,000","5,000",0,0,"4,174",0,"12,827"
667,26056-297718716,10296675,Cà Phê Muối Chú Long - Trương Định,26/05/2026 08:43:19,"105,000","21,000",0,0,"20,622",0,"63,378"
668,26056-297736050,10224935,Cà Phê Muối Chú Long - 585 Quang Trung,26/05/2026 08:38:57,"69,000","13,800",0,0,"13,552",0,"41,648"
669,26056-297805872,10313967,Cà Phê Muối Chú Long - 82 Ngô Gia Tự,26/05/2026 08:33:56,"29,000","7,250",0,0,"5,340",0,"16,410"
670,26056-297852922,10235663,Cà Phê Muối Chú Long - Hà Huy Giáp,26/05/2026 08:32:45,"58,000","11,600",0,0,"11,391",0,"35,009"
671,26056-297858100,10405301,Cà Phê Muối Chú Long - 01 Hàng Đậu,26/05/2026 08:45:07,"250,000",0,0,0,"61,375",0,"188,625"
672,26056-297896155,10224935,Cà Phê Muối Chú Long - 585 Quang Trung,26/05/2026 08:59:54,"210,000","37,800",0,0,"42,275",0,"129,925"
673,26056-297900052,10225902,Cà Phê Muối Chú Long - Hậu Giang,26/05/2026 08:43:26,"51,000","11,000",0,0,"9,820",0,"30,180"
674,26056-297974304,10292422,Cà Phê Muối Chú Long - Phan Thiết,26/05/2026 08:27:50,"29,000","7,250",0,0,"5,340",0,"16,410"
675,26056-297982328,10230292,Cà Phê Muối Chú Long - Lê Văn Việt,26/05/2026 08:42:46,"116,000","23,200",0,0,"22,782",0,"70,018"
676,26056-298003823,10235658,Cà Phê Muối Chú Long - Công Trường Quốc Tế,26/05/2026 08:35:47,"58,000","11,600",0,0,"11,391",0,"35,009"
677,26056-298020743,10235663,Cà Phê Muối Chú Long - Hà Huy Giáp,26/05/2026 08:32:11,"58,000","11,600",0,0,"11,391",0,"35,009"
678,26056-298066096,10235658,Cà Phê Muối Chú Long - Công Trường Quốc Tế,26/05/2026 08:33:21,"87,000","17,400",0,0,"17,087",0,"52,513"
679,26056-298080406,10230399,Cà Phê Muối Chú Long - Tân Kỳ Tân Quý,26/05/2026 08:35:54,"80,000","16,000",0,0,"15,712",0,"48,288"
680,26056-298233664,10235663,Cà Phê Muối Chú Long - Hà Huy Giáp,26/05/2026 08:36:00,"134,000","26,800",0,0,"26,318",0,"80,882"
681,26056-298275536,10292422,Cà Phê Muối Chú Long - Phan Thiết,26/05/2026 08:31:59,"29,000","7,250",0,0,"5,340",0,"16,410"
682,26056-298353599,10225888,Cà Phê Muối Chú Long - Lạc Long Quân,26/05/2026 08:25:29,"116,000","23,200",0,0,"22,782",0,"70,018"
683,26056-298361485,10216423,Cà Phê Muối Chú Long - 417 Cộng Hoà,26/05/2026 08:33:05,"87,000","17,400",0,0,"17,087",0,"52,513"
684,26056-298362727,10397657,Cà Phê Muối Chú Long - 368 Lê Đức Thọ,26/05/2026 08:35:33,"87,000","10,000",0,0,"18,904",0,"58,097"
685,26056-298376524,10225871,Cà Phê Muối Chú Long - Đặng Nguyên Cẩn,26/05/2026 08:59:25,"120,000","24,000",0,0,"23,568",0,"72,432"
686,26056-298381816,10307386,Cà Phê Muối Chú Long - Kiên Giang,26/05/2026 08:25:53,"58,000","10,000",0,0,"11,784",0,"36,216"
687,26056-298432321,10321523,Cà Phê Muối Chú Long - Thanh Nhàn,26/05/2026 08:54:15,"36,000",0,0,0,"8,838",0,"27,162"
688,26056-298447716,10242271,Cà Phê Muối Chú Long - Vũng Tàu,26/05/2026 08:36:18,"58,000","11,600",0,0,"11,391",0,"35,009"
689,26056-298474335,10287867,Cà Phê Muối Chú Long - Classic,26/05/2026 08:33:40,"29,000","5,000",0,0,"5,892",0,"18,108"
690,26056-298575452,10292422,Cà Phê Muối Chú Long - Phan Thiết,26/05/2026 08:35:12,"29,000","7,250",0,0,"5,340",0,"16,410"
691,26056-298609520,10235663,Cà Phê Muối Chú Long - Hà Huy Giáp,26/05/2026 08:41:32,"138,000","27,600",0,0,"27,103",0,"83,297"
692,26056-298637776,10350108,Cà Phê Muối Chú Long - Đường Láng,26/05/2026 09:19:43,"54,000","11,000",0,0,"10,557",0,"32,444"
693,26056-298656644,10225895,Cà Phê Muối Chú Long - Cách Mạng Tháng 8,26/05/2026 08:48:11,"58,000","11,600",0,0,"11,391",0,"35,009"
694,26056-298684405,10235663,Cà Phê Muối Chú Long - Hà Huy Giáp,26/05/2026 08:27:39,"101,000","20,200",0,0,"19,836",0,"60,964"
695,26056-298687532,10230814,Cà Phê Muối Chú Long - Võ Văn Kiệt,26/05/2026 08:30:04,"51,000","10,000",0,0,"10,066",0,"30,935"
696,26056-298699894,10381892,Cà Phê Muối Chú Long - Phan Văn Trị,26/05/2026 08:32:22,"94,000","18,800",0,0,"18,462",0,"56,738"
697,26056-298702976,10225888,Cà Phê Muối Chú Long - Lạc Long Quân,26/05/2026 08:25:31,"58,000","11,600",0,0,"11,391",0,"35,009"
698,26056-298719657,10235663,Cà Phê Muối Chú Long - Hà Huy Giáp,26/05/2026 08:41:02,"153,000","28,571",0,0,"30,547",0,"93,882"
699,26056-298734748,10235659,Cà Phê Muối Chú Long - Nguyễn Hữu Cảnh,26/05/2026 08:36:32,"58,000","11,600",0,0,"11,391",0,"35,009"
700,26056-298782414,10222800,Cà Phê Muối Chú Long - Thành Thái,26/05/2026 08:34:47,"116,000","23,200",0,0,"22,782",0,"70,018"
701,26056-298953244,10230814,Cà Phê Muối Chú Long - Võ Văn Kiệt,26/05/2026 08:24:29,"87,000","17,400",0,0,"17,087",0,"52,513"
702,26056-298976356,10405301,Cà Phê Muối Chú Long - 01 Hàng Đậu,26/05/2026 09:05:03,"54,000",0,0,0,"13,257",0,"40,743"
703,26056-299039034,10298769,Cà Phê Muối Chú Long - Tôn Đức Thắng,26/05/2026 09:11:23,"51,000","10,000",0,0,"10,066",0,"30,935"
704,26056-299072112,10381892,Cà Phê Muối Chú Long - Phan Văn Trị,26/05/2026 08:42:07,"87,000","17,400",0,0,"17,087",0,"52,513"
705,26056-299091002,10216423,Cà Phê Muối Chú Long - 417 Cộng Hoà,26/05/2026 08:49:27,"22,000","5,000",0,0,"4,174",0,"12,827"
706,26056-299175925,10230793,Cà Phê Muối Chú Long - Huỳnh Văn Bánh,26/05/2026 08:50:18,"134,000","26,800",0,0,"26,318",0,"80,882"
707,26056-299185436,10225898,Cà Phê Muối Chú Long - Nguyễn Đình Chiểu,26/05/2026 08:27:17,"87,000","17,400",0,0,"17,087",0,"52,513"
708,26056-299206364,10235663,Cà Phê Muối Chú Long - Hà Huy Giáp,26/05/2026 08:42:46,"54,000","11,000",0,0,"10,557",0,"32,444"
709,26056-299220103,10299524,Cà Phê Muối Chú Long - Lê Duẩn,26/05/2026 08:36:42,"88,000","17,600",0,0,"17,283",0,"53,117"
710,26056-299248683,10225898,Cà Phê Muối Chú Long - Nguyễn Đình Chiểu,26/05/2026 08:43:51,"116,000","23,200",0,0,"22,782",0,"70,018"
711,26056-299305080,10230292,Cà Phê Muối Chú Long - Lê Văn Việt,26/05/2026 08:31:51,"79,000","15,800",0,0,"15,516",0,"47,684"
712,26056-299307232,10225902,Cà Phê Muối Chú Long - Hậu Giang,26/05/2026 08:37:25,"58,000","11,600",0,0,"11,391",0,"35,009"
713,26056-299302853,10321524,Cà Phê Muối Chú Long - Đội Cấn,26/05/2026 08:29:16,"58,000","11,600",0,0,"11,391",0,"35,009"
714,26056-299362833,10230171,Cà Phê Muối Chú Long - Bình Long,26/05/2026 08:29:36,"29,000","5,000",0,0,"5,892",0,"18,108"
715,26056-299496073,10296675,Cà Phê Muối Chú Long - Trương Định,26/05/2026 08:57:55,"72,000","14,400",0,0,"14,141",0,"43,459"
716,26056-299494563,10296675,Cà Phê Muối Chú Long - Trương Định,26/05/2026 08:53:56,"142,000","28,400",0,0,"27,889",0,"85,711"
717,26056-299500343,10397657,Cà Phê Muối Chú Long - 368 Lê Đức Thọ,26/05/2026 08:31:27,"29,000","5,000",0,0,"5,892",0,"18,108"
718,26056-299526051,10321523,Cà Phê Muối Chú Long - Thanh Nhàn,26/05/2026 09:00:11,"54,000","10,000",0,0,"10,802",0,"33,198"
719,26056-299555100,10298769,Cà Phê Muối Chú Long - Tôn Đức Thắng,26/05/2026 09:02:22,"116,000","23,200",0,0,"22,782",0,"70,018"
720,26056-299567529,10350108,Cà Phê Muối Chú Long - Đường Láng,26/05/2026 08:42:31,"145,000","26,100",0,0,"29,190",0,"89,710"
721,26056-299591168,10230171,Cà Phê Muối Chú Long - Bình Long,26/05/2026 08:27:05,"58,000",0,0,0,"14,239",0,"43,761"
722,26056-299674735,10321523,Cà Phê Muối Chú Long - Thanh Nhàn,26/05/2026 08:38:09,"51,000","11,000",0,0,"9,820",0,"30,180"
723,26056-299690937,10235658,Cà Phê Muối Chú Long - Công Trường Quốc Tế,26/05/2026 08:43:29,"83,000","16,600",0,0,"16,301",0,"50,099"
724,26056-299947385,10230399,Cà Phê Muối Chú Long - Tân Kỳ Tân Quý,26/05/2026 08:43:08,"133,000","26,600",0,0,"26,121",0,"80,279"
725,26056-300078671,10230399,Cà Phê Muối Chú Long - Tân Kỳ Tân Quý,26/05/2026 08:43:57,"197,000","35,460",0,0,"39,658",0,"121,882"
726,26056-300204188,10224935,Cà Phê Muối Chú Long - 585 Quang Trung,26/05/2026 08:51:41,"88,000","17,600",0,0,"17,283",0,"53,117"
727,26056-300234995,10324687,Cà Phê Muối Chú Long - Huỳnh Tấn Phát,26/05/2026 08:39:00,"65,000","13,000",0,0,"12,766",0,"39,234"
728,26056-300234820,10230292,Cà Phê Muối Chú Long - Lê Văn Việt,26/05/2026 08:51:12,"58,000","11,600",0,0,"11,391",0,"35,009"
729,26056-300347024,10269971,Cà Phê Muối Chú Long - Cần Thơ,26/05/2026 08:30:38,"29,000",0,0,0,"7,120",0,"21,881"
730,26056-300380280,10225902,Cà Phê Muối Chú Long - Hậu Giang,26/05/2026 08:49:10,"116,000","23,200",0,0,"22,782",0,"70,018"
731,26056-300419184,10292422,Cà Phê Muối Chú Long - Phan Thiết,26/05/2026 08:31:27,"22,000","5,500",0,0,"4,051",0,"12,449"
732,26056-300508460,10225902,Cà Phê Muối Chú Long - Hậu Giang,26/05/2026 08:45:21,"58,000","11,600",0,0,"11,391",0,"35,009"
733,26056-300566969,10321523,Cà Phê Muối Chú Long - Thanh Nhàn,26/05/2026 08:44:30,"203,000","36,540",0,0,"40,866",0,"125,594"
734,26056-300598899,10225888,Cà Phê Muối Chú Long - Lạc Long Quân,26/05/2026 08:35:20,"112,000","22,400",0,0,"21,997",0,"67,603"
735,26056-300694138,10225888,Cà Phê Muối Chú Long - Lạc Long Quân,26/05/2026 08:37:29,"87,000","17,400",0,0,"17,087",0,"52,513"
736,26056-300698798,10235663,Cà Phê Muối Chú Long - Hà Huy Giáp,26/05/2026 08:46:34,"80,000","16,000",0,0,"15,712",0,"48,288"
737,26056-300711333,10224935,Cà Phê Muối Chú Long - 585 Quang Trung,26/05/2026 08:44:47,"76,000","15,200",0,0,"14,926",0,"45,874"
738,26056-300759835,10230171,Cà Phê Muối Chú Long - Bình Long,26/05/2026 08:57:46,"98,000","19,600",0,0,"19,247",0,"59,153"
739,26056-300788441,10225902,Cà Phê Muối Chú Long - Hậu Giang,26/05/2026 08:51:56,"58,000","11,600",0,0,"11,391",0,"35,009"
740,26056-300836198,10235663,Cà Phê Muối Chú Long - Hà Huy Giáp,26/05/2026 08:34:36,"29,000","7,250",0,0,"5,340",0,"16,410"
741,26056-300837602,10298769,Cà Phê Muối Chú Long - Tôn Đức Thắng,26/05/2026 08:50:14,"109,000","21,800",0,0,"21,408",0,"65,792"
742,26056-300836584,10381892,Cà Phê Muối Chú Long - Phan Văn Trị,26/05/2026 08:37:31,"58,000","11,600",0,0,"11,391",0,"35,009"
743,26056-300871313,10225895,Cà Phê Muối Chú Long - Cách Mạng Tháng 8,26/05/2026 08:34:51,"83,000","16,600",0,0,"16,301",0,"50,099"
744,26056-300882800,10324687,Cà Phê Muối Chú Long - Huỳnh Tấn Phát,26/05/2026 08:51:04,"109,000","21,800",0,0,"21,408",0,"65,792"
745,26056-300899791,10381892,Cà Phê Muối Chú Long - Phan Văn Trị,26/05/2026 09:02:37,"87,000","17,400",0,0,"17,087",0,"52,513"
746,26056-300909137,10230417,Cà Phê Muối Chú Long - Lê Văn Sỹ,26/05/2026 08:53:42,"80,000","16,000",0,0,"15,712",0,"48,288"
747,26056-301021442,10235658,Cà Phê Muối Chú Long - Công Trường Quốc Tế,26/05/2026 08:44:43,"51,000","11,000",0,0,"9,820",0,"30,180"
748,26056-301056502,10330437,Cà Phê Muối Chú Long - Trần Hưng Đạo,26/05/2026 08:33:22,"58,000","11,600",0,0,"11,391",0,"35,009"
749,26056-301098433,10298769,Cà Phê Muối Chú Long - Tôn Đức Thắng,26/05/2026 08:45:49,"116,000","20,000",0,0,"23,568",0,"72,432"
750,26056-301133842,10219545,Cà Phê Muối Chú Long - Nguyễn Huệ,26/05/2026 08:43:53,"54,000","11,000",0,0,"10,557",0,"32,444"
751,26056-301211748,10354882,Cà Phê Muối Chú Long - Quảng Ngãi,26/05/2026 08:28:09,"29,000","7,250",0,0,"5,340",0,"16,410"
752,26056-301217761,10350108,Cà Phê Muối Chú Long - Đường Láng,26/05/2026 09:26:51,"163,000","29,340",0,0,"32,814",0,"100,846"
753,26056-301254866,10350108,Cà Phê Muối Chú Long - Đường Láng,26/05/2026 09:25:43,"79,000","15,800",0,0,"15,516",0,"47,684"
754,26056-301274791,10298824,Cà Phê Muối Chú Long - Hoàng Diệu,26/05/2026 08:46:14,"36,000","9,000",0,0,"6,629",0,"20,372"
755,26056-301276522,10298769,Cà Phê Muối Chú Long - Tôn Đức Thắng,26/05/2026 09:05:54,"100,000","20,000",0,0,"19,640",0,"60,360"
756,26056-301286464,10222800,Cà Phê Muối Chú Long - Thành Thái,26/05/2026 08:42:11,"116,000","23,200",0,0,"22,782",0,"70,018"
757,26056-301324872,10298769,Cà Phê Muối Chú Long - Tôn Đức Thắng,26/05/2026 09:02:37,"51,000","10,000",0,0,"10,066",0,"30,935"
758,26056-301362559,10321523,Cà Phê Muối Chú Long - Thanh Nhàn,26/05/2026 09:16:27,"73,000","14,600",0,0,"14,337",0,"44,063"
759,26056-301363074,10242271,Cà Phê Muối Chú Long - Vũng Tàu,26/05/2026 08:37:41,"58,000",0,0,0,"14,239",0,"43,761"
760,26056-301375202,10216423,Cà Phê Muối Chú Long - 417 Cộng Hoà,26/05/2026 08:50:40,"152,000","28,571",0,0,"30,302",0,"93,127"
761,26056-301390456,10298824,Cà Phê Muối Chú Long - Hoàng Diệu,26/05/2026 08:50:18,"87,000","17,400",0,0,"17,087",0,"52,513"
762,26056-301434112,10324687,Cà Phê Muối Chú Long - Huỳnh Tấn Phát,26/05/2026 08:49:21,"163,000","29,340",0,0,"32,814",0,"100,846"
763,26056-301440687,10405301,Cà Phê Muối Chú Long - 01 Hàng Đậu,26/05/2026 09:04:13,"105,000",0,0,0,"25,778",0,"79,223"
764,26056-301491236,10321524,Cà Phê Muối Chú Long - Đội Cấn,26/05/2026 08:44:01,"66,000","13,200",0,0,"12,962",0,"39,838"
765,26056-301513467,10324687,Cà Phê Muối Chú Long - Huỳnh Tấn Phát,26/05/2026 08:49:10,"29,000","5,000",0,0,"5,892",0,"18,108"
766,26056-301559700,10296675,Cà Phê Muối Chú Long - Trương Định,26/05/2026 09:09:14,"69,000","13,800",0,0,"13,552",0,"41,648"
767,26056-301628341,10292422,Cà Phê Muối Chú Long - Phan Thiết,26/05/2026 08:27:56,"29,000","7,250",0,0,"5,340",0,"16,410"
768,26056-301672237,10350108,Cà Phê Muối Chú Long - Đường Láng,26/05/2026 09:32:24,"58,000","11,600",0,0,"11,391",0,"35,009"
769,26056-301678701,10225898,Cà Phê Muối Chú Long - Nguyễn Đình Chiểu,26/05/2026 08:41:43,"51,000","11,000",0,0,"9,820",0,"30,180"
770,26056-301729346,10321524,Cà Phê Muối Chú Long - Đội Cấn,26/05/2026 09:22:12,"29,000","5,000",0,0,"5,892",0,"18,108"
771,26056-301768891,10233716,Cà Phê Muối Chú Long - 130 Thích Quảng Đức,26/05/2026 08:38:55,"87,000","17,400",0,0,"17,087",0,"52,513"
772,26056-301787339,10225902,Cà Phê Muối Chú Long - Hậu Giang,26/05/2026 09:00:17,"54,000","11,000",0,0,"10,557",0,"32,444"
773,26056-301852435,10298824,Cà Phê Muối Chú Long - Hoàng Diệu,26/05/2026 08:37:20,"44,000","10,000",0,0,"8,347",0,"25,653"
774,26056-301860082,10225898,Cà Phê Muối Chú Long - Nguyễn Đình Chiểu,26/05/2026 08:47:21,"112,000","22,400",0,0,"21,997",0,"67,603"
775,26056-301878103,10230171,Cà Phê Muối Chú Long - Bình Long,26/05/2026 08:31:56,"52,000","11,000",0,0,"10,066",0,"30,935"
776,26056-301894605,10230793,Cà Phê Muối Chú Long - Huỳnh Văn Bánh,26/05/2026 08:50:02,"72,000","15,000",0,0,"13,994",0,"43,007"
777,26056-301948257,10324687,Cà Phê Muối Chú Long - Huỳnh Tấn Phát,26/05/2026 09:02:52,"58,000","11,600",0,0,"11,391",0,"35,009"
778,26056-301953994,10375372,Cà Phê Muối Chú Long - An Dương Vương,26/05/2026 08:32:27,"138,000","27,600",0,0,"27,103",0,"83,297"
779,26056-302002161,10321437,Cà Phê Muối Chú Long - Tây Ninh,26/05/2026 08:41:47,"51,000","11,000",0,0,"9,820",0,"30,180"
780,26056-302103835,10230958,Cà Phê Muối Chú Long - 3/26 Quang Trung,26/05/2026 08:45:17,"58,000","11,600",0,0,"11,391",0,"35,009"
781,26056-302236737,10225888,Cà Phê Muối Chú Long - Lạc Long Quân,26/05/2026 09:12:36,"66,000","13,200",0,0,"12,962",0,"39,838"
782,26056-302257141,10407619,Cà Phê Muối Chú Long - 117 Lò Đúc,26/05/2026 09:22:45,"58,000",0,0,0,"14,239",0,"43,761"
783,26056-302332232,10381892,Cà Phê Muối Chú Long - Phan Văn Trị,26/05/2026 08:58:39,"54,000","10,000",0,0,"10,802",0,"33,198"
784,26056-302334886,10225895,Cà Phê Muối Chú Long - Cách Mạng Tháng 8,26/05/2026 08:48:31,"73,000","14,600",0,0,"14,337",0,"44,063"
785,26056-302342292,10225902,Cà Phê Muối Chú Long - Hậu Giang,26/05/2026 08:44:17,"83,000","16,600",0,0,"16,301",0,"50,099"
786,26056-302351725,10321523,Cà Phê Muối Chú Long - Thanh Nhàn,26/05/2026 09:37:53,"58,000","11,600",0,0,"11,391",0,"35,009"
787,26056-302383093,10225898,Cà Phê Muối Chú Long - Nguyễn Đình Chiểu,26/05/2026 08:48:02,"139,000","27,800",0,0,"27,300",0,"83,900"
788,26056-302426032,10269971,Cà Phê Muối Chú Long - Cần Thơ,26/05/2026 08:48:42,"87,000","17,400",0,0,"17,087",0,"52,513"
789,26056-302426054,10375372,Cà Phê Muối Chú Long - An Dương Vương,26/05/2026 08:42:03,"29,000","5,000",0,0,"5,892",0,"18,108"
790,26056-302467174,10321523,Cà Phê Muối Chú Long - Thanh Nhàn,26/05/2026 09:00:53,"29,000","5,000",0,0,"5,892",0,"18,108"
791,26056-302542132,10321523,Cà Phê Muối Chú Long - Thanh Nhàn,26/05/2026 09:26:12,"79,000","15,000",0,0,"15,712",0,"48,288"
792,26056-302549106,10298769,Cà Phê Muối Chú Long - Tôn Đức Thắng,26/05/2026 08:53:19,"58,000","11,600",0,0,"11,391",0,"35,009"
793,26056-302557464,10235663,Cà Phê Muối Chú Long - Hà Huy Giáp,26/05/2026 09:02:34,"58,000","11,600",0,0,"11,391",0,"35,009"
794,26056-302585797,10230399,Cà Phê Muối Chú Long - Tân Kỳ Tân Quý,26/05/2026 08:43:24,"22,000","5,000",0,0,"4,174",0,"12,827"
795,26056-302716030,10230958,Cà Phê Muối Chú Long - 3/26 Quang Trung,26/05/2026 08:47:20,"58,000","11,600",0,0,"11,391",0,"35,009"
796,26056-302735231,10230417,Cà Phê Muối Chú Long - Lê Văn Sỹ,26/05/2026 08:49:14,"29,000","5,000",0,0,"5,892",0,"18,108"
797,26056-302738369,10397657,Cà Phê Muối Chú Long - 368 Lê Đức Thọ,26/05/2026 08:55:41,"75,000","23,000",0,0,"12,766",0,"39,234"
798,26056-302737823,10350108,Cà Phê Muối Chú Long - Đường Láng,26/05/2026 09:06:17,"87,000","17,400",0,0,"17,087",0,"52,513"
799,26056-302783252,10230958,Cà Phê Muối Chú Long - 3/26 Quang Trung,26/05/2026 08:53:18,"54,000","11,000",0,0,"10,557",0,"32,444"
800,26056-302822699,10235663,Cà Phê Muối Chú Long - Hà Huy Giáp,26/05/2026 08:47:12,"29,000","7,250",0,0,"5,340",0,"16,410"
801,26056-302907641,10230417,Cà Phê Muối Chú Long - Lê Văn Sỹ,26/05/2026 08:53:21,"116,000","23,200",0,0,"22,782",0,"70,018"
802,26056-302967843,10224935,Cà Phê Muối Chú Long - 585 Quang Trung,26/05/2026 08:41:34,"87,000","17,400",0,0,"17,087",0,"52,513"
803,26056-302991861,10219545,Cà Phê Muối Chú Long - Nguyễn Huệ,26/05/2026 08:35:28,"51,000","11,000",0,0,"9,820",0,"30,180"
804,26056-303013730,10330437,Cà Phê Muối Chú Long - Trần Hưng Đạo,26/05/2026 09:08:24,"131,000","26,200",0,0,"25,728",0,"79,072"
805,26056-303139669,10216423,Cà Phê Muối Chú Long - 417 Cộng Hoà,26/05/2026 08:41:36,"58,000","11,000",0,0,"11,539",0,"35,462"
806,26056-303177045,10235658,Cà Phê Muối Chú Long - Công Trường Quốc Tế,26/05/2026 08:38:46,"51,000","11,000",0,0,"9,820",0,"30,180"
807,26056-303190761,10386890,Cà Phê Muối Chú Long - Nha Trang,26/05/2026 08:41:56,"87,000","17,400",0,0,"17,087",0,"52,513"
808,26056-303249849,10230793,Cà Phê Muối Chú Long - Huỳnh Văn Bánh,26/05/2026 08:40:23,"116,000","23,200",0,0,"22,782",0,"70,018"
809,26056-303308939,10405301,Cà Phê Muối Chú Long - 01 Hàng Đậu,26/05/2026 09:09:07,"116,000",0,0,0,"28,478",0,"87,522"
810,26056-303318762,10230171,Cà Phê Muối Chú Long - Bình Long,26/05/2026 08:35:53,"54,000","10,000",0,0,"10,802",0,"33,198"
811,26056-303509113,10230793,Cà Phê Muối Chú Long - Huỳnh Văn Bánh,26/05/2026 08:46:32,"29,000","5,000",0,0,"5,892",0,"18,108"
812,26056-303519865,10408376,Cà Phê Muối Chú Long - 203 Tôn Đản,26/05/2026 09:00:46,"80,000",0,0,0,"19,640",0,"60,360"
813,26056-303550470,10350108,Cà Phê Muối Chú Long - Đường Láng,26/05/2026 08:47:01,"29,000","5,000",0,0,"5,892",0,"18,108"
814,26056-303582788,10321523,Cà Phê Muối Chú Long - Thanh Nhàn,26/05/2026 09:22:56,"29,000","5,000",0,0,"5,892",0,"18,108"
815,26056-303759595,10292422,Cà Phê Muối Chú Long - Phan Thiết,26/05/2026 08:35:39,"29,000","7,250",0,0,"5,340",0,"16,410"
816,26056-303765529,10225888,Cà Phê Muối Chú Long - Lạc Long Quân,26/05/2026 08:41:31,"58,000","11,600",0,0,"11,391",0,"35,009"
817,26056-303821726,10230171,Cà Phê Muối Chú Long - Bình Long,26/05/2026 08:35:04,"58,000","11,600",0,0,"11,391",0,"35,009"
818,26056-303953503,10235658,Cà Phê Muối Chú Long - Công Trường Quốc Tế,26/05/2026 09:05:02,"116,000","23,200",0,0,"22,782",0,"70,018"
819,26056-303959834,10230292,Cà Phê Muối Chú Long - Lê Văn Việt,26/05/2026 08:38:33,"80,000",0,0,0,"19,640",0,"60,360"
820,26056-303972337,10216423,Cà Phê Muối Chú Long - 417 Cộng Hoà,26/05/2026 08:50:29,"190,000","34,200",0,0,"38,249",0,"117,551"
821,26056-304026123,10395671,Cà Phê Muối Chú Long - 59 Trường Chinh,26/05/2026 08:47:36,"50,000","10,000",0,0,"9,820",0,"30,180"
822,26056-304077882,10225895,Cà Phê Muối Chú Long - Cách Mạng Tháng 8,26/05/2026 08:45:50,"36,000",0,0,0,"8,838",0,"27,162"
823,26056-304091008,10321523,Cà Phê Muối Chú Long - Thanh Nhàn,26/05/2026 08:59:56,"87,000","17,400",0,0,"17,087",0,"52,513"
824,26056-304099063,10350108,Cà Phê Muối Chú Long - Đường Láng,26/05/2026 09:16:57,"50,000","11,000",0,0,"9,575",0,"29,426"
825,26056-304126380,10330437,Cà Phê Muối Chú Long - Trần Hưng Đạo,26/05/2026 08:39:56,"66,000","13,200",0,0,"12,962",0,"39,838"
826,26056-304133009,10230958,Cà Phê Muối Chú Long - 3/26 Quang Trung,26/05/2026 08:37:00,"80,000","16,000",0,0,"15,712",0,"48,288"
827,26056-304185683,10296675,Cà Phê Muối Chú Long - Trương Định,26/05/2026 09:13:01,"87,000","17,400",0,0,"17,087",0,"52,513"
828,26056-304249150,10235663,Cà Phê Muối Chú Long - Hà Huy Giáp,26/05/2026 08:47:08,"110,000","22,000",0,0,"21,604",0,"66,396"
829,26056-304263624,10386890,Cà Phê Muối Chú Long - Nha Trang,26/05/2026 08:42:20,"29,000","5,000",0,0,"5,892",0,"18,108"
830,26056-304277188,10230793,Cà Phê Muối Chú Long - Huỳnh Văn Bánh,26/05/2026 08:54:20,"72,000","14,400",0,0,"14,141",0,"43,459"
831,26056-304313617,10225898,Cà Phê Muối Chú Long - Nguyễn Đình Chiểu,26/05/2026 08:36:38,"51,000","11,000",0,0,"9,820",0,"30,180"
832,26056-304347259,10350108,Cà Phê Muối Chú Long - Đường Láng,26/05/2026 09:01:43,"65,000","13,000",0,0,"12,766",0,"39,234"
833,26056-304349528,10298769,Cà Phê Muối Chú Long - Tôn Đức Thắng,26/05/2026 08:49:41,"29,000","5,000",0,0,"5,892",0,"18,108"
834,26056-304411341,10222800,Cà Phê Muối Chú Long - Thành Thái,26/05/2026 08:56:11,"109,000","21,800",0,0,"21,408",0,"65,792"
835,26056-304516060,10224935,Cà Phê Muối Chú Long - 585 Quang Trung,26/05/2026 08:51:22,"54,000","11,000",0,0,"10,557",0,"32,444"
836,26056-304691139,10375372,Cà Phê Muối Chú Long - An Dương Vương,26/05/2026 08:52:48,"58,000","11,600",0,0,"11,391",0,"35,009"
837,26056-304701646,10298824,Cà Phê Muối Chú Long - Hoàng Diệu,26/05/2026 08:51:30,"58,000","10,000",0,0,"11,784",0,"36,216"
838,26056-304793281,10230399,Cà Phê Muối Chú Long - Tân Kỳ Tân Quý,26/05/2026 08:36:37,"112,000","22,400",0,0,"21,997",0,"67,603"
839,26056-304841468,10354882,Cà Phê Muối Chú Long - Quảng Ngãi,26/05/2026 08:52:41,"29,000","7,250",0,0,"5,340",0,"16,410"
840,26056-304866290,10296675,Cà Phê Muối Chú Long - Trương Định,26/05/2026 08:52:14,"66,000","13,200",0,0,"12,962",0,"39,838"
841,26056-304896993,10350108,Cà Phê Muối Chú Long - Đường Láng,26/05/2026 09:20:11,"66,000","11,000",0,0,"13,503",0,"41,498"
842,26056-304913074,10230814,Cà Phê Muối Chú Long - Võ Văn Kiệt,26/05/2026 08:49:24,"76,000","15,200",0,0,"14,926",0,"45,874"
843,26056-304924208,10222800,Cà Phê Muối Chú Long - Thành Thái,26/05/2026 09:03:40,"51,000","11,000",0,0,"9,820",0,"30,180"
844,26056-304961763,10350108,Cà Phê Muối Chú Long - Đường Láng,26/05/2026 08:54:07,"66,000","13,200",0,0,"12,962",0,"39,838"
845,26056-304980543,10350108,Cà Phê Muối Chú Long - Đường Láng,26/05/2026 10:00:08,"54,000","11,000",0,0,"10,557",0,"32,444"
846,26056-305029701,10230793,Cà Phê Muối Chú Long - Huỳnh Văn Bánh,26/05/2026 08:49:02,"58,000","11,600",0,0,"11,391",0,"35,009"
847,26056-305040035,10298769,Cà Phê Muối Chú Long - Tôn Đức Thắng,26/05/2026 08:47:45,"112,000","22,400",0,0,"21,997",0,"67,603"
848,26056-305220096,10323120,Cà Phê Muối Chú Long - Đồng Xoài,26/05/2026 08:38:56,"44,000","10,000",0,0,"8,347",0,"25,653"
849,26056-305246818,10296675,Cà Phê Muối Chú Long - Trương Định,26/05/2026 09:51:37,"141,000","28,200",0,0,"27,692",0,"85,108"
850,26056-305310758,10298769,Cà Phê Muối Chú Long - Tôn Đức Thắng,26/05/2026 08:54:36,"72,000","14,400",0,0,"14,141",0,"43,459"
851,26056-305569044,10386890,Cà Phê Muối Chú Long - Nha Trang,26/05/2026 08:47:50,"66,000","13,200",0,0,"12,962",0,"39,838"
852,26056-305617126,10225902,Cà Phê Muối Chú Long - Hậu Giang,26/05/2026 09:14:05,"116,000","23,200",0,0,"22,782",0,"70,018"
853,26056-305661947,10222800,Cà Phê Muối Chú Long - Thành Thái,26/05/2026 08:58:08,"58,000","11,600",0,0,"11,391",0,"35,009"
854,26056-305688875,10225902,Cà Phê Muối Chú Long - Hậu Giang,26/05/2026 09:00:26,"74,000","14,800",0,0,"14,534",0,"44,666"
855,26056-305691853,10350108,Cà Phê Muối Chú Long - Đường Láng,26/05/2026 09:27:26,"22,000",0,0,0,"5,401",0,"16,599"
856,26056-305888540,10233716,Cà Phê Muối Chú Long - 130 Thích Quảng Đức,26/05/2026 08:47:24,"108,000","21,600",0,0,"21,211",0,"65,189"
857,26056-305940470,10375372,Cà Phê Muối Chú Long - An Dương Vương,26/05/2026 08:39:28,"29,000","5,000",0,0,"5,892",0,"18,108"
858,26056-305972619,10350108,Cà Phê Muối Chú Long - Đường Láng,26/05/2026 09:23:25,"134,000","26,800",0,0,"26,318",0,"80,882"
859,26056-306128167,10225898,Cà Phê Muối Chú Long - Nguyễn Đình Chiểu,26/05/2026 08:50:24,"58,000","11,600",0,0,"11,391",0,"35,009"
860,26056-306246613,10296675,Cà Phê Muối Chú Long - Trương Định,26/05/2026 08:51:03,"22,000","5,000",0,0,"4,174",0,"12,827"
861,26056-306254553,10386890,Cà Phê Muối Chú Long - Nha Trang,26/05/2026 09:04:11,"51,000","10,000",0,0,"10,066",0,"30,935"
862,26056-306322334,10284115,Cà Phê Muối Chú Long - Kha Vạn Cân,26/05/2026 08:49:29,"50,000","11,000",0,0,"9,575",0,"29,426"
863,26056-306369627,10386890,Cà Phê Muối Chú Long - Nha Trang,26/05/2026 09:16:12,"58,000","11,600",0,0,"11,391",0,"35,009"
864,26056-306427288,10230399,Cà Phê Muối Chú Long - Tân Kỳ Tân Quý,26/05/2026 08:56:09,"87,000","17,400",0,0,"17,087",0,"52,513"
865,26056-306544287,10386890,Cà Phê Muối Chú Long - Nha Trang,26/05/2026 08:59:34,"58,000","11,600",0,0,"11,391",0,"35,009"
866,26056-306570350,10395671,Cà Phê Muối Chú Long - 59 Trường Chinh,26/05/2026 08:46:36,"145,000","28,571",0,0,"28,583",0,"87,846"
867,26056-306617719,10230814,Cà Phê Muối Chú Long - Võ Văn Kiệt,26/05/2026 08:56:08,"87,000","17,400",0,0,"17,087",0,"52,513"
868,26056-306736085,10235658,Cà Phê Muối Chú Long - Công Trường Quốc Tế,26/05/2026 09:04:23,"58,000","11,600",0,0,"11,391",0,"35,009"
869,26056-306761988,10230171,Cà Phê Muối Chú Long - Bình Long,26/05/2026 08:43:38,"94,000","11,000",0,0,"20,377",0,"62,624"
870,26056-306797385,10298769,Cà Phê Muối Chú Long - Tôn Đức Thắng,26/05/2026 09:09:02,"123,000","24,600",0,0,"24,157",0,"74,243"
871,26056-306800493,10230417,Cà Phê Muối Chú Long - Lê Văn Sỹ,26/05/2026 08:48:07,"29,000","5,000",0,0,"5,892",0,"18,108"
872,26056-306820880,10375372,Cà Phê Muối Chú Long - An Dương Vương,26/05/2026 08:53:43,"204,000","36,720",0,0,"41,067",0,"126,213"
873,26056-306860275,10224935,Cà Phê Muối Chú Long - 585 Quang Trung,26/05/2026 08:51:02,"95,000","19,000",0,0,"18,658",0,"57,342"
874,26056-306970211,10225902,Cà Phê Muối Chú Long - Hậu Giang,26/05/2026 08:57:46,"145,000","28,571",0,0,"28,583",0,"87,846"
875,26056-306979755,10350108,Cà Phê Muối Chú Long - Đường Láng,26/05/2026 09:06:17,"116,000","23,200",0,0,"22,782",0,"70,018"
876,26056-307022656,10235659,Cà Phê Muối Chú Long - Nguyễn Hữu Cảnh,26/05/2026 09:02:20,"98,000","19,600",0,0,"19,247",0,"59,153"
877,26056-307136495,10292015,Cà Phê Muối Chú Long - Long An,26/05/2026 08:53:55,"137,000","27,400",0,0,"26,907",0,"82,693"
878,26056-307228017,10224935,Cà Phê Muối Chú Long - 585 Quang Trung,26/05/2026 08:59:48,"51,000","11,000",0,0,"9,820",0,"30,180"
879,26056-307231206,10230399,Cà Phê Muối Chú Long - Tân Kỳ Tân Quý,26/05/2026 08:48:25,"87,000","17,400",0,0,"17,087",0,"52,513"
880,26056-307260947,10242271,Cà Phê Muối Chú Long - Vũng Tàu,26/05/2026 08:44:55,"249,000","44,820",0,0,"50,126",0,"154,054"
881,26056-307281535,10224935,Cà Phê Muối Chú Long - 585 Quang Trung,26/05/2026 08:51:32,"80,000","16,000",0,0,"15,712",0,"48,288"
882,26056-307396337,10405301,Cà Phê Muối Chú Long - 01 Hàng Đậu,26/05/2026 10:33:58,"112,000",0,0,0,"27,496",0,"84,504"
883,26056-307464768,10219545,Cà Phê Muối Chú Long - Nguyễn Huệ,26/05/2026 08:40:57,"116,000","23,200",0,0,"22,782",0,"70,018"
884,26056-307485618,10321524,Cà Phê Muối Chú Long - Đội Cấn,26/05/2026 09:08:07,"37,000",0,0,0,"9,084",0,"27,917"
885,26056-307682919,10230399,Cà Phê Muối Chú Long - Tân Kỳ Tân Quý,26/05/2026 08:45:12,"116,000","23,200",0,0,"22,782",0,"70,018"
886,26056-307743644,10296675,Cà Phê Muối Chú Long - Trương Định,26/05/2026 09:11:27,"79,000","15,800",0,0,"15,516",0,"47,684"
887,26056-307834674,10225902,Cà Phê Muối Chú Long - Hậu Giang,26/05/2026 08:52:57,"95,000","19,000",0,0,"18,658",0,"57,342"
888,26056-307901371,10381983,Cà Phê Muối Chú Long - Bạch Đằng,26/05/2026 08:44:47,"29,000",0,0,0,"7,120",0,"21,881"
889,26056-307917951,10386890,Cà Phê Muối Chú Long - Nha Trang,26/05/2026 08:44:56,"58,000","11,600",0,0,"11,391",0,"35,009"
890,26056-307922481,10321523,Cà Phê Muối Chú Long - Thanh Nhàn,26/05/2026 09:16:38,"29,000","5,000",0,0,"5,892",0,"18,108"
891,26056-307937140,10230814,Cà Phê Muối Chú Long - Võ Văn Kiệt,26/05/2026 09:05:57,"66,000","13,200",0,0,"12,962",0,"39,838"
892,26056-307987507,10219545,Cà Phê Muối Chú Long - Nguyễn Huệ,26/05/2026 08:41:32,"58,000","11,600",0,0,"11,391",0,"35,009"
893,26056-307993780,10216423,Cà Phê Muối Chú Long - 417 Cộng Hoà,26/05/2026 08:52:05,"139,000","27,800",0,0,"27,300",0,"83,900"
894,26056-308143644,10284115,Cà Phê Muối Chú Long - Kha Vạn Cân,26/05/2026 08:46:08,"29,000","5,000",0,0,"5,892",0,"18,108"
895,26056-308147031,10225888,Cà Phê Muối Chú Long - Lạc Long Quân,26/05/2026 08:46:46,"58,000","11,600",0,0,"11,391",0,"35,009"
896,26056-308221541,10230417,Cà Phê Muối Chú Long - Lê Văn Sỹ,26/05/2026 08:49:50,"58,000","11,600",0,0,"11,391",0,"35,009"
897,26056-308246584,10321523,Cà Phê Muối Chú Long - Thanh Nhàn,26/05/2026 09:26:42,"58,000","11,000",0,0,"11,539",0,"35,462"
898,26056-308281522,10225902,Cà Phê Muối Chú Long - Hậu Giang,26/05/2026 08:50:29,"50,000","11,000",0,0,"9,575",0,"29,426"
899,26056-308319553,10350108,Cà Phê Muối Chú Long - Đường Láng,26/05/2026 09:43:38,"65,000","13,000",0,0,"12,766",0,"39,234"
900,26056-308470823,10230793,Cà Phê Muối Chú Long - Huỳnh Văn Bánh,26/05/2026 09:02:00,"75,000","15,000",0,0,"14,730",0,"45,270"
901,26056-308483931,10230399,Cà Phê Muối Chú Long - Tân Kỳ Tân Quý,26/05/2026 08:43:00,"51,000","11,000",0,0,"9,820",0,"30,180"
902,26056-308555525,10296675,Cà Phê Muối Chú Long - Trương Định,26/05/2026 09:15:45,"200,000",0,0,0,"49,100",0,"150,900"
903,26056-308608883,10230417,Cà Phê Muối Chú Long - Lê Văn Sỹ,26/05/2026 08:48:03,"58,000","11,600",0,0,"11,391",0,"35,009"
904,26056-308690640,10350108,Cà Phê Muối Chú Long - Đường Láng,26/05/2026 08:51:27,"22,000","5,000",0,0,"4,174",0,"12,827"
905,26056-308744245,10408376,Cà Phê Muối Chú Long - 203 Tôn Đản,26/05/2026 08:44:03,"74,000",0,0,0,"18,167",0,"55,833"
906,26056-308751836,10386890,Cà Phê Muối Chú Long - Nha Trang,26/05/2026 09:07:15,"193,000","34,740",0,0,"38,853",0,"119,407"
907,26056-308773487,10381892,Cà Phê Muối Chú Long - Phan Văn Trị,26/05/2026 08:49:05,"94,000","18,800",0,0,"18,462",0,"56,738"
908,26056-308894424,10350108,Cà Phê Muối Chú Long - Đường Láng,26/05/2026 09:23:04,"203,000","32,000",0,0,"41,981",0,"129,020"
909,26056-308930273,10292422,Cà Phê Muối Chú Long - Phan Thiết,26/05/2026 08:42:35,"29,000","7,250",0,0,"5,340",0,"16,410"
910,26056-308984933,10292015,Cà Phê Muối Chú Long - Long An,26/05/2026 08:41:32,"58,000","11,600",0,0,"11,391",0,"35,009"
911,26056-308992414,10321523,Cà Phê Muối Chú Long - Thanh Nhàn,26/05/2026 09:17:36,"90,000","18,000",0,0,"17,676",0,"54,324"
912,26056-308997565,10321523,Cà Phê Muối Chú Long - Thanh Nhàn,26/05/2026 08:58:00,"87,000","17,400",0,0,"17,087",0,"52,513"
913,26056-309081360,10269971,Cà Phê Muối Chú Long - Cần Thơ,26/05/2026 08:44:24,"29,000","7,250",0,0,"5,340",0,"16,410"
914,26056-309190275,10225898,Cà Phê Muối Chú Long - Nguyễn Đình Chiểu,26/05/2026 08:51:33,"101,000","20,200",0,0,"19,836",0,"60,964"
915,26056-309202073,10222800,Cà Phê Muối Chú Long - Thành Thái,26/05/2026 08:58:58,"73,000","14,600",0,0,"14,337",0,"44,063"
916,26056-309250788,10321524,Cà Phê Muối Chú Long - Đội Cấn,26/05/2026 09:30:33,"98,000","19,600",0,0,"19,247",0,"59,153"
917,26056-309298260,10225902,Cà Phê Muối Chú Long - Hậu Giang,26/05/2026 08:57:25,"102,000","20,400",0,0,"20,033",0,"61,567"
918,26056-309401378,10224935,Cà Phê Muối Chú Long - 585 Quang Trung,26/05/2026 08:54:28,"83,000","16,600",0,0,"16,301",0,"50,099"
919,26056-309425259,10230814,Cà Phê Muối Chú Long - Võ Văn Kiệt,26/05/2026 09:14:05,"44,000",0,0,0,"10,802",0,"33,198"
920,26056-309457017,10321523,Cà Phê Muối Chú Long - Thanh Nhàn,26/05/2026 08:57:14,"58,000","11,600",0,0,"11,391",0,"35,009"
921,26056-309632437,10350108,Cà Phê Muối Chú Long - Đường Láng,26/05/2026 09:24:57,"91,000",0,0,0,"22,341",0,"68,660"
922,26056-309795434,10233716,Cà Phê Muối Chú Long - 130 Thích Quảng Đức,26/05/2026 09:07:09,"29,000","5,000",0,0,"5,892",0,"18,108"
923,26056-309817776,10230399,Cà Phê Muối Chú Long - Tân Kỳ Tân Quý,26/05/2026 09:04:00,"228,000","41,040",0,0,"45,899",0,"141,061"
924,26056-309814226,10350108,Cà Phê Muối Chú Long - Đường Láng,26/05/2026 08:54:19,"44,000",0,0,0,"10,802",0,"33,198"
925,26056-309868708,10235658,Cà Phê Muối Chú Long - Công Trường Quốc Tế,26/05/2026 09:15:55,"58,000","11,600",0,0,"11,391",0,"35,009"
926,26056-309882860,10321523,Cà Phê Muối Chú Long - Thanh Nhàn,26/05/2026 08:47:23,"58,000","11,600",0,0,"11,391",0,"35,009"
927,26056-309899602,10242271,Cà Phê Muối Chú Long - Vũng Tàu,26/05/2026 08:59:21,"117,000","23,400",0,0,"22,979",0,"70,621"
928,26056-309922858,10321523,Cà Phê Muối Chú Long - Thanh Nhàn,26/05/2026 09:00:22,"58,000","11,600",0,0,"11,391",0,"35,009"
929,26056-310018899,10375372,Cà Phê Muối Chú Long - An Dương Vương,26/05/2026 08:52:51,"88,000","17,600",0,0,"17,283",0,"53,117"
930,26056-310087593,10350108,Cà Phê Muối Chú Long - Đường Láng,26/05/2026 09:28:33,"87,000","17,400",0,0,"17,087",0,"52,513"
931,26056-310171151,10340098,Cà Phê Muối Chú Long - Thuận An,26/05/2026 08:56:56,"116,000","23,200",0,0,"22,782",0,"70,018"
932,26056-310183436,10230171,Cà Phê Muối Chú Long - Bình Long,26/05/2026 09:01:28,"109,000","21,800",0,0,"21,408",0,"65,792"
933,26056-310254587,10296675,Cà Phê Muối Chú Long - Trương Định,26/05/2026 09:15:39,"44,000",0,0,0,"10,802",0,"33,198"
934,26056-310257590,10321523,Cà Phê Muối Chú Long - Thanh Nhàn,26/05/2026 09:15:17,"91,000","18,200",0,0,"17,872",0,"54,928"
935,26056-310314193,10323120,Cà Phê Muối Chú Long - Đồng Xoài,26/05/2026 08:57:55,"87,000","15,000",0,0,"17,676",0,"54,324"
936,26056-310316952,10216423,Cà Phê Muối Chú Long - 417 Cộng Hoà,26/05/2026 08:55:22,"58,000","11,600",0,0,"11,391",0,"35,009"
937,26056-310538188,10230814,Cà Phê Muối Chú Long - Võ Văn Kiệt,26/05/2026 08:58:52,"80,000","16,000",0,0,"15,712",0,"48,288"
938,26056-310566187,10296675,Cà Phê Muối Chú Long - Trương Định,26/05/2026 09:19:07,"124,000","24,800",0,0,"24,354",0,"74,846"
939,26056-310752154,10225898,Cà Phê Muối Chú Long - Nguyễn Đình Chiểu,26/05/2026 08:59:33,"80,000","16,000",0,0,"15,712",0,"48,288"
940,26056-310829925,10408376,Cà Phê Muối Chú Long - 203 Tôn Đản,26/05/2026 08:49:12,"29,000",0,0,0,"7,120",0,"21,881"
941,26056-310845981,10296675,Cà Phê Muối Chú Long - Trương Định,26/05/2026 09:17:53,"874,000","99,500",0,0,"190,140",0,"584,360"
942,26056-310852841,10230292,Cà Phê Muối Chú Long - Lê Văn Việt,26/05/2026 08:55:02,"58,000","11,600",0,0,"11,391",0,"35,009"
943,26056-310961180,10235663,Cà Phê Muối Chú Long - Hà Huy Giáp,26/05/2026 09:11:17,"29,000","7,250",0,0,"5,340",0,"16,410"
944,26056-311093734,10235663,Cà Phê Muối Chú Long - Hà Huy Giáp,26/05/2026 09:02:28,"58,000","11,600",0,0,"11,391",0,"35,009"
945,26056-311162603,10354882,Cà Phê Muối Chú Long - Quảng Ngãi,26/05/2026 09:04:10,"29,000","7,250",0,0,"5,340",0,"16,410"
946,26056-311183682,10324687,Cà Phê Muối Chú Long - Huỳnh Tấn Phát,26/05/2026 08:56:47,"87,000","15,000",0,0,"17,676",0,"54,324"
947,26056-311228721,10225898,Cà Phê Muối Chú Long - Nguyễn Đình Chiểu,26/05/2026 08:53:41,"22,000","5,000",0,0,"4,174",0,"12,827"
948,26056-311233408,10235659,Cà Phê Muối Chú Long - Nguyễn Hữu Cảnh,26/05/2026 08:55:59,"44,000",0,0,0,"10,802",0,"33,198"
949,26056-311238686,10216423,Cà Phê Muối Chú Long - 417 Cộng Hoà,26/05/2026 08:59:40,"73,000","14,600",0,0,"14,337",0,"44,063"
950,26056-311264588,10230793,Cà Phê Muối Chú Long - Huỳnh Văn Bánh,26/05/2026 09:01:22,"58,000","11,600",0,0,"11,391",0,"35,009"
951,26056-311357581,10321523,Cà Phê Muối Chú Long - Thanh Nhàn,26/05/2026 09:33:09,"29,000","5,000",0,0,"5,892",0,"18,108"
952,26056-311434050,10222800,Cà Phê Muối Chú Long - Thành Thái,26/05/2026 09:25:44,"116,000","23,200",0,0,"22,782",0,"70,018"
953,26056-311452589,10225895,Cà Phê Muối Chú Long - Cách Mạng Tháng 8,26/05/2026 09:05:02,"54,000","11,000",0,0,"10,557",0,"32,444"
954,26056-311500874,10216423,Cà Phê Muối Chú Long - 417 Cộng Hoà,26/05/2026 08:59:07,"36,000",0,0,0,"8,838",0,"27,162"
955,26056-311509315,10321524,Cà Phê Muối Chú Long - Đội Cấn,26/05/2026 09:22:24,"51,000","11,000",0,0,"9,820",0,"30,180"
956,26056-311517933,10230793,Cà Phê Muối Chú Long - Huỳnh Văn Bánh,26/05/2026 09:04:28,"109,000","21,800",0,0,"21,408",0,"65,792"
957,26056-311684339,10235658,Cà Phê Muối Chú Long - Công Trường Quốc Tế,26/05/2026 09:27:47,"58,000","11,600",0,0,"11,391",0,"35,009"
958,26056-311738374,10298769,Cà Phê Muối Chú Long - Tôn Đức Thắng,26/05/2026 09:55:17,"138,000","27,600",0,0,"27,103",0,"83,297"
959,26056-311820166,10225898,Cà Phê Muối Chú Long - Nguyễn Đình Chiểu,26/05/2026 09:04:35,"58,000","11,600",0,0,"11,391",0,"35,009"
960,26056-311870895,10225898,Cà Phê Muối Chú Long - Nguyễn Đình Chiểu,26/05/2026 09:30:14,"102,000","20,400",0,0,"20,033",0,"61,567"
961,26056-312042272,10350108,Cà Phê Muối Chú Long - Đường Láng,26/05/2026 09:39:21,"175,000","31,500",0,0,"35,229",0,"108,271"
962,26056-312088834,10296675,Cà Phê Muối Chú Long - Trương Định,26/05/2026 09:22:10,"108,000","21,600",0,0,"21,211",0,"65,189"
963,26056-312219441,10350108,Cà Phê Muối Chú Long - Đường Láng,26/05/2026 09:11:00,"36,000",0,0,0,"8,838",0,"27,162"
964,26056-312221281,10298769,Cà Phê Muối Chú Long - Tôn Đức Thắng,26/05/2026 09:23:38,"29,000","5,000",0,0,"5,892",0,"18,108"
965,26056-312265716,10350108,Cà Phê Muối Chú Long - Đường Láng,26/05/2026 09:19:03,"87,000","17,400",0,0,"17,087",0,"52,513"
966,26056-312287666,10235659,Cà Phê Muối Chú Long - Nguyễn Hữu Cảnh,26/05/2026 09:05:59,"58,000","11,600",0,0,"11,391",0,"35,009"
967,26056-312325835,10225888,Cà Phê Muối Chú Long - Lạc Long Quân,26/05/2026 09:05:46,"116,000","20,000",0,0,"23,568",0,"72,432"
968,26056-312354564,10225902,Cà Phê Muối Chú Long - Hậu Giang,26/05/2026 09:03:05,"87,000","17,400",0,0,"17,087",0,"52,513"
969,26056-312375893,10230171,Cà Phê Muối Chú Long - Bình Long,26/05/2026 08:59:05,"116,000","23,200",0,0,"22,782",0,"70,018"
970,26056-312376612,10354891,Cà Phê Muối Chú Long - Trà Vinh,26/05/2026 08:54:32,"29,000","7,250",0,0,"5,340",0,"16,410"
971,26056-312409530,10321524,Cà Phê Muối Chú Long - Đội Cấn,26/05/2026 09:04:35,"104,000","20,800",0,0,"20,426",0,"62,774"
972,26056-312425717,10321524,Cà Phê Muối Chú Long - Đội Cấn,26/05/2026 09:06:05,"112,000","22,400",0,0,"21,997",0,"67,603"
973,26056-312450026,10222800,Cà Phê Muối Chú Long - Thành Thái,26/05/2026 09:20:16,"116,000","23,200",0,0,"22,782",0,"70,018"
974,26056-312456413,10235658,Cà Phê Muối Chú Long - Công Trường Quốc Tế,26/05/2026 09:13:28,"112,000","22,400",0,0,"21,997",0,"67,603"
975,26056-312451499,10230814,Cà Phê Muối Chú Long - Võ Văn Kiệt,26/05/2026 08:55:56,"116,000","23,200",0,0,"22,782",0,"70,018"
976,26056-312504087,10225898,Cà Phê Muối Chú Long - Nguyễn Đình Chiểu,26/05/2026 08:59:03,"116,000","23,200",0,0,"22,782",0,"70,018"
977,26056-312515690,10386890,Cà Phê Muối Chú Long - Nha Trang,26/05/2026 09:12:55,"116,000","23,200",0,0,"22,782",0,"70,018"
978,26056-312552784,10375372,Cà Phê Muối Chú Long - An Dương Vương,26/05/2026 08:52:33,"58,000","11,600",0,0,"11,391",0,"35,009"
979,26056-312562095,10222800,Cà Phê Muối Chú Long - Thành Thái,26/05/2026 09:13:36,"58,000","11,600",0,0,"11,391",0,"35,009"
980,26056-312593441,10321523,Cà Phê Muối Chú Long - Thanh Nhàn,26/05/2026 09:25:23,"73,000","11,000",0,0,"15,221",0,"46,779"
981,26056-312711573,10350108,Cà Phê Muối Chú Long - Đường Láng,26/05/2026 09:27:19,"104,000","20,800",0,0,"20,426",0,"62,774"
982,26056-312781415,10386890,Cà Phê Muối Chú Long - Nha Trang,26/05/2026 09:08:19,"29,000","5,000",0,0,"5,892",0,"18,108"
983,26056-312914666,10292422,Cà Phê Muối Chú Long - Phan Thiết,26/05/2026 09:23:25,"83,000","16,600",0,0,"16,301",0,"50,099"
984,26056-312985104,10225898,Cà Phê Muối Chú Long - Nguyễn Đình Chiểu,26/05/2026 09:09:46,"58,000","11,600",0,0,"11,391",0,"35,009"
985,26056-313005544,10358016,Cà Phê Muối Chú Long - Bà Triệu,26/05/2026 09:01:46,"116,000","23,200",0,0,"22,782",0,"70,018"
986,26056-313086948,10225898,Cà Phê Muối Chú Long - Nguyễn Đình Chiểu,26/05/2026 09:37:08,"116,000","23,200",0,0,"22,782",0,"70,018"
987,26056-313088303,10235663,Cà Phê Muối Chú Long - Hà Huy Giáp,26/05/2026 09:00:21,"54,000","11,000",0,0,"10,557",0,"32,444"
988,26056-313120728,10230399,Cà Phê Muối Chú Long - Tân Kỳ Tân Quý,26/05/2026 08:53:42,"83,000","16,600",0,0,"16,301",0,"50,099"
989,26056-313131495,10235663,Cà Phê Muối Chú Long - Hà Huy Giáp,26/05/2026 09:00:09,"87,000","17,400",0,0,"17,087",0,"52,513"
990,26056-313143719,10287840,Cà Phê Muối Chú Long - Long Xuyên,26/05/2026 09:15:46,"58,000",0,0,0,"14,239",0,"43,761"
991,26056-313194471,10324687,Cà Phê Muối Chú Long - Huỳnh Tấn Phát,26/05/2026 09:04:08,"95,000","19,000",0,0,"18,658",0,"57,342"
992,26056-313199941,10235658,Cà Phê Muối Chú Long - Công Trường Quốc Tế,26/05/2026 09:33:35,"29,000","5,000",0,0,"5,892",0,"18,108"
993,26056-313264077,10340098,Cà Phê Muối Chú Long - Thuận An,26/05/2026 08:56:58,"58,000","11,600",0,0,"11,391",0,"35,009"
994,26056-313303428,10235659,Cà Phê Muối Chú Long - Nguyễn Hữu Cảnh,26/05/2026 09:02:11,"58,000","11,600",0,0,"11,391",0,"35,009"
995,26056-313379310,10315543,Cà Phê Muối Chú Long - Bến Tre,26/05/2026 08:50:52,"29,000","7,250",0,0,"5,340",0,"16,410"
996,26056-313387076,10287867,Cà Phê Muối Chú Long - Classic,26/05/2026 09:04:06,"120,000","24,000",0,0,"23,568",0,"72,432"
997,26056-313437427,10296675,Cà Phê Muối Chú Long - Trương Định,26/05/2026 09:26:16,"58,000","11,600",0,0,"11,391",0,"35,009"
998,26056-313545292,10375372,Cà Phê Muối Chú Long - An Dương Vương,26/05/2026 08:51:19,"54,000","10,000",0,0,"10,802",0,"33,198"
999,26056-313749324,10296675,Cà Phê Muối Chú Long - Trương Định,26/05/2026 09:49:04,"58,000","11,600",0,0,"11,391",0,"35,009"
1000,26056-313791711,10230171,Cà Phê Muối Chú Long - Bình Long,26/05/2026 09:01:15,"282,000","47,368",0,0,"57,602",0,"177,030"
1001,26056-313846132,10230958,Cà Phê Muối Chú Long - 3/26 Quang Trung,26/05/2026 08:54:20,"54,000","11,000",0,0,"10,557",0,"32,444"
1002,26056-313866240,10354882,Cà Phê Muối Chú Long - Quảng Ngãi,26/05/2026 09:00:27,"95,000","19,000",0,0,"18,658",0,"57,342"
1003,26056-313924766,10358037,Cà Phê Muối Chú Long - 35 Trần Phú,26/05/2026 09:19:19,"29,000","7,250",0,0,"5,340",0,"16,410"
1004,26056-313926749,10323120,Cà Phê Muối Chú Long - Đồng Xoài,26/05/2026 08:51:55,"29,000","7,250",0,0,"5,340",0,"16,410"
1005,26056-313973308,10230793,Cà Phê Muối Chú Long - Huỳnh Văn Bánh,26/05/2026 09:11:02,"58,000","11,600",0,0,"11,391",0,"35,009"
1006,26056-313993051,10321523,Cà Phê Muối Chú Long - Thanh Nhàn,26/05/2026 09:08:25,"83,000","16,600",0,0,"16,301",0,"50,099"
1007,26056-314017851,10298769,Cà Phê Muối Chú Long - Tôn Đức Thắng,26/05/2026 09:03:22,"29,000","5,000",0,0,"5,892",0,"18,108"
1008,26056-314025677,10321523,Cà Phê Muối Chú Long - Thanh Nhàn,26/05/2026 09:12:05,"29,000","5,000",0,0,"5,892",0,"18,108"
1009,26056-314050531,10296675,Cà Phê Muối Chú Long - Trương Định,26/05/2026 09:20:50,"137,000","27,400",0,0,"26,907",0,"82,693"
1010,26056-314208556,10298769,Cà Phê Muối Chú Long - Tôn Đức Thắng,26/05/2026 09:03:38,"58,000","11,600",0,0,"11,391",0,"35,009"
1011,26056-314287383,10224935,Cà Phê Muối Chú Long - 585 Quang Trung,26/05/2026 09:01:55,"25,000","5,000",0,0,"4,910",0,"15,090"
1012,26056-314384111,10321524,Cà Phê Muối Chú Long - Đội Cấn,26/05/2026 09:09:12,"55,000","11,000",0,0,"10,802",0,"33,198"
1013,26056-314412594,10225888,Cà Phê Muối Chú Long - Lạc Long Quân,26/05/2026 09:00:39,"51,000","11,000",0,0,"9,820",0,"30,180"
1014,26056-314420424,10350108,Cà Phê Muối Chú Long - Đường Láng,26/05/2026 09:07:29,"260,000","46,800",0,0,"52,341",0,"160,859"
1015,26056-314458099,10225888,Cà Phê Muối Chú Long - Lạc Long Quân,26/05/2026 08:56:01,"116,000","23,200",0,0,"22,782",0,"70,018"
1016,26056-314534319,10219545,Cà Phê Muối Chú Long - Nguyễn Huệ,26/05/2026 08:59:56,"87,000","17,400",0,0,"17,087",0,"52,513"
1017,26056-314548447,10321439,Cà Phê Muối Chú Long - Vĩnh Long,26/05/2026 09:03:35,"22,000","5,500",0,0,"4,051",0,"12,449"
1018,26056-314576197,10230171,Cà Phê Muối Chú Long - Bình Long,26/05/2026 08:59:36,"109,000","21,800",0,0,"21,408",0,"65,792"
1019,26056-314671100,10230793,Cà Phê Muối Chú Long - Huỳnh Văn Bánh,26/05/2026 09:10:35,"58,000","11,600",0,0,"11,391",0,"35,009"
1020,26056-314730508,10321523,Cà Phê Muối Chú Long - Thanh Nhàn,26/05/2026 09:27:51,"50,000","11,000",0,0,"9,575",0,"29,426"
1021,26056-314793019,10216423,Cà Phê Muối Chú Long - 417 Cộng Hoà,26/05/2026 08:58:23,"54,000","10,000",0,0,"10,802",0,"33,198"
1022,26056-314869804,10284115,Cà Phê Muối Chú Long - Kha Vạn Cân,26/05/2026 08:53:23,"58,000","11,600",0,0,"11,391",0,"35,009"
1023,26056-314994291,10405301,Cà Phê Muối Chú Long - 01 Hàng Đậu,26/05/2026 09:22:51,"29,000",0,0,0,"7,120",0,"21,881"
1024,26056-315062302,10298769,Cà Phê Muối Chú Long - Tôn Đức Thắng,26/05/2026 10:06:13,"51,000","11,000",0,0,"9,820",0,"30,180"
1025,26056-315242043,10225871,Cà Phê Muối Chú Long - Đặng Nguyên Cẩn,26/05/2026 09:17:58,"116,000","23,200",0,0,"22,782",0,"70,018"
1026,26056-315398270,10230399,Cà Phê Muối Chú Long - Tân Kỳ Tân Quý,26/05/2026 09:09:53,"29,000","5,000",0,0,"5,892",0,"18,108"
1027,26056-315426504,10225888,Cà Phê Muối Chú Long - Lạc Long Quân,26/05/2026 09:06:35,"47,000",0,0,0,"11,539",0,"35,462"
1028,26056-315452948,10375372,Cà Phê Muối Chú Long - An Dương Vương,26/05/2026 09:06:28,"87,000","17,400",0,0,"17,087",0,"52,513"
1029,26056-315533535,10235659,Cà Phê Muối Chú Long - Nguyễn Hữu Cảnh,26/05/2026 08:58:14,"58,000","11,600",0,0,"11,391",0,"35,009"
1030,26056-315667503,10350108,Cà Phê Muối Chú Long - Đường Láng,26/05/2026 09:48:29,"101,000","20,200",0,0,"19,836",0,"60,964"
1031,26056-315684811,10230793,Cà Phê Muối Chú Long - Huỳnh Văn Bánh,26/05/2026 09:01:07,"58,000","11,600",0,0,"11,391",0,"35,009"
1032,26056-315726884,10284115,Cà Phê Muối Chú Long - Kha Vạn Cân,26/05/2026 08:56:51,"58,000","11,600",0,0,"11,391",0,"35,009"
1033,26056-315742830,10405301,Cà Phê Muối Chú Long - 01 Hàng Đậu,26/05/2026 09:12:45,"50,000","23,000",0,0,"6,629",0,"20,372"
1034,26056-315773822,10321524,Cà Phê Muối Chú Long - Đội Cấn,26/05/2026 09:18:47,"83,000","16,600",0,0,"16,301",0,"50,099"
1035,26056-315798657,10296675,Cà Phê Muối Chú Long - Trương Định,26/05/2026 09:47:49,"87,000","17,400",0,0,"17,087",0,"52,513"
1036,26056-315879893,10233716,Cà Phê Muối Chú Long - 130 Thích Quảng Đức,26/05/2026 09:03:29,"36,000",0,0,0,"8,838",0,"27,162"
1037,26056-315896678,10296675,Cà Phê Muối Chú Long - Trương Định,26/05/2026 09:10:51,"585,000","69,500",0,0,"126,555",0,"388,945"
1038,26056-315914270,10219545,Cà Phê Muối Chú Long - Nguyễn Huệ,26/05/2026 09:00:15,"58,000","11,600",0,0,"11,391",0,"35,009"
1039,26056-315961374,10222800,Cà Phê Muối Chú Long - Thành Thái,26/05/2026 09:14:46,"29,000","5,000",0,0,"5,892",0,"18,108"
1040,26056-316001923,10321523,Cà Phê Muối Chú Long - Thanh Nhàn,26/05/2026 09:27:58,"254,000","45,000",0,0,"51,310",0,"157,691"
1041,26056-316017174,10230793,Cà Phê Muối Chú Long - Huỳnh Văn Bánh,26/05/2026 09:03:03,"87,000","17,400",0,0,"17,087",0,"52,513"
1042,26056-316028589,10224935,Cà Phê Muối Chú Long - 585 Quang Trung,26/05/2026 09:07:18,"83,000","16,600",0,0,"16,301",0,"50,099"
1043,26056-316042549,10225895,Cà Phê Muối Chú Long - Cách Mạng Tháng 8,26/05/2026 09:03:57,"58,000","11,600",0,0,"11,391",0,"35,009"
1044,26056-316066398,10219545,Cà Phê Muối Chú Long - Nguyễn Huệ,26/05/2026 08:58:52,"199,000","28,571",0,0,"41,840",0,"128,589"
1045,26056-316125482,10225898,Cà Phê Muối Chú Long - Nguyễn Đình Chiểu,26/05/2026 08:59:51,"87,000","17,400",0,0,"17,087",0,"52,513"
1046,26056-316211823,10321524,Cà Phê Muối Chú Long - Đội Cấn,26/05/2026 09:25:22,"94,000","18,800",0,0,"18,462",0,"56,738"
1047,26056-316291406,10225902,Cà Phê Muối Chú Long - Hậu Giang,26/05/2026 09:01:14,"29,000","5,000",0,0,"5,892",0,"18,108"
1048,26056-316456304,10216423,Cà Phê Muối Chú Long - 417 Cộng Hoà,26/05/2026 09:06:16,"54,000","10,000",0,0,"10,802",0,"33,198"
1049,26056-316526332,10230171,Cà Phê Muối Chú Long - Bình Long,26/05/2026 08:57:23,"58,000","11,600",0,0,"11,391",0,"35,009"
1050,26056-316559474,10222800,Cà Phê Muối Chú Long - Thành Thái,26/05/2026 09:12:31,"65,000","13,000",0,0,"12,766",0,"39,234"
1051,26056-316680510,10216423,Cà Phê Muối Chú Long - 417 Cộng Hoà,26/05/2026 09:08:19,"262,000","47,160",0,0,"52,743",0,"162,097"
1052,26056-316701364,10292422,Cà Phê Muối Chú Long - Phan Thiết,26/05/2026 08:56:51,"29,000","7,250",0,0,"5,340",0,"16,410"
1053,26056-316698309,10395671,Cà Phê Muối Chú Long - 59 Trường Chinh,26/05/2026 09:09:12,"44,000",0,0,0,"10,802",0,"33,198"
1054,26056-316749097,10397657,Cà Phê Muối Chú Long - 368 Lê Đức Thọ,26/05/2026 09:05:11,"76,000","15,200",0,0,"14,926",0,"45,874"
1055,26056-316811751,10230417,Cà Phê Muối Chú Long - Lê Văn Sỹ,26/05/2026 09:32:29,"58,000","11,600",0,0,"11,391",0,"35,009"
1056,26056-316817952,10225898,Cà Phê Muối Chú Long - Nguyễn Đình Chiểu,26/05/2026 09:02:09,"51,000","11,000",0,0,"9,820",0,"30,180"
1057,26056-316859863,10405301,Cà Phê Muối Chú Long - 01 Hàng Đậu,26/05/2026 09:11:30,"122,000",0,0,0,"29,951",0,"92,049"
1058,26056-317287933,10216423,Cà Phê Muối Chú Long - 417 Cộng Hoà,26/05/2026 09:12:22,"22,000","5,000",0,0,"4,174",0,"12,827"
1059,26056-317379104,10235658,Cà Phê Muối Chú Long - Công Trường Quốc Tế,26/05/2026 09:35:42,"51,000","10,000",0,0,"10,066",0,"30,935"
1060,26056-317394639,10225902,Cà Phê Muối Chú Long - Hậu Giang,26/05/2026 08:59:24,"54,000","11,000",0,0,"10,557",0,"32,444"
1061,26056-317466965,10321524,Cà Phê Muối Chú Long - Đội Cấn,26/05/2026 09:13:02,"54,000","11,000",0,0,"10,557",0,"32,444"
1062,26056-317754649,10230814,Cà Phê Muối Chú Long - Võ Văn Kiệt,26/05/2026 09:02:02,"151,000","28,571",0,0,"30,056",0,"92,373"
1063,26056-317871721,10230399,Cà Phê Muối Chú Long - Tân Kỳ Tân Quý,26/05/2026 09:23:55,"66,000","13,200",0,0,"12,962",0,"39,838"
1064,26056-317948450,10321523,Cà Phê Muối Chú Long - Thanh Nhàn,26/05/2026 09:52:18,"58,000","11,600",0,0,"11,391",0,"35,009"
1065,26056-318009503,10230417,Cà Phê Muối Chú Long - Lê Văn Sỹ,26/05/2026 09:26:08,"58,000","11,600",0,0,"11,391",0,"35,009"
1066,26056-318284375,10216423,Cà Phê Muối Chú Long - 417 Cộng Hoà,26/05/2026 09:03:13,"145,000","28,571",0,0,"28,583",0,"87,846"
1067,26056-318303783,10230399,Cà Phê Muối Chú Long - Tân Kỳ Tân Quý,26/05/2026 09:06:11,"108,000","21,600",0,0,"21,211",0,"65,189"
1068,26056-318380565,10296675,Cà Phê Muối Chú Long - Trương Định,26/05/2026 09:37:28,"58,000","11,600",0,0,"11,391",0,"35,009"
1069,26056-318459716,10292015,Cà Phê Muối Chú Long - Long An,26/05/2026 09:14:15,"87,000","17,400",0,0,"17,087",0,"52,513"
1070,26056-318477950,10216423,Cà Phê Muối Chú Long - 417 Cộng Hoà,26/05/2026 09:08:43,"109,000","21,800",0,0,"21,408",0,"65,792"
1071,26056-318514211,10232123,Cà Phê Muối Chú Long - 17A Ngô Tất Tố,26/05/2026 09:00:34,"58,000","11,600",0,0,"11,391",0,"35,009"
1072,26056-318552412,10230399,Cà Phê Muối Chú Long - Tân Kỳ Tân Quý,26/05/2026 09:09:18,"104,000","20,800",0,0,"20,426",0,"62,774"
1073,26056-318583844,10321524,Cà Phê Muối Chú Long - Đội Cấn,26/05/2026 09:03:34,"58,000","11,600",0,0,"11,391",0,"35,009"
1074,26056-318620315,10225895,Cà Phê Muối Chú Long - Cách Mạng Tháng 8,26/05/2026 09:12:01,"58,000","11,600",0,0,"11,391",0,"35,009"
1075,26056-318646761,10296675,Cà Phê Muối Chú Long - Trương Định,26/05/2026 09:58:51,"144,000","28,571",0,0,"28,338",0,"87,091"
1076,26056-318780917,10321523,Cà Phê Muối Chú Long - Thanh Nhàn,26/05/2026 10:01:19,"468,000","54,500",0,0,"101,514",0,"311,986"
1077,26056-318803303,10326235,Cà Phê Muối Chú Long - Cà Mau,26/05/2026 09:04:06,"87,000","17,400",0,0,"17,087",0,"52,513"
1078,26056-318833826,10230171,Cà Phê Muối Chú Long - Bình Long,26/05/2026 09:16:36,"47,000",0,0,0,"11,539",0,"35,462"
1079,26056-318884537,10230292,Cà Phê Muối Chú Long - Lê Văn Việt,26/05/2026 09:12:11,"109,000","21,800",0,0,"21,408",0,"65,792"
1080,26056-318895465,10405301,Cà Phê Muối Chú Long - 01 Hàng Đậu,26/05/2026 09:46:04,"54,000",0,0,0,"13,257",0,"40,743"
1081,26056-319021713,10230793,Cà Phê Muối Chú Long - Huỳnh Văn Bánh,26/05/2026 09:19:22,"58,000","11,600",0,0,"11,391",0,"35,009"
1082,26056-319033852,10224935,Cà Phê Muối Chú Long - 585 Quang Trung,26/05/2026 09:38:11,"51,000","11,000",0,0,"9,820",0,"30,180"
1083,26056-319039602,10222800,Cà Phê Muối Chú Long - Thành Thái,26/05/2026 09:18:09,"58,000","11,600",0,0,"11,391",0,"35,009"
1084,26056-319050584,10225898,Cà Phê Muối Chú Long - Nguyễn Đình Chiểu,26/05/2026 09:08:32,"29,000","5,000",0,0,"5,892",0,"18,108"
1085,26056-319071071,10298769,Cà Phê Muối Chú Long - Tôn Đức Thắng,26/05/2026 09:42:04,"73,000","14,600",0,0,"14,337",0,"44,063"
1086,26056-319298858,10230399,Cà Phê Muối Chú Long - Tân Kỳ Tân Quý,26/05/2026 09:23:57,"58,000","11,600",0,0,"11,391",0,"35,009"
1087,26056-319351210,10397657,Cà Phê Muối Chú Long - 368 Lê Đức Thọ,26/05/2026 09:05:38,"102,000","20,400",0,0,"20,033",0,"61,567"
1088,26056-319448555,10298769,Cà Phê Muối Chú Long - Tôn Đức Thắng,26/05/2026 09:43:14,"29,000","5,000",0,0,"5,892",0,"18,108"
1089,26056-319509246,10321439,Cà Phê Muối Chú Long - Vĩnh Long,26/05/2026 09:00:46,"79,000","15,800",0,0,"15,516",0,"47,684"
1090,26056-319558332,10225902,Cà Phê Muối Chú Long - Hậu Giang,26/05/2026 09:11:31,"87,000","17,400",0,0,"17,087",0,"52,513"
1091,26056-319571847,10216423,Cà Phê Muối Chú Long - 417 Cộng Hoà,26/05/2026 09:04:49,"69,000","13,800",0,0,"13,552",0,"41,648"
1092,26056-319615193,10230399,Cà Phê Muối Chú Long - Tân Kỳ Tân Quý,26/05/2026 09:08:09,"58,000","11,600",0,0,"11,391",0,"35,009"
1093,26056-319641902,10222800,Cà Phê Muối Chú Long - Thành Thái,26/05/2026 09:13:25,"58,000","11,000",0,0,"11,539",0,"35,462"
1094,26056-319756044,10381892,Cà Phê Muối Chú Long - Phan Văn Trị,26/05/2026 09:35:36,"80,000","16,000",0,0,"15,712",0,"48,288"
1095,26056-319818073,10225898,Cà Phê Muối Chú Long - Nguyễn Đình Chiểu,26/05/2026 09:14:58,"80,000","16,000",0,0,"15,712",0,"48,288"
1096,26056-319829249,10230417,Cà Phê Muối Chú Long - Lê Văn Sỹ,26/05/2026 09:18:55,"58,000","11,600",0,0,"11,391",0,"35,009"
1097,26056-319850392,10395671,Cà Phê Muối Chú Long - 59 Trường Chinh,26/05/2026 09:26:59,"58,000","11,600",0,0,"11,391",0,"35,009"
1098,26056-319897874,10330437,Cà Phê Muối Chú Long - Trần Hưng Đạo,26/05/2026 09:21:30,"29,000","7,250",0,0,"5,340",0,"16,410"
1099,26056-319928776,10225898,Cà Phê Muối Chú Long - Nguyễn Đình Chiểu,26/05/2026 09:06:54,"58,000","11,600",0,0,"11,391",0,"35,009"
1100,26056-320007010,10307386,Cà Phê Muối Chú Long - Kiên Giang,26/05/2026 09:14:29,"29,000","7,250",0,0,"5,340",0,"16,410"
1101,26056-320051418,10307386,Cà Phê Muối Chú Long - Kiên Giang,26/05/2026 09:07:28,"72,000","14,400",0,0,"14,141",0,"43,459"
1102,26056-320074005,10225902,Cà Phê Muối Chú Long - Hậu Giang,26/05/2026 09:26:08,"188,000","33,840",0,0,"37,846",0,"116,314"
1103,26056-320155204,10307386,Cà Phê Muối Chú Long - Kiên Giang,26/05/2026 09:19:22,"47,000","10,000",0,0,"9,084",0,"27,917"
1104,26056-320209594,10230793,Cà Phê Muối Chú Long - Huỳnh Văn Bánh,26/05/2026 09:06:12,"87,000","17,400",0,0,"17,087",0,"52,513"
1105,26056-320224517,10230417,Cà Phê Muối Chú Long - Lê Văn Sỹ,26/05/2026 09:26:45,"58,000","11,600",0,0,"11,391",0,"35,009"
1106,26056-320283193,10330437,Cà Phê Muối Chú Long - Trần Hưng Đạo,26/05/2026 09:06:02,"29,000","7,250",0,0,"5,340",0,"16,410"
1107,26056-320297716,10296675,Cà Phê Muối Chú Long - Trương Định,26/05/2026 09:35:23,"22,000","5,000",0,0,"4,174",0,"12,827"
1108,26056-320317452,10321523,Cà Phê Muối Chú Long - Thanh Nhàn,26/05/2026 09:38:52,"108,000","21,600",0,0,"21,211",0,"65,189"
1109,26056-320354672,10230399,Cà Phê Muối Chú Long - Tân Kỳ Tân Quý,26/05/2026 09:27:32,"116,000","23,200",0,0,"22,782",0,"70,018"
1110,26056-320360008,10340098,Cà Phê Muối Chú Long - Thuận An,26/05/2026 09:15:24,"79,000","15,800",0,0,"15,516",0,"47,684"
1111,26056-320370047,10235663,Cà Phê Muối Chú Long - Hà Huy Giáp,26/05/2026 09:15:19,"87,000","17,400",0,0,"17,087",0,"52,513"
1112,26056-320431542,10232123,Cà Phê Muối Chú Long - 17A Ngô Tất Tố,26/05/2026 09:19:17,"110,000","22,000",0,0,"21,604",0,"66,396"
1113,26056-320439893,10235659,Cà Phê Muối Chú Long - Nguyễn Hữu Cảnh,26/05/2026 09:12:48,"233,000","41,940",0,0,"46,905",0,"144,155"
1114,26056-320477112,10225888,Cà Phê Muối Chú Long - Lạc Long Quân,26/05/2026 09:12:04,"91,000","18,200",0,0,"17,872",0,"54,928"
1115,26056-320482177,10225895,Cà Phê Muối Chú Long - Cách Mạng Tháng 8,26/05/2026 09:07:23,"116,000","23,200",0,0,"22,782",0,"70,018"
1116,26056-320553714,10230399,Cà Phê Muối Chú Long - Tân Kỳ Tân Quý,26/05/2026 09:17:11,"22,000","5,000",0,0,"4,174",0,"12,827"
1117,26056-320568367,10235658,Cà Phê Muối Chú Long - Công Trường Quốc Tế,26/05/2026 09:28:51,"47,000",0,0,0,"11,539",0,"35,462"
1118,26056-320596685,10225888,Cà Phê Muối Chú Long - Lạc Long Quân,26/05/2026 09:16:30,"80,000","16,000",0,0,"15,712",0,"48,288"
1119,26056-320623795,10230417,Cà Phê Muối Chú Long - Lê Văn Sỹ,26/05/2026 09:09:39,"58,000","11,600",0,0,"11,391",0,"35,009"
1120,26056-320671398,10235658,Cà Phê Muối Chú Long - Công Trường Quốc Tế,26/05/2026 09:30:11,"112,000","22,400",0,0,"21,997",0,"67,603"
1121,26056-320672650,10321524,Cà Phê Muối Chú Long - Đội Cấn,26/05/2026 09:32:46,"80,000","16,000",0,0,"15,712",0,"48,288"
1122,26056-320684986,10230417,Cà Phê Muối Chú Long - Lê Văn Sỹ,26/05/2026 09:28:06,"146,000","28,571",0,0,"28,829",0,"88,600"
1123,26056-320708684,10224935,Cà Phê Muối Chú Long - 585 Quang Trung,26/05/2026 09:12:31,"87,000","17,400",0,0,"17,087",0,"52,513"
1124,26056-320772405,10299524,Cà Phê Muối Chú Long - Lê Duẩn,26/05/2026 09:10:49,"51,000","11,000",0,0,"9,820",0,"30,180"
1125,26056-320796509,10225898,Cà Phê Muối Chú Long - Nguyễn Đình Chiểu,26/05/2026 09:22:54,"58,000","11,600",0,0,"11,391",0,"35,009"
1126,26056-320816957,10230399,Cà Phê Muối Chú Long - Tân Kỳ Tân Quý,26/05/2026 09:19:15,"97,000","19,400",0,0,"19,051",0,"58,549"
1127,26056-320817088,10321523,Cà Phê Muối Chú Long - Thanh Nhàn,26/05/2026 09:47:42,"265,000","47,368",0,0,"53,429",0,"164,203"
1128,26056-320875951,10296675,Cà Phê Muối Chú Long - Trương Định,26/05/2026 09:43:21,"58,000","11,600",0,0,"11,391",0,"35,009"
1129,26056-320983692,10321523,Cà Phê Muối Chú Long - Thanh Nhàn,26/05/2026 09:56:20,"116,000","23,200",0,0,"22,782",0,"70,018"
1130,26056-321085675,10284115,Cà Phê Muối Chú Long - Kha Vạn Cân,26/05/2026 09:04:25,"51,000","10,000",0,0,"10,066",0,"30,935"
1131,26056-321191630,10230399,Cà Phê Muối Chú Long - Tân Kỳ Tân Quý,26/05/2026 09:14:56,"87,000","17,400",0,0,"17,087",0,"52,513"
1132,26056-321207272,10222800,Cà Phê Muối Chú Long - Thành Thái,26/05/2026 09:32:30,"87,000","17,400",0,0,"17,087",0,"52,513"
1133,26056-321252561,10292422,Cà Phê Muối Chú Long - Phan Thiết,26/05/2026 09:26:52,"29,000","7,250",0,0,"5,340",0,"16,410"
1134,26056-321270406,10324687,Cà Phê Muối Chú Long - Huỳnh Tấn Phát,26/05/2026 09:45:56,"123,000","24,600",0,0,"24,157",0,"74,243"
1135,26056-321314992,10224935,Cà Phê Muối Chú Long - 585 Quang Trung,26/05/2026 09:42:51,"44,000",0,0,0,"10,802",0,"33,198"
1136,26056-321395744,10219545,Cà Phê Muối Chú Long - Nguyễn Huệ,26/05/2026 09:08:00,"37,000",0,0,0,"9,084",0,"27,917"
1137,26056-321707869,10225902,Cà Phê Muối Chú Long - Hậu Giang,26/05/2026 09:18:12,"72,000","14,400",0,0,"14,141",0,"43,459"
1138,26056-321720775,10323120,Cà Phê Muối Chú Long - Đồng Xoài,26/05/2026 09:15:43,"58,000","11,000",0,0,"11,539",0,"35,462"
1139,26056-321739126,10296675,Cà Phê Muối Chú Long - Trương Định,26/05/2026 09:33:06,"123,000","24,600",0,0,"24,157",0,"74,243"
1140,26056-321756600,10386890,Cà Phê Muối Chú Long - Nha Trang,26/05/2026 09:12:42,"94,000","18,800",0,0,"18,462",0,"56,738"
1141,26056-321787343,10321524,Cà Phê Muối Chú Long - Đội Cấn,26/05/2026 09:55:15,"124,000","24,800",0,0,"24,354",0,"74,846"
1142,26056-321830055,10299524,Cà Phê Muối Chú Long - Lê Duẩn,26/05/2026 09:14:25,"58,000","11,600",0,0,"11,391",0,"35,009"
1143,26056-321851183,10350108,Cà Phê Muối Chú Long - Đường Láng,26/05/2026 10:14:31,"72,000","15,000",0,0,"13,994",0,"43,007"
1144,26056-321873584,10321524,Cà Phê Muối Chú Long - Đội Cấn,26/05/2026 09:46:45,"58,000","11,600",0,0,"11,391",0,"35,009"
1145,26056-321892212,10225898,Cà Phê Muối Chú Long - Nguyễn Đình Chiểu,26/05/2026 09:24:13,"58,000","11,600",0,0,"11,391",0,"35,009"
1146,26056-321948482,10230793,Cà Phê Muối Chú Long - Huỳnh Văn Bánh,26/05/2026 09:19:51,"22,000","5,000",0,0,"4,174",0,"12,827"
1147,26056-321976939,10340098,Cà Phê Muối Chú Long - Thuận An,26/05/2026 09:14:42,"76,000","15,200",0,0,"14,926",0,"45,874"
1148,26056-322030103,10225888,Cà Phê Muối Chú Long - Lạc Long Quân,26/05/2026 09:13:57,"87,000","17,400",0,0,"17,087",0,"52,513"
1149,26056-322030725,10216423,Cà Phê Muối Chú Long - 417 Cộng Hoà,26/05/2026 09:13:29,"54,000","11,000",0,0,"10,557",0,"32,444"
1150,26056-322042974,10225871,Cà Phê Muối Chú Long - Đặng Nguyên Cẩn,26/05/2026 09:07:05,"66,000","10,000",0,0,"13,748",0,"42,252"
1151,26056-322049994,10230292,Cà Phê Muối Chú Long - Lê Văn Việt,26/05/2026 09:06:46,"130,000","26,000",0,0,"25,532",0,"78,468"
1152,26056-322182640,10232123,Cà Phê Muối Chú Long - 17A Ngô Tất Tố,26/05/2026 09:20:15,"109,000","21,800",0,0,"21,408",0,"65,792"
1153,26056-322200349,10321523,Cà Phê Muối Chú Long - Thanh Nhàn,26/05/2026 09:49:34,"87,000","17,400",0,0,"17,087",0,"52,513"
1154,26056-322209276,10324687,Cà Phê Muối Chú Long - Huỳnh Tấn Phát,26/05/2026 09:32:53,"87,000","17,400",0,0,"17,087",0,"52,513"
1155,26056-322277011,10219545,Cà Phê Muối Chú Long - Nguyễn Huệ,26/05/2026 09:12:38,"225,000","40,500",0,0,"45,295",0,"139,205"
1156,26056-322405205,10222800,Cà Phê Muối Chú Long - Thành Thái,26/05/2026 09:37:19,"87,000","17,400",0,0,"17,087",0,"52,513"
1157,26056-322410307,10225902,Cà Phê Muối Chú Long - Hậu Giang,26/05/2026 09:15:11,"145,000","28,571",0,0,"28,583",0,"87,846"
1158,26056-322464473,10230292,Cà Phê Muối Chú Long - Lê Văn Việt,26/05/2026 09:22:00,"58,000","11,600",0,0,"11,391",0,"35,009"
1159,26056-322555951,10230399,Cà Phê Muối Chú Long - Tân Kỳ Tân Quý,26/05/2026 09:10:54,"87,000","17,400",0,0,"17,087",0,"52,513"
1160,26056-322652263,10219545,Cà Phê Muối Chú Long - Nguyễn Huệ,26/05/2026 09:16:41,"58,000","11,600",0,0,"11,391",0,"35,009"
1161,26056-322713688,10284115,Cà Phê Muối Chú Long - Kha Vạn Cân,26/05/2026 09:03:25,"58,000","11,600",0,0,"11,391",0,"35,009"
1162,26056-322739448,10224935,Cà Phê Muối Chú Long - 585 Quang Trung,26/05/2026 10:35:34,"87,000","17,400",0,0,"17,087",0,"52,513"
1163,26056-322889320,10225898,Cà Phê Muối Chú Long - Nguyễn Đình Chiểu,26/05/2026 09:32:18,"87,000","17,400",0,0,"17,087",0,"52,513"
1164,26056-322954972,10292422,Cà Phê Muối Chú Long - Phan Thiết,26/05/2026 09:07:49,"83,000","16,600",0,0,"16,301",0,"50,099"
1165,26056-323015403,10225898,Cà Phê Muối Chú Long - Nguyễn Đình Chiểu,26/05/2026 09:26:49,"195,000","35,100",0,0,"39,255",0,"120,645"
1166,26056-323261574,10230958,Cà Phê Muối Chú Long - 3/26 Quang Trung,26/05/2026 09:03:56,"29,000","5,000",0,0,"5,892",0,"18,108"
1167,26056-323285847,10324687,Cà Phê Muối Chú Long - Huỳnh Tấn Phát,26/05/2026 09:16:20,"72,000","14,400",0,0,"14,141",0,"43,459"
1168,26056-323289394,10225898,Cà Phê Muối Chú Long - Nguyễn Đình Chiểu,26/05/2026 09:29:38,"29,000","5,000",0,0,"5,892",0,"18,108"
1169,26056-323305222,10224935,Cà Phê Muối Chú Long - 585 Quang Trung,26/05/2026 09:37:25,"59,000","11,800",0,0,"11,588",0,"35,612"
1170,26056-323476591,10224935,Cà Phê Muối Chú Long - 585 Quang Trung,26/05/2026 09:14:34,"155,000","28,571",0,0,"31,038",0,"95,391"
1171,26056-323591695,10222800,Cà Phê Muối Chú Long - Thành Thái,26/05/2026 09:31:40,"29,000","5,000",0,0,"5,892",0,"18,108"
1172,26056-323617116,10296675,Cà Phê Muối Chú Long - Trương Định,26/05/2026 09:32:22,"72,000","14,400",0,0,"14,141",0,"43,459"
1173,26056-323706199,10287840,Cà Phê Muối Chú Long - Long Xuyên,26/05/2026 09:13:08,"50,000","10,000",0,0,"9,820",0,"30,180"
1174,26056-323758864,10405301,Cà Phê Muối Chú Long - 01 Hàng Đậu,26/05/2026 09:46:57,"50,000","23,000",0,0,"6,629",0,"20,372"
1175,26056-323780617,10232123,Cà Phê Muối Chú Long - 17A Ngô Tất Tố,26/05/2026 09:29:34,"87,000","17,400",0,0,"17,087",0,"52,513"
1176,26056-323784061,10230171,Cà Phê Muối Chú Long - Bình Long,26/05/2026 09:09:35,"58,000","11,600",0,0,"11,391",0,"35,009"
1177,26056-323827468,10397657,Cà Phê Muối Chú Long - 368 Lê Đức Thọ,26/05/2026 09:18:33,"58,000","11,600",0,0,"11,391",0,"35,009"
1178,26056-323856484,10321439,Cà Phê Muối Chú Long - Vĩnh Long,26/05/2026 09:04:46,"83,000","16,600",0,0,"16,301",0,"50,099"
1179,26056-323881290,10235658,Cà Phê Muối Chú Long - Công Trường Quốc Tế,26/05/2026 09:40:35,"138,000","27,600",0,0,"27,103",0,"83,297"
1180,26056-324044481,10219545,Cà Phê Muối Chú Long - Nguyễn Huệ,26/05/2026 09:13:50,"80,000","16,000",0,0,"15,712",0,"48,288"
1181,26056-324143377,10321523,Cà Phê Muối Chú Long - Thanh Nhàn,26/05/2026 09:09:56,"58,000","11,600",0,0,"11,391",0,"35,009"
1182,26056-324164202,10386890,Cà Phê Muối Chú Long - Nha Trang,26/05/2026 09:29:10,"22,000","5,000",0,0,"4,174",0,"12,827"
1183,26056-324178329,10381892,Cà Phê Muối Chú Long - Phan Văn Trị,26/05/2026 09:27:37,"163,000","29,340",0,0,"32,814",0,"100,846"
1184,26056-324229206,10230417,Cà Phê Muối Chú Long - Lê Văn Sỹ,26/05/2026 09:29:24,"79,000","15,800",0,0,"15,516",0,"47,684"
1185,26056-324266813,10313967,Cà Phê Muối Chú Long - 82 Ngô Gia Tự,26/05/2026 09:12:01,"74,000","14,800",0,0,"14,534",0,"44,666"
1186,26056-324310456,10298824,Cà Phê Muối Chú Long - Hoàng Diệu,26/05/2026 09:57:26,"51,000","11,000",0,0,"9,820",0,"30,180"
1187,26056-324314209,10375372,Cà Phê Muối Chú Long - An Dương Vương,26/05/2026 09:08:58,"120,000","24,000",0,0,"23,568",0,"72,432"
1188,26056-324324271,10375372,Cà Phê Muối Chú Long - An Dương Vương,26/05/2026 09:25:13,"87,000","17,400",0,0,"17,087",0,"52,513"
1189,26056-324420903,10225898,Cà Phê Muối Chú Long - Nguyễn Đình Chiểu,26/05/2026 09:23:02,"58,000","11,600",0,0,"11,391",0,"35,009"
1190,26056-324429321,10225888,Cà Phê Muối Chú Long - Lạc Long Quân,26/05/2026 09:16:46,"116,000","23,200",0,0,"22,782",0,"70,018"
1191,26056-324434549,10225898,Cà Phê Muối Chú Long - Nguyễn Đình Chiểu,26/05/2026 09:28:28,"51,000","11,000",0,0,"9,820",0,"30,180"
1192,26056-324469081,10354891,Cà Phê Muối Chú Long - Trà Vinh,26/05/2026 09:11:38,"29,000","5,000",0,0,"5,892",0,"18,108"
1193,26056-324484896,10230817,Cà Phê Muối Chú Long - Thích Quảng Đức,26/05/2026 09:10:05,"29,000","5,000",0,0,"5,892",0,"18,108"
1194,26056-324655917,10324687,Cà Phê Muối Chú Long - Huỳnh Tấn Phát,26/05/2026 09:20:57,"58,000","11,600",0,0,"11,391",0,"35,009"
1195,26056-324764421,10407619,Cà Phê Muối Chú Long - 117 Lò Đúc,26/05/2026 09:09:37,"58,000",0,0,0,"14,239",0,"43,761"
1196,26056-324936202,10230171,Cà Phê Muối Chú Long - Bình Long,26/05/2026 09:20:51,"353,000","47,368",0,0,"75,033",0,"230,599"
1197,26056-324999827,10222800,Cà Phê Muối Chú Long - Thành Thái,26/05/2026 09:15:54,"58,000","11,600",0,0,"11,391",0,"35,009"
1198,26056-325089853,10230958,Cà Phê Muối Chú Long - 3/26 Quang Trung,26/05/2026 09:16:43,"80,000","16,000",0,0,"15,712",0,"48,288"
1199,26056-325126950,10230399,Cà Phê Muối Chú Long - Tân Kỳ Tân Quý,26/05/2026 09:15:09,"54,000","11,000",0,0,"10,557",0,"32,444"
1200,26056-325222682,10222800,Cà Phê Muối Chú Long - Thành Thái,26/05/2026 09:15:38,"29,000","5,000",0,0,"5,892",0,"18,108"
1201,26056-325384224,10235659,Cà Phê Muối Chú Long - Nguyễn Hữu Cảnh,26/05/2026 09:25:09,"29,000","5,000",0,0,"5,892",0,"18,108"
1202,26056-325411506,10321523,Cà Phê Muối Chú Long - Thanh Nhàn,26/05/2026 10:09:15,"29,000","5,000",0,0,"5,892",0,"18,108"
1203,26056-325418365,10287867,Cà Phê Muối Chú Long - Classic,26/05/2026 09:16:37,"27,000","5,000",0,0,"5,401",0,"16,599"
1204,26056-325498335,10298769,Cà Phê Muối Chú Long - Tôn Đức Thắng,26/05/2026 09:44:55,"58,000","11,600",0,0,"11,391",0,"35,009"
1205,26056-325524999,10321523,Cà Phê Muối Chú Long - Thanh Nhàn,26/05/2026 09:38:34,"54,000","11,000",0,0,"10,557",0,"32,444"
1206,26056-325563465,10321523,Cà Phê Muối Chú Long - Thanh Nhàn,26/05/2026 09:43:34,"228,000","41,040",0,0,"45,899",0,"141,061"
1207,26056-325597615,10230814,Cà Phê Muối Chú Long - Võ Văn Kiệt,26/05/2026 09:20:46,"260,000","46,800",0,0,"52,341",0,"160,859"
1208,26056-325610052,10230399,Cà Phê Muối Chú Long - Tân Kỳ Tân Quý,26/05/2026 09:22:12,"87,000","17,400",0,0,"17,087",0,"52,513"
1209,26056-325736230,10284115,Cà Phê Muối Chú Long - Kha Vạn Cân,26/05/2026 09:19:23,"58,000","11,600",0,0,"11,391",0,"35,009"
1210,26056-325787092,10224935,Cà Phê Muối Chú Long - 585 Quang Trung,26/05/2026 09:47:13,"47,000",0,0,0,"11,539",0,"35,462"
1211,26056-325824378,10321524,Cà Phê Muối Chú Long - Đội Cấn,26/05/2026 09:46:27,"58,000","11,600",0,0,"11,391",0,"35,009"
1212,26056-325864884,10235659,Cà Phê Muối Chú Long - Nguyễn Hữu Cảnh,26/05/2026 09:24:24,"58,000","11,600",0,0,"11,391",0,"35,009"
1213,26056-325885055,10321523,Cà Phê Muối Chú Long - Thanh Nhàn,26/05/2026 10:21:10,"29,000","5,000",0,0,"5,892",0,"18,108"
1214,26056-325889521,10298769,Cà Phê Muối Chú Long - Tôn Đức Thắng,26/05/2026 09:42:26,"58,000","11,600",0,0,"11,391",0,"35,009"
1215,26056-326029667,10222800,Cà Phê Muối Chú Long - Thành Thái,26/05/2026 09:23:39,"58,000","11,600",0,0,"11,391",0,"35,009"
1216,26056-326059685,10235658,Cà Phê Muối Chú Long - Công Trường Quốc Tế,26/05/2026 09:42:25,"116,000","23,200",0,0,"22,782",0,"70,018"
1217,26056-326201018,10350108,Cà Phê Muối Chú Long - Đường Láng,26/05/2026 10:25:24,"50,000","11,000",0,0,"9,575",0,"29,426"
1218,26056-326213471,10219545,Cà Phê Muối Chú Long - Nguyễn Huệ,26/05/2026 09:24:01,"87,000","17,400",0,0,"17,087",0,"52,513"
1219,26056-326274642,10219545,Cà Phê Muối Chú Long - Nguyễn Huệ,26/05/2026 09:18:51,"87,000","17,400",0,0,"17,087",0,"52,513"
1220,26056-326280756,10233716,Cà Phê Muối Chú Long - 130 Thích Quảng Đức,26/05/2026 09:24:25,"58,000","11,600",0,0,"11,391",0,"35,009"
1221,26056-326477234,10219545,Cà Phê Muối Chú Long - Nguyễn Huệ,26/05/2026 09:42:01,"83,000","16,600",0,0,"16,301",0,"50,099"
1222,26056-326507993,10224935,Cà Phê Muối Chú Long - 585 Quang Trung,26/05/2026 09:20:23,"58,000","11,600",0,0,"11,391",0,"35,009"
1223,26056-326583279,10225902,Cà Phê Muối Chú Long - Hậu Giang,26/05/2026 09:27:26,"116,000","23,200",0,0,"22,782",0,"70,018"
1224,26056-326598328,10225895,Cà Phê Muối Chú Long - Cách Mạng Tháng 8,26/05/2026 09:20:52,"87,000","17,400",0,0,"17,087",0,"52,513"
1225,26056-326654428,10235658,Cà Phê Muối Chú Long - Công Trường Quốc Tế,26/05/2026 09:35:02,"130,000","26,000",0,0,"25,532",0,"78,468"
1226,26056-326668252,10284115,Cà Phê Muối Chú Long - Kha Vạn Cân,26/05/2026 09:30:32,"109,000","21,800",0,0,"21,408",0,"65,792"
1227,26056-326725884,10230814,Cà Phê Muối Chú Long - Võ Văn Kiệt,26/05/2026 09:20:41,"116,000","23,200",0,0,"22,782",0,"70,018"
1228,26056-326793710,10230793,Cà Phê Muối Chú Long - Huỳnh Văn Bánh,26/05/2026 09:25:04,"47,000","5,000",0,0,"10,311",0,"31,689"
1229,26056-326831665,10230399,Cà Phê Muối Chú Long - Tân Kỳ Tân Quý,26/05/2026 09:17:57,"144,000","28,571",0,0,"28,338",0,"87,091"
1230,26056-326828141,10284115,Cà Phê Muối Chú Long - Kha Vạn Cân,26/05/2026 09:13:58,"58,000","11,600",0,0,"11,391",0,"35,009"
1231,26056-326969533,10235659,Cà Phê Muối Chú Long - Nguyễn Hữu Cảnh,26/05/2026 09:27:09,"58,000","11,600",0,0,"11,391",0,"35,009"
1232,26056-326988297,10235659,Cà Phê Muối Chú Long - Nguyễn Hữu Cảnh,26/05/2026 09:20:49,"29,000","5,000",0,0,"5,892",0,"18,108"
1233,26056-327009241,10225898,Cà Phê Muối Chú Long - Nguyễn Đình Chiểu,26/05/2026 09:28:48,"51,000","11,000",0,0,"9,820",0,"30,180"
1234,26056-327059452,10230958,Cà Phê Muối Chú Long - 3/26 Quang Trung,26/05/2026 09:26:42,"58,000","11,600",0,0,"11,391",0,"35,009"
1235,26056-327210481,10225902,Cà Phê Muối Chú Long - Hậu Giang,26/05/2026 09:30:34,"95,000","19,000",0,0,"18,658",0,"57,342"
1236,26056-327295105,10230814,Cà Phê Muối Chú Long - Võ Văn Kiệt,26/05/2026 09:21:43,"44,000","5,000",0,0,"9,575",0,"29,426"
1237,26056-327429977,10230417,Cà Phê Muối Chú Long - Lê Văn Sỹ,26/05/2026 09:30:30,"51,000","11,000",0,0,"9,820",0,"30,180"
1238,26056-327552545,10225902,Cà Phê Muối Chú Long - Hậu Giang,26/05/2026 09:27:50,"29,000","5,000",0,0,"5,892",0,"18,108"
1239,26056-327589178,10405301,Cà Phê Muối Chú Long - 01 Hàng Đậu,26/05/2026 09:23:12,"87,000",0,0,0,"21,359",0,"65,642"
1240,26056-327598407,10381892,Cà Phê Muối Chú Long - Phan Văn Trị,26/05/2026 09:26:12,"106,000","21,200",0,0,"20,818",0,"63,982"
1241,26056-327624111,10284115,Cà Phê Muối Chú Long - Kha Vạn Cân,26/05/2026 09:24:37,"94,000","18,800",0,0,"18,462",0,"56,738"
1242,26056-327656889,10375372,Cà Phê Muối Chú Long - An Dương Vương,26/05/2026 09:36:18,"290,000","28,571",0,0,"64,181",0,"197,248"
1243,26056-327706712,10222800,Cà Phê Muối Chú Long - Thành Thái,26/05/2026 09:21:04,"58,000",0,0,0,"14,239",0,"43,761"
1244,26056-327771124,10298769,Cà Phê Muối Chú Long - Tôn Đức Thắng,26/05/2026 09:33:01,"58,000","11,600",0,0,"11,391",0,"35,009"
1245,26056-327808027,10235658,Cà Phê Muối Chú Long - Công Trường Quốc Tế,26/05/2026 09:40:35,"79,000","11,000",0,0,"16,694",0,"51,306"
1246,26056-327990158,10296675,Cà Phê Muối Chú Long - Trương Định,26/05/2026 09:29:31,"47,000","5,000",0,0,"10,311",0,"31,689"
1247,26056-328030954,10235663,Cà Phê Muối Chú Long - Hà Huy Giáp,26/05/2026 09:29:36,"47,000","10,000",0,0,"9,084",0,"27,917"
1248,26056-328158821,10230793,Cà Phê Muối Chú Long - Huỳnh Văn Bánh,26/05/2026 09:39:34,"87,000","17,400",0,0,"17,087",0,"52,513"
1249,26056-328160003,10340098,Cà Phê Muối Chú Long - Thuận An,26/05/2026 09:26:18,"58,000","11,600",0,0,"11,391",0,"35,009"
1250,26056-328327262,10230417,Cà Phê Muối Chú Long - Lê Văn Sỹ,26/05/2026 09:27:08,"58,000","11,600",0,0,"11,391",0,"35,009"
1251,26056-328390196,10230292,Cà Phê Muối Chú Long - Lê Văn Việt,26/05/2026 09:30:50,"101,000","20,200",0,0,"19,836",0,"60,964"
1252,26056-328733890,10292422,Cà Phê Muối Chú Long - Phan Thiết,26/05/2026 09:25:44,"29,000","7,250",0,0,"5,340",0,"16,410"
1253,26056-328759685,10232123,Cà Phê Muối Chú Long - 17A Ngô Tất Tố,26/05/2026 09:23:26,"22,000","5,000",0,0,"4,174",0,"12,827"
1254,26056-328771629,10235663,Cà Phê Muối Chú Long - Hà Huy Giáp,26/05/2026 09:26:52,"58,000","11,600",0,0,"11,391",0,"35,009"
1255,26056-328787797,10299524,Cà Phê Muối Chú Long - Lê Duẩn,26/05/2026 09:32:15,"22,000","5,000",0,0,"4,174",0,"12,827"
1256,26056-328797781,10235659,Cà Phê Muối Chú Long - Nguyễn Hữu Cảnh,26/05/2026 09:35:58,"124,000","24,800",0,0,"24,354",0,"74,846"
1257,26056-328803189,10225871,Cà Phê Muối Chú Long - Đặng Nguyên Cẩn,26/05/2026 09:20:20,"29,000","5,000",0,0,"5,892",0,"18,108"
1258,26056-328816924,10230417,Cà Phê Muối Chú Long - Lê Văn Sỹ,26/05/2026 09:26:42,"58,000","11,600",0,0,"11,391",0,"35,009"
1259,26056-328820943,10407619,Cà Phê Muối Chú Long - 117 Lò Đúc,26/05/2026 09:46:05,"51,000",0,0,0,"12,521",0,"38,480"
1260,26056-328857274,10298769,Cà Phê Muối Chú Long - Tôn Đức Thắng,26/05/2026 10:13:50,"112,000","22,400",0,0,"21,997",0,"67,603"
1261,26056-328965534,10321524,Cà Phê Muối Chú Long - Đội Cấn,26/05/2026 09:39:42,"29,000","5,000",0,0,"5,892",0,"18,108"
1262,26056-329129222,10235663,Cà Phê Muối Chú Long - Hà Huy Giáp,26/05/2026 09:22:47,"29,000","7,250",0,0,"5,340",0,"16,410"
1263,26056-329287375,10405301,Cà Phê Muối Chú Long - 01 Hàng Đậu,26/05/2026 09:36:51,"66,000",0,0,0,"16,203",0,"49,797"
1264,26056-329327046,10232123,Cà Phê Muối Chú Long - 17A Ngô Tất Tố,26/05/2026 09:46:05,"94,000","18,800",0,0,"18,462",0,"56,738"
1265,26056-329502943,10230814,Cà Phê Muối Chú Long - Võ Văn Kiệt,26/05/2026 09:24:34,"29,000","5,000",0,0,"5,892",0,"18,108"
1266,26056-329604395,10230417,Cà Phê Muối Chú Long - Lê Văn Sỹ,26/05/2026 09:33:59,"148,000","28,571",0,0,"29,320",0,"90,109"
1267,26056-329786528,10381892,Cà Phê Muối Chú Long - Phan Văn Trị,26/05/2026 09:31:36,"51,000","10,000",0,0,"10,066",0,"30,935"
1268,26056-329792272,10230793,Cà Phê Muối Chú Long - Huỳnh Văn Bánh,26/05/2026 09:20:24,"65,000","13,000",0,0,"12,766",0,"39,234"
1269,26056-329870747,10298769,Cà Phê Muối Chú Long - Tôn Đức Thắng,26/05/2026 09:50:26,"80,000","16,000",0,0,"15,712",0,"48,288"
1270,26056-330004788,10225902,Cà Phê Muối Chú Long - Hậu Giang,26/05/2026 09:19:55,"58,000","11,600",0,0,"11,391",0,"35,009"
1271,26056-330057425,10292015,Cà Phê Muối Chú Long - Long An,26/05/2026 09:25:17,"58,000","11,600",0,0,"11,391",0,"35,009"
1272,26056-330144543,10219545,Cà Phê Muối Chú Long - Nguyễn Huệ,26/05/2026 09:23:39,"66,000","13,200",0,0,"12,962",0,"39,838"
1273,26056-330202717,10284115,Cà Phê Muối Chú Long - Kha Vạn Cân,26/05/2026 09:32:45,"54,000","11,000",0,0,"10,557",0,"32,444"
1274,26056-330202311,10284115,Cà Phê Muối Chú Long - Kha Vạn Cân,26/05/2026 09:23:05,"29,000","5,000",0,0,"5,892",0,"18,108"
1275,26056-330255138,10284115,Cà Phê Muối Chú Long - Kha Vạn Cân,26/05/2026 09:21:48,"72,000","14,400",0,0,"14,141",0,"43,459"
1276,26056-330462830,10381892,Cà Phê Muối Chú Long - Phan Văn Trị,26/05/2026 09:39:53,"87,000","17,400",0,0,"17,087",0,"52,513"
1277,26056-330513901,10235663,Cà Phê Muối Chú Long - Hà Huy Giáp,26/05/2026 09:37:32,"145,000","28,571",0,0,"28,583",0,"87,846"
1278,26056-330572474,10235663,Cà Phê Muối Chú Long - Hà Huy Giáp,26/05/2026 09:31:17,"58,000","11,600",0,0,"11,391",0,"35,009"
1279,26056-330607012,10225902,Cà Phê Muối Chú Long - Hậu Giang,26/05/2026 09:27:29,"58,000","11,600",0,0,"11,391",0,"35,009"
1280,26056-330680885,10330437,Cà Phê Muối Chú Long - Trần Hưng Đạo,26/05/2026 09:27:08,"58,000","10,000",0,0,"11,784",0,"36,216"
1281,26056-330790792,10232123,Cà Phê Muối Chú Long - 17A Ngô Tất Tố,26/05/2026 09:41:06,"58,000","11,600",0,0,"11,391",0,"35,009"
1282,26056-330858983,10287867,Cà Phê Muối Chú Long - Classic,26/05/2026 09:25:58,"60,000","12,000",0,0,"11,784",0,"36,216"
1283,26056-330922484,10224935,Cà Phê Muối Chú Long - 585 Quang Trung,26/05/2026 09:55:07,"138,000","27,600",0,0,"27,103",0,"83,297"
1284,26056-330943643,10219545,Cà Phê Muối Chú Long - Nguyễn Huệ,26/05/2026 09:33:52,"58,000","11,600",0,0,"11,391",0,"35,009"
1285,26056-330968353,10235663,Cà Phê Muối Chú Long - Hà Huy Giáp,26/05/2026 09:24:16,"29,000","7,250",0,0,"5,340",0,"16,410"
1286,26056-331172417,10408376,Cà Phê Muối Chú Long - 203 Tôn Đản,26/05/2026 09:31:49,"99,000",0,0,0,"24,305",0,"74,696"
1287,26056-331584999,10233716,Cà Phê Muối Chú Long - 130 Thích Quảng Đức,26/05/2026 09:53:11,"44,000",0,0,0,"10,802",0,"33,198"
1288,26056-331728781,10216423,Cà Phê Muối Chú Long - 417 Cộng Hoà,26/05/2026 09:22:48,"87,000","17,400",0,0,"17,087",0,"52,513"
1289,26056-331784649,10298769,Cà Phê Muối Chú Long - Tôn Đức Thắng,26/05/2026 09:48:53,"181,000","32,580",0,0,"36,437",0,"111,983"
1290,26056-331824657,10230793,Cà Phê Muối Chú Long - Huỳnh Văn Bánh,26/05/2026 09:37:54,"58,000","11,600",0,0,"11,391",0,"35,009"
1291,26056-331906798,10269971,Cà Phê Muối Chú Long - Cần Thơ,26/05/2026 09:34:15,"80,000","16,000",0,0,"15,712",0,"48,288"
1292,26056-331935633,10225898,Cà Phê Muối Chú Long - Nguyễn Đình Chiểu,26/05/2026 09:38:10,"79,000","15,800",0,0,"15,516",0,"47,684"
1293,26056-332171245,10321523,Cà Phê Muối Chú Long - Thanh Nhàn,26/05/2026 09:49:11,"36,000","5,000",0,0,"7,611",0,"23,390"
1294,26056-332181190,10235658,Cà Phê Muối Chú Long - Công Trường Quốc Tế,26/05/2026 09:45:12,"29,000","5,000",0,0,"5,892",0,"18,108"
1295,26056-332255834,10321524,Cà Phê Muối Chú Long - Đội Cấn,26/05/2026 09:55:23,"87,000","17,400",0,0,"17,087",0,"52,513"
1296,26056-332273588,10386890,Cà Phê Muối Chú Long - Nha Trang,26/05/2026 09:23:45,"58,000","11,600",0,0,"11,391",0,"35,009"
1297,26056-332284568,10287867,Cà Phê Muối Chú Long - Classic,26/05/2026 09:29:43,"60,000","12,000",0,0,"11,784",0,"36,216"
1298,26056-332334237,10230417,Cà Phê Muối Chú Long - Lê Văn Sỹ,26/05/2026 09:27:44,"87,000","17,400",0,0,"17,087",0,"52,513"
1299,26056-332405415,10296675,Cà Phê Muối Chú Long - Trương Định,26/05/2026 09:44:46,"112,000","22,400",0,0,"21,997",0,"67,603"
1300,26056-332421071,10225888,Cà Phê Muối Chú Long - Lạc Long Quân,26/05/2026 09:40:40,"29,000","5,000",0,0,"5,892",0,"18,108"
1301,26056-332609180,10232123,Cà Phê Muối Chú Long - 17A Ngô Tất Tố,26/05/2026 09:27:06,"66,000","13,200",0,0,"12,962",0,"39,838"
1302,26056-332606354,10298824,Cà Phê Muối Chú Long - Hoàng Diệu,26/05/2026 09:42:20,"87,000","15,000",0,0,"17,676",0,"54,324"
1303,26056-332666628,10222800,Cà Phê Muối Chú Long - Thành Thái,26/05/2026 09:33:38,"58,000","11,600",0,0,"11,391",0,"35,009"
1304,26056-332788771,10219545,Cà Phê Muối Chú Long - Nguyễn Huệ,26/05/2026 09:25:25,"102,000","20,400",0,0,"20,033",0,"61,567"
1305,26056-332885498,10287867,Cà Phê Muối Chú Long - Classic,26/05/2026 09:34:18,"60,000","12,000",0,0,"11,784",0,"36,216"
1306,26056-332914523,10230814,Cà Phê Muối Chú Long - Võ Văn Kiệt,26/05/2026 09:29:57,"66,000","13,200",0,0,"12,962",0,"39,838"
1307,26056-333020733,10324687,Cà Phê Muối Chú Long - Huỳnh Tấn Phát,26/05/2026 09:32:32,"130,000","26,000",0,0,"25,532",0,"78,468"
1308,26056-333082301,10397657,Cà Phê Muối Chú Long - 368 Lê Đức Thọ,26/05/2026 09:50:56,"72,000","14,400",0,0,"14,141",0,"43,459"
1309,26056-333110942,10222800,Cà Phê Muối Chú Long - Thành Thái,26/05/2026 09:33:55,"58,000","11,600",0,0,"11,391",0,"35,009"
1310,26056-333219405,10230171,Cà Phê Muối Chú Long - Bình Long,26/05/2026 09:34:14,"87,000","17,400",0,0,"17,087",0,"52,513"
1311,26056-333215335,10298769,Cà Phê Muối Chú Long - Tôn Đức Thắng,26/05/2026 09:42:48,"162,000","29,160",0,0,"32,612",0,"100,228"
1312,26056-333257579,10222800,Cà Phê Muối Chú Long - Thành Thái,26/05/2026 09:34:36,"37,000","5,000",0,0,"7,856",0,"24,144"
1313,26056-333307756,10307386,Cà Phê Muối Chú Long - Kiên Giang,26/05/2026 09:31:08,"79,000","15,800",0,0,"15,516",0,"47,684"
1314,26056-333538772,10222800,Cà Phê Muối Chú Long - Thành Thái,26/05/2026 09:38:41,"58,000","11,600",0,0,"11,391",0,"35,009"
1315,26056-333723772,10375372,Cà Phê Muối Chú Long - An Dương Vương,26/05/2026 09:29:13,"87,000","17,400",0,0,"17,087",0,"52,513"
1316,26056-333844089,10321524,Cà Phê Muối Chú Long - Đội Cấn,26/05/2026 10:00:23,"144,000","28,571",0,0,"28,338",0,"87,091"
1317,26056-333851133,10235659,Cà Phê Muối Chú Long - Nguyễn Hữu Cảnh,26/05/2026 09:49:32,"87,000","17,400",0,0,"17,087",0,"52,513"
1318,26056-333875695,10232123,Cà Phê Muối Chú Long - 17A Ngô Tất Tố,26/05/2026 09:36:10,"58,000","11,600",0,0,"11,391",0,"35,009"
1319,26056-333883267,10292422,Cà Phê Muối Chú Long - Phan Thiết,26/05/2026 09:24:50,"44,000","10,000",0,0,"8,347",0,"25,653"
1320,26056-333894720,10230171,Cà Phê Muối Chú Long - Bình Long,26/05/2026 09:37:41,"80,000","16,000",0,0,"15,712",0,"48,288"
1321,26056-334011099,10225898,Cà Phê Muối Chú Long - Nguyễn Đình Chiểu,26/05/2026 09:56:24,"168,000","30,240",0,0,"33,820",0,"103,940"
1322,26056-334019072,10235663,Cà Phê Muối Chú Long - Hà Huy Giáp,26/05/2026 09:41:50,"51,000","11,000",0,0,"9,820",0,"30,180"
1323,26056-334237170,10408376,Cà Phê Muối Chú Long - 203 Tôn Đản,26/05/2026 09:31:28,"58,000",0,0,0,"14,239",0,"43,761"
1324,26056-334328438,10330437,Cà Phê Muối Chú Long - Trần Hưng Đạo,26/05/2026 09:56:18,"87,000","17,400",0,0,"17,087",0,"52,513"
1325,26056-334517587,10230793,Cà Phê Muối Chú Long - Huỳnh Văn Bánh,26/05/2026 09:32:21,"123,000","24,600",0,0,"24,157",0,"74,243"
1326,26056-334548191,10222800,Cà Phê Muối Chú Long - Thành Thái,26/05/2026 09:46:21,"58,000","11,600",0,0,"11,391",0,"35,009"
1327,26056-334622851,10313967,Cà Phê Muối Chú Long - 82 Ngô Gia Tự,26/05/2026 09:37:12,"50,000","10,000",0,0,"9,820",0,"30,180"
1328,26056-334709603,10235659,Cà Phê Muối Chú Long - Nguyễn Hữu Cảnh,26/05/2026 09:33:39,"131,000","26,200",0,0,"25,728",0,"79,072"
1329,26056-334923544,10225895,Cà Phê Muối Chú Long - Cách Mạng Tháng 8,26/05/2026 09:41:16,"101,000","20,200",0,0,"19,836",0,"60,964"
1330,26056-334941260,10230171,Cà Phê Muối Chú Long - Bình Long,26/05/2026 09:43:55,"243,000","43,740",0,0,"48,918",0,"150,342"
1331,26056-335114168,10230793,Cà Phê Muối Chú Long - Huỳnh Văn Bánh,26/05/2026 09:57:14,"94,000","18,800",0,0,"18,462",0,"56,738"
1332,26056-335160251,10230958,Cà Phê Muối Chú Long - 3/26 Quang Trung,26/05/2026 09:27:31,"29,000","5,000",0,0,"5,892",0,"18,108"
1333,26056-335274441,10230958,Cà Phê Muối Chú Long - 3/26 Quang Trung,26/05/2026 09:39:36,"29,000","5,000",0,0,"5,892",0,"18,108"
1334,26056-335357354,10225888,Cà Phê Muối Chú Long - Lạc Long Quân,26/05/2026 09:37:14,"80,000","16,000",0,0,"15,712",0,"48,288"
1335,26056-335372199,10340098,Cà Phê Muối Chú Long - Thuận An,26/05/2026 09:59:43,"58,000","11,600",0,0,"11,391",0,"35,009"
1336,26056-335586857,10395671,Cà Phê Muối Chú Long - 59 Trường Chinh,26/05/2026 09:44:29,"66,000","13,200",0,0,"12,962",0,"39,838"
1337,26056-335581329,10230171,Cà Phê Muối Chú Long - Bình Long,26/05/2026 09:26:36,"58,000","11,600",0,0,"11,391",0,"35,009"
1338,26056-335662280,10381983,Cà Phê Muối Chú Long - Bạch Đằng,26/05/2026 09:40:00,"79,000",0,0,0,"19,395",0,"59,606"
1339,26056-335957237,10232123,Cà Phê Muối Chú Long - 17A Ngô Tất Tố,26/05/2026 09:48:05,"54,000","11,000",0,0,"10,557",0,"32,444"
1340,26056-336183820,10397657,Cà Phê Muối Chú Long - 368 Lê Đức Thọ,26/05/2026 09:42:18,"116,000","23,200",0,0,"22,782",0,"70,018"
1341,26056-336184321,10381892,Cà Phê Muối Chú Long - Phan Văn Trị,26/05/2026 09:39:41,"58,000","11,600",0,0,"11,391",0,"35,009"
1342,26056-336452360,10225888,Cà Phê Muối Chú Long - Lạc Long Quân,26/05/2026 09:30:37,"47,000","5,000",0,0,"10,311",0,"31,689"
1343,26056-336533724,10230171,Cà Phê Muối Chú Long - Bình Long,26/05/2026 09:32:03,"58,000","11,600",0,0,"11,391",0,"35,009"
1344,26056-336599875,10395671,Cà Phê Muối Chú Long - 59 Trường Chinh,26/05/2026 09:47:14,"159,000","28,620",0,0,"32,008",0,"98,372"
1345,26056-336645794,10407619,Cà Phê Muối Chú Long - 117 Lò Đúc,26/05/2026 10:05:57,"73,000",0,0,0,"17,922",0,"55,079"
1346,26056-336735065,10407619,Cà Phê Muối Chú Long - 117 Lò Đúc,26/05/2026 09:53:33,"29,000",0,0,0,"7,120",0,"21,881"
1347,26056-336746226,10222800,Cà Phê Muối Chú Long - Thành Thái,26/05/2026 09:49:33,"29,000","5,000",0,0,"5,892",0,"18,108"
1348,26056-336961348,10230292,Cà Phê Muối Chú Long - Lê Văn Việt,26/05/2026 09:53:48,"87,000","17,400",0,0,"17,087",0,"52,513"
1349,26056-337062952,10407619,Cà Phê Muối Chú Long - 117 Lò Đúc,26/05/2026 09:50:46,"29,000",0,0,0,"7,120",0,"21,881"
1350,26056-337078370,10321524,Cà Phê Muối Chú Long - Đội Cấn,26/05/2026 09:58:30,"193,000","34,740",0,0,"38,853",0,"119,407"
1351,26056-337088402,10323120,Cà Phê Muối Chú Long - Đồng Xoài,26/05/2026 09:28:27,"58,000","11,600",0,0,"11,391",0,"35,009"
1352,26056-337344260,10225898,Cà Phê Muối Chú Long - Nguyễn Đình Chiểu,26/05/2026 09:46:03,"58,000","11,600",0,0,"11,391",0,"35,009"
1353,26056-337474938,10235663,Cà Phê Muối Chú Long - Hà Huy Giáp,26/05/2026 09:32:52,"58,000","11,600",0,0,"11,391",0,"35,009"
1354,26056-337545059,10381892,Cà Phê Muối Chú Long - Phan Văn Trị,26/05/2026 09:49:21,"73,000","14,600",0,0,"14,337",0,"44,063"
1355,26056-337563196,10358040,Cà Phê Muối Chú Long - Đoàn Thị Điểm,26/05/2026 09:43:58,"38,000","9,500",0,0,"6,997",0,"21,503"
1356,26056-337581868,10225895,Cà Phê Muối Chú Long - Cách Mạng Tháng 8,26/05/2026 09:43:25,"76,000","15,200",0,0,"14,926",0,"45,874"
1357,26056-337652002,10235658,Cà Phê Muối Chú Long - Công Trường Quốc Tế,26/05/2026 09:51:31,"119,000","23,800",0,0,"23,372",0,"71,828"
1358,26056-337810274,10298769,Cà Phê Muối Chú Long - Tôn Đức Thắng,26/05/2026 09:57:39,"58,000","11,600",0,0,"11,391",0,"35,009"
1359,26056-337816043,10230399,Cà Phê Muối Chú Long - Tân Kỳ Tân Quý,26/05/2026 09:44:08,"94,000","18,800",0,0,"18,462",0,"56,738"
1360,26056-337881159,10350108,Cà Phê Muối Chú Long - Đường Láng,26/05/2026 10:31:14,"112,000","22,400",0,0,"21,997",0,"67,603"
1361,26056-337965718,10405301,Cà Phê Muối Chú Long - 01 Hàng Đậu,26/05/2026 10:38:02,"50,000","23,000",0,0,"6,629",0,"20,372"
1362,26056-338127673,10298769,Cà Phê Muối Chú Long - Tôn Đức Thắng,26/05/2026 10:09:31,"228,000","32,000",0,0,"48,118",0,"147,882"
1363,26056-338239937,10222800,Cà Phê Muối Chú Long - Thành Thái,26/05/2026 09:38:32,"29,000","5,000",0,0,"5,892",0,"18,108"
1364,26056-338282463,10235659,Cà Phê Muối Chú Long - Nguyễn Hữu Cảnh,26/05/2026 09:37:13,"22,000","5,000",0,0,"4,174",0,"12,827"
1365,26056-338287532,10354882,Cà Phê Muối Chú Long - Quảng Ngãi,26/05/2026 09:34:14,"29,000","7,250",0,0,"5,340",0,"16,410"
1366,26056-338418319,10326235,Cà Phê Muối Chú Long - Cà Mau,26/05/2026 09:35:06,"105,000","21,000",0,0,"20,622",0,"63,378"
1367,26056-338442292,10225895,Cà Phê Muối Chú Long - Cách Mạng Tháng 8,26/05/2026 09:49:35,"110,000","22,000",0,0,"21,604",0,"66,396"
1368,26056-338518508,10230814,Cà Phê Muối Chú Long - Võ Văn Kiệt,26/05/2026 09:47:45,"58,000","11,600",0,0,"11,391",0,"35,009"
1369,26056-338631116,10397657,Cà Phê Muối Chú Long - 368 Lê Đức Thọ,26/05/2026 10:01:21,"145,000","28,571",0,0,"28,583",0,"87,846"
1370,26056-338639962,10222800,Cà Phê Muối Chú Long - Thành Thái,26/05/2026 09:55:01,"58,000","11,600",0,0,"11,391",0,"35,009"
1371,26056-338669570,10296675,Cà Phê Muối Chú Long - Trương Định,26/05/2026 10:40:31,"199,000","35,820",0,0,"40,061",0,"123,119"
1372,26056-338717328,10230399,Cà Phê Muối Chú Long - Tân Kỳ Tân Quý,26/05/2026 09:51:18,"58,000","11,600",0,0,"11,391",0,"35,009"
1373,26056-338831166,10324687,Cà Phê Muối Chú Long - Huỳnh Tấn Phát,26/05/2026 09:36:20,"61,000","12,200",0,0,"11,980",0,"36,820"
1374,26056-338925271,10235659,Cà Phê Muối Chú Long - Nguyễn Hữu Cảnh,26/05/2026 09:38:16,"54,000","11,000",0,0,"10,557",0,"32,444"
1375,26056-339008186,10222800,Cà Phê Muối Chú Long - Thành Thái,26/05/2026 09:56:22,"102,000","20,400",0,0,"20,033",0,"61,567"
1376,26056-339039282,10225898,Cà Phê Muối Chú Long - Nguyễn Đình Chiểu,26/05/2026 09:47:33,"54,000","11,000",0,0,"10,557",0,"32,444"
1377,26056-339121264,10230814,Cà Phê Muối Chú Long - Võ Văn Kiệt,26/05/2026 09:49:15,"29,000","5,000",0,0,"5,892",0,"18,108"
1378,26056-339185506,10321523,Cà Phê Muối Chú Long - Thanh Nhàn,26/05/2026 10:33:45,"83,000","15,000",0,0,"16,694",0,"51,306"
1379,26056-339187613,10232123,Cà Phê Muối Chú Long - 17A Ngô Tất Tố,26/05/2026 10:05:21,"145,000","28,571",0,0,"28,583",0,"87,846"
1380,26056-339340955,10230171,Cà Phê Muối Chú Long - Bình Long,26/05/2026 09:36:23,"58,000","11,600",0,0,"11,391",0,"35,009"
1381,26056-339605334,10321524,Cà Phê Muối Chú Long - Đội Cấn,26/05/2026 09:50:44,"58,000","11,600",0,0,"11,391",0,"35,009"
1382,26056-339763591,10284115,Cà Phê Muối Chú Long - Kha Vạn Cân,26/05/2026 09:52:46,"116,000","23,200",0,0,"22,782",0,"70,018"
1383,26056-339947456,10230793,Cà Phê Muối Chú Long - Huỳnh Văn Bánh,26/05/2026 09:46:10,"44,000","5,000",0,0,"9,575",0,"29,426"
1384,26056-339986820,10296675,Cà Phê Muối Chú Long - Trương Định,26/05/2026 10:08:10,"88,000","17,600",0,0,"17,283",0,"53,117"
1385,26056-340039109,10230399,Cà Phê Muối Chú Long - Tân Kỳ Tân Quý,26/05/2026 09:41:50,"58,000","11,600",0,0,"11,391",0,"35,009"
1386,26056-340053201,10386890,Cà Phê Muối Chú Long - Nha Trang,26/05/2026 09:56:56,"74,000","14,800",0,0,"14,534",0,"44,666"
1387,26056-340133745,10225902,Cà Phê Muối Chú Long - Hậu Giang,26/05/2026 09:49:37,"94,000","18,800",0,0,"18,462",0,"56,738"
1388,26056-340186459,10397657,Cà Phê Muối Chú Long - 368 Lê Đức Thọ,26/05/2026 10:01:26,"87,000","17,400",0,0,"17,087",0,"52,513"
1389,26056-340224947,10407619,Cà Phê Muối Chú Long - 117 Lò Đúc,26/05/2026 10:06:19,"87,000",0,0,0,"21,359",0,"65,642"
1390,26056-340286494,10232123,Cà Phê Muối Chú Long - 17A Ngô Tất Tố,26/05/2026 09:43:15,"54,000","11,000",0,0,"10,557",0,"32,444"
1391,26056-340363410,10407619,Cà Phê Muối Chú Long - 117 Lò Đúc,26/05/2026 10:10:13,"22,000",0,0,0,"5,401",0,"16,599"
1392,26056-340411543,10224935,Cà Phê Muối Chú Long - 585 Quang Trung,26/05/2026 09:44:47,"29,000","5,000",0,0,"5,892",0,"18,108"
1393,26056-340585184,10225898,Cà Phê Muối Chú Long - Nguyễn Đình Chiểu,26/05/2026 09:55:29,"124,000","24,800",0,0,"24,354",0,"74,846"
1394,26056-340605099,10326235,Cà Phê Muối Chú Long - Cà Mau,26/05/2026 09:34:57,"25,000","6,250",0,0,"4,603",0,"14,147"
1395,26056-340615512,10225888,Cà Phê Muối Chú Long - Lạc Long Quân,26/05/2026 09:41:31,"216,000","38,880",0,0,"43,483",0,"133,637"
1396,26056-340674541,10235663,Cà Phê Muối Chú Long - Hà Huy Giáp,26/05/2026 09:46:08,"74,000","14,800",0,0,"14,534",0,"44,666"
1397,26056-340964769,10405301,Cà Phê Muối Chú Long - 01 Hàng Đậu,26/05/2026 10:31:47,"54,000",0,0,0,"13,257",0,"40,743"
1398,26056-340973813,10296675,Cà Phê Muối Chú Long - Trương Định,26/05/2026 10:48:21,"58,000","11,600",0,0,"11,391",0,"35,009"
1399,26056-341034510,10230793,Cà Phê Muối Chú Long - Huỳnh Văn Bánh,26/05/2026 09:53:29,"44,000","5,000",0,0,"9,575",0,"29,426"
1400,26056-341104341,10381892,Cà Phê Muối Chú Long - Phan Văn Trị,26/05/2026 09:38:23,"54,000","10,000",0,0,"10,802",0,"33,198"
1401,26056-341200334,10292422,Cà Phê Muối Chú Long - Phan Thiết,26/05/2026 09:40:30,"29,000","7,250",0,0,"5,340",0,"16,410"
1402,26056-341206727,10375372,Cà Phê Muối Chú Long - An Dương Vương,26/05/2026 09:40:01,"29,000","5,000",0,0,"5,892",0,"18,108"
1403,26056-341213748,10224935,Cà Phê Muối Chú Long - 585 Quang Trung,26/05/2026 09:48:47,"87,000","17,400",0,0,"17,087",0,"52,513"
1404,26056-341281059,10230292,Cà Phê Muối Chú Long - Lê Văn Việt,26/05/2026 10:39:56,"105,000","21,000",0,0,"20,622",0,"63,378"
1405,26056-341289857,10235659,Cà Phê Muối Chú Long - Nguyễn Hữu Cảnh,26/05/2026 10:02:47,"174,000","31,320",0,0,"35,028",0,"107,652"
1406,26056-341360908,10350108,Cà Phê Muối Chú Long - Đường Láng,26/05/2026 10:27:10,"94,000","18,800",0,0,"18,462",0,"56,738"
1407,26056-341655916,10230417,Cà Phê Muối Chú Long - Lê Văn Sỹ,26/05/2026 09:43:26,"58,000","11,600",0,0,"11,391",0,"35,009"
1408,26056-341992735,10225898,Cà Phê Muối Chú Long - Nguyễn Đình Chiểu,26/05/2026 09:55:02,"73,000","14,600",0,0,"14,337",0,"44,063"
1409,26056-341997708,10296675,Cà Phê Muối Chú Long - Trương Định,26/05/2026 10:28:03,"58,000","11,600",0,0,"11,391",0,"35,009"
1410,26056-342027725,10408376,Cà Phê Muối Chú Long - 203 Tôn Đản,26/05/2026 09:48:09,"101,000",0,0,0,"24,796",0,"76,205"
1411,26056-342086022,10230814,Cà Phê Muối Chú Long - Võ Văn Kiệt,26/05/2026 09:57:31,"29,000","5,000",0,0,"5,892",0,"18,108"
1412,26056-342141937,10358040,Cà Phê Muối Chú Long - Đoàn Thị Điểm,26/05/2026 09:47:52,"89,000",0,0,0,"21,850",0,"67,151"
1413,26056-342274208,10225895,Cà Phê Muối Chú Long - Cách Mạng Tháng 8,26/05/2026 09:54:28,"29,000","5,000",0,0,"5,892",0,"18,108"
1414,26056-342496410,10298824,Cà Phê Muối Chú Long - Hoàng Diệu,26/05/2026 10:03:15,"29,000","7,250",0,0,"5,340",0,"16,410"
1415,26056-342517084,10299524,Cà Phê Muối Chú Long - Lê Duẩn,26/05/2026 09:59:11,"58,000","11,600",0,0,"11,391",0,"35,009"
1416,26056-342658644,10225898,Cà Phê Muối Chú Long - Nguyễn Đình Chiểu,26/05/2026 09:59:16,"58,000","11,600",0,0,"11,391",0,"35,009"
1417,26056-342669543,10242271,Cà Phê Muối Chú Long - Vũng Tàu,26/05/2026 09:55:51,"58,000","11,600",0,0,"11,391",0,"35,009"
1418,26056-342696015,10324687,Cà Phê Muối Chú Long - Huỳnh Tấn Phát,26/05/2026 09:51:41,"54,000","11,000",0,0,"10,557",0,"32,444"
1419,26056-343026963,10296675,Cà Phê Muối Chú Long - Trương Định,26/05/2026 09:53:40,"95,000","19,000",0,0,"18,658",0,"57,342"
1420,26056-343242443,10405301,Cà Phê Muối Chú Long - 01 Hàng Đậu,26/05/2026 10:20:58,"50,000","23,000",0,0,"6,629",0,"20,372"
1421,26056-343363642,10225895,Cà Phê Muối Chú Long - Cách Mạng Tháng 8,26/05/2026 09:52:39,"58,000","11,600",0,0,"11,391",0,"35,009"
1422,26056-343399915,10230417,Cà Phê Muối Chú Long - Lê Văn Sỹ,26/05/2026 09:52:03,"166,000","29,880",0,0,"33,417",0,"102,703"
1423,26056-343514167,10225902,Cà Phê Muối Chú Long - Hậu Giang,26/05/2026 10:04:55,"123,000","24,600",0,0,"24,157",0,"74,243"
1424,26056-343516103,10292422,Cà Phê Muối Chú Long - Phan Thiết,26/05/2026 09:40:36,"22,000","5,500",0,0,"4,051",0,"12,449"
1425,26056-343585407,10296675,Cà Phê Muối Chú Long - Trương Định,26/05/2026 10:32:15,"79,000","15,800",0,0,"15,516",0,"47,684"
1426,26056-343803074,10235663,Cà Phê Muối Chú Long - Hà Huy Giáp,26/05/2026 09:56:24,"261,000","46,980",0,0,"52,542",0,"161,478"
1427,26056-343814748,10222800,Cà Phê Muối Chú Long - Thành Thái,26/05/2026 09:58:50,"76,000","15,200",0,0,"14,926",0,"45,874"
1428,26056-343987807,10235659,Cà Phê Muối Chú Long - Nguyễn Hữu Cảnh,26/05/2026 09:48:29,"94,000","18,800",0,0,"18,462",0,"56,738"
1429,26056-343998375,10397657,Cà Phê Muối Chú Long - 368 Lê Đức Thọ,26/05/2026 09:52:23,"50,000","23,000",0,0,"6,629",0,"20,372"
1430,26056-344009790,10395671,Cà Phê Muối Chú Long - 59 Trường Chinh,26/05/2026 09:50:29,"29,000","5,000",0,0,"5,892",0,"18,108"
1431,26056-344042629,10222800,Cà Phê Muối Chú Long - Thành Thái,26/05/2026 09:53:09,"29,000","5,000",0,0,"5,892",0,"18,108"
1432,26056-344049900,10296675,Cà Phê Muối Chú Long - Trương Định,26/05/2026 09:55:48,"152,000","28,571",0,0,"30,302",0,"93,127"
1433,26056-344069069,10224935,Cà Phê Muối Chú Long - 585 Quang Trung,26/05/2026 09:49:48,"58,000","11,600",0,0,"11,391",0,"35,009"
1434,26056-344151099,10323120,Cà Phê Muối Chú Long - Đồng Xoài,26/05/2026 09:40:49,"37,000",0,0,0,"9,084",0,"27,917"
1435,26056-344153550,10230958,Cà Phê Muối Chú Long - 3/26 Quang Trung,26/05/2026 09:44:27,"87,000","17,400",0,0,"17,087",0,"52,513"
1436,26056-344178835,10235658,Cà Phê Muối Chú Long - Công Trường Quốc Tế,26/05/2026 10:04:11,"58,000","11,600",0,0,"11,391",0,"35,009"
1437,26056-344187257,10230814,Cà Phê Muối Chú Long - Võ Văn Kiệt,26/05/2026 10:04:48,"132,000","26,400",0,0,"25,925",0,"79,675"
1438,26056-344267951,10324687,Cà Phê Muối Chú Long - Huỳnh Tấn Phát,26/05/2026 09:56:40,"87,000","17,400",0,0,"17,087",0,"52,513"
1439,26056-344284147,10230958,Cà Phê Muối Chú Long - 3/26 Quang Trung,26/05/2026 09:44:22,"54,000","11,000",0,0,"10,557",0,"32,444"
1440,26056-344302764,10230417,Cà Phê Muối Chú Long - Lê Văn Sỹ,26/05/2026 09:52:13,"54,000","11,000",0,0,"10,557",0,"32,444"
1441,26056-344349476,10230814,Cà Phê Muối Chú Long - Võ Văn Kiệt,26/05/2026 10:01:05,"59,000","11,800",0,0,"11,588",0,"35,612"
1442,26056-344522056,10230793,Cà Phê Muối Chú Long - Huỳnh Văn Bánh,26/05/2026 09:50:02,"66,000","13,200",0,0,"12,962",0,"39,838"
1443,26056-344590453,10292422,Cà Phê Muối Chú Long - Phan Thiết,26/05/2026 09:41:35,"22,000","5,500",0,0,"4,051",0,"12,449"
1444,26056-344600171,10235663,Cà Phê Muối Chú Long - Hà Huy Giáp,26/05/2026 09:58:42,"29,000","7,250",0,0,"5,340",0,"16,410"
1445,26056-344625269,10232123,Cà Phê Muối Chú Long - 17A Ngô Tất Tố,26/05/2026 10:05:28,"69,000","13,800",0,0,"13,552",0,"41,648"
1446,26056-344791962,10225902,Cà Phê Muối Chú Long - Hậu Giang,26/05/2026 09:59:27,"36,000","5,000",0,0,"7,611",0,"23,390"
1447,26056-344793137,10408376,Cà Phê Muối Chú Long - 203 Tôn Đản,26/05/2026 10:02:38,"112,000",0,0,0,"27,496",0,"84,504"
1448,26056-344810438,10235663,Cà Phê Muối Chú Long - Hà Huy Giáp,26/05/2026 09:55:16,"54,000","10,000",0,0,"10,802",0,"33,198"
1449,26056-344837153,10407619,Cà Phê Muối Chú Long - 117 Lò Đúc,26/05/2026 10:04:50,"29,000",0,0,0,"7,120",0,"21,881"
1450,26056-344993220,10296675,Cà Phê Muối Chú Long - Trương Định,26/05/2026 10:57:30,"123,000","24,600",0,0,"24,157",0,"74,243"
1451,26056-345120150,10230958,Cà Phê Muối Chú Long - 3/26 Quang Trung,26/05/2026 09:52:49,"58,000","11,600",0,0,"11,391",0,"35,009"
1452,26056-345146178,10222800,Cà Phê Muối Chú Long - Thành Thái,26/05/2026 09:56:54,"58,000","11,600",0,0,"11,391",0,"35,009"
1453,26056-345187635,10222800,Cà Phê Muối Chú Long - Thành Thái,26/05/2026 09:48:06,"29,000","5,000",0,0,"5,892",0,"18,108"
1454,26056-345285132,10224935,Cà Phê Muối Chú Long - 585 Quang Trung,26/05/2026 10:03:16,"137,000","27,400",0,0,"26,907",0,"82,693"
1455,26056-345365615,10233716,Cà Phê Muối Chú Long - 130 Thích Quảng Đức,26/05/2026 09:45:03,"108,000","21,600",0,0,"21,211",0,"65,189"
1456,26056-345618653,10358016,Cà Phê Muối Chú Long - Bà Triệu,26/05/2026 09:48:23,"50,000","11,000",0,0,"9,575",0,"29,426"
1457,26056-345641433,10222800,Cà Phê Muối Chú Long - Thành Thái,26/05/2026 09:44:33,"87,000","17,400",0,0,"17,087",0,"52,513"
1458,26056-345758525,10222800,Cà Phê Muối Chú Long - Thành Thái,26/05/2026 10:02:44,"170,000","28,571",0,0,"34,721",0,"106,708"
1459,26056-345901992,10296675,Cà Phê Muối Chú Long - Trương Định,26/05/2026 10:30:20,"79,000","15,800",0,0,"15,516",0,"47,684"
1460,26056-345975491,10222800,Cà Phê Muối Chú Long - Thành Thái,26/05/2026 09:59:05,"58,000","11,600",0,0,"11,391",0,"35,009"
1461,26056-346053351,10269971,Cà Phê Muối Chú Long - Cần Thơ,26/05/2026 09:44:33,"58,000","11,600",0,0,"11,391",0,"35,009"
1462,26056-346112992,10230417,Cà Phê Muối Chú Long - Lê Văn Sỹ,26/05/2026 09:59:15,"66,000","13,200",0,0,"12,962",0,"39,838"
1463,26056-346590939,10219545,Cà Phê Muối Chú Long - Nguyễn Huệ,26/05/2026 10:20:40,"58,000","11,000",0,0,"11,539",0,"35,462"
1464,26056-346637505,10224935,Cà Phê Muối Chú Long - 585 Quang Trung,26/05/2026 10:37:12,"58,000","11,600",0,0,"11,391",0,"35,009"
1465,26056-346658329,10232123,Cà Phê Muối Chú Long - 17A Ngô Tất Tố,26/05/2026 09:55:39,"58,000","11,600",0,0,"11,391",0,"35,009"
1466,26056-346703752,10298769,Cà Phê Muối Chú Long - Tôn Đức Thắng,26/05/2026 10:39:01,"83,000","16,600",0,0,"16,301",0,"50,099"
1467,26056-346763267,10225898,Cà Phê Muối Chú Long - Nguyễn Đình Chiểu,26/05/2026 09:50:55,"58,000","11,600",0,0,"11,391",0,"35,009"
1468,26056-346765459,10225888,Cà Phê Muối Chú Long - Lạc Long Quân,26/05/2026 09:49:42,"58,000","11,600",0,0,"11,391",0,"35,009"
1469,26056-346860471,10230817,Cà Phê Muối Chú Long - Thích Quảng Đức,26/05/2026 09:56:21,"51,000","10,000",0,0,"10,066",0,"30,935"
1470,26056-347000073,10230814,Cà Phê Muối Chú Long - Võ Văn Kiệt,26/05/2026 09:55:26,"128,000","25,600",0,0,"25,139",0,"77,261"
1471,26056-347076959,10321524,Cà Phê Muối Chú Long - Đội Cấn,26/05/2026 09:55:14,"196,000","35,280",0,0,"39,457",0,"121,263"
1472,26056-347108630,10222800,Cà Phê Muối Chú Long - Thành Thái,26/05/2026 10:01:55,"69,000","13,800",0,0,"13,552",0,"41,648"
1473,26056-347129841,10232123,Cà Phê Muối Chú Long - 17A Ngô Tất Tố,26/05/2026 10:04:52,"44,000","5,000",0,0,"9,575",0,"29,426"
1474,26056-347219987,10235658,Cà Phê Muối Chú Long - Công Trường Quốc Tế,26/05/2026 09:59:04,"58,000","11,600",0,0,"11,391",0,"35,009"
1475,26056-347239289,10230417,Cà Phê Muối Chú Long - Lê Văn Sỹ,26/05/2026 10:02:57,"58,000","11,600",0,0,"11,391",0,"35,009"
1476,26056-347300665,10225898,Cà Phê Muối Chú Long - Nguyễn Đình Chiểu,26/05/2026 10:01:09,"133,000","26,600",0,0,"26,121",0,"80,279"
1477,26056-347319429,10405301,Cà Phê Muối Chú Long - 01 Hàng Đậu,26/05/2026 10:39:51,"50,000","23,000",0,0,"6,629",0,"20,372"
1478,26056-347459614,10397657,Cà Phê Muối Chú Long - 368 Lê Đức Thọ,26/05/2026 09:56:00,"36,000","5,000",0,0,"7,611",0,"23,390"
1479,26056-347725147,10230793,Cà Phê Muối Chú Long - Huỳnh Văn Bánh,26/05/2026 09:46:03,"29,000","5,000",0,0,"5,892",0,"18,108"
1480,26056-347784701,10230793,Cà Phê Muối Chú Long - Huỳnh Văn Bánh,26/05/2026 09:57:33,"47,000","5,000",0,0,"10,311",0,"31,689"
1481,26056-347896490,10299524,Cà Phê Muối Chú Long - Lê Duẩn,26/05/2026 10:20:03,"61,000","12,200",0,0,"11,980",0,"36,820"
1482,26056-348074488,10225898,Cà Phê Muối Chú Long - Nguyễn Đình Chiểu,26/05/2026 09:57:33,"166,000","29,880",0,0,"33,417",0,"102,703"
1483,26056-348091802,10235663,Cà Phê Muối Chú Long - Hà Huy Giáp,26/05/2026 10:11:05,"29,000","7,250",0,0,"5,340",0,"16,410"
1484,26056-348148914,10225888,Cà Phê Muối Chú Long - Lạc Long Quân,26/05/2026 09:58:50,"110,000","22,000",0,0,"21,604",0,"66,396"
1485,26056-348343204,10381892,Cà Phê Muối Chú Long - Phan Văn Trị,26/05/2026 10:03:37,"29,000","5,000",0,0,"5,892",0,"18,108"
1486,26056-348564226,10222800,Cà Phê Muối Chú Long - Thành Thái,26/05/2026 09:48:20,"58,000","11,600",0,0,"11,391",0,"35,009"
1487,26056-348912802,10225902,Cà Phê Muối Chú Long - Hậu Giang,26/05/2026 09:49:01,"51,000","11,000",0,0,"9,820",0,"30,180"
1488,26056-348906007,10350108,Cà Phê Muối Chú Long - Đường Láng,26/05/2026 10:35:48,"58,000","11,600",0,0,"11,391",0,"35,009"
1489,26056-349002207,10224935,Cà Phê Muối Chú Long - 585 Quang Trung,26/05/2026 09:55:50,"51,000","11,000",0,0,"9,820",0,"30,180"
1490,26056-349044941,10224935,Cà Phê Muối Chú Long - 585 Quang Trung,26/05/2026 10:50:35,"130,000","26,000",0,0,"25,532",0,"78,468"
1491,26056-349066492,10407619,Cà Phê Muối Chú Long - 117 Lò Đúc,26/05/2026 10:39:47,"58,000",0,0,0,"14,239",0,"43,761"
1492,26056-349127134,10225895,Cà Phê Muối Chú Long - Cách Mạng Tháng 8,26/05/2026 10:03:38,"87,000","17,400",0,0,"17,087",0,"52,513"
1493,26056-349265265,10324687,Cà Phê Muối Chú Long - Huỳnh Tấn Phát,26/05/2026 10:01:33,"47,000","5,000",0,0,"10,311",0,"31,689"
1494,26056-349290635,10230793,Cà Phê Muối Chú Long - Huỳnh Văn Bánh,26/05/2026 09:50:56,"58,000","11,600",0,0,"11,391",0,"35,009"
1495,26056-349307989,10219545,Cà Phê Muối Chú Long - Nguyễn Huệ,26/05/2026 09:50:54,"29,000","5,000",0,0,"5,892",0,"18,108"
1496,26056-349314357,10222800,Cà Phê Muối Chú Long - Thành Thái,26/05/2026 09:51:32,"47,000","5,000",0,0,"10,311",0,"31,689"
1497,26056-349451711,10298824,Cà Phê Muối Chú Long - Hoàng Diệu,26/05/2026 10:12:14,"29,000","7,250",0,0,"5,340",0,"16,410"
1498,26056-349510327,10386890,Cà Phê Muối Chú Long - Nha Trang,26/05/2026 10:06:20,"72,000","14,400",0,0,"14,141",0,"43,459"
1499,26056-349595101,10408376,Cà Phê Muối Chú Long - 203 Tôn Đản,26/05/2026 10:09:02,"174,000",0,0,0,"42,717",0,"131,283"
1500,26056-349616904,10242271,Cà Phê Muối Chú Long - Vũng Tàu,26/05/2026 10:17:33,"87,000","17,400",0,0,"17,087",0,"52,513"
1501,26056-349652358,10307386,Cà Phê Muối Chú Long - Kiên Giang,26/05/2026 10:03:28,"29,000","7,250",0,0,"5,340",0,"16,410"
1502,26056-350055259,10219545,Cà Phê Muối Chú Long - Nguyễn Huệ,26/05/2026 10:04:50,"134,000","26,800",0,0,"26,318",0,"80,882"
1503,26056-350058813,10225898,Cà Phê Muối Chú Long - Nguyễn Đình Chiểu,26/05/2026 10:03:16,"58,000","11,600",0,0,"11,391",0,"35,009"
1504,26056-350112343,10407619,Cà Phê Muối Chú Long - 117 Lò Đúc,26/05/2026 10:26:09,"66,000",0,0,0,"16,203",0,"49,797"
1505,26056-350162048,10235658,Cà Phê Muối Chú Long - Công Trường Quốc Tế,26/05/2026 10:10:01,"58,000","11,600",0,0,"11,391",0,"35,009"
1506,26056-350348184,10225902,Cà Phê Muối Chú Long - Hậu Giang,26/05/2026 10:00:38,"158,000","28,571",0,0,"31,775",0,"97,654"
1507,26056-350438385,10296675,Cà Phê Muối Chú Long - Trương Định,26/05/2026 10:27:05,"117,000","23,400",0,0,"22,979",0,"70,621"
1508,26056-350471009,10405301,Cà Phê Muối Chú Long - 01 Hàng Đậu,26/05/2026 10:20:23,"50,000","23,000",0,0,"6,629",0,"20,372"
1509,26056-350560136,10230814,Cà Phê Muối Chú Long - Võ Văn Kiệt,26/05/2026 10:00:27,"51,000","11,000",0,0,"9,820",0,"30,180"
1510,26056-350731639,10230399,Cà Phê Muối Chú Long - Tân Kỳ Tân Quý,26/05/2026 10:25:07,"58,000","11,600",0,0,"11,391",0,"35,009"
1511,26056-350849997,10224935,Cà Phê Muối Chú Long - 585 Quang Trung,26/05/2026 10:10:48,"116,000","23,200",0,0,"22,782",0,"70,018"
1512,26056-350873685,10350108,Cà Phê Muối Chú Long - Đường Láng,26/05/2026 11:11:48,"65,000","13,000",0,0,"12,766",0,"39,234"
1513,26056-350928758,10230399,Cà Phê Muối Chú Long - Tân Kỳ Tân Quý,26/05/2026 10:11:06,"29,000","5,000",0,0,"5,892",0,"18,108"
1514,26056-350943245,10235659,Cà Phê Muối Chú Long - Nguyễn Hữu Cảnh,26/05/2026 10:13:17,"44,000",0,0,0,"10,802",0,"33,198"
1515,26056-351053204,10230793,Cà Phê Muối Chú Long - Huỳnh Văn Bánh,26/05/2026 10:16:15,"58,000","11,600",0,0,"11,391",0,"35,009"
1516,26056-351138790,10216423,Cà Phê Muối Chú Long - 417 Cộng Hoà,26/05/2026 10:04:42,"44,000","5,000",0,0,"9,575",0,"29,426"
1517,26056-351328414,10224935,Cà Phê Muối Chú Long - 585 Quang Trung,26/05/2026 10:03:17,"58,000","11,600",0,0,"11,391",0,"35,009"
1518,26056-351373342,10225902,Cà Phê Muối Chú Long - Hậu Giang,26/05/2026 10:12:30,"105,000","21,000",0,0,"20,622",0,"63,378"
1519,26056-351495313,10225898,Cà Phê Muối Chú Long - Nguyễn Đình Chiểu,26/05/2026 10:14:50,"58,000","11,600",0,0,"11,391",0,"35,009"
1520,26056-351559019,10298769,Cà Phê Muối Chú Long - Tôn Đức Thắng,26/05/2026 10:17:16,"22,000","5,000",0,0,"4,174",0,"12,827"
1521,26056-351593657,10321524,Cà Phê Muối Chú Long - Đội Cấn,26/05/2026 10:11:56,"203,000","36,540",0,0,"40,866",0,"125,594"
1522,26056-351774183,10225902,Cà Phê Muối Chú Long - Hậu Giang,26/05/2026 09:58:51,"58,000","11,600",0,0,"11,391",0,"35,009"
1523,26056-351786204,10324687,Cà Phê Muối Chú Long - Huỳnh Tấn Phát,26/05/2026 10:00:53,"29,000","5,000",0,0,"5,892",0,"18,108"
1524,26056-351878640,10225895,Cà Phê Muối Chú Long - Cách Mạng Tháng 8,26/05/2026 10:00:52,"58,000","11,600",0,0,"11,391",0,"35,009"
1525,26056-351901267,10225871,Cà Phê Muối Chú Long - Đặng Nguyên Cẩn,26/05/2026 09:58:27,"58,000","11,600",0,0,"11,391",0,"35,009"
1526,26056-351993817,10219545,Cà Phê Muối Chú Long - Nguyễn Huệ,26/05/2026 09:52:47,"58,000","11,600",0,0,"11,391",0,"35,009"
1527,26056-352001925,10292015,Cà Phê Muối Chú Long - Long An,26/05/2026 10:11:37,"29,000","7,250",0,0,"5,340",0,"16,410"
1528,26056-352122044,10235658,Cà Phê Muối Chú Long - Công Trường Quốc Tế,26/05/2026 10:07:21,"312,000","47,368",0,0,"64,967",0,"199,665"
1529,26056-352118458,10405301,Cà Phê Muối Chú Long - 01 Hàng Đậu,26/05/2026 10:29:03,"116,000",0,0,0,"28,478",0,"87,522"
1530,26056-352214510,10292422,Cà Phê Muối Chú Long - Phan Thiết,26/05/2026 09:57:57,"36,000","9,000",0,0,"6,629",0,"20,372"
1531,26056-352355150,10235658,Cà Phê Muối Chú Long - Công Trường Quốc Tế,26/05/2026 10:03:23,"87,000","17,400",0,0,"17,087",0,"52,513"
1532,26056-352398149,10405301,Cà Phê Muối Chú Long - 01 Hàng Đậu,26/05/2026 10:25:14,"29,000",0,0,0,"7,120",0,"21,881"
1533,26056-352550262,10230814,Cà Phê Muối Chú Long - Võ Văn Kiệt,26/05/2026 10:02:31,"54,000","11,000",0,0,"10,557",0,"32,444"
1534,26056-352553878,10395671,Cà Phê Muối Chú Long - 59 Trường Chinh,26/05/2026 10:01:53,"58,000","11,600",0,0,"11,391",0,"35,009"
1535,26056-352818523,10224935,Cà Phê Muối Chú Long - 585 Quang Trung,26/05/2026 10:19:24,"29,000","5,000",0,0,"5,892",0,"18,108"
1536,26056-353213156,10222800,Cà Phê Muối Chú Long - Thành Thái,26/05/2026 10:07:57,"58,000","11,600",0,0,"11,391",0,"35,009"
1537,26056-353361274,10321524,Cà Phê Muối Chú Long - Đội Cấn,26/05/2026 10:25:59,"37,000","5,000",0,0,"7,856",0,"24,144"
1538,26056-353409402,10381892,Cà Phê Muối Chú Long - Phan Văn Trị,26/05/2026 10:06:57,"108,000","19,440",0,0,"21,741",0,"66,819"
1539,26056-353413427,10269971,Cà Phê Muối Chú Long - Cần Thơ,26/05/2026 10:06:44,"30,000","7,500",0,0,"5,524",0,"16,976"
1540,26056-353493680,10296675,Cà Phê Muối Chú Long - Trương Định,26/05/2026 10:12:45,"58,000","11,600",0,0,"11,391",0,"35,009"
1541,26056-353591112,10230417,Cà Phê Muối Chú Long - Lê Văn Sỹ,26/05/2026 10:07:36,"29,000","5,000",0,0,"5,892",0,"18,108"
1542,26056-353831896,10408376,Cà Phê Muối Chú Long - 203 Tôn Đản,26/05/2026 09:57:07,"29,000",0,0,0,"7,120",0,"21,881"
1543,26056-354052565,10321523,Cà Phê Muối Chú Long - Thanh Nhàn,26/05/2026 10:56:12,"116,000","23,200",0,0,"22,782",0,"70,018"
1544,26056-354201928,10350108,Cà Phê Muối Chú Long - Đường Láng,26/05/2026 10:25:32,"54,000","11,000",0,0,"10,557",0,"32,444"
1545,26056-354230145,10358040,Cà Phê Muối Chú Long - Đoàn Thị Điểm,26/05/2026 10:03:17,"60,000","12,000",0,0,"11,784",0,"36,216"
1546,26056-354309762,10340098,Cà Phê Muối Chú Long - Thuận An,26/05/2026 10:17:35,"116,000","23,200",0,0,"22,782",0,"70,018"
1547,26056-354486369,10321437,Cà Phê Muối Chú Long - Tây Ninh,26/05/2026 09:56:45,"58,000",0,0,0,"14,239",0,"43,761"
1548,26056-354750590,10375372,Cà Phê Muối Chú Long - An Dương Vương,26/05/2026 10:05:42,"87,000","17,400",0,0,"17,087",0,"52,513"
1549,26056-355189403,10386890,Cà Phê Muối Chú Long - Nha Trang,26/05/2026 10:08:39,"58,000","11,600",0,0,"11,391",0,"35,009"
1550,26056-355236782,10354891,Cà Phê Muối Chú Long - Trà Vinh,26/05/2026 10:06:20,"44,000","10,000",0,0,"8,347",0,"25,653"
1551,26056-355248013,10225895,Cà Phê Muối Chú Long - Cách Mạng Tháng 8,26/05/2026 10:17:39,"58,000","11,600",0,0,"11,391",0,"35,009"
1552,26056-355346145,10235658,Cà Phê Muối Chú Long - Công Trường Quốc Tế,26/05/2026 10:11:24,"54,000","11,000",0,0,"10,557",0,"32,444"
1553,26056-355428234,10350108,Cà Phê Muối Chú Long - Đường Láng,26/05/2026 10:30:51,"325,000","47,368",0,0,"68,159",0,"209,473"
1554,26056-355668087,10284115,Cà Phê Muối Chú Long - Kha Vạn Cân,26/05/2026 10:13:53,"87,000","17,400",0,0,"17,087",0,"52,513"
1555,26056-355906607,10230171,Cà Phê Muối Chú Long - Bình Long,26/05/2026 10:07:48,"54,000","11,000",0,0,"10,557",0,"32,444"
1556,26056-355912333,10242271,Cà Phê Muối Chú Long - Vũng Tàu,26/05/2026 10:03:06,"51,000","11,000",0,0,"9,820",0,"30,180"
1557,26056-356006625,10235663,Cà Phê Muối Chú Long - Hà Huy Giáp,26/05/2026 10:13:57,"72,000","14,400",0,0,"14,141",0,"43,459"
1558,26056-356115761,10296675,Cà Phê Muối Chú Long - Trương Định,26/05/2026 10:32:30,"54,000","11,000",0,0,"10,557",0,"32,444"
1559,26056-356147064,10235659,Cà Phê Muối Chú Long - Nguyễn Hữu Cảnh,26/05/2026 10:11:59,"58,000","11,600",0,0,"11,391",0,"35,009"
1560,26056-356200431,10225888,Cà Phê Muối Chú Long - Lạc Long Quân,26/05/2026 10:17:38,"100,000","20,000",0,0,"19,640",0,"60,360"
1561,26056-356233416,10358016,Cà Phê Muối Chú Long - Bà Triệu,26/05/2026 10:23:56,"29,000","7,250",0,0,"5,340",0,"16,410"
1562,26056-356296141,10307386,Cà Phê Muối Chú Long - Kiên Giang,26/05/2026 10:06:16,"22,000","5,500",0,0,"4,051",0,"12,449"
1563,26056-356304425,10235658,Cà Phê Muối Chú Long - Công Trường Quốc Tế,26/05/2026 10:15:55,"83,000","16,600",0,0,"16,301",0,"50,099"
1564,26056-356342242,10235663,Cà Phê Muối Chú Long - Hà Huy Giáp,26/05/2026 10:17:07,"29,000","7,250",0,0,"5,340",0,"16,410"
1565,26056-356436213,10375372,Cà Phê Muối Chú Long - An Dương Vương,26/05/2026 10:07:59,"174,000","31,320",0,0,"35,028",0,"107,652"
1566,26056-356611569,10225902,Cà Phê Muối Chú Long - Hậu Giang,26/05/2026 10:07:25,"61,000","12,200",0,0,"11,980",0,"36,820"
1567,26056-356703731,10287867,Cà Phê Muối Chú Long - Classic,26/05/2026 10:07:16,"65,000","13,000",0,0,"12,766",0,"39,234"
1568,26056-356765169,10321524,Cà Phê Muối Chú Long - Đội Cấn,26/05/2026 10:15:44,"116,000","23,200",0,0,"22,782",0,"70,018"
1569,26056-356802270,10225895,Cà Phê Muối Chú Long - Cách Mạng Tháng 8,26/05/2026 10:10:39,"51,000","11,000",0,0,"9,820",0,"30,180"
1570,26056-356932133,10222800,Cà Phê Muối Chú Long - Thành Thái,26/05/2026 10:05:32,"54,000","10,000",0,0,"10,802",0,"33,198"
1571,26056-357118763,10235658,Cà Phê Muối Chú Long - Công Trường Quốc Tế,26/05/2026 10:19:05,"145,000","28,571",0,0,"28,583",0,"87,846"
1572,26056-357192686,10225895,Cà Phê Muối Chú Long - Cách Mạng Tháng 8,26/05/2026 10:10:15,"90,000","18,000",0,0,"17,676",0,"54,324"
1573,26056-357285541,10321523,Cà Phê Muối Chú Long - Thanh Nhàn,26/05/2026 10:38:10,"94,000","18,800",0,0,"18,462",0,"56,738"
1574,26056-357460841,10395671,Cà Phê Muối Chú Long - 59 Trường Chinh,26/05/2026 10:13:24,"29,000","5,000",0,0,"5,892",0,"18,108"
1575,26056-357499570,10235658,Cà Phê Muối Chú Long - Công Trường Quốc Tế,26/05/2026 10:28:25,"51,000","11,000",0,0,"9,820",0,"30,180"
1576,26056-357733094,10298769,Cà Phê Muối Chú Long - Tôn Đức Thắng,26/05/2026 10:49:55,"65,000","13,000",0,0,"12,766",0,"39,234"
1577,26056-357814187,10350108,Cà Phê Muối Chú Long - Đường Láng,26/05/2026 10:24:48,"29,000","5,000",0,0,"5,892",0,"18,108"
1578,26056-357837028,10298769,Cà Phê Muối Chú Long - Tôn Đức Thắng,26/05/2026 10:57:50,"120,000","24,000",0,0,"23,568",0,"72,432"
1579,26056-358281166,10296675,Cà Phê Muối Chú Long - Trương Định,26/05/2026 11:12:13,"51,000","10,000",0,0,"10,066",0,"30,935"
1580,26056-358302838,10222800,Cà Phê Muối Chú Long - Thành Thái,26/05/2026 10:11:32,"330,000","47,368",0,0,"69,386",0,"213,246"
1581,26056-358461166,10340098,Cà Phê Muối Chú Long - Thuận An,26/05/2026 10:13:33,"58,000","11,600",0,0,"11,391",0,"35,009"
1582,26056-358471745,10408376,Cà Phê Muối Chú Long - 203 Tôn Đản,26/05/2026 10:06:33,"112,000",0,0,0,"27,496",0,"84,504"
1583,26056-358645447,10296675,Cà Phê Muối Chú Long - Trương Định,26/05/2026 10:23:02,"22,000","5,000",0,0,"4,174",0,"12,827"
1584,26056-358684452,10235658,Cà Phê Muối Chú Long - Công Trường Quốc Tế,26/05/2026 10:24:26,"66,000","13,200",0,0,"12,962",0,"39,838"
1585,26056-358709438,10321524,Cà Phê Muối Chú Long - Đội Cấn,26/05/2026 10:34:07,"112,000","22,400",0,0,"21,997",0,"67,603"
1586,26056-358718347,10224935,Cà Phê Muối Chú Long - 585 Quang Trung,26/05/2026 10:23:59,"29,000","5,000",0,0,"5,892",0,"18,108"
1587,26056-358779492,10219545,Cà Phê Muối Chú Long - Nguyễn Huệ,26/05/2026 10:24:49,"58,000","11,600",0,0,"11,391",0,"35,009"
1588,26056-358992805,10225902,Cà Phê Muối Chú Long - Hậu Giang,26/05/2026 10:17:36,"130,000","26,000",0,0,"25,532",0,"78,468"
1589,26056-359158981,10354882,Cà Phê Muối Chú Long - Quảng Ngãi,26/05/2026 10:13:25,"29,000","7,250",0,0,"5,340",0,"16,410"
1590,26056-359204493,10225898,Cà Phê Muối Chú Long - Nguyễn Đình Chiểu,26/05/2026 10:14:52,"87,000","17,400",0,0,"17,087",0,"52,513"
1591,26056-359295878,10321523,Cà Phê Muối Chú Long - Thanh Nhàn,26/05/2026 10:21:44,"50,000","11,000",0,0,"9,575",0,"29,426"
1592,26056-359509427,10298769,Cà Phê Muối Chú Long - Tôn Đức Thắng,26/05/2026 10:38:30,"29,000","5,000",0,0,"5,892",0,"18,108"
1593,26056-359654989,10235658,Cà Phê Muối Chú Long - Công Trường Quốc Tế,26/05/2026 10:41:09,"58,000","11,600",0,0,"11,391",0,"35,009"
1594,26056-359745333,10225888,Cà Phê Muối Chú Long - Lạc Long Quân,26/05/2026 10:09:25,"36,000","5,000",0,0,"7,611",0,"23,390"
1595,26056-359747089,10324687,Cà Phê Muối Chú Long - Huỳnh Tấn Phát,26/05/2026 10:48:38,"58,000","11,600",0,0,"11,391",0,"35,009"
1596,26056-359950108,10225898,Cà Phê Muối Chú Long - Nguyễn Đình Chiểu,26/05/2026 10:20:57,"51,000","11,000",0,0,"9,820",0,"30,180"
1597,26056-359958621,10219545,Cà Phê Muối Chú Long - Nguyễn Huệ,26/05/2026 10:14:08,"54,000","11,000",0,0,"10,557",0,"32,444"
1598,26056-359990789,10321524,Cà Phê Muối Chú Long - Đội Cấn,26/05/2026 10:38:18,"54,000","11,000",0,0,"10,557",0,"32,444"
1599,26056-360048563,10230817,Cà Phê Muối Chú Long - Thích Quảng Đức,26/05/2026 10:12:06,"47,000","5,000",0,0,"10,311",0,"31,689"
1600,26056-360143775,10350108,Cà Phê Muối Chú Long - Đường Láng,26/05/2026 10:56:10,"260,000","45,000",0,0,"52,783",0,"162,218"
1601,26056-360255457,10222800,Cà Phê Muối Chú Long - Thành Thái,26/05/2026 10:28:10,"47,000","5,000",0,0,"10,311",0,"31,689"
1602,26056-360292171,10321523,Cà Phê Muối Chú Long - Thanh Nhàn,26/05/2026 10:33:26,"51,000","10,000",0,0,"10,066",0,"30,935"
1603,26056-360367549,10230793,Cà Phê Muối Chú Long - Huỳnh Văn Bánh,26/05/2026 10:16:25,"54,000","11,000",0,0,"10,557",0,"32,444"
1604,26056-360379950,10225888,Cà Phê Muối Chú Long - Lạc Long Quân,26/05/2026 10:23:25,"94,000","18,800",0,0,"18,462",0,"56,738"
1605,26056-360516894,10298769,Cà Phê Muối Chú Long - Tôn Đức Thắng,26/05/2026 10:54:19,"72,000","14,400",0,0,"14,141",0,"43,459"
1606,26056-360675116,10216423,Cà Phê Muối Chú Long - 417 Cộng Hoà,26/05/2026 10:29:38,"29,000","5,000",0,0,"5,892",0,"18,108"
1607,26056-360738128,10230171,Cà Phê Muối Chú Long - Bình Long,26/05/2026 10:28:30,"58,000","11,600",0,0,"11,391",0,"35,009"
1608,26056-360866351,10321523,Cà Phê Muối Chú Long - Thanh Nhàn,26/05/2026 10:30:52,"58,000","11,600",0,0,"11,391",0,"35,009"
1609,26056-360938098,10292422,Cà Phê Muối Chú Long - Phan Thiết,26/05/2026 10:10:24,"58,000","11,600",0,0,"11,391",0,"35,009"
1610,26056-361378843,10242271,Cà Phê Muối Chú Long - Vũng Tàu,26/05/2026 10:19:30,"29,000","5,000",0,0,"5,892",0,"18,108"
1611,26056-361456807,10292422,Cà Phê Muối Chú Long - Phan Thiết,26/05/2026 10:21:01,"29,000","7,250",0,0,"5,340",0,"16,410"
1612,26056-361553228,10216423,Cà Phê Muối Chú Long - 417 Cộng Hoà,26/05/2026 10:37:21,"166,000","29,880",0,0,"33,417",0,"102,703"
1613,26056-361767190,10222800,Cà Phê Muối Chú Long - Thành Thái,26/05/2026 10:21:02,"29,000","5,000",0,0,"5,892",0,"18,108"
1614,26056-361931005,10405301,Cà Phê Muối Chú Long - 01 Hàng Đậu,26/05/2026 10:28:35,"29,000",0,0,0,"7,120",0,"21,881"
1615,26056-361961314,10232123,Cà Phê Muối Chú Long - 17A Ngô Tất Tố,26/05/2026 10:23:31,"51,000","11,000",0,0,"9,820",0,"30,180"
1616,26056-362159398,10230171,Cà Phê Muối Chú Long - Bình Long,26/05/2026 10:25:43,"58,000","11,600",0,0,"11,391",0,"35,009"
1617,26056-362228931,10408376,Cà Phê Muối Chú Long - 203 Tôn Đản,26/05/2026 10:38:17,"72,000",0,0,0,"17,676",0,"54,324"
1618,26056-362298467,10219545,Cà Phê Muối Chú Long - Nguyễn Huệ,26/05/2026 10:18:12,"54,000","11,000",0,0,"10,557",0,"32,444"
1619,26056-362461021,10321524,Cà Phê Muối Chú Long - Đội Cấn,26/05/2026 10:31:28,"132,000","26,400",0,0,"25,925",0,"79,675"
1620,26056-362469705,10287867,Cà Phê Muối Chú Long - Classic,26/05/2026 10:31:28,"96,000","19,200",0,0,"18,854",0,"57,946"
1621,26056-362478789,10321439,Cà Phê Muối Chú Long - Vĩnh Long,26/05/2026 10:27:14,"22,000","5,500",0,0,"4,051",0,"12,449"
1622,26056-362517374,10230292,Cà Phê Muối Chú Long - Lê Văn Việt,26/05/2026 10:51:36,"149,000","28,571",0,0,"29,565",0,"90,864"
1623,26056-362607725,10321523,Cà Phê Muối Chú Long - Thanh Nhàn,26/05/2026 10:48:55,"87,000","17,400",0,0,"17,087",0,"52,513"
1624,26056-362729669,10298769,Cà Phê Muối Chú Long - Tôn Đức Thắng,26/05/2026 10:31:06,"95,000","19,000",0,0,"18,658",0,"57,342"
1625,26056-362832871,10324687,Cà Phê Muối Chú Long - Huỳnh Tấn Phát,26/05/2026 10:25:50,"58,000","11,600",0,0,"11,391",0,"35,009"
1626,26056-362876669,10235663,Cà Phê Muối Chú Long - Hà Huy Giáp,26/05/2026 10:16:50,"44,000","10,000",0,0,"8,347",0,"25,653"
1627,26056-363013050,10407619,Cà Phê Muối Chú Long - 117 Lò Đúc,26/05/2026 10:39:28,"66,000",0,0,0,"16,203",0,"49,797"
1628,26056-363276417,10225898,Cà Phê Muối Chú Long - Nguyễn Đình Chiểu,26/05/2026 10:15:49,"22,000","5,000",0,0,"4,174",0,"12,827"
1629,26056-363314032,10225888,Cà Phê Muối Chú Long - Lạc Long Quân,26/05/2026 10:18:14,"58,000","11,600",0,0,"11,391",0,"35,009"
1630,26056-363768455,10216423,Cà Phê Muối Chú Long - 417 Cộng Hoà,26/05/2026 10:32:00,"29,000","5,000",0,0,"5,892",0,"18,108"
1631,26056-364078487,10222800,Cà Phê Muối Chú Long - Thành Thái,26/05/2026 10:17:17,"83,000","16,600",0,0,"16,301",0,"50,099"
1632,26056-364176899,10321523,Cà Phê Muối Chú Long - Thanh Nhàn,26/05/2026 10:35:20,"166,000","29,880",0,0,"33,417",0,"102,703"
1633,26056-364379872,10242271,Cà Phê Muối Chú Long - Vũng Tàu,26/05/2026 10:38:28,"266,000",0,0,0,"65,303",0,"200,697"
1634,26056-364875242,10292422,Cà Phê Muối Chú Long - Phan Thiết,26/05/2026 10:21:16,"29,000","7,250",0,0,"5,340",0,"16,410"
1635,26056-365190965,10225871,Cà Phê Muối Chú Long - Đặng Nguyên Cẩn,26/05/2026 10:26:27,"87,000","17,400",0,0,"17,087",0,"52,513"
1636,26056-365201017,10230292,Cà Phê Muối Chú Long - Lê Văn Việt,26/05/2026 10:34:11,"101,000","20,200",0,0,"19,836",0,"60,964"
1637,26056-365204759,10375372,Cà Phê Muối Chú Long - An Dương Vương,26/05/2026 10:25:19,"58,000","11,600",0,0,"11,391",0,"35,009"
1638,26056-365221273,10350108,Cà Phê Muối Chú Long - Đường Láng,26/05/2026 10:41:14,"22,000","5,000",0,0,"4,174",0,"12,827"
1639,26056-365406734,10298769,Cà Phê Muối Chú Long - Tôn Đức Thắng,26/05/2026 10:46:36,"88,000","15,000",0,0,"17,922",0,"55,079"
1640,26056-365523959,10298769,Cà Phê Muối Chú Long - Tôn Đức Thắng,26/05/2026 10:45:44,"109,000","21,800",0,0,"21,408",0,"65,792"
1641,26056-365537770,10225898,Cà Phê Muối Chú Long - Nguyễn Đình Chiểu,26/05/2026 10:34:16,"58,000","11,600",0,0,"11,391",0,"35,009"
1642,26056-365637956,10225895,Cà Phê Muối Chú Long - Cách Mạng Tháng 8,26/05/2026 10:25:03,"58,000","11,600",0,0,"11,391",0,"35,009"
1643,26056-365746121,10321524,Cà Phê Muối Chú Long - Đội Cấn,26/05/2026 10:32:31,"79,000","15,800",0,0,"15,516",0,"47,684"
1644,26056-365757882,10230814,Cà Phê Muối Chú Long - Võ Văn Kiệt,26/05/2026 10:36:34,"112,000","22,400",0,0,"21,997",0,"67,603"
1645,26056-365798648,10321524,Cà Phê Muối Chú Long - Đội Cấn,26/05/2026 10:45:40,"58,000","11,600",0,0,"11,391",0,"35,009"
1646,26056-365831999,10230814,Cà Phê Muối Chú Long - Võ Văn Kiệt,26/05/2026 10:29:05,"58,000","11,600",0,0,"11,391",0,"35,009"
1647,26056-365909675,10321523,Cà Phê Muối Chú Long - Thanh Nhàn,26/05/2026 10:55:07,"88,000","17,600",0,0,"17,283",0,"53,117"
1648,26056-365918817,10224935,Cà Phê Muối Chú Long - 585 Quang Trung,26/05/2026 10:33:03,"66,000","13,200",0,0,"12,962",0,"39,838"
1649,26056-366050138,10298769,Cà Phê Muối Chú Long - Tôn Đức Thắng,26/05/2026 10:40:24,"122,000","24,400",0,0,"23,961",0,"73,639"
1650,26056-366141098,10350108,Cà Phê Muối Chú Long - Đường Láng,26/05/2026 11:03:27,"159,000","28,620",0,0,"32,008",0,"98,372"
1651,26056-366182820,10321523,Cà Phê Muối Chú Long - Thanh Nhàn,26/05/2026 10:31:11,"87,000","17,400",0,0,"17,087",0,"52,513"
1652,26056-366300686,10235658,Cà Phê Muối Chú Long - Công Trường Quốc Tế,26/05/2026 10:34:17,"22,000","5,000",0,0,"4,174",0,"12,827"
1653,26056-366367824,10321523,Cà Phê Muối Chú Long - Thanh Nhàn,26/05/2026 10:45:21,"47,000","5,000",0,0,"10,311",0,"31,689"
1654,26056-366395058,10219545,Cà Phê Muối Chú Long - Nguyễn Huệ,26/05/2026 10:24:33,"51,000","11,000",0,0,"9,820",0,"30,180"
1655,26056-366798066,10230793,Cà Phê Muối Chú Long - Huỳnh Văn Bánh,26/05/2026 10:35:01,"58,000","11,600",0,0,"11,391",0,"35,009"
1656,26056-366829625,10296675,Cà Phê Muối Chú Long - Trương Định,26/05/2026 10:55:29,"65,000","13,000",0,0,"12,766",0,"39,234"
1657,26056-366953510,10321524,Cà Phê Muối Chú Long - Đội Cấn,26/05/2026 10:38:04,"122,000","24,400",0,0,"23,961",0,"73,639"
1658,26056-367151324,10407619,Cà Phê Muối Chú Long - 117 Lò Đúc,26/05/2026 10:46:52,"58,000",0,0,0,"14,239",0,"43,761"
1659,26056-367306406,10235658,Cà Phê Muối Chú Long - Công Trường Quốc Tế,26/05/2026 10:30:25,"54,000","11,000",0,0,"10,557",0,"32,444"
1660,26056-367685358,10287867,Cà Phê Muối Chú Long - Classic,26/05/2026 11:04:15,"90,000","18,000",0,0,"17,676",0,"54,324"
1661,26056-367721250,10225898,Cà Phê Muối Chú Long - Nguyễn Đình Chiểu,26/05/2026 10:31:01,"80,000","16,000",0,0,"15,712",0,"48,288"
1662,26056-367757643,10350108,Cà Phê Muối Chú Long - Đường Láng,26/05/2026 11:38:27,"102,000","20,400",0,0,"20,033",0,"61,567"
1663,26056-367765845,10225888,Cà Phê Muối Chú Long - Lạc Long Quân,26/05/2026 10:30:27,"65,000","13,000",0,0,"12,766",0,"39,234"
1664,26056-367966463,10395671,Cà Phê Muối Chú Long - 59 Trường Chinh,26/05/2026 10:31:32,"66,000","13,200",0,0,"12,962",0,"39,838"
1665,26056-368183409,10381892,Cà Phê Muối Chú Long - Phan Văn Trị,26/05/2026 10:33:30,"87,000","17,400",0,0,"17,087",0,"52,513"
1666,26056-368410296,10225898,Cà Phê Muối Chú Long - Nguyễn Đình Chiểu,26/05/2026 10:20:41,"29,000","5,000",0,0,"5,892",0,"18,108"
1667,26056-368732954,10269971,Cà Phê Muối Chú Long - Cần Thơ,26/05/2026 10:26:59,"29,000","7,250",0,0,"5,340",0,"16,410"
1668,26056-368771351,10324687,Cà Phê Muối Chú Long - Huỳnh Tấn Phát,26/05/2026 10:29:42,"29,000","5,000",0,0,"5,892",0,"18,108"
1669,26056-368826332,10230399,Cà Phê Muối Chú Long - Tân Kỳ Tân Quý,26/05/2026 10:44:19,"58,000","11,600",0,0,"11,391",0,"35,009"
1670,26056-368975389,10225885,Cà Phê Muối Chú Long - Ngô Tất Tố,26/05/2026 10:42:41,"83,000","16,600",0,0,"16,301",0,"50,099"
1671,26056-368979769,10321524,Cà Phê Muối Chú Long - Đội Cấn,26/05/2026 10:43:43,"84,000","16,800",0,0,"16,498",0,"50,702"
1672,26056-369233191,10219545,Cà Phê Muối Chú Long - Nguyễn Huệ,26/05/2026 10:54:48,"74,000","14,800",0,0,"14,534",0,"44,666"
1673,26056-369392124,10224935,Cà Phê Muối Chú Long - 585 Quang Trung,26/05/2026 10:52:23,"120,000","24,000",0,0,"23,568",0,"72,432"
1674,26056-369506123,10269971,Cà Phê Muối Chú Long - Cần Thơ,26/05/2026 10:35:26,"87,000","17,400",0,0,"17,087",0,"52,513"
1675,26056-369501995,10287867,Cà Phê Muối Chú Long - Classic,26/05/2026 10:30:39,"30,000","5,000",0,0,"6,138",0,"18,863"
1676,26056-369599183,10405301,Cà Phê Muối Chú Long - 01 Hàng Đậu,26/05/2026 10:29:26,"72,000",0,0,0,"17,676",0,"54,324"
1677,26056-369631537,10230417,Cà Phê Muối Chú Long - Lê Văn Sỹ,26/05/2026 10:39:39,"22,000","5,000",0,0,"4,174",0,"12,827"
1678,26056-369631982,10230814,Cà Phê Muối Chú Long - Võ Văn Kiệt,26/05/2026 10:31:48,"58,000","11,600",0,0,"11,391",0,"35,009"
1679,26056-369800873,10219545,Cà Phê Muối Chú Long - Nguyễn Huệ,26/05/2026 10:34:38,"58,000","11,600",0,0,"11,391",0,"35,009"
1680,26056-369827005,10298769,Cà Phê Muối Chú Long - Tôn Đức Thắng,26/05/2026 10:53:53,"75,000","15,000",0,0,"14,730",0,"45,270"
1681,26056-369874713,10219545,Cà Phê Muối Chú Long - Nguyễn Huệ,26/05/2026 10:22:56,"58,000","11,600",0,0,"11,391",0,"35,009"
1682,26056-369922163,10230814,Cà Phê Muối Chú Long - Võ Văn Kiệt,26/05/2026 10:40:37,"54,000","11,000",0,0,"10,557",0,"32,444"
1683,26056-369965458,10321523,Cà Phê Muối Chú Long - Thanh Nhàn,26/05/2026 10:53:15,"261,000","46,980",0,0,"52,542",0,"161,478"
1684,26056-370347631,10230399,Cà Phê Muối Chú Long - Tân Kỳ Tân Quý,26/05/2026 10:27:28,"87,000","17,400",0,0,"17,087",0,"52,513"
1685,26056-370458830,10230399,Cà Phê Muối Chú Long - Tân Kỳ Tân Quý,26/05/2026 10:32:41,"72,000","14,400",0,0,"14,141",0,"43,459"
1686,26056-370504307,10225902,Cà Phê Muối Chú Long - Hậu Giang,26/05/2026 10:36:11,"29,000","5,000",0,0,"5,892",0,"18,108"
1687,26056-370691110,10321523,Cà Phê Muối Chú Long - Thanh Nhàn,26/05/2026 10:47:16,"65,000","13,000",0,0,"12,766",0,"39,234"
1688,26056-371054734,10296675,Cà Phê Muối Chú Long - Trương Định,26/05/2026 10:51:42,"22,000","5,000",0,0,"4,174",0,"12,827"
1689,26056-371202938,10216423,Cà Phê Muối Chú Long - 417 Cộng Hoà,26/05/2026 10:32:50,"189,000","34,020",0,0,"38,048",0,"116,932"
1690,26056-371228438,10321524,Cà Phê Muối Chú Long - Đội Cấn,26/05/2026 10:45:49,"29,000","5,000",0,0,"5,892",0,"18,108"
1691,26056-371311165,10225898,Cà Phê Muối Chú Long - Nguyễn Đình Chiểu,26/05/2026 10:35:46,"87,000","17,400",0,0,"17,087",0,"52,513"
1692,26056-371569644,10386890,Cà Phê Muối Chú Long - Nha Trang,26/05/2026 10:33:41,"58,000","11,600",0,0,"11,391",0,"35,009"
1693,26056-371686689,10235663,Cà Phê Muối Chú Long - Hà Huy Giáp,26/05/2026 10:29:30,"72,000","14,400",0,0,"14,141",0,"43,459"
1694,26056-371848279,10230814,Cà Phê Muối Chú Long - Võ Văn Kiệt,26/05/2026 10:45:52,"54,000","11,000",0,0,"10,557",0,"32,444"
1695,26056-371884676,10321524,Cà Phê Muối Chú Long - Đội Cấn,26/05/2026 11:13:52,"152,000","28,571",0,0,"30,302",0,"93,127"
1696,26056-371922396,10321524,Cà Phê Muối Chú Long - Đội Cấn,26/05/2026 11:05:03,"37,000","5,000",0,0,"7,856",0,"24,144"
1697,26056-372068359,10216423,Cà Phê Muối Chú Long - 417 Cộng Hoà,26/05/2026 11:01:26,"80,000","16,000",0,0,"15,712",0,"48,288"
1698,26056-372162324,10225898,Cà Phê Muối Chú Long - Nguyễn Đình Chiểu,26/05/2026 10:29:09,"44,000","5,000",0,0,"9,575",0,"29,426"
1699,26056-372165009,10321523,Cà Phê Muối Chú Long - Thanh Nhàn,26/05/2026 11:05:38,"58,000","11,600",0,0,"11,391",0,"35,009"
1700,26056-372268741,10230171,Cà Phê Muối Chú Long - Bình Long,26/05/2026 10:46:56,"58,000","11,600",0,0,"11,391",0,"35,009"
1701,26056-372318024,10225885,Cà Phê Muối Chú Long - Ngô Tất Tố,26/05/2026 10:43:23,"76,000","15,200",0,0,"14,926",0,"45,874"
1702,26056-372325158,10324687,Cà Phê Muối Chú Long - Huỳnh Tấn Phát,26/05/2026 10:33:07,"76,000","15,200",0,0,"14,926",0,"45,874"
1703,26056-372700806,10405301,Cà Phê Muối Chú Long - 01 Hàng Đậu,26/05/2026 10:44:33,"58,000",0,0,0,"14,239",0,"43,761"
1704,26056-372790404,10280033,Cà Phê Muối Chú Long - Bà Rịa,26/05/2026 11:54:51,"33,000",0,0,0,"8,102",0,"24,899"
1705,26056-372816573,10230417,Cà Phê Muối Chú Long - Lê Văn Sỹ,26/05/2026 10:42:24,"58,000","11,600",0,0,"11,391",0,"35,009"
1706,26056-373177838,10230171,Cà Phê Muối Chú Long - Bình Long,26/05/2026 10:53:12,"29,000","5,000",0,0,"5,892",0,"18,108"
1707,26056-373196114,10230793,Cà Phê Muối Chú Long - Huỳnh Văn Bánh,26/05/2026 10:43:29,"87,000","17,400",0,0,"17,087",0,"52,513"
1708,26056-373605405,10216423,Cà Phê Muối Chú Long - 417 Cộng Hoà,26/05/2026 10:36:49,"51,000","11,000",0,0,"9,820",0,"30,180"
1709,26056-373632620,10405301,Cà Phê Muối Chú Long - 01 Hàng Đậu,26/05/2026 10:59:48,"87,000",0,0,0,"21,359",0,"65,642"
1710,26056-373632119,10225898,Cà Phê Muối Chú Long - Nguyễn Đình Chiểu,26/05/2026 10:49:42,"29,000","5,000",0,0,"5,892",0,"18,108"
1711,26056-374100926,10296675,Cà Phê Muối Chú Long - Trương Định,26/05/2026 11:15:38,"51,000","11,000",0,0,"9,820",0,"30,180"
1712,26056-374125116,10354882,Cà Phê Muối Chú Long - Quảng Ngãi,26/05/2026 10:35:29,"29,000","7,250",0,0,"5,340",0,"16,410"
1713,26056-374318755,10235659,Cà Phê Muối Chú Long - Nguyễn Hữu Cảnh,26/05/2026 10:37:52,"105,000","21,000",0,0,"20,622",0,"63,378"
1714,26056-374323195,10230292,Cà Phê Muối Chú Long - Lê Văn Việt,26/05/2026 10:42:13,"126,000","25,200",0,0,"24,746",0,"76,054"
1715,26056-374349024,10242271,Cà Phê Muối Chú Long - Vũng Tàu,26/05/2026 10:57:26,"51,000","11,000",0,0,"9,820",0,"30,180"
1716,26056-374386625,10321523,Cà Phê Muối Chú Long - Thanh Nhàn,26/05/2026 11:02:41,"116,000","23,200",0,0,"22,782",0,"70,018"
1717,26056-374500196,10298824,Cà Phê Muối Chú Long - Hoàng Diệu,26/05/2026 10:56:32,"58,000","11,600",0,0,"11,391",0,"35,009"
1718,26056-374550224,10224935,Cà Phê Muối Chú Long - 585 Quang Trung,26/05/2026 11:11:32,"58,000","11,600",0,0,"11,391",0,"35,009"
1719,26056-374572136,10219545,Cà Phê Muối Chú Long - Nguyễn Huệ,26/05/2026 10:43:49,"58,000",0,0,0,"14,239",0,"43,761"
1720,26056-374573543,10292015,Cà Phê Muối Chú Long - Long An,26/05/2026 10:31:50,"29,000","7,250",0,0,"5,340",0,"16,410"
1721,26056-374665874,10225898,Cà Phê Muối Chú Long - Nguyễn Đình Chiểu,26/05/2026 10:40:53,"87,000","17,400",0,0,"17,087",0,"52,513"
1722,26056-374766756,10222800,Cà Phê Muối Chú Long - Thành Thái,26/05/2026 10:46:01,"87,000","17,400",0,0,"17,087",0,"52,513"
1723,26056-375076287,10321524,Cà Phê Muối Chú Long - Đội Cấn,26/05/2026 11:10:48,"54,000","11,000",0,0,"10,557",0,"32,444"
1724,26056-375134049,10230292,Cà Phê Muối Chú Long - Lê Văn Việt,26/05/2026 10:44:29,"22,000","5,000",0,0,"4,174",0,"12,827"
1725,26056-375234827,10235658,Cà Phê Muối Chú Long - Công Trường Quốc Tế,26/05/2026 10:47:08,"29,000","5,000",0,0,"5,892",0,"18,108"
1726,26056-375398636,10219545,Cà Phê Muối Chú Long - Nguyễn Huệ,26/05/2026 10:36:21,"124,000","24,800",0,0,"24,354",0,"74,846"
1727,26056-375670051,10292422,Cà Phê Muối Chú Long - Phan Thiết,26/05/2026 10:45:10,"87,000","17,400",0,0,"17,087",0,"52,513"
1728,26056-375727625,10296675,Cà Phê Muối Chú Long - Trương Định,26/05/2026 10:43:57,"29,000","5,000",0,0,"5,892",0,"18,108"
1729,26056-375768199,10230292,Cà Phê Muối Chú Long - Lê Văn Việt,26/05/2026 10:48:38,"73,000","14,600",0,0,"14,337",0,"44,063"
1730,26056-375797869,10298824,Cà Phê Muối Chú Long - Hoàng Diệu,26/05/2026 11:06:42,"29,000","7,250",0,0,"5,340",0,"16,410"
1731,26056-375840355,10298769,Cà Phê Muối Chú Long - Tôn Đức Thắng,26/05/2026 10:50:22,"141,000","28,200",0,0,"27,692",0,"85,108"
1732,26056-375962778,10298769,Cà Phê Muối Chú Long - Tôn Đức Thắng,26/05/2026 10:44:06,"109,000","21,800",0,0,"21,408",0,"65,792"
1733,26056-376173255,10235663,Cà Phê Muối Chú Long - Hà Huy Giáp,26/05/2026 10:53:33,"36,000","9,000",0,0,"6,629",0,"20,372"
1734,26056-376187881,10296675,Cà Phê Muối Chú Long - Trương Định,26/05/2026 11:01:41,"181,000","32,580",0,0,"36,437",0,"111,983"
1735,26056-376227861,10225888,Cà Phê Muối Chú Long - Lạc Long Quân,26/05/2026 10:37:44,"58,000",0,0,0,"14,239",0,"43,761"
1736,26056-376413829,10222800,Cà Phê Muối Chú Long - Thành Thái,26/05/2026 10:49:04,"59,000","11,800",0,0,"11,588",0,"35,612"
1737,26056-376440500,10321524,Cà Phê Muối Chú Long - Đội Cấn,26/05/2026 10:42:33,"98,000","19,600",0,0,"19,247",0,"59,153"
1738,26056-376604289,10224935,Cà Phê Muối Chú Long - 585 Quang Trung,26/05/2026 10:54:13,"66,000","13,200",0,0,"12,962",0,"39,838"
1739,26056-376810202,10397657,Cà Phê Muối Chú Long - 368 Lê Đức Thọ,26/05/2026 10:44:59,"54,000","10,000",0,0,"10,802",0,"33,198"
1740,26056-376977783,10225898,Cà Phê Muối Chú Long - Nguyễn Đình Chiểu,26/05/2026 10:47:11,"58,000","11,600",0,0,"11,391",0,"35,009"
1741,26056-377045388,10386890,Cà Phê Muối Chú Long - Nha Trang,26/05/2026 11:07:55,"54,000","10,000",0,0,"10,802",0,"33,198"
1742,26056-377146348,10395671,Cà Phê Muối Chú Long - 59 Trường Chinh,26/05/2026 10:43:47,"51,000","10,000",0,0,"10,066",0,"30,935"
1743,26056-377345655,10230399,Cà Phê Muối Chú Long - Tân Kỳ Tân Quý,26/05/2026 10:58:05,"101,000","20,200",0,0,"19,836",0,"60,964"
1744,26056-377648813,10321524,Cà Phê Muối Chú Long - Đội Cấn,26/05/2026 10:45:00,"51,000","11,000",0,0,"9,820",0,"30,180"
1745,26056-377994853,10321524,Cà Phê Muối Chú Long - Đội Cấn,26/05/2026 11:09:04,"66,000","13,200",0,0,"12,962",0,"39,838"
1746,26056-378034822,10405301,Cà Phê Muối Chú Long - 01 Hàng Đậu,26/05/2026 10:41:34,"105,000",0,0,0,"25,778",0,"79,223"
1747,26056-378088030,10216423,Cà Phê Muối Chú Long - 417 Cộng Hoà,26/05/2026 10:42:28,"58,000","11,600",0,0,"11,391",0,"35,009"
1748,26056-378400526,10222800,Cà Phê Muối Chú Long - Thành Thái,26/05/2026 10:49:55,"87,000","17,400",0,0,"17,087",0,"52,513"
1749,26056-378502971,10321523,Cà Phê Muối Chú Long - Thanh Nhàn,26/05/2026 11:17:59,"148,000","28,571",0,0,"29,320",0,"90,109"
1750,26056-378690158,10224935,Cà Phê Muối Chú Long - 585 Quang Trung,26/05/2026 10:49:33,"87,000","17,400",0,0,"17,087",0,"52,513"
1751,26056-378892831,10224935,Cà Phê Muối Chú Long - 585 Quang Trung,26/05/2026 10:42:31,"58,000","11,600",0,0,"11,391",0,"35,009"
1752,26056-378932805,10230171,Cà Phê Muối Chú Long - Bình Long,26/05/2026 10:54:32,"58,000","11,600",0,0,"11,391",0,"35,009"
1753,26056-379046532,10381983,Cà Phê Muối Chú Long - Bạch Đằng,26/05/2026 11:14:23,"123,000",0,0,0,"30,197",0,"92,804"
1754,26056-379063760,10230399,Cà Phê Muối Chú Long - Tân Kỳ Tân Quý,26/05/2026 10:46:27,"25,000","5,000",0,0,"4,910",0,"15,090"
1755,26056-379071425,10235658,Cà Phê Muối Chú Long - Công Trường Quốc Tế,26/05/2026 10:56:45,"51,000","11,000",0,0,"9,820",0,"30,180"
1756,26056-379306869,10225888,Cà Phê Muối Chú Long - Lạc Long Quân,26/05/2026 10:42:32,"29,000","5,000",0,0,"5,892",0,"18,108"
1757,26056-379740350,10224935,Cà Phê Muối Chú Long - 585 Quang Trung,26/05/2026 10:43:36,"116,000","23,200",0,0,"22,782",0,"70,018"
1758,26056-380206110,10287867,Cà Phê Muối Chú Long - Classic,26/05/2026 11:00:18,"30,000","5,000",0,0,"6,138",0,"18,863"
1759,26056-380328876,10321523,Cà Phê Muối Chú Long - Thanh Nhàn,26/05/2026 10:48:34,"75,000","15,000",0,0,"14,730",0,"45,270"
1760,26056-380349432,10321524,Cà Phê Muối Chú Long - Đội Cấn,26/05/2026 11:00:18,"105,000","21,000",0,0,"20,622",0,"63,378"
1761,26056-380495609,10232123,Cà Phê Muối Chú Long - 17A Ngô Tất Tố,26/05/2026 11:08:45,"29,000","5,000",0,0,"5,892",0,"18,108"
1762,26056-380515308,10285817,Cà Phê Muối Chú Long - 1349 Cách Mạng Tháng 8,26/05/2026 10:44:48,"29,000","7,250",0,0,"5,340",0,"16,410"
1763,26056-380628820,10235663,Cà Phê Muối Chú Long - Hà Huy Giáp,26/05/2026 11:01:20,"138,000","27,600",0,0,"27,103",0,"83,297"
1764,26056-380718897,10296675,Cà Phê Muối Chú Long - Trương Định,26/05/2026 10:56:49,"58,000","11,600",0,0,"11,391",0,"35,009"
1765,26056-380776008,10298769,Cà Phê Muối Chú Long - Tôn Đức Thắng,26/05/2026 11:11:30,"145,000","28,571",0,0,"28,583",0,"87,846"
1766,26056-380897845,10222800,Cà Phê Muối Chú Long - Thành Thái,26/05/2026 10:57:25,"120,000","24,000",0,0,"23,568",0,"72,432"
1767,26056-381054060,10307386,Cà Phê Muối Chú Long - Kiên Giang,26/05/2026 11:00:30,"29,000","7,250",0,0,"5,340",0,"16,410"
1768,26056-381092246,10224935,Cà Phê Muối Chú Long - 585 Quang Trung,26/05/2026 10:51:57,"58,000","11,600",0,0,"11,391",0,"35,009"
1769,26056-381681274,10395671,Cà Phê Muối Chú Long - 59 Trường Chinh,26/05/2026 11:11:35,"51,000","10,000",0,0,"10,066",0,"30,935"
1770,26056-381683622,10235663,Cà Phê Muối Chú Long - Hà Huy Giáp,26/05/2026 10:56:41,"52,000","11,000",0,0,"10,066",0,"30,935"
1771,26056-381773325,10230417,Cà Phê Muối Chú Long - Lê Văn Sỹ,26/05/2026 10:43:39,"58,000","11,600",0,0,"11,391",0,"35,009"
1772,26056-382102501,10235658,Cà Phê Muối Chú Long - Công Trường Quốc Tế,26/05/2026 10:49:38,"58,000","11,600",0,0,"11,391",0,"35,009"
1773,26056-382294780,10225898,Cà Phê Muối Chú Long - Nguyễn Đình Chiểu,26/05/2026 10:51:43,"87,000","17,400",0,0,"17,087",0,"52,513"
1774,26056-382358126,10230814,Cà Phê Muối Chú Long - Võ Văn Kiệt,26/05/2026 10:55:59,"58,000","11,600",0,0,"11,391",0,"35,009"
1775,26056-382576459,10219545,Cà Phê Muối Chú Long - Nguyễn Huệ,26/05/2026 11:32:41,"87,000","17,400",0,0,"17,087",0,"52,513"
1776,26056-383008013,10292422,Cà Phê Muối Chú Long - Phan Thiết,26/05/2026 10:49:23,"58,000","11,600",0,0,"11,391",0,"35,009"
1777,26056-383291728,10235663,Cà Phê Muối Chú Long - Hà Huy Giáp,26/05/2026 11:03:29,"33,000","8,250",0,0,"6,076",0,"18,674"
1778,26056-383388005,10375372,Cà Phê Muối Chú Long - An Dương Vương,26/05/2026 11:07:27,"87,000","17,400",0,0,"17,087",0,"52,513"
1779,26056-383456341,10405301,Cà Phê Muối Chú Long - 01 Hàng Đậu,26/05/2026 10:56:51,"22,000",0,0,0,"5,401",0,"16,599"
1780,26056-384117056,10222800,Cà Phê Muối Chú Long - Thành Thái,26/05/2026 11:01:37,"29,000","5,000",0,0,"5,892",0,"18,108"
1781,26056-384246383,10381983,Cà Phê Muối Chú Long - Bạch Đằng,26/05/2026 10:55:38,"116,000",0,0,0,"28,478",0,"87,522"
1782,26056-384506762,10225898,Cà Phê Muối Chú Long - Nguyễn Đình Chiểu,26/05/2026 11:04:00,"83,000","16,600",0,0,"16,301",0,"50,099"
1783,26056-384558191,10330437,Cà Phê Muối Chú Long - Trần Hưng Đạo,26/05/2026 10:55:12,"29,000","7,250",0,0,"5,340",0,"16,410"
1784,26056-384573158,10230417,Cà Phê Muối Chú Long - Lê Văn Sỹ,26/05/2026 11:02:45,"108,000","21,600",0,0,"21,211",0,"65,189"
1785,26056-384754363,10321523,Cà Phê Muối Chú Long - Thanh Nhàn,26/05/2026 11:02:39,"87,000","17,400",0,0,"17,087",0,"52,513"
1786,26056-385036932,10230171,Cà Phê Muối Chú Long - Bình Long,26/05/2026 11:00:00,"58,000","11,600",0,0,"11,391",0,"35,009"
1787,26056-385420910,10321523,Cà Phê Muối Chú Long - Thanh Nhàn,26/05/2026 11:04:03,"116,000","23,200",0,0,"22,782",0,"70,018"
1788,26056-385868615,10230399,Cà Phê Muối Chú Long - Tân Kỳ Tân Quý,26/05/2026 11:11:08,"22,000","5,000",0,0,"4,174",0,"12,827"
1789,26056-386168339,10381892,Cà Phê Muối Chú Long - Phan Văn Trị,26/05/2026 11:14:32,"98,000","19,600",0,0,"19,247",0,"59,153"
1790,26056-386676994,10224935,Cà Phê Muối Chú Long - 585 Quang Trung,26/05/2026 11:12:53,"58,000","11,600",0,0,"11,391",0,"35,009"
1791,26056-387218967,10225898,Cà Phê Muối Chú Long - Nguyễn Đình Chiểu,26/05/2026 11:09:24,"44,000","5,000",0,0,"9,575",0,"29,426"
1792,26056-387396451,10219545,Cà Phê Muối Chú Long - Nguyễn Huệ,26/05/2026 11:14:20,"87,000","17,400",0,0,"17,087",0,"52,513"
1793,26056-387597820,10298769,Cà Phê Muối Chú Long - Tôn Đức Thắng,26/05/2026 11:38:11,"77,000","15,400",0,0,"15,123",0,"46,477"
1794,26056-387737172,10230171,Cà Phê Muối Chú Long - Bình Long,26/05/2026 11:13:29,"116,000","23,200",0,0,"22,782",0,"70,018"
1795,26056-387750775,10397657,Cà Phê Muối Chú Long - 368 Lê Đức Thọ,26/05/2026 11:09:16,"58,000","11,600",0,0,"11,391",0,"35,009"
1796,26056-387798419,10321523,Cà Phê Muối Chú Long - Thanh Nhàn,26/05/2026 11:42:11,"54,000","11,000",0,0,"10,557",0,"32,444"
1797,26056-387903260,10296675,Cà Phê Muối Chú Long - Trương Định,26/05/2026 11:17:33,"91,000","18,200",0,0,"17,872",0,"54,928"
1798,26056-388046015,10224935,Cà Phê Muối Chú Long - 585 Quang Trung,26/05/2026 11:12:10,"130,000","26,000",0,0,"25,532",0,"78,468"
1799,26056-388268180,10321524,Cà Phê Muối Chú Long - Đội Cấn,26/05/2026 11:11:35,"54,000","10,000",0,0,"10,802",0,"33,198"
1800,26056-388657918,10269971,Cà Phê Muối Chú Long - Cần Thơ,26/05/2026 11:28:41,"112,000","22,400",0,0,"21,997",0,"67,603"
1801,26056-388745043,10298769,Cà Phê Muối Chú Long - Tôn Đức Thắng,26/05/2026 11:33:51,"36,000","5,000",0,0,"7,611",0,"23,390"
1802,26056-389132084,10242271,Cà Phê Muối Chú Long - Vũng Tàu,26/05/2026 10:55:32,"87,000","17,400",0,0,"17,087",0,"52,513"
1803,26056-389595141,10224935,Cà Phê Muối Chú Long - 585 Quang Trung,26/05/2026 11:12:22,"29,000","5,000",0,0,"5,892",0,"18,108"
1804,26056-389684271,10230417,Cà Phê Muối Chú Long - Lê Văn Sỹ,26/05/2026 11:14:32,"25,000","5,000",0,0,"4,910",0,"15,090"
1805,26056-389841529,10298769,Cà Phê Muối Chú Long - Tôn Đức Thắng,26/05/2026 11:39:21,"263,000","47,340",0,0,"52,945",0,"162,715"
1806,26056-389943847,10298769,Cà Phê Muối Chú Long - Tôn Đức Thắng,26/05/2026 11:33:34,"257,000","45,000",0,0,"52,046",0,"159,954"
1807,26056-390271888,10298769,Cà Phê Muối Chú Long - Tôn Đức Thắng,26/05/2026 11:42:16,"58,000","11,600",0,0,"11,391",0,"35,009"
1808,26056-390404241,10287840,Cà Phê Muối Chú Long - Long Xuyên,26/05/2026 11:11:21,"44,000","10,000",0,0,"8,347",0,"25,653"
1809,26056-390440227,10298769,Cà Phê Muối Chú Long - Tôn Đức Thắng,26/05/2026 12:31:42,"58,000","10,000",0,0,"11,784",0,"36,216"
1810,26056-390822224,10375372,Cà Phê Muối Chú Long - An Dương Vương,26/05/2026 11:00:46,"29,000","5,000",0,0,"5,892",0,"18,108"
1811,26056-391287111,10219545,Cà Phê Muối Chú Long - Nguyễn Huệ,26/05/2026 11:03:14,"116,000","23,200",0,0,"22,782",0,"70,018"
1812,26056-391399962,10225902,Cà Phê Muối Chú Long - Hậu Giang,26/05/2026 11:09:54,"54,000","11,000",0,0,"10,557",0,"32,444"
1813,26056-391910215,10235659,Cà Phê Muối Chú Long - Nguyễn Hữu Cảnh,26/05/2026 12:03:10,"58,000","11,600",0,0,"11,391",0,"35,009"
1814,26056-392181726,10225895,Cà Phê Muối Chú Long - Cách Mạng Tháng 8,26/05/2026 11:17:15,"29,000","5,000",0,0,"5,892",0,"18,108"
1815,26056-392638560,10219545,Cà Phê Muối Chú Long - Nguyễn Huệ,26/05/2026 11:09:19,"58,000","11,600",0,0,"11,391",0,"35,009"
1816,26056-392690093,10235658,Cà Phê Muối Chú Long - Công Trường Quốc Tế,26/05/2026 11:27:27,"87,000","17,400",0,0,"17,087",0,"52,513"
1817,26056-392790776,10298769,Cà Phê Muối Chú Long - Tôn Đức Thắng,26/05/2026 11:40:47,"373,000","54,500",0,0,"78,192",0,"240,308"
1818,26056-392872285,10350108,Cà Phê Muối Chú Long - Đường Láng,26/05/2026 11:43:53,"54,000","11,000",0,0,"10,557",0,"32,444"
1819,26056-393020927,10235659,Cà Phê Muối Chú Long - Nguyễn Hữu Cảnh,26/05/2026 11:18:52,"51,000","11,000",0,0,"9,820",0,"30,180"
1820,26056-393167708,10225902,Cà Phê Muối Chú Long - Hậu Giang,26/05/2026 11:27:37,"29,000","5,000",0,0,"5,892",0,"18,108"
1821,26056-393201123,10230292,Cà Phê Muối Chú Long - Lê Văn Việt,26/05/2026 11:05:24,"80,000","16,000",0,0,"15,712",0,"48,288"
1822,26056-393489600,10233716,Cà Phê Muối Chú Long - 130 Thích Quảng Đức,26/05/2026 11:12:19,"29,000","5,000",0,0,"5,892",0,"18,108"
1823,26056-393573444,10321524,Cà Phê Muối Chú Long - Đội Cấn,26/05/2026 11:12:32,"110,000","19,800",0,0,"22,144",0,"68,056"
1824,26056-393743611,10219545,Cà Phê Muối Chú Long - Nguyễn Huệ,26/05/2026 11:15:45,"29,000","5,000",0,0,"5,892",0,"18,108"
1825,26056-393772780,10225895,Cà Phê Muối Chú Long - Cách Mạng Tháng 8,26/05/2026 11:28:38,"58,000","11,600",0,0,"11,391",0,"35,009"
1826,26056-394616283,10242271,Cà Phê Muối Chú Long - Vũng Tàu,26/05/2026 11:07:22,"87,000","17,400",0,0,"17,087",0,"52,513"
1827,26056-394784343,10381892,Cà Phê Muối Chú Long - Phan Văn Trị,26/05/2026 11:14:26,"145,000","28,571",0,0,"28,583",0,"87,846"
1828,26056-395136659,10230171,Cà Phê Muối Chú Long - Bình Long,26/05/2026 11:26:56,"51,000","10,000",0,0,"10,066",0,"30,935"
1829,26056-395496755,10298769,Cà Phê Muối Chú Long - Tôn Đức Thắng,26/05/2026 11:44:34,"108,000","21,600",0,0,"21,211",0,"65,189"
1830,26056-395559142,10230171,Cà Phê Muối Chú Long - Bình Long,26/05/2026 11:08:33,"58,000","11,600",0,0,"11,391",0,"35,009"
1831,26056-395758226,10405301,Cà Phê Muối Chú Long - 01 Hàng Đậu,26/05/2026 11:58:38,"58,000",0,0,0,"14,239",0,"43,761"
1832,26056-396313587,10307386,Cà Phê Muối Chú Long - Kiên Giang,26/05/2026 11:18:20,"58,000","11,600",0,0,"11,391",0,"35,009"
1833,26056-396396950,10230292,Cà Phê Muối Chú Long - Lê Văn Việt,26/05/2026 11:24:23,"58,000","11,600",0,0,"11,391",0,"35,009"
1834,26056-396562271,10326235,Cà Phê Muối Chú Long - Cà Mau,26/05/2026 11:08:14,"29,000","7,250",0,0,"5,340",0,"16,410"
1835,26056-396667875,10230399,Cà Phê Muối Chú Long - Tân Kỳ Tân Quý,26/05/2026 11:22:16,"105,000","21,000",0,0,"20,622",0,"63,378"
1836,26056-396721026,10296675,Cà Phê Muối Chú Long - Trương Định,26/05/2026 12:37:31,"76,000","15,200",0,0,"14,926",0,"45,874"
1837,26056-396744962,10219545,Cà Phê Muối Chú Long - Nguyễn Huệ,26/05/2026 11:12:17,"79,000","15,800",0,0,"15,516",0,"47,684"
1838,26056-396780370,10408376,Cà Phê Muối Chú Long - 203 Tôn Đản,26/05/2026 11:11:19,"54,000",0,0,0,"13,257",0,"40,743"
1839,26056-396859856,10233716,Cà Phê Muối Chú Long - 130 Thích Quảng Đức,26/05/2026 11:33:37,"147,000","28,571",0,0,"29,074",0,"89,355"
1840,26056-397610011,10230958,Cà Phê Muối Chú Long - 3/26 Quang Trung,26/05/2026 11:17:19,"75,000","15,000",0,0,"14,730",0,"45,270"
1841,26056-397628053,10232123,Cà Phê Muối Chú Long - 17A Ngô Tất Tố,26/05/2026 11:19:43,"58,000","11,600",0,0,"11,391",0,"35,009"
1842,26056-397676344,10219545,Cà Phê Muối Chú Long - Nguyễn Huệ,26/05/2026 11:21:20,"87,000","17,400",0,0,"17,087",0,"52,513"
1843,26056-397797066,10224935,Cà Phê Muối Chú Long - 585 Quang Trung,26/05/2026 11:23:54,"58,000","11,600",0,0,"11,391",0,"35,009"
1844,26056-397805345,10225898,Cà Phê Muối Chú Long - Nguyễn Đình Chiểu,26/05/2026 11:40:42,"213,000","38,340",0,0,"42,879",0,"131,781"
1845,26056-397895022,10405301,Cà Phê Muối Chú Long - 01 Hàng Đậu,26/05/2026 11:55:03,"50,000",0,0,0,"12,275",0,"37,725"
1846,26056-398219521,10216423,Cà Phê Muối Chú Long - 417 Cộng Hoà,26/05/2026 11:40:47,"58,000","11,600",0,0,"11,391",0,"35,009"
1847,26056-398622411,10225898,Cà Phê Muối Chú Long - Nguyễn Đình Chiểu,26/05/2026 11:26:54,"36,000","5,000",0,0,"7,611",0,"23,390"
1848,26056-399058135,10230958,Cà Phê Muối Chú Long - 3/26 Quang Trung,26/05/2026 11:26:03,"58,000","11,600",0,0,"11,391",0,"35,009"
1849,26056-399334199,10292422,Cà Phê Muối Chú Long - Phan Thiết,26/05/2026 11:26:55,"25,000","6,250",0,0,"4,603",0,"14,147"
1850,26056-399744595,10216423,Cà Phê Muối Chú Long - 417 Cộng Hoà,26/05/2026 11:19:37,"73,000","14,600",0,0,"14,337",0,"44,063"
1851,26056-399822301,10321523,Cà Phê Muối Chú Long - Thanh Nhàn,26/05/2026 11:51:21,"58,000","11,600",0,0,"11,391",0,"35,009"
1852,26056-399858563,10405301,Cà Phê Muối Chú Long - 01 Hàng Đậu,26/05/2026 11:50:17,"22,000",0,0,0,"5,401",0,"16,599"
1853,26056-400317124,10287867,Cà Phê Muối Chú Long - Classic,26/05/2026 11:28:10,"30,000","19,000",0,0,"2,701",0,"8,300"
1854,26056-400341167,10324687,Cà Phê Muối Chú Long - Huỳnh Tấn Phát,26/05/2026 11:50:17,"87,000","15,000",0,0,"17,676",0,"54,324"
1855,26056-400462080,10230814,Cà Phê Muối Chú Long - Võ Văn Kiệt,26/05/2026 11:19:49,"29,000","5,000",0,0,"5,892",0,"18,108"
1856,26056-400831139,10230793,Cà Phê Muối Chú Long - Huỳnh Văn Bánh,26/05/2026 11:34:31,"116,000","23,200",0,0,"22,782",0,"70,018"
1857,26056-401011516,10375372,Cà Phê Muối Chú Long - An Dương Vương,26/05/2026 11:28:07,"112,000","22,400",0,0,"21,997",0,"67,603"
1858,26056-401024651,10230958,Cà Phê Muối Chú Long - 3/26 Quang Trung,26/05/2026 11:24:12,"83,000","16,600",0,0,"16,301",0,"50,099"
1859,26056-401062101,10298769,Cà Phê Muối Chú Long - Tôn Đức Thắng,26/05/2026 12:05:59,"123,000","20,000",0,0,"25,287",0,"77,714"
1860,26056-401246027,10230814,Cà Phê Muối Chú Long - Võ Văn Kiệt,26/05/2026 11:21:53,"58,000","11,600",0,0,"11,391",0,"35,009"
1861,26056-401325826,10408376,Cà Phê Muối Chú Long - 203 Tôn Đản,26/05/2026 11:24:30,"29,000",0,0,0,"7,120",0,"21,881"
1862,26056-401596462,10230292,Cà Phê Muối Chú Long - Lê Văn Việt,26/05/2026 11:20:10,"22,000","5,000",0,0,"4,174",0,"12,827"
1863,26056-401623870,10225902,Cà Phê Muối Chú Long - Hậu Giang,26/05/2026 11:31:07,"88,000","17,600",0,0,"17,283",0,"53,117"
1864,26056-401984343,10232123,Cà Phê Muối Chú Long - 17A Ngô Tất Tố,26/05/2026 11:47:11,"65,000","13,000",0,0,"12,766",0,"39,234"
1865,26056-402146827,10321439,Cà Phê Muối Chú Long - Vĩnh Long,26/05/2026 11:18:38,"50,000","11,000",0,0,"9,575",0,"29,426"
1866,26056-402280172,10235663,Cà Phê Muối Chú Long - Hà Huy Giáp,26/05/2026 11:16:55,"58,000","11,600",0,0,"11,391",0,"35,009"
1867,26056-402582790,10324687,Cà Phê Muối Chú Long - Huỳnh Tấn Phát,26/05/2026 11:32:09,"22,000","5,000",0,0,"4,174",0,"12,827"
1868,26056-402897630,10296675,Cà Phê Muối Chú Long - Trương Định,26/05/2026 12:04:30,"51,000","11,000",0,0,"9,820",0,"30,180"
1869,26056-403250598,10298769,Cà Phê Muối Chú Long - Tôn Đức Thắng,26/05/2026 11:40:47,"58,000","11,600",0,0,"11,391",0,"35,009"
1870,26056-403369147,10224935,Cà Phê Muối Chú Long - 585 Quang Trung,26/05/2026 11:45:38,"87,000","17,400",0,0,"17,087",0,"52,513"
1871,26056-403706934,10230793,Cà Phê Muối Chú Long - Huỳnh Văn Bánh,26/05/2026 11:41:29,"66,000","13,200",0,0,"12,962",0,"39,838"
1872,26056-404292598,10408376,Cà Phê Muối Chú Long - 203 Tôn Đản,26/05/2026 11:40:35,"116,000",0,0,0,"28,478",0,"87,522"
1873,26056-404511411,10230171,Cà Phê Muối Chú Long - Bình Long,26/05/2026 11:55:26,"145,000","28,571",0,0,"28,583",0,"87,846"
1874,26056-404676882,10296675,Cà Phê Muối Chú Long - Trương Định,26/05/2026 11:53:25,"75,000","15,000",0,0,"14,730",0,"45,270"
1875,26056-404680577,10230171,Cà Phê Muối Chú Long - Bình Long,26/05/2026 11:29:47,"88,000","17,600",0,0,"17,283",0,"53,117"
1876,26056-404786595,10408376,Cà Phê Muối Chú Long - 203 Tôn Đản,26/05/2026 12:03:29,"130,000",0,0,0,"31,915",0,"98,085"
1877,26056-405136316,10298769,Cà Phê Muối Chú Long - Tôn Đức Thắng,26/05/2026 12:10:02,"87,000","17,400",0,0,"17,087",0,"52,513"
1878,26056-405295820,10230814,Cà Phê Muối Chú Long - Võ Văn Kiệt,26/05/2026 11:46:57,"50,000","16,000",0,0,"8,347",0,"25,653"
1879,26056-405349931,10225898,Cà Phê Muối Chú Long - Nguyễn Đình Chiểu,26/05/2026 11:39:01,"58,000","11,600",0,0,"11,391",0,"35,009"
1880,26056-405546215,10224935,Cà Phê Muối Chú Long - 585 Quang Trung,26/05/2026 12:02:25,"29,000","5,000",0,0,"5,892",0,"18,108"
1881,26056-405560344,10386890,Cà Phê Muối Chú Long - Nha Trang,26/05/2026 11:56:09,"152,000","28,571",0,0,"30,302",0,"93,127"
1882,26056-405782956,10284115,Cà Phê Muối Chú Long - Kha Vạn Cân,26/05/2026 11:44:01,"58,000","11,600",0,0,"11,391",0,"35,009"
1883,26056-405882138,10405301,Cà Phê Muối Chú Long - 01 Hàng Đậu,26/05/2026 11:52:21,"29,000",0,0,0,"7,120",0,"21,881"
1884,26056-406292935,10216423,Cà Phê Muối Chú Long - 417 Cộng Hoà,26/05/2026 12:03:09,"44,000","5,000",0,0,"9,575",0,"29,426"
1885,26056-406315398,10225888,Cà Phê Muối Chú Long - Lạc Long Quân,26/05/2026 11:36:13,"58,000","11,600",0,0,"11,391",0,"35,009"
1886,26056-406390562,10230793,Cà Phê Muối Chú Long - Huỳnh Văn Bánh,26/05/2026 11:39:35,"22,000","5,000",0,0,"4,174",0,"12,827"
1887,26056-406637355,10350108,Cà Phê Muối Chú Long - Đường Láng,26/05/2026 12:12:36,"87,000","17,400",0,0,"17,087",0,"52,513"
1888,26056-406880947,10407619,Cà Phê Muối Chú Long - 117 Lò Đúc,26/05/2026 11:45:58,"101,000",0,0,0,"24,796",0,"76,205"
1889,26056-407103609,10287867,Cà Phê Muối Chú Long - Classic,26/05/2026 11:53:59,"30,000","19,000",0,0,"2,701",0,"8,300"
1890,26056-407148635,10405301,Cà Phê Muối Chú Long - 01 Hàng Đậu,26/05/2026 12:05:27,"58,000",0,0,0,"14,239",0,"43,761"
1891,26056-407321349,10230417,Cà Phê Muối Chú Long - Lê Văn Sỹ,26/05/2026 11:41:01,"58,000","11,600",0,0,"11,391",0,"35,009"
1892,26056-407324350,10407619,Cà Phê Muối Chú Long - 117 Lò Đúc,26/05/2026 12:25:02,"116,000",0,0,0,"28,478",0,"87,522"
1893,26056-407806861,10225888,Cà Phê Muối Chú Long - Lạc Long Quân,26/05/2026 11:40:12,"72,000","14,400",0,0,"14,141",0,"43,459"
1894,26056-408011108,10375372,Cà Phê Muối Chú Long - An Dương Vương,26/05/2026 11:50:07,"58,000","11,600",0,0,"11,391",0,"35,009"
1895,26056-408696582,10242271,Cà Phê Muối Chú Long - Vũng Tàu,26/05/2026 11:32:50,"72,000","14,400",0,0,"14,141",0,"43,459"
1896,26056-409239190,10381892,Cà Phê Muối Chú Long - Phan Văn Trị,26/05/2026 11:44:29,"116,000",0,0,0,"28,478",0,"87,522"
1897,26056-409528593,10242271,Cà Phê Muối Chú Long - Vũng Tàu,26/05/2026 11:26:02,"261,000","46,980",0,0,"52,542",0,"161,478"
1898,26056-409530445,10381983,Cà Phê Muối Chú Long - Bạch Đằng,26/05/2026 11:44:03,"58,000",0,0,0,"14,239",0,"43,761"
1899,26056-409714610,10350108,Cà Phê Muối Chú Long - Đường Láng,26/05/2026 11:52:17,"58,000","11,600",0,0,"11,391",0,"35,009"
1900,26056-410256631,10230171,Cà Phê Muối Chú Long - Bình Long,26/05/2026 11:49:56,"25,000","8,000",0,0,"4,174",0,"12,827"
1901,26056-410352434,10216423,Cà Phê Muối Chú Long - 417 Cộng Hoà,26/05/2026 11:57:52,"145,000","28,571",0,0,"28,583",0,"87,846"
1902,26056-411113772,10323120,Cà Phê Muối Chú Long - Đồng Xoài,26/05/2026 11:36:08,"87,000","17,400",0,0,"17,087",0,"52,513"
1903,26056-411173088,10386890,Cà Phê Muối Chú Long - Nha Trang,26/05/2026 12:02:16,"58,000","11,600",0,0,"11,391",0,"35,009"
1904,26056-411175257,10224935,Cà Phê Muối Chú Long - 585 Quang Trung,26/05/2026 11:49:40,"58,000","11,600",0,0,"11,391",0,"35,009"
1905,26056-411258219,10224935,Cà Phê Muối Chú Long - 585 Quang Trung,26/05/2026 11:57:54,"54,000","11,000",0,0,"10,557",0,"32,444"
1906,26056-411486344,10225898,Cà Phê Muối Chú Long - Nguyễn Đình Chiểu,26/05/2026 11:41:46,"54,000","11,000",0,0,"10,557",0,"32,444"
1907,26056-411588515,10230814,Cà Phê Muối Chú Long - Võ Văn Kiệt,26/05/2026 11:37:05,"58,000","11,600",0,0,"11,391",0,"35,009"
1908,26056-411745392,10405301,Cà Phê Muối Chú Long - 01 Hàng Đậu,26/05/2026 12:24:39,"29,000",0,0,0,"7,120",0,"21,881"
1909,26056-411862318,10219545,Cà Phê Muối Chú Long - Nguyễn Huệ,26/05/2026 11:55:37,"51,000","11,000",0,0,"9,820",0,"30,180"
1910,26056-412347268,10225871,Cà Phê Muối Chú Long - Đặng Nguyên Cẩn,26/05/2026 11:49:40,"29,000","5,000",0,0,"5,892",0,"18,108"
1911,26056-412386027,10224935,Cà Phê Muối Chú Long - 585 Quang Trung,26/05/2026 11:46:58,"58,000","11,600",0,0,"11,391",0,"35,009"
1912,26056-412599437,10219545,Cà Phê Muối Chú Long - Nguyễn Huệ,26/05/2026 11:56:28,"550,000","69,500",0,0,"117,963",0,"362,537"
1913,26056-412632355,10225888,Cà Phê Muối Chú Long - Lạc Long Quân,26/05/2026 11:43:55,"54,000","11,000",0,0,"10,557",0,"32,444"
1914,26056-412782824,10230399,Cà Phê Muối Chú Long - Tân Kỳ Tân Quý,26/05/2026 12:01:47,"58,000","11,600",0,0,"11,391",0,"35,009"
1915,26056-413086935,10354891,Cà Phê Muối Chú Long - Trà Vinh,26/05/2026 11:39:14,"58,000","11,600",0,0,"11,391",0,"35,009"
1916,26056-413783621,10292015,Cà Phê Muối Chú Long - Long An,26/05/2026 11:40:20,"83,000","15,000",0,0,"16,694",0,"51,306"
1917,26056-413888840,10324687,Cà Phê Muối Chú Long - Huỳnh Tấn Phát,26/05/2026 11:49:46,"58,000","11,600",0,0,"11,391",0,"35,009"
1918,26056-414057733,10321523,Cà Phê Muối Chú Long - Thanh Nhàn,26/05/2026 12:37:00,"75,000","15,000",0,0,"14,730",0,"45,270"
1919,26056-414279494,10230793,Cà Phê Muối Chú Long - Huỳnh Văn Bánh,26/05/2026 12:06:57,"58,000","11,600",0,0,"11,391",0,"35,009"
1920,26056-414597080,10224935,Cà Phê Muối Chú Long - 585 Quang Trung,26/05/2026 11:48:00,"22,000","5,000",0,0,"4,174",0,"12,827"
1921,26056-414777439,10296675,Cà Phê Muối Chú Long - Trương Định,26/05/2026 12:11:08,"29,000","5,000",0,0,"5,892",0,"18,108"
1922,26056-415298040,10350108,Cà Phê Muối Chú Long - Đường Láng,26/05/2026 12:26:52,"88,000","17,600",0,0,"17,283",0,"53,117"
1923,26056-415339164,10321523,Cà Phê Muối Chú Long - Thanh Nhàn,26/05/2026 12:32:52,"88,000","17,600",0,0,"17,283",0,"53,117"
1924,26056-415873446,10298769,Cà Phê Muối Chú Long - Tôn Đức Thắng,26/05/2026 12:34:36,"66,000","13,200",0,0,"12,962",0,"39,838"
1925,26056-416035394,10230399,Cà Phê Muối Chú Long - Tân Kỳ Tân Quý,26/05/2026 11:59:13,"58,000","11,600",0,0,"11,391",0,"35,009"
1926,26056-416177234,10242271,Cà Phê Muối Chú Long - Vũng Tàu,26/05/2026 12:08:10,"29,000","5,000",0,0,"5,892",0,"18,108"
1927,26056-416367866,10230793,Cà Phê Muối Chú Long - Huỳnh Văn Bánh,26/05/2026 11:45:09,"58,000","11,000",0,0,"11,539",0,"35,462"
1928,26056-416899214,10230399,Cà Phê Muối Chú Long - Tân Kỳ Tân Quý,26/05/2026 11:56:01,"87,000","17,400",0,0,"17,087",0,"52,513"
1929,26056-417141223,10222800,Cà Phê Muối Chú Long - Thành Thái,26/05/2026 12:00:19,"65,000","13,000",0,0,"12,766",0,"39,234"
1930,26056-417232603,10386890,Cà Phê Muối Chú Long - Nha Trang,26/05/2026 12:25:49,"58,000","11,600",0,0,"11,391",0,"35,009"
1931,26056-417741838,10230399,Cà Phê Muối Chú Long - Tân Kỳ Tân Quý,26/05/2026 11:59:54,"29,000","5,000",0,0,"5,892",0,"18,108"
1932,26056-417861034,10225898,Cà Phê Muối Chú Long - Nguyễn Đình Chiểu,26/05/2026 12:21:57,"145,000","26,000",0,0,"29,215",0,"89,786"
1933,26056-418185165,10230958,Cà Phê Muối Chú Long - 3/26 Quang Trung,26/05/2026 12:05:19,"87,000","17,400",0,0,"17,087",0,"52,513"
1934,26056-418201875,10235658,Cà Phê Muối Chú Long - Công Trường Quốc Tế,26/05/2026 12:46:12,"58,000","11,600",0,0,"11,391",0,"35,009"
1935,26056-418217899,10230814,Cà Phê Muối Chú Long - Võ Văn Kiệt,26/05/2026 11:54:11,"66,000","13,200",0,0,"12,962",0,"39,838"
1936,26056-418382465,10326235,Cà Phê Muối Chú Long - Cà Mau,26/05/2026 11:47:35,"137,000","27,400",0,0,"26,907",0,"82,693"
1937,26056-418432792,10407619,Cà Phê Muối Chú Long - 117 Lò Đúc,26/05/2026 12:12:58,"87,000",0,0,0,"21,359",0,"65,642"
1938,26056-418521567,10216423,Cà Phê Muối Chú Long - 417 Cộng Hoà,26/05/2026 11:59:28,"58,000","11,600",0,0,"11,391",0,"35,009"
1939,26056-418569303,10386890,Cà Phê Muối Chú Long - Nha Trang,26/05/2026 12:12:48,"47,000","5,000",0,0,"10,311",0,"31,689"
1940,26056-419054024,10405301,Cà Phê Muối Chú Long - 01 Hàng Đậu,26/05/2026 12:40:49,"79,000",0,0,0,"19,395",0,"59,606"
1941,26056-419256987,10324687,Cà Phê Muối Chú Long - Huỳnh Tấn Phát,26/05/2026 11:51:04,"50,000","11,000",0,0,"9,575",0,"29,426"
1942,26056-419318460,10235663,Cà Phê Muối Chú Long - Hà Huy Giáp,26/05/2026 11:49:26,"22,000",0,0,0,"5,401",0,"16,599"
1943,26056-419415616,10224935,Cà Phê Muối Chú Long - 585 Quang Trung,26/05/2026 11:48:59,"116,000","23,200",0,0,"22,782",0,"70,018"
1944,26056-419411054,10230171,Cà Phê Muối Chú Long - Bình Long,26/05/2026 12:13:40,"29,000","5,000",0,0,"5,892",0,"18,108"
1945,26056-419439758,10230292,Cà Phê Muối Chú Long - Lê Văn Việt,26/05/2026 11:49:57,"58,000","11,600",0,0,"11,391",0,"35,009"
1946,26056-420105074,10225898,Cà Phê Muối Chú Long - Nguyễn Đình Chiểu,26/05/2026 11:59:56,"25,000","8,000",0,0,"4,174",0,"12,827"
1947,26056-420408141,10230399,Cà Phê Muối Chú Long - Tân Kỳ Tân Quý,26/05/2026 12:10:58,"66,000","13,200",0,0,"12,962",0,"39,838"
1948,26056-420654679,10405301,Cà Phê Muối Chú Long - 01 Hàng Đậu,26/05/2026 12:48:25,"29,000",0,0,0,"7,120",0,"21,881"
1949,26056-421289684,10230399,Cà Phê Muối Chú Long - Tân Kỳ Tân Quý,26/05/2026 11:50:09,"54,000","10,000",0,0,"10,802",0,"33,198"
1950,26056-421562471,10230399,Cà Phê Muối Chú Long - Tân Kỳ Tân Quý,26/05/2026 12:06:34,"80,000","16,000",0,0,"15,712",0,"48,288"
1951,26056-421689405,10225902,Cà Phê Muối Chú Long - Hậu Giang,26/05/2026 11:46:35,"65,000","13,000",0,0,"12,766",0,"39,234"
1952,26056-421900700,10321524,Cà Phê Muối Chú Long - Đội Cấn,26/05/2026 12:40:39,"47,000","5,000",0,0,"10,311",0,"31,689"
1953,26056-422218292,10321523,Cà Phê Muối Chú Long - Thanh Nhàn,26/05/2026 12:22:30,"94,000","18,800",0,0,"18,462",0,"56,738"
1954,26056-422224504,10321439,Cà Phê Muối Chú Long - Vĩnh Long,26/05/2026 12:13:35,"87,000","17,400",0,0,"17,087",0,"52,513"
1955,26056-422248381,10298824,Cà Phê Muối Chú Long - Hoàng Diệu,26/05/2026 12:06:11,"58,000","11,600",0,0,"11,391",0,"35,009"
1956,26056-422794925,10230399,Cà Phê Muối Chú Long - Tân Kỳ Tân Quý,26/05/2026 12:11:14,"95,000","19,000",0,0,"18,658",0,"57,342"
1957,26056-423015903,10386890,Cà Phê Muối Chú Long - Nha Trang,26/05/2026 12:10:33,"116,000","23,200",0,0,"22,782",0,"70,018"
1958,26056-423303049,10298824,Cà Phê Muối Chú Long - Hoàng Diệu,26/05/2026 12:52:28,"58,000","11,600",0,0,"11,391",0,"35,009"
1959,26056-423895800,10287867,Cà Phê Muối Chú Long - Classic,26/05/2026 12:24:55,"60,000","38,000",0,0,"5,401",0,"16,599"
1960,26056-423964159,10230171,Cà Phê Muối Chú Long - Bình Long,26/05/2026 11:58:55,"123,000","24,600",0,0,"24,157",0,"74,243"
1961,26056-424135832,10230417,Cà Phê Muối Chú Long - Lê Văn Sỹ,26/05/2026 12:09:39,"29,000","5,000",0,0,"5,892",0,"18,108"
1962,26056-424267586,10350108,Cà Phê Muối Chú Long - Đường Láng,26/05/2026 12:49:32,"50,000","10,000",0,0,"9,820",0,"30,180"
1963,26056-424333054,10321524,Cà Phê Muối Chú Long - Đội Cấn,26/05/2026 13:55:49,"58,000","11,600",0,0,"11,391",0,"35,009"
1964,26056-424399710,10224935,Cà Phê Muối Chú Long - 585 Quang Trung,26/05/2026 11:58:42,"58,000","11,600",0,0,"11,391",0,"35,009"
1965,26056-425454222,10225885,Cà Phê Muối Chú Long - Ngô Tất Tố,26/05/2026 12:19:38,"74,000",0,0,0,"18,167",0,"55,833"
1966,26056-426322572,10321524,Cà Phê Muối Chú Long - Đội Cấn,26/05/2026 13:36:41,"37,000","5,000",0,0,"7,856",0,"24,144"
1967,26056-426924064,10407619,Cà Phê Muối Chú Long - 117 Lò Đúc,26/05/2026 12:38:27,"29,000",0,0,0,"7,120",0,"21,881"
1968,26056-427075861,10233716,Cà Phê Muối Chú Long - 130 Thích Quảng Đức,26/05/2026 12:17:19,"129,000","25,800",0,0,"25,336",0,"77,864"
1969,26056-427250866,10222800,Cà Phê Muối Chú Long - Thành Thái,26/05/2026 12:08:10,"87,000","17,400",0,0,"17,087",0,"52,513"
1970,26056-427409188,10230793,Cà Phê Muối Chú Long - Huỳnh Văn Bánh,26/05/2026 12:40:26,"235,000","42,300",0,0,"47,308",0,"145,392"
1971,26056-427767064,10321523,Cà Phê Muối Chú Long - Thanh Nhàn,26/05/2026 12:43:21,"58,000","11,600",0,0,"11,391",0,"35,009"
1972,26056-427973049,10224935,Cà Phê Muối Chú Long - 585 Quang Trung,26/05/2026 12:23:20,"61,000","12,200",0,0,"11,980",0,"36,820"
1973,26056-428585821,10224935,Cà Phê Muối Chú Long - 585 Quang Trung,26/05/2026 12:16:55,"58,000","11,600",0,0,"11,391",0,"35,009"
1974,26056-429019552,10287867,Cà Phê Muối Chú Long - Classic,26/05/2026 12:12:13,"30,000","19,000",0,0,"2,701",0,"8,300"
1975,26056-429111487,10232123,Cà Phê Muối Chú Long - 17A Ngô Tất Tố,26/05/2026 12:11:36,"29,000","5,000",0,0,"5,892",0,"18,108"
1976,26056-429223731,10292422,Cà Phê Muối Chú Long - Phan Thiết,26/05/2026 12:16:30,"25,000","6,250",0,0,"4,603",0,"14,147"
1977,26056-429298222,10321523,Cà Phê Muối Chú Long - Thanh Nhàn,26/05/2026 12:32:01,"152,000","28,571",0,0,"30,302",0,"93,127"
1978,26056-429513274,10233716,Cà Phê Muối Chú Long - 130 Thích Quảng Đức,26/05/2026 12:09:39,"22,000","5,000",0,0,"4,174",0,"12,827"
1979,26056-429545514,10230417,Cà Phê Muối Chú Long - Lê Văn Sỹ,26/05/2026 12:11:33,"58,000","11,600",0,0,"11,391",0,"35,009"
1980,26056-429569470,10321524,Cà Phê Muối Chú Long - Đội Cấn,26/05/2026 12:17:30,"54,000","11,000",0,0,"10,557",0,"32,444"
1981,26056-429685468,10375372,Cà Phê Muối Chú Long - An Dương Vương,26/05/2026 12:12:20,"58,000","11,600",0,0,"11,391",0,"35,009"
1982,26056-429787008,10230814,Cà Phê Muối Chú Long - Võ Văn Kiệt,26/05/2026 12:14:44,"152,000","28,571",0,0,"30,302",0,"93,127"
1983,26056-429897199,10216423,Cà Phê Muối Chú Long - 417 Cộng Hoà,26/05/2026 12:06:45,"58,000","11,600",0,0,"11,391",0,"35,009"
1984,26056-430253397,10330437,Cà Phê Muối Chú Long - Trần Hưng Đạo,26/05/2026 12:21:03,"22,000","5,500",0,0,"4,051",0,"12,449"
1985,26056-430915213,10298769,Cà Phê Muối Chú Long - Tôn Đức Thắng,26/05/2026 12:36:47,"22,000","5,000",0,0,"4,174",0,"12,827"
1986,26056-431073570,10230793,Cà Phê Muối Chú Long - Huỳnh Văn Bánh,26/05/2026 12:28:33,"69,000","11,000",0,0,"14,239",0,"43,761"
1987,26056-431276714,10230958,Cà Phê Muối Chú Long - 3/26 Quang Trung,26/05/2026 12:19:56,"128,000",0,0,0,"31,424",0,"96,576"
1988,26056-431316741,10230399,Cà Phê Muối Chú Long - Tân Kỳ Tân Quý,26/05/2026 14:37:41,"110,000",0,0,0,"27,005",0,"82,995"
1989,26056-431760129,10225902,Cà Phê Muối Chú Long - Hậu Giang,26/05/2026 12:13:23,"119,000","23,800",0,0,"23,372",0,"71,828"
1990,26056-431896261,10230417,Cà Phê Muối Chú Long - Lê Văn Sỹ,26/05/2026 12:09:01,"58,000","11,600",0,0,"11,391",0,"35,009"
1991,26056-431987346,10324687,Cà Phê Muối Chú Long - Huỳnh Tấn Phát,26/05/2026 12:23:49,"29,000","5,000",0,0,"5,892",0,"18,108"
1992,26056-432168720,10230171,Cà Phê Muối Chú Long - Bình Long,26/05/2026 12:16:15,"95,000","19,000",0,0,"18,658",0,"57,342"
1993,26056-432496337,10321524,Cà Phê Muối Chú Long - Đội Cấn,26/05/2026 12:57:10,"76,000","15,200",0,0,"14,926",0,"45,874"
1994,26056-432579458,10230958,Cà Phê Muối Chú Long - 3/26 Quang Trung,26/05/2026 12:31:45,"58,000","11,600",0,0,"11,391",0,"35,009"
1995,26056-432622369,10219545,Cà Phê Muối Chú Long - Nguyễn Huệ,26/05/2026 12:23:05,"145,000","28,571",0,0,"28,583",0,"87,846"
1996,26056-432917979,10225902,Cà Phê Muối Chú Long - Hậu Giang,26/05/2026 12:27:48,"170,000","28,571",0,0,"34,721",0,"106,708"
1997,26056-432953940,10397657,Cà Phê Muối Chú Long - 368 Lê Đức Thọ,26/05/2026 12:18:29,"109,000","21,800",0,0,"21,408",0,"65,792"
1998,26056-433340964,10230958,Cà Phê Muối Chú Long - 3/26 Quang Trung,26/05/2026 12:24:27,"75,000","23,000",0,0,"12,766",0,"39,234"
1999,26056-433367390,10299524,Cà Phê Muối Chú Long - Lê Duẩn,26/05/2026 13:06:48,"58,000","11,600",0,0,"11,391",0,"35,009"
2000,26056-433952689,10407619,Cà Phê Muối Chú Long - 117 Lò Đúc,26/05/2026 12:27:46,"105,000",0,0,0,"25,778",0,"79,223"
2001,26056-434237651,10230814,Cà Phê Muối Chú Long - Võ Văn Kiệt,26/05/2026 12:10:03,"54,000","11,000",0,0,"10,557",0,"32,444"
2002,26056-434453523,10230817,Cà Phê Muối Chú Long - Thích Quảng Đức,26/05/2026 12:46:14,"44,000",0,0,0,"10,802",0,"33,198"
2003,26056-434542122,10232123,Cà Phê Muối Chú Long - 17A Ngô Tất Tố,26/05/2026 12:29:32,"145,000","28,571",0,0,"28,583",0,"87,846"
2004,26056-434630447,10230793,Cà Phê Muối Chú Long - Huỳnh Văn Bánh,26/05/2026 12:33:26,"87,000","17,400",0,0,"17,087",0,"52,513"
2005,26056-434637622,10232123,Cà Phê Muối Chú Long - 17A Ngô Tất Tố,26/05/2026 12:29:42,"62,000","12,400",0,0,"12,177",0,"37,423"
2006,26056-434721420,10321523,Cà Phê Muối Chú Long - Thanh Nhàn,26/05/2026 12:51:36,"29,000","5,000",0,0,"5,892",0,"18,108"
2007,26056-435113131,10298769,Cà Phê Muối Chú Long - Tôn Đức Thắng,26/05/2026 12:15:37,"87,000","17,400",0,0,"17,087",0,"52,513"
2008,26056-435133582,10225902,Cà Phê Muối Chú Long - Hậu Giang,26/05/2026 12:16:48,"54,000","11,000",0,0,"10,557",0,"32,444"
2009,26056-435165330,10298769,Cà Phê Muối Chú Long - Tôn Đức Thắng,26/05/2026 12:53:37,"58,000","11,600",0,0,"11,391",0,"35,009"
2010,26056-435296131,10298769,Cà Phê Muối Chú Long - Tôn Đức Thắng,26/05/2026 12:57:36,"94,000","18,800",0,0,"18,462",0,"56,738"
2011,26056-435529603,10225885,Cà Phê Muối Chú Long - Ngô Tất Tố,26/05/2026 12:22:37,"73,000","14,600",0,0,"14,337",0,"44,063"
2012,26056-436040841,10350108,Cà Phê Muối Chú Long - Đường Láng,26/05/2026 13:13:17,"58,000","11,600",0,0,"11,391",0,"35,009"
2013,26056-436068686,10230814,Cà Phê Muối Chú Long - Võ Văn Kiệt,26/05/2026 12:23:30,"116,000","23,200",0,0,"22,782",0,"70,018"
2014,26056-436083443,10395671,Cà Phê Muối Chú Long - 59 Trường Chinh,26/05/2026 13:16:05,"25,000","8,000",0,0,"4,174",0,"12,827"
2015,26056-436165906,10230171,Cà Phê Muối Chú Long - Bình Long,26/05/2026 12:15:28,"111,000","22,200",0,0,"21,800",0,"67,000"
2016,26056-436253971,10407619,Cà Phê Muối Chú Long - 117 Lò Đúc,26/05/2026 13:00:02,"87,000",0,0,0,"21,359",0,"65,642"
2017,26056-436356079,10313967,Cà Phê Muối Chú Long - 82 Ngô Gia Tự,26/05/2026 12:24:25,"44,000",0,0,0,"10,802",0,"33,198"
2018,26056-436421852,10230399,Cà Phê Muối Chú Long - Tân Kỳ Tân Quý,26/05/2026 12:17:09,"116,000","23,200",0,0,"22,782",0,"70,018"
2019,26056-436606412,10225898,Cà Phê Muối Chú Long - Nguyễn Đình Chiểu,26/05/2026 12:35:45,"51,000","10,000",0,0,"10,066",0,"30,935"
2020,26056-436781690,10284115,Cà Phê Muối Chú Long - Kha Vạn Cân,26/05/2026 12:21:14,"80,000","16,000",0,0,"15,712",0,"48,288"
2021,26056-436955796,10375372,Cà Phê Muối Chú Long - An Dương Vương,26/05/2026 12:22:25,"108,000","21,600",0,0,"21,211",0,"65,189"
2022,26056-437087040,10321524,Cà Phê Muối Chú Long - Đội Cấn,26/05/2026 13:41:20,"98,000","19,600",0,0,"19,247",0,"59,153"
2023,26056-437702552,10230417,Cà Phê Muối Chú Long - Lê Văn Sỹ,26/05/2026 12:31:36,"177,000","31,860",0,0,"35,632",0,"109,508"
2024,26056-437772058,10358016,Cà Phê Muối Chú Long - Bà Triệu,26/05/2026 12:18:53,"130,000","26,000",0,0,"25,532",0,"78,468"
2025,26056-437923285,10225888,Cà Phê Muối Chú Long - Lạc Long Quân,26/05/2026 12:21:18,"137,000","27,400",0,0,"26,907",0,"82,693"
2026,26056-438417215,10292422,Cà Phê Muối Chú Long - Phan Thiết,26/05/2026 12:23:40,"29,000","7,250",0,0,"5,340",0,"16,410"
2027,26056-438639706,10324687,Cà Phê Muối Chú Long - Huỳnh Tấn Phát,26/05/2026 12:39:07,"83,000","16,600",0,0,"16,301",0,"50,099"
2028,26056-439237995,10230814,Cà Phê Muối Chú Long - Võ Văn Kiệt,26/05/2026 12:30:51,"58,000","11,600",0,0,"11,391",0,"35,009"
2029,26056-439407620,10225871,Cà Phê Muối Chú Long - Đặng Nguyên Cẩn,26/05/2026 12:27:56,"58,000","11,600",0,0,"11,391",0,"35,009"
2030,26056-439445551,10219545,Cà Phê Muối Chú Long - Nguyễn Huệ,26/05/2026 12:27:10,"54,000","10,000",0,0,"10,802",0,"33,198"
2031,26056-439452122,10315543,Cà Phê Muối Chú Long - Bến Tre,26/05/2026 12:36:50,"44,000","10,000",0,0,"8,347",0,"25,653"
2032,26056-439477791,10225902,Cà Phê Muối Chú Long - Hậu Giang,26/05/2026 12:34:03,"125,000","25,000",0,0,"24,550",0,"75,450"
2033,26056-439889183,10225888,Cà Phê Muối Chú Long - Lạc Long Quân,26/05/2026 12:56:16,"79,000","15,800",0,0,"15,516",0,"47,684"
2034,26056-440159834,10222800,Cà Phê Muối Chú Long - Thành Thái,26/05/2026 12:29:23,"126,000","25,200",0,0,"24,746",0,"76,054"
2035,26056-440282497,10233716,Cà Phê Muối Chú Long - 130 Thích Quảng Đức,26/05/2026 12:45:29,"58,000","11,600",0,0,"11,391",0,"35,009"
2036,26056-440557344,10321524,Cà Phê Muối Chú Long - Đội Cấn,26/05/2026 12:35:37,"50,000",0,0,0,"12,275",0,"37,725"
2037,26056-440600681,10225888,Cà Phê Muối Chú Long - Lạc Long Quân,26/05/2026 12:48:12,"116,000","23,200",0,0,"22,782",0,"70,018"
2038,26056-440690520,10225902,Cà Phê Muối Chú Long - Hậu Giang,26/05/2026 12:25:29,"54,000","11,000",0,0,"10,557",0,"32,444"
2039,26056-440853624,10321524,Cà Phê Muối Chú Long - Đội Cấn,26/05/2026 13:17:51,"95,000","15,000",0,0,"19,640",0,"60,360"
2040,26056-441064820,10323120,Cà Phê Muối Chú Long - Đồng Xoài,26/05/2026 12:31:06,"25,000","7,500",0,0,"4,296",0,"13,204"
2041,26056-441209099,10230171,Cà Phê Muối Chú Long - Bình Long,26/05/2026 12:25:28,"29,000","5,000",0,0,"5,892",0,"18,108"
2042,26056-441229716,10313967,Cà Phê Muối Chú Long - 82 Ngô Gia Tự,26/05/2026 12:36:19,"174,000","31,320",0,0,"35,028",0,"107,652"
2043,26056-441795316,10358016,Cà Phê Muối Chú Long - Bà Triệu,26/05/2026 12:32:46,"37,000","9,250",0,0,"6,813",0,"20,937"
2044,26056-441898621,10230399,Cà Phê Muối Chú Long - Tân Kỳ Tân Quý,26/05/2026 12:42:27,"138,000","27,600",0,0,"27,103",0,"83,297"
2045,26056-442029934,10225898,Cà Phê Muối Chú Long - Nguyễn Đình Chiểu,26/05/2026 12:36:36,"58,000","11,600",0,0,"11,391",0,"35,009"
2046,26056-442030118,10224935,Cà Phê Muối Chú Long - 585 Quang Trung,26/05/2026 12:38:03,"167,000","30,060",0,0,"33,619",0,"103,321"
2047,26056-442322684,10225898,Cà Phê Muối Chú Long - Nguyễn Đình Chiểu,26/05/2026 12:48:20,"145,000","28,571",0,0,"28,583",0,"87,846"
2048,26056-442561176,10235659,Cà Phê Muối Chú Long - Nguyễn Hữu Cảnh,26/05/2026 12:37:16,"51,000","11,000",0,0,"9,820",0,"30,180"
2049,26056-442670739,10324687,Cà Phê Muối Chú Long - Huỳnh Tấn Phát,26/05/2026 12:54:37,"58,000","11,600",0,0,"11,391",0,"35,009"
2050,26056-443240868,10287867,Cà Phê Muối Chú Long - Classic,26/05/2026 12:36:53,"30,000","19,000",0,0,"2,701",0,"8,300"
2051,26056-443544892,10381892,Cà Phê Muối Chú Long - Phan Văn Trị,26/05/2026 13:20:14,"29,000","5,000",0,0,"5,892",0,"18,108"
2052,26056-443963874,10296675,Cà Phê Muối Chú Long - Trương Định,26/05/2026 13:37:57,"29,000","5,000",0,0,"5,892",0,"18,108"
2053,26056-444013335,10230399,Cà Phê Muối Chú Long - Tân Kỳ Tân Quý,26/05/2026 12:46:26,"50,000","10,000",0,0,"9,820",0,"30,180"
2054,26056-444653432,10354882,Cà Phê Muối Chú Long - Quảng Ngãi,26/05/2026 12:46:56,"126,000","25,200",0,0,"24,746",0,"76,054"
2055,26056-444698053,10381892,Cà Phê Muối Chú Long - Phan Văn Trị,26/05/2026 12:47:50,"101,000","20,200",0,0,"19,836",0,"60,964"
2056,26056-444736058,10292422,Cà Phê Muối Chú Long - Phan Thiết,26/05/2026 12:37:47,"87,000","17,400",0,0,"17,087",0,"52,513"
2057,26056-444838015,10222800,Cà Phê Muối Chú Long - Thành Thái,26/05/2026 12:33:30,"25,000","8,000",0,0,"4,174",0,"12,827"
2058,26056-445006109,10321523,Cà Phê Muối Chú Long - Thanh Nhàn,26/05/2026 13:40:08,"58,000",0,0,0,"14,239",0,"43,761"
2059,26056-445089225,10321524,Cà Phê Muối Chú Long - Đội Cấn,26/05/2026 13:05:34,"29,000","5,000",0,0,"5,892",0,"18,108"
2060,26056-445812885,10354882,Cà Phê Muối Chú Long - Quảng Ngãi,26/05/2026 12:32:37,"50,000","16,000",0,0,"8,347",0,"25,653"
2061,26056-446602715,10225898,Cà Phê Muối Chú Long - Nguyễn Đình Chiểu,26/05/2026 12:44:40,"29,000","5,000",0,0,"5,892",0,"18,108"
2062,26056-446618891,10222800,Cà Phê Muối Chú Long - Thành Thái,26/05/2026 12:37:17,"58,000","11,600",0,0,"11,391",0,"35,009"
2063,26056-446917437,10375372,Cà Phê Muối Chú Long - An Dương Vương,26/05/2026 13:02:18,"253,000","45,540",0,0,"50,931",0,"156,529"
2064,26056-447024830,10235663,Cà Phê Muối Chú Long - Hà Huy Giáp,26/05/2026 12:41:20,"29,000","7,250",0,0,"5,340",0,"16,410"
2065,26056-447036108,10381892,Cà Phê Muối Chú Long - Phan Văn Trị,26/05/2026 12:45:51,"159,000","28,620",0,0,"32,008",0,"98,372"
2066,26056-447153752,10230171,Cà Phê Muối Chú Long - Bình Long,26/05/2026 12:41:08,"58,000","11,600",0,0,"11,391",0,"35,009"
2067,26056-447780883,10287867,Cà Phê Muối Chú Long - Classic,26/05/2026 12:39:23,"120,000","24,000",0,0,"23,568",0,"72,432"
2068,26056-448095291,10225885,Cà Phê Muối Chú Long - Ngô Tất Tố,26/05/2026 13:04:55,"51,000","11,000",0,0,"9,820",0,"30,180"
2069,26056-448180033,10321439,Cà Phê Muối Chú Long - Vĩnh Long,26/05/2026 12:43:39,"29,000","5,000",0,0,"5,892",0,"18,108"
2070,26056-448194580,10224935,Cà Phê Muối Chú Long - 585 Quang Trung,26/05/2026 12:49:06,"44,000","5,000",0,0,"9,575",0,"29,426"
2071,26056-448626184,10381892,Cà Phê Muối Chú Long - Phan Văn Trị,26/05/2026 12:44:09,"58,000","11,600",0,0,"11,391",0,"35,009"
2072,26056-448640658,10321523,Cà Phê Muối Chú Long - Thanh Nhàn,26/05/2026 12:40:01,"87,000","17,400",0,0,"17,087",0,"52,513"
2073,26056-448669200,10321524,Cà Phê Muối Chú Long - Đội Cấn,26/05/2026 12:52:49,"50,000","11,000",0,0,"9,575",0,"29,426"
2074,26056-448953107,10407619,Cà Phê Muối Chú Long - 117 Lò Đúc,26/05/2026 12:59:17,"29,000",0,0,0,"7,120",0,"21,881"
2075,26056-449224658,10287867,Cà Phê Muối Chú Long - Classic,26/05/2026 13:00:48,"30,000","19,000",0,0,"2,701",0,"8,300"
2076,26056-449461038,10224935,Cà Phê Muối Chú Long - 585 Quang Trung,26/05/2026 12:47:25,"66,000","13,200",0,0,"12,962",0,"39,838"
2077,26056-449536413,10230814,Cà Phê Muối Chú Long - Võ Văn Kiệt,26/05/2026 12:42:13,"152,000","28,571",0,0,"30,302",0,"93,127"
2078,26056-449568797,10321524,Cà Phê Muối Chú Long - Đội Cấn,26/05/2026 14:17:28,"58,000","11,000",0,0,"11,539",0,"35,462"
2079,26056-449787127,10230793,Cà Phê Muối Chú Long - Huỳnh Văn Bánh,26/05/2026 12:56:13,"22,000","5,000",0,0,"4,174",0,"12,827"
2080,26056-449871111,10242271,Cà Phê Muối Chú Long - Vũng Tàu,26/05/2026 12:50:26,"80,000","16,000",0,0,"15,712",0,"48,288"
2081,26056-450247259,10386890,Cà Phê Muối Chú Long - Nha Trang,26/05/2026 13:02:51,"94,000","18,800",0,0,"18,462",0,"56,738"
2082,26056-450463986,10230814,Cà Phê Muối Chú Long - Võ Văn Kiệt,26/05/2026 12:48:57,"58,000","11,600",0,0,"11,391",0,"35,009"
2083,26056-450980270,10321524,Cà Phê Muối Chú Long - Đội Cấn,26/05/2026 13:30:48,"79,000","10,000",0,0,"16,940",0,"52,061"
2084,26056-451317138,10321523,Cà Phê Muối Chú Long - Thanh Nhàn,26/05/2026 12:59:05,"141,000","25,380",0,0,"28,385",0,"87,235"
2085,26056-451332502,10292422,Cà Phê Muối Chú Long - Phan Thiết,26/05/2026 12:53:04,"25,000","7,500",0,0,"4,296",0,"13,204"
2086,26056-451613419,10230171,Cà Phê Muối Chú Long - Bình Long,26/05/2026 12:45:20,"99,000","19,800",0,0,"19,444",0,"59,756"
2087,26056-451655135,10350108,Cà Phê Muối Chú Long - Đường Láng,26/05/2026 13:08:24,"87,000","17,400",0,0,"17,087",0,"52,513"
2088,26056-451660176,10397657,Cà Phê Muối Chú Long - 368 Lê Đức Thọ,26/05/2026 12:56:34,"29,000","5,000",0,0,"5,892",0,"18,108"
2089,26056-451692763,10358016,Cà Phê Muối Chú Long - Bà Triệu,26/05/2026 12:50:48,"25,000","8,000",0,0,"4,174",0,"12,827"
2090,26056-451874309,10232123,Cà Phê Muối Chú Long - 17A Ngô Tất Tố,26/05/2026 13:05:41,"29,000","5,000",0,0,"5,892",0,"18,108"
2091,26056-452088035,10321524,Cà Phê Muối Chú Long - Đội Cấn,26/05/2026 12:48:52,"58,000","11,000",0,0,"11,539",0,"35,462"
2092,26056-452312649,10225888,Cà Phê Muối Chú Long - Lạc Long Quân,26/05/2026 12:54:00,"58,000","11,600",0,0,"11,391",0,"35,009"
2093,26056-452350616,10225885,Cà Phê Muối Chú Long - Ngô Tất Tố,26/05/2026 12:49:51,"116,000","23,200",0,0,"22,782",0,"70,018"
2094,26056-452359058,10395671,Cà Phê Muối Chú Long - 59 Trường Chinh,26/05/2026 13:24:42,"69,000","13,800",0,0,"13,552",0,"41,648"
2095,26056-452503135,10407619,Cà Phê Muối Chú Long - 117 Lò Đúc,26/05/2026 12:49:57,"29,000",0,0,0,"7,120",0,"21,881"
2096,26056-452505426,10395671,Cà Phê Muối Chú Long - 59 Trường Chinh,26/05/2026 13:17:22,"200,000","36,000",0,0,"40,262",0,"123,738"
2097,26056-452688610,10292422,Cà Phê Muối Chú Long - Phan Thiết,26/05/2026 12:49:07,"29,000","7,250",0,0,"5,340",0,"16,410"
2098,26056-452712964,10225888,Cà Phê Muối Chú Long - Lạc Long Quân,26/05/2026 12:50:14,"116,000","23,200",0,0,"22,782",0,"70,018"
2099,26056-452790231,10242271,Cà Phê Muối Chú Long - Vũng Tàu,26/05/2026 12:45:58,"54,000","10,000",0,0,"10,802",0,"33,198"
2100,26056-452883574,10235663,Cà Phê Muối Chú Long - Hà Huy Giáp,26/05/2026 12:47:48,"145,000","28,571",0,0,"28,583",0,"87,846"
2101,26056-452883394,10321523,Cà Phê Muối Chú Long - Thanh Nhàn,26/05/2026 13:10:48,"50,000","11,000",0,0,"9,575",0,"29,426"
2102,26056-452887555,10224935,Cà Phê Muối Chú Long - 585 Quang Trung,26/05/2026 13:11:09,"29,000","5,000",0,0,"5,892",0,"18,108"
2103,26056-453107272,10216423,Cà Phê Muối Chú Long - 417 Cộng Hoà,26/05/2026 12:51:44,"116,000",0,0,0,"28,478",0,"87,522"
2104,26056-453115340,10298769,Cà Phê Muối Chú Long - Tôn Đức Thắng,26/05/2026 12:51:18,"58,000","11,600",0,0,"11,391",0,"35,009"
2105,26056-453243770,10381892,Cà Phê Muối Chú Long - Phan Văn Trị,26/05/2026 12:46:57,"29,000","5,000",0,0,"5,892",0,"18,108"
2106,26056-453545690,10350108,Cà Phê Muối Chú Long - Đường Láng,26/05/2026 13:27:00,"157,000","28,571",0,0,"31,529",0,"96,900"
2107,26056-453755496,10230793,Cà Phê Muối Chú Long - Huỳnh Văn Bánh,26/05/2026 12:58:17,"58,000","11,600",0,0,"11,391",0,"35,009"
2108,26056-453822094,10287867,Cà Phê Muối Chú Long - Classic,26/05/2026 12:49:57,"60,000","38,000",0,0,"5,401",0,"16,599"
2109,26056-453928774,10324687,Cà Phê Muối Chú Long - Huỳnh Tấn Phát,26/05/2026 12:48:22,"94,000","18,800",0,0,"18,462",0,"56,738"
2110,26056-453931049,10225888,Cà Phê Muối Chú Long - Lạc Long Quân,26/05/2026 12:53:59,"58,000","11,600",0,0,"11,391",0,"35,009"
2111,26056-454385963,10230292,Cà Phê Muối Chú Long - Lê Văn Việt,26/05/2026 12:49:38,"29,000","5,000",0,0,"5,892",0,"18,108"
2112,26056-454516373,10298769,Cà Phê Muối Chú Long - Tôn Đức Thắng,26/05/2026 13:40:57,"108,000","21,600",0,0,"21,211",0,"65,189"
2113,26056-454887788,10216423,Cà Phê Muối Chú Long - 417 Cộng Hoà,26/05/2026 12:59:29,"47,000","5,000",0,0,"10,311",0,"31,689"
2114,26056-455558835,10381892,Cà Phê Muối Chú Long - Phan Văn Trị,26/05/2026 13:19:35,"108,000","21,600",0,0,"21,211",0,"65,189"
2115,26056-455750418,10224935,Cà Phê Muối Chú Long - 585 Quang Trung,26/05/2026 13:20:02,"116,000","23,200",0,0,"22,782",0,"70,018"
2116,26056-456994870,10230292,Cà Phê Muối Chú Long - Lê Văn Việt,26/05/2026 12:52:41,"75,000","23,500",0,0,"12,643",0,"38,857"
2117,26056-457353347,10321524,Cà Phê Muối Chú Long - Đội Cấn,26/05/2026 13:24:32,"54,000","10,000",0,0,"10,802",0,"33,198"
2118,26056-457576191,10321523,Cà Phê Muối Chú Long - Thanh Nhàn,26/05/2026 13:33:52,"87,000","17,400",0,0,"17,087",0,"52,513"
2119,26056-457652628,10230399,Cà Phê Muối Chú Long - Tân Kỳ Tân Quý,26/05/2026 13:12:08,"175,000","31,500",0,0,"35,229",0,"108,271"
2120,26056-457819248,10287867,Cà Phê Muối Chú Long - Classic,26/05/2026 13:06:14,"30,000","5,000",0,0,"6,138",0,"18,863"
2121,26056-457894531,10395671,Cà Phê Muối Chú Long - 59 Trường Chinh,26/05/2026 13:02:24,"145,000","28,571",0,0,"28,583",0,"87,846"
2122,26056-457930776,10216423,Cà Phê Muối Chú Long - 417 Cộng Hoà,26/05/2026 12:53:01,"80,000","16,000",0,0,"15,712",0,"48,288"
2123,26056-458775416,10287867,Cà Phê Muối Chú Long - Classic,26/05/2026 13:08:22,"60,000","38,000",0,0,"5,401",0,"16,599"
2124,26056-459036237,10350108,Cà Phê Muối Chú Long - Đường Láng,26/05/2026 13:21:44,"185,000","28,571",0,0,"38,403",0,"118,026"
2125,26056-459107070,10350108,Cà Phê Muối Chú Long - Đường Láng,26/05/2026 13:11:51,"47,000","5,000",0,0,"10,311",0,"31,689"
2126,26056-459486218,10321524,Cà Phê Muối Chú Long - Đội Cấn,26/05/2026 13:26:16,"132,000","23,760",0,0,"26,573",0,"81,667"
2127,26056-459526651,10216423,Cà Phê Muối Chú Long - 417 Cộng Hoà,26/05/2026 13:12:23,"54,000","11,000",0,0,"10,557",0,"32,444"
2128,26056-459593678,10298769,Cà Phê Muối Chú Long - Tôn Đức Thắng,26/05/2026 13:07:28,"174,000","31,320",0,0,"35,028",0,"107,652"
2129,26056-459619440,10405301,Cà Phê Muối Chú Long - 01 Hàng Đậu,26/05/2026 13:01:19,"29,000",0,0,0,"7,120",0,"21,881"
2130,26056-459741675,10216423,Cà Phê Muối Chú Long - 417 Cộng Hoà,26/05/2026 13:26:51,"439,000","54,500",0,0,"94,395",0,"290,105"
2131,26056-459953730,10230399,Cà Phê Muối Chú Long - Tân Kỳ Tân Quý,26/05/2026 13:15:57,"58,000","11,600",0,0,"11,391",0,"35,009"
2132,26056-460228369,10321523,Cà Phê Muối Chú Long - Thanh Nhàn,26/05/2026 13:51:02,"116,000","20,880",0,0,"23,352",0,"71,768"
2133,26056-460828005,10225898,Cà Phê Muối Chú Long - Nguyễn Đình Chiểu,26/05/2026 13:03:25,"149,000","28,571",0,0,"29,565",0,"90,864"
2134,26056-460969684,10235663,Cà Phê Muối Chú Long - Hà Huy Giáp,26/05/2026 13:02:10,"47,000","10,000",0,0,"9,084",0,"27,917"
2135,26056-461047189,10230814,Cà Phê Muối Chú Long - Võ Văn Kiệt,26/05/2026 13:02:08,"72,000","14,400",0,0,"14,141",0,"43,459"
2136,26056-461742315,10233716,Cà Phê Muối Chú Long - 130 Thích Quảng Đức,26/05/2026 13:22:51,"145,000","28,571",0,0,"28,583",0,"87,846"
2137,26056-461933991,10292422,Cà Phê Muối Chú Long - Phan Thiết,26/05/2026 13:02:35,"51,000",0,0,0,"12,521",0,"38,480"
2138,26056-462490268,10224935,Cà Phê Muối Chú Long - 585 Quang Trung,26/05/2026 13:14:11,"50,000","16,000",0,0,"8,347",0,"25,653"
2139,26056-462755861,10381892,Cà Phê Muối Chú Long - Phan Văn Trị,26/05/2026 13:01:44,"58,000","11,600",0,0,"11,391",0,"35,009"
2140,26056-463474211,10230292,Cà Phê Muối Chú Long - Lê Văn Việt,26/05/2026 13:17:33,"58,000","11,600",0,0,"11,391",0,"35,009"
2141,26056-463504679,10296675,Cà Phê Muối Chú Long - Trương Định,26/05/2026 14:24:44,"25,000","5,000",0,0,"4,910",0,"15,090"
2142,26056-464157260,10284115,Cà Phê Muối Chú Long - Kha Vạn Cân,26/05/2026 13:13:31,"72,000","14,400",0,0,"14,141",0,"43,459"
2143,26056-464548033,10395671,Cà Phê Muối Chú Long - 59 Trường Chinh,26/05/2026 13:21:36,"76,000","15,200",0,0,"14,926",0,"45,874"
2144,26056-464618996,10407619,Cà Phê Muối Chú Long - 117 Lò Đúc,26/05/2026 13:21:36,"94,000",0,0,0,"23,077",0,"70,923"
2145,26056-464785290,10395671,Cà Phê Muối Chú Long - 59 Trường Chinh,26/05/2026 13:13:29,"232,000","41,760",0,0,"46,704",0,"143,536"
2146,26056-464790808,10324687,Cà Phê Muối Chú Long - Huỳnh Tấn Phát,26/05/2026 13:15:42,"58,000","11,600",0,0,"11,391",0,"35,009"
2147,26056-464951253,10235658,Cà Phê Muối Chú Long - Công Trường Quốc Tế,26/05/2026 13:31:27,"54,000","11,000",0,0,"10,557",0,"32,444"
2148,26056-465239546,10405301,Cà Phê Muối Chú Long - 01 Hàng Đậu,26/05/2026 13:42:56,"47,000",0,0,0,"11,539",0,"35,462"
2149,26056-465474390,10321523,Cà Phê Muối Chú Long - Thanh Nhàn,26/05/2026 13:23:20,"58,000","11,000",0,0,"11,539",0,"35,462"
2150,26056-465525768,10224935,Cà Phê Muối Chú Long - 585 Quang Trung,26/05/2026 13:06:36,"58,000","11,600",0,0,"11,391",0,"35,009"
2151,26056-465578691,10298769,Cà Phê Muối Chú Long - Tôn Đức Thắng,26/05/2026 13:51:42,"80,000","10,000",0,0,"17,185",0,"52,815"
2152,26056-465611904,10321523,Cà Phê Muối Chú Long - Thanh Nhàn,26/05/2026 13:25:51,"50,000","11,000",0,0,"9,575",0,"29,426"
2153,26056-465612743,10280033,Cà Phê Muối Chú Long - Bà Rịa,26/05/2026 13:28:49,"25,000","8,000",0,0,"4,174",0,"12,827"
2154,26056-466204467,10230292,Cà Phê Muối Chú Long - Lê Văn Việt,26/05/2026 13:21:50,"139,000","27,800",0,0,"27,300",0,"83,900"
2155,26056-466274904,10242271,Cà Phê Muối Chú Long - Vũng Tàu,26/05/2026 13:20:28,"50,000","15,000",0,0,"8,593",0,"26,408"
2156,26056-466322295,10298769,Cà Phê Muối Chú Long - Tôn Đức Thắng,26/05/2026 13:11:45,"145,000","26,100",0,0,"29,190",0,"89,710"
2157,26056-466698208,10324687,Cà Phê Muối Chú Long - Huỳnh Tấn Phát,26/05/2026 13:46:09,"75,000","15,000",0,0,"14,730",0,"45,270"
2158,26056-467114782,10230171,Cà Phê Muối Chú Long - Bình Long,26/05/2026 13:15:26,"58,000","11,600",0,0,"11,391",0,"35,009"
2159,26056-467281733,10230793,Cà Phê Muối Chú Long - Huỳnh Văn Bánh,26/05/2026 13:40:57,"47,000","5,000",0,0,"10,311",0,"31,689"
2160,26056-467302718,10321523,Cà Phê Muối Chú Long - Thanh Nhàn,26/05/2026 13:54:14,"99,000","15,000",0,0,"20,622",0,"63,378"
2161,26056-467298650,10307386,Cà Phê Muối Chú Long - Kiên Giang,26/05/2026 13:07:08,"58,000","11,600",0,0,"11,391",0,"35,009"
2162,26056-468208664,10230417,Cà Phê Muối Chú Long - Lê Văn Sỹ,26/05/2026 13:34:31,"110,000","22,000",0,0,"21,604",0,"66,396"
2163,26056-468212040,10225888,Cà Phê Muối Chú Long - Lạc Long Quân,26/05/2026 13:08:21,"22,000","5,000",0,0,"4,174",0,"12,827"
2164,26056-468678109,10235659,Cà Phê Muối Chú Long - Nguyễn Hữu Cảnh,26/05/2026 13:23:03,"22,000","5,000",0,0,"4,174",0,"12,827"
2165,26056-468853270,10235663,Cà Phê Muối Chú Long - Hà Huy Giáp,26/05/2026 13:35:13,"58,000","11,600",0,0,"11,391",0,"35,009"
2166,26056-468948618,10296675,Cà Phê Muối Chú Long - Trương Định,26/05/2026 13:33:14,"72,000","11,000",0,0,"14,976",0,"46,025"
2167,26056-469182237,10230417,Cà Phê Muối Chú Long - Lê Văn Sỹ,26/05/2026 13:24:21,"174,000","31,320",0,0,"35,028",0,"107,652"
2168,26056-469769184,10224935,Cà Phê Muối Chú Long - 585 Quang Trung,26/05/2026 13:29:29,"54,000","11,000",0,0,"10,557",0,"32,444"
2169,26056-469978480,10216423,Cà Phê Muối Chú Long - 417 Cộng Hoà,26/05/2026 13:54:54,"58,000","11,600",0,0,"11,391",0,"35,009"
2170,26056-470029362,10395671,Cà Phê Muối Chú Long - 59 Trường Chinh,26/05/2026 13:14:44,"65,000","13,000",0,0,"12,766",0,"39,234"
2171,26056-470313159,10395671,Cà Phê Muối Chú Long - 59 Trường Chinh,26/05/2026 13:24:43,"58,000","11,600",0,0,"11,391",0,"35,009"
2172,26056-470440088,10225871,Cà Phê Muối Chú Long - Đặng Nguyên Cẩn,26/05/2026 13:25:54,"25,000","8,000",0,0,"4,174",0,"12,827"
2173,26056-470497896,10321524,Cà Phê Muối Chú Long - Đội Cấn,26/05/2026 13:17:47,"148,000","26,640",0,0,"29,794",0,"91,566"
2174,26056-471038910,10225895,Cà Phê Muối Chú Long - Cách Mạng Tháng 8,26/05/2026 13:25:04,"36,000","5,000",0,0,"7,611",0,"23,390"
2175,26056-471139657,10235658,Cà Phê Muối Chú Long - Công Trường Quốc Tế,26/05/2026 13:30:36,"151,000","28,571",0,0,"30,056",0,"92,373"
2176,26056-471228906,10381892,Cà Phê Muối Chú Long - Phan Văn Trị,26/05/2026 13:13:14,"87,000","17,400",0,0,"17,087",0,"52,513"
2177,26056-471262042,10395671,Cà Phê Muối Chú Long - 59 Trường Chinh,26/05/2026 13:30:42,"97,000","19,400",0,0,"19,051",0,"58,549"
2178,26056-471498556,10395671,Cà Phê Muối Chú Long - 59 Trường Chinh,26/05/2026 13:32:10,"69,000","13,800",0,0,"13,552",0,"41,648"
2179,26056-471656057,10292422,Cà Phê Muối Chú Long - Phan Thiết,26/05/2026 13:16:16,"44,000","10,000",0,0,"8,347",0,"25,653"
2180,26056-471697809,10358016,Cà Phê Muối Chú Long - Bà Triệu,26/05/2026 13:32:09,"210,000","32,000",0,0,"43,699",0,"134,301"
2181,26056-471756277,10219545,Cà Phê Muối Chú Long - Nguyễn Huệ,26/05/2026 13:12:29,"91,000","18,200",0,0,"17,872",0,"54,928"
2182,26056-471776853,10321523,Cà Phê Muối Chú Long - Thanh Nhàn,26/05/2026 13:54:20,"66,000","11,000",0,0,"13,503",0,"41,498"
2183,26056-471885854,10321437,Cà Phê Muối Chú Long - Tây Ninh,26/05/2026 13:24:12,"29,000","7,250",0,0,"5,340",0,"16,410"
2184,26056-471903174,10224935,Cà Phê Muối Chú Long - 585 Quang Trung,26/05/2026 13:25:20,"170,000","30,600",0,0,"34,223",0,"105,177"
2185,26056-471999147,10292422,Cà Phê Muối Chú Long - Phan Thiết,26/05/2026 13:21:43,"66,000","13,200",0,0,"12,962",0,"39,838"
2186,26056-472229780,10323120,Cà Phê Muối Chú Long - Đồng Xoài,26/05/2026 13:37:04,"112,000","22,400",0,0,"21,997",0,"67,603"
2187,26056-472258169,10298769,Cà Phê Muối Chú Long - Tôn Đức Thắng,26/05/2026 13:40:48,"58,000","11,000",0,0,"11,539",0,"35,462"
2188,26056-472302964,10397657,Cà Phê Muối Chú Long - 368 Lê Đức Thọ,26/05/2026 13:20:01,"29,000","5,000",0,0,"5,892",0,"18,108"
2189,26056-472540764,10321439,Cà Phê Muối Chú Long - Vĩnh Long,26/05/2026 13:19:40,"170,000","30,600",0,0,"34,223",0,"105,177"
2190,26056-472860149,10298769,Cà Phê Muối Chú Long - Tôn Đức Thắng,26/05/2026 13:32:23,"87,000","11,000",0,0,"18,658",0,"57,342"
2191,26056-472897928,10225898,Cà Phê Muối Chú Long - Nguyễn Đình Chiểu,26/05/2026 13:25:05,"110,000","22,000",0,0,"21,604",0,"66,396"
2192,26056-472933855,10407619,Cà Phê Muối Chú Long - 117 Lò Đúc,26/05/2026 13:26:34,"29,000",0,0,0,"7,120",0,"21,881"
2193,26056-472944545,10230292,Cà Phê Muối Chú Long - Lê Văn Việt,26/05/2026 13:26:50,"54,000","11,000",0,0,"10,557",0,"32,444"
2194,26056-472952379,10224935,Cà Phê Muối Chú Long - 585 Quang Trung,26/05/2026 13:23:06,"58,000","11,600",0,0,"11,391",0,"35,009"
2195,26056-472996200,10386890,Cà Phê Muối Chú Long - Nha Trang,26/05/2026 13:36:04,"51,000","10,000",0,0,"10,066",0,"30,935"
2196,26056-473011809,10225888,Cà Phê Muối Chú Long - Lạc Long Quân,26/05/2026 13:47:44,"58,000","11,600",0,0,"11,391",0,"35,009"
2197,26056-473112678,10225902,Cà Phê Muối Chú Long - Hậu Giang,26/05/2026 13:20:26,"213,000","38,340",0,0,"42,879",0,"131,781"
2198,26056-473189698,10219545,Cà Phê Muối Chú Long - Nguyễn Huệ,26/05/2026 13:22:29,"87,000","17,400",0,0,"17,087",0,"52,513"
2199,26056-473253335,10287840,Cà Phê Muối Chú Long - Long Xuyên,26/05/2026 13:24:11,"83,000","16,600",0,0,"16,301",0,"50,099"
2200,26056-473465367,10225902,Cà Phê Muối Chú Long - Hậu Giang,26/05/2026 13:35:45,"58,000",0,0,0,"14,239",0,"43,761"
2201,26056-473479503,10298769,Cà Phê Muối Chú Long - Tôn Đức Thắng,26/05/2026 14:01:04,"47,000","5,000",0,0,"10,311",0,"31,689"
2202,26056-473646303,10354891,Cà Phê Muối Chú Long - Trà Vinh,26/05/2026 13:18:59,"116,000","23,200",0,0,"22,782",0,"70,018"
2203,26056-473753425,10225885,Cà Phê Muối Chú Long - Ngô Tất Tố,26/05/2026 13:32:43,"54,000","11,000",0,0,"10,557",0,"32,444"
2204,26056-473886421,10235658,Cà Phê Muối Chú Long - Công Trường Quốc Tế,26/05/2026 13:30:26,"29,000","5,000",0,0,"5,892",0,"18,108"
2205,26056-473932521,10222800,Cà Phê Muối Chú Long - Thành Thái,26/05/2026 13:20:39,"58,000","11,600",0,0,"11,391",0,"35,009"
2206,26056-474163928,10284115,Cà Phê Muối Chú Long - Kha Vạn Cân,26/05/2026 13:32:47,"44,000",0,0,0,"10,802",0,"33,198"
2207,26056-474227458,10230171,Cà Phê Muối Chú Long - Bình Long,26/05/2026 13:33:31,"87,000","17,400",0,0,"17,087",0,"52,513"
2208,26056-474269763,10386890,Cà Phê Muối Chú Long - Nha Trang,26/05/2026 13:22:52,"51,000","10,000",0,0,"10,066",0,"30,935"
2209,26056-474390873,10224935,Cà Phê Muối Chú Long - 585 Quang Trung,26/05/2026 13:29:53,"63,000","12,600",0,0,"12,373",0,"38,027"
2210,26056-474399053,10340098,Cà Phê Muối Chú Long - Thuận An,26/05/2026 13:29:35,"25,000","8,000",0,0,"4,174",0,"12,827"
2211,26056-474437360,10408376,Cà Phê Muối Chú Long - 203 Tôn Đản,26/05/2026 13:26:18,"88,000",0,0,0,"21,604",0,"66,396"
2212,26056-474563795,10224935,Cà Phê Muối Chú Long - 585 Quang Trung,26/05/2026 13:33:09,"58,000","11,600",0,0,"11,391",0,"35,009"
2213,26056-474585087,10230814,Cà Phê Muối Chú Long - Võ Văn Kiệt,26/05/2026 13:24:00,"79,000","15,800",0,0,"15,516",0,"47,684"
2214,26056-474595222,10225898,Cà Phê Muối Chú Long - Nguyễn Đình Chiểu,26/05/2026 13:36:38,"54,000","11,000",0,0,"10,557",0,"32,444"
2215,26056-474764791,10324687,Cà Phê Muối Chú Long - Huỳnh Tấn Phát,26/05/2026 13:28:16,"51,000","10,000",0,0,"10,066",0,"30,935"
2216,26056-474789029,10296675,Cà Phê Muối Chú Long - Trương Định,26/05/2026 13:42:42,"22,000","5,000",0,0,"4,174",0,"12,827"
2217,26056-475158810,10287867,Cà Phê Muối Chú Long - Classic,26/05/2026 13:47:05,"95,000","19,000",0,0,"18,658",0,"57,342"
2218,26056-475278712,10298769,Cà Phê Muối Chú Long - Tôn Đức Thắng,26/05/2026 13:27:56,"108,000","19,440",0,0,"21,741",0,"66,819"
2219,26056-475353908,10292422,Cà Phê Muối Chú Long - Phan Thiết,26/05/2026 13:22:07,"58,000","11,600",0,0,"11,391",0,"35,009"
2220,26056-475803305,10230793,Cà Phê Muối Chú Long - Huỳnh Văn Bánh,26/05/2026 13:46:19,"51,000","11,000",0,0,"9,820",0,"30,180"
2221,26056-475803097,10284115,Cà Phê Muối Chú Long - Kha Vạn Cân,26/05/2026 13:34:57,"138,000","27,600",0,0,"27,103",0,"83,297"
2222,26056-475998807,10225898,Cà Phê Muối Chú Long - Nguyễn Đình Chiểu,26/05/2026 13:43:03,"58,000","11,600",0,0,"11,391",0,"35,009"
2223,26056-476293155,10321524,Cà Phê Muối Chú Long - Đội Cấn,26/05/2026 13:29:59,"95,000","15,000",0,0,"19,640",0,"60,360"
2224,26056-476445645,10408376,Cà Phê Muối Chú Long - 203 Tôn Đản,26/05/2026 13:28:02,"109,000",0,0,0,"26,760",0,"82,241"
2225,26056-476460429,10298769,Cà Phê Muối Chú Long - Tôn Đức Thắng,26/05/2026 13:47:37,"112,000","20,160",0,0,"22,547",0,"69,293"
2226,26056-477082366,10225902,Cà Phê Muối Chú Long - Hậu Giang,26/05/2026 13:26:12,"44,000","5,000",0,0,"9,575",0,"29,426"
2227,26056-477264233,10298769,Cà Phê Muối Chú Long - Tôn Đức Thắng,26/05/2026 13:33:58,"58,000","11,000",0,0,"11,539",0,"35,462"
2228,26056-477293642,10330437,Cà Phê Muối Chú Long - Trần Hưng Đạo,26/05/2026 13:25:29,"58,000","11,600",0,0,"11,391",0,"35,009"
2229,26056-477467121,10225895,Cà Phê Muối Chú Long - Cách Mạng Tháng 8,26/05/2026 13:30:09,"116,000","23,200",0,0,"22,782",0,"70,018"
2230,26056-477562691,10298769,Cà Phê Muối Chú Long - Tôn Đức Thắng,26/05/2026 14:11:26,"284,000","47,368",0,0,"58,093",0,"178,539"
2231,26056-477853650,10284115,Cà Phê Muối Chú Long - Kha Vạn Cân,26/05/2026 13:29:05,"47,000",0,0,0,"11,539",0,"35,462"
2232,26056-478041729,10375372,Cà Phê Muối Chú Long - An Dương Vương,26/05/2026 13:34:57,"95,000","19,000",0,0,"18,658",0,"57,342"
2233,26056-478200806,10350108,Cà Phê Muối Chú Long - Đường Láng,26/05/2026 14:09:10,"44,000","5,000",0,0,"9,575",0,"29,426"
2234,26056-478356335,10225871,Cà Phê Muối Chú Long - Đặng Nguyên Cẩn,26/05/2026 13:29:46,"37,000","5,000",0,0,"7,856",0,"24,144"
2235,26056-478469640,10230417,Cà Phê Muối Chú Long - Lê Văn Sỹ,26/05/2026 13:45:02,"116,000","23,200",0,0,"22,782",0,"70,018"
2236,26056-478685615,10233716,Cà Phê Muối Chú Long - 130 Thích Quảng Đức,26/05/2026 13:33:35,"137,000","27,400",0,0,"26,907",0,"82,693"
2237,26056-478790113,10330437,Cà Phê Muối Chú Long - Trần Hưng Đạo,26/05/2026 13:33:09,"54,000","11,000",0,0,"10,557",0,"32,444"
2238,26056-478985122,10222800,Cà Phê Muối Chú Long - Thành Thái,26/05/2026 13:27:24,"87,000",0,0,0,"21,359",0,"65,642"
2239,26056-479501041,10233716,Cà Phê Muối Chú Long - 130 Thích Quảng Đức,26/05/2026 13:45:45,"58,000","11,600",0,0,"11,391",0,"35,009"
2240,26056-479518248,10235659,Cà Phê Muối Chú Long - Nguyễn Hữu Cảnh,26/05/2026 14:06:35,"25,000","8,000",0,0,"4,174",0,"12,827"
2241,26056-479925134,10230417,Cà Phê Muối Chú Long - Lê Văn Sỹ,26/05/2026 13:34:54,"29,000","5,000",0,0,"5,892",0,"18,108"
2242,26056-480249453,10225888,Cà Phê Muối Chú Long - Lạc Long Quân,26/05/2026 13:33:26,"67,000","13,400",0,0,"13,159",0,"40,441"
2243,26056-480683156,10298769,Cà Phê Muối Chú Long - Tôn Đức Thắng,26/05/2026 13:50:06,"51,000","11,000",0,0,"9,820",0,"30,180"
2244,26056-481005328,10224935,Cà Phê Muối Chú Long - 585 Quang Trung,26/05/2026 13:51:26,"94,000","18,800",0,0,"18,462",0,"56,738"
2245,26056-481002525,10321524,Cà Phê Muối Chú Long - Đội Cấn,26/05/2026 14:01:38,"29,000","5,000",0,0,"5,892",0,"18,108"
2246,26056-481226418,10222800,Cà Phê Muối Chú Long - Thành Thái,26/05/2026 13:36:13,"87,000","17,400",0,0,"17,087",0,"52,513"
2247,26056-481229339,10354882,Cà Phê Muối Chú Long - Quảng Ngãi,26/05/2026 13:43:00,"25,000","8,000",0,0,"4,174",0,"12,827"
2248,26056-481465129,10230399,Cà Phê Muối Chú Long - Tân Kỳ Tân Quý,26/05/2026 13:54:41,"170,000","30,600",0,0,"34,223",0,"105,177"
2249,26056-481513418,10230399,Cà Phê Muối Chú Long - Tân Kỳ Tân Quý,26/05/2026 13:49:08,"87,000","17,400",0,0,"17,087",0,"52,513"
2250,26056-481716344,10321524,Cà Phê Muối Chú Long - Đội Cấn,26/05/2026 13:34:46,"58,000","10,000",0,0,"11,784",0,"36,216"
2251,26056-481888441,10225898,Cà Phê Muối Chú Long - Nguyễn Đình Chiểu,26/05/2026 13:32:12,"29,000","5,000",0,0,"5,892",0,"18,108"
2252,26056-481920949,10298769,Cà Phê Muối Chú Long - Tôn Đức Thắng,26/05/2026 13:47:45,"80,000","11,000",0,0,"16,940",0,"52,061"
2253,26056-482145386,10395671,Cà Phê Muối Chú Long - 59 Trường Chinh,26/05/2026 13:48:56,"161,000","28,980",0,0,"32,411",0,"99,609"
2254,26056-482208596,10225898,Cà Phê Muối Chú Long - Nguyễn Đình Chiểu,26/05/2026 13:40:54,"29,000","5,000",0,0,"5,892",0,"18,108"
2255,26056-482396123,10235663,Cà Phê Muối Chú Long - Hà Huy Giáp,26/05/2026 13:41:48,"116,000","23,200",0,0,"22,782",0,"70,018"
2256,26056-482464061,10225898,Cà Phê Muối Chú Long - Nguyễn Đình Chiểu,26/05/2026 13:43:27,"166,000","29,880",0,0,"33,417",0,"102,703"
2257,26056-482649257,10287867,Cà Phê Muối Chú Long - Classic,26/05/2026 13:43:31,"34,000","17,000",0,0,"4,174",0,"12,827"
2258,26056-482872127,10321524,Cà Phê Muối Chú Long - Đội Cấn,26/05/2026 14:22:28,"58,000","10,000",0,0,"11,784",0,"36,216"
2259,26056-482881767,10230814,Cà Phê Muối Chú Long - Võ Văn Kiệt,26/05/2026 13:41:05,"54,000","10,000",0,0,"10,802",0,"33,198"
2260,26056-482922440,10225898,Cà Phê Muối Chú Long - Nguyễn Đình Chiểu,26/05/2026 13:47:35,"83,000","16,600",0,0,"16,301",0,"50,099"
2261,26056-483208732,10225871,Cà Phê Muối Chú Long - Đặng Nguyên Cẩn,26/05/2026 13:56:08,"58,000","11,600",0,0,"11,391",0,"35,009"
2262,26056-483393126,10242271,Cà Phê Muối Chú Long - Vũng Tàu,26/05/2026 13:46:28,"58,000","11,600",0,0,"11,391",0,"35,009"
2263,26056-483445839,10230814,Cà Phê Muối Chú Long - Võ Văn Kiệt,26/05/2026 13:38:59,"104,000","20,800",0,0,"20,426",0,"62,774"
2264,26056-483504388,10230793,Cà Phê Muối Chú Long - Huỳnh Văn Bánh,26/05/2026 13:42:47,"29,000","5,000",0,0,"5,892",0,"18,108"
2265,26056-483535079,10298769,Cà Phê Muối Chú Long - Tôn Đức Thắng,26/05/2026 13:44:02,"58,000","11,000",0,0,"11,539",0,"35,462"
2266,26056-483575198,10224935,Cà Phê Muối Chú Long - 585 Quang Trung,26/05/2026 13:51:24,"116,000","23,200",0,0,"22,782",0,"70,018"
2267,26056-483927487,10225902,Cà Phê Muối Chú Long - Hậu Giang,26/05/2026 13:36:11,"116,000","23,200",0,0,"22,782",0,"70,018"
2268,26056-484133916,10230417,Cà Phê Muối Chú Long - Lê Văn Sỹ,26/05/2026 13:52:44,"135,000","27,000",0,0,"26,514",0,"81,486"
2269,26056-484382201,10358037,Cà Phê Muối Chú Long - 35 Trần Phú,26/05/2026 13:41:42,"22,000","5,500",0,0,"4,051",0,"12,449"
2270,26056-484422168,10235663,Cà Phê Muối Chú Long - Hà Huy Giáp,26/05/2026 13:39:15,"154,000","28,571",0,0,"30,793",0,"94,636"
2271,26056-484453088,10224935,Cà Phê Muối Chú Long - 585 Quang Trung,26/05/2026 13:51:17,"29,000",0,0,0,"7,120",0,"21,881"
2272,26056-484581737,10225898,Cà Phê Muối Chú Long - Nguyễn Đình Chiểu,26/05/2026 13:45:01,"29,000","5,000",0,0,"5,892",0,"18,108"
2273,26056-484656688,10230171,Cà Phê Muối Chú Long - Bình Long,26/05/2026 13:47:33,"47,000",0,0,0,"11,539",0,"35,462"
2274,26056-484653245,10296675,Cà Phê Muối Chú Long - Trương Định,26/05/2026 14:24:56,"94,000","11,000",0,0,"20,377",0,"62,624"
2275,26056-484905679,10354891,Cà Phê Muối Chú Long - Trà Vinh,26/05/2026 13:50:40,"58,000",0,0,0,"14,239",0,"43,761"
2276,26056-485170456,10224935,Cà Phê Muối Chú Long - 585 Quang Trung,26/05/2026 13:56:29,"29,000","5,000",0,0,"5,892",0,"18,108"
2277,26056-485275563,10219545,Cà Phê Muối Chú Long - Nguyễn Huệ,26/05/2026 13:40:36,"54,000","11,000",0,0,"10,557",0,"32,444"
2278,26056-485409001,10298824,Cà Phê Muối Chú Long - Hoàng Diệu,26/05/2026 14:30:50,"25,000","8,000",0,0,"4,174",0,"12,827"
2279,26056-485442182,10405301,Cà Phê Muối Chú Long - 01 Hàng Đậu,26/05/2026 13:46:53,"29,000",0,0,0,"7,120",0,"21,881"
2280,26056-485664398,10230399,Cà Phê Muối Chú Long - Tân Kỳ Tân Quý,26/05/2026 13:48:47,"58,000","11,600",0,0,"11,391",0,"35,009"
2281,26056-485693368,10298769,Cà Phê Muối Chú Long - Tôn Đức Thắng,26/05/2026 14:40:26,"29,000","5,000",0,0,"5,892",0,"18,108"
2282,26056-485822971,10330437,Cà Phê Muối Chú Long - Trần Hưng Đạo,26/05/2026 13:43:23,"120,000","24,000",0,0,"23,568",0,"72,432"
2283,26056-485830366,10230958,Cà Phê Muối Chú Long - 3/26 Quang Trung,26/05/2026 13:53:42,"116,000","23,200",0,0,"22,782",0,"70,018"
2284,26056-485929656,10375372,Cà Phê Muối Chú Long - An Dương Vương,26/05/2026 13:40:30,"58,000","11,600",0,0,"11,391",0,"35,009"
2285,26056-486291255,10225898,Cà Phê Muối Chú Long - Nguyễn Đình Chiểu,26/05/2026 13:53:05,"141,000","28,200",0,0,"27,692",0,"85,108"
2286,26056-486292804,10292422,Cà Phê Muối Chú Long - Phan Thiết,26/05/2026 13:41:19,"29,000","7,250",0,0,"5,340",0,"16,410"
2287,26056-486507225,10230793,Cà Phê Muối Chú Long - Huỳnh Văn Bánh,26/05/2026 13:46:46,"29,000","5,000",0,0,"5,892",0,"18,108"
2288,26056-486828557,10321524,Cà Phê Muối Chú Long - Đội Cấn,26/05/2026 14:07:20,"108,000","19,440",0,0,"21,741",0,"66,819"
2289,26056-486848804,10225898,Cà Phê Muối Chú Long - Nguyễn Đình Chiểu,26/05/2026 13:49:09,"102,000","20,400",0,0,"20,033",0,"61,567"
2290,26056-486933595,10321523,Cà Phê Muối Chú Long - Thanh Nhàn,26/05/2026 14:28:10,"79,000","11,000",0,0,"16,694",0,"51,306"
2291,26056-486944636,10298769,Cà Phê Muối Chú Long - Tôn Đức Thắng,26/05/2026 14:35:11,"25,000","8,000",0,0,"4,174",0,"12,827"
2292,26056-487023082,10350108,Cà Phê Muối Chú Long - Đường Láng,26/05/2026 14:14:59,"51,000","11,000",0,0,"9,820",0,"30,180"
2293,26056-487145711,10292422,Cà Phê Muối Chú Long - Phan Thiết,26/05/2026 13:51:11,"25,000","8,000",0,0,"4,174",0,"12,827"
2294,26056-487235093,10340098,Cà Phê Muối Chú Long - Thuận An,26/05/2026 14:12:47,"66,000","13,200",0,0,"12,962",0,"39,838"
2295,26056-487312230,10284115,Cà Phê Muối Chú Long - Kha Vạn Cân,26/05/2026 13:46:17,"100,000","20,000",0,0,"19,640",0,"60,360"
2296,26056-487609396,10235658,Cà Phê Muối Chú Long - Công Trường Quốc Tế,26/05/2026 14:28:42,"51,000","11,000",0,0,"9,820",0,"30,180"
2297,26056-487807864,10224935,Cà Phê Muối Chú Long - 585 Quang Trung,26/05/2026 13:50:51,"87,000","17,400",0,0,"17,087",0,"52,513"
2298,26056-487913717,10296675,Cà Phê Muối Chú Long - Trương Định,26/05/2026 14:10:09,"44,000",0,0,0,"10,802",0,"33,198"
2299,26056-488319273,10233716,Cà Phê Muối Chú Long - 130 Thích Quảng Đức,26/05/2026 13:57:36,"51,000","11,000",0,0,"9,820",0,"30,180"
2300,26056-488636161,10405301,Cà Phê Muối Chú Long - 01 Hàng Đậu,26/05/2026 13:51:38,"61,000",0,0,0,"14,976",0,"46,025"
2301,26056-488683165,10230399,Cà Phê Muối Chú Long - Tân Kỳ Tân Quý,26/05/2026 13:53:54,"25,000","8,000",0,0,"4,174",0,"12,827"
2302,26056-488759383,10407619,Cà Phê Muối Chú Long - 117 Lò Đúc,26/05/2026 15:04:54,"47,000",0,0,0,"11,539",0,"35,462"
2303,26056-488776541,10321524,Cà Phê Muối Chú Long - Đội Cấn,26/05/2026 14:08:38,"44,000","5,000",0,0,"9,575",0,"29,426"
2304,26056-488824452,10225888,Cà Phê Muối Chú Long - Lạc Long Quân,26/05/2026 13:45:13,"66,000","13,200",0,0,"12,962",0,"39,838"
2305,26056-488890614,10230793,Cà Phê Muối Chú Long - Huỳnh Văn Bánh,26/05/2026 13:47:11,"29,000","5,000",0,0,"5,892",0,"18,108"
2306,26056-488894235,10321524,Cà Phê Muối Chú Long - Đội Cấn,26/05/2026 14:31:03,"110,000","19,800",0,0,"22,144",0,"68,056"
2307,26056-488918815,10381892,Cà Phê Muối Chú Long - Phan Văn Trị,26/05/2026 13:52:27,"58,000","11,600",0,0,"11,391",0,"35,009"
2308,26056-489009753,10298769,Cà Phê Muối Chú Long - Tôn Đức Thắng,26/05/2026 14:13:05,"159,000","28,620",0,0,"32,008",0,"98,372"
2309,26056-489188929,10225902,Cà Phê Muối Chú Long - Hậu Giang,26/05/2026 13:57:49,"87,000","17,400",0,0,"17,087",0,"52,513"
2310,26056-489253805,10405301,Cà Phê Muối Chú Long - 01 Hàng Đậu,26/05/2026 14:00:41,"98,000",0,0,0,"24,059",0,"73,941"
2311,26056-489507293,10225902,Cà Phê Muối Chú Long - Hậu Giang,26/05/2026 13:41:54,"29,000","5,000",0,0,"5,892",0,"18,108"
2312,26056-489674809,10321523,Cà Phê Muối Chú Long - Thanh Nhàn,26/05/2026 14:08:30,"88,000","11,000",0,0,"18,904",0,"58,097"
2313,26056-489880621,10230958,Cà Phê Muối Chú Long - 3/26 Quang Trung,26/05/2026 13:43:42,"83,000","16,600",0,0,"16,301",0,"50,099"
2314,26056-490054648,10354891,Cà Phê Muối Chú Long - Trà Vinh,26/05/2026 13:54:54,"25,000","8,000",0,0,"4,174",0,"12,827"
2315,26056-490327424,10296675,Cà Phê Muối Chú Long - Trương Định,26/05/2026 14:25:10,"87,000","11,000",0,0,"18,658",0,"57,342"
2316,26056-490455754,10321523,Cà Phê Muối Chú Long - Thanh Nhàn,26/05/2026 14:01:56,"29,000","5,000",0,0,"5,892",0,"18,108"
2317,26056-490588671,10350108,Cà Phê Muối Chú Long - Đường Láng,26/05/2026 14:09:12,"104,000","18,720",0,0,"20,936",0,"64,344"
2318,26056-490616935,10321524,Cà Phê Muối Chú Long - Đội Cấn,26/05/2026 14:15:34,"141,000",0,0,0,"34,616",0,"106,385"
2319,26056-490747460,10230417,Cà Phê Muối Chú Long - Lê Văn Sỹ,26/05/2026 13:56:40,"125,000","25,000",0,0,"24,550",0,"75,450"
2320,26056-490788400,10219545,Cà Phê Muối Chú Long - Nguyễn Huệ,26/05/2026 14:01:57,"50,000","11,000",0,0,"9,575",0,"29,426"
2321,26056-490982619,10216423,Cà Phê Muối Chú Long - 417 Cộng Hoà,26/05/2026 13:57:13,"29,000","5,000",0,0,"5,892",0,"18,108"
2322,26056-491059205,10296675,Cà Phê Muối Chú Long - Trương Định,26/05/2026 14:57:01,"123,000","22,140",0,0,"24,761",0,"76,099"
2323,26056-491122940,10350108,Cà Phê Muối Chú Long - Đường Láng,26/05/2026 14:57:52,"65,000","11,000",0,0,"13,257",0,"40,743"
2324,26056-491145890,10375372,Cà Phê Muối Chú Long - An Dương Vương,26/05/2026 13:56:39,"58,000","10,000",0,0,"11,784",0,"36,216"
2325,26056-491158442,10216423,Cà Phê Muối Chú Long - 417 Cộng Hoà,26/05/2026 14:00:25,"47,000",0,0,0,"11,539",0,"35,462"
2326,26056-491180138,10230814,Cà Phê Muối Chú Long - Võ Văn Kiệt,26/05/2026 13:52:44,"87,000","17,400",0,0,"17,087",0,"52,513"
2327,26056-491181284,10230793,Cà Phê Muối Chú Long - Huỳnh Văn Bánh,26/05/2026 14:00:16,"104,000","20,800",0,0,"20,426",0,"62,774"
2328,26056-491298586,10298769,Cà Phê Muối Chú Long - Tôn Đức Thắng,26/05/2026 13:56:31,"142,000","25,560",0,0,"28,586",0,"87,854"
2329,26056-491323633,10225895,Cà Phê Muối Chú Long - Cách Mạng Tháng 8,26/05/2026 13:53:03,"58,000","11,600",0,0,"11,391",0,"35,009"
2330,26056-492056135,10407619,Cà Phê Muối Chú Long - 117 Lò Đúc,26/05/2026 14:04:41,"44,000",0,0,0,"10,802",0,"33,198"
2331,26056-492246133,10225902,Cà Phê Muối Chú Long - Hậu Giang,26/05/2026 13:55:14,"58,000","11,600",0,0,"11,391",0,"35,009"
2332,26056-492281132,10326235,Cà Phê Muối Chú Long - Cà Mau,26/05/2026 14:00:03,"22,000","5,500",0,0,"4,051",0,"12,449"
2333,26056-492399325,10230793,Cà Phê Muối Chú Long - Huỳnh Văn Bánh,26/05/2026 14:09:15,"58,000","11,600",0,0,"11,391",0,"35,009"
2334,26056-492523971,10230814,Cà Phê Muối Chú Long - Võ Văn Kiệt,26/05/2026 13:59:16,"58,000","11,600",0,0,"11,391",0,"35,009"
2335,26056-492786237,10216423,Cà Phê Muối Chú Long - 417 Cộng Hoà,26/05/2026 13:56:23,"80,000","16,000",0,0,"15,712",0,"48,288"
2336,26056-492790893,10225902,Cà Phê Muối Chú Long - Hậu Giang,26/05/2026 13:47:02,"22,000","5,000",0,0,"4,174",0,"12,827"
2337,26056-492856535,10321523,Cà Phê Muối Chú Long - Thanh Nhàn,26/05/2026 13:57:01,"29,000","5,000",0,0,"5,892",0,"18,108"
2338,26056-493689844,10395671,Cà Phê Muối Chú Long - 59 Trường Chinh,26/05/2026 14:00:05,"29,000","5,000",0,0,"5,892",0,"18,108"
2339,26056-493770348,10235658,Cà Phê Muối Chú Long - Công Trường Quốc Tế,26/05/2026 13:59:47,"174,000","31,320",0,0,"35,028",0,"107,652"
2340,26056-493986899,10230171,Cà Phê Muối Chú Long - Bình Long,26/05/2026 13:58:08,"29,000","5,000",0,0,"5,892",0,"18,108"
2341,26056-494059052,10321523,Cà Phê Muối Chú Long - Thanh Nhàn,26/05/2026 14:25:55,"110,000","19,800",0,0,"22,144",0,"68,056"
2342,26056-494212801,10235663,Cà Phê Muối Chú Long - Hà Huy Giáp,26/05/2026 14:07:03,"260,000","45,000",0,0,"52,783",0,"162,218"
2343,26056-494260948,10296675,Cà Phê Muối Chú Long - Trương Định,26/05/2026 14:27:56,"51,000","11,000",0,0,"9,820",0,"30,180"
2344,26056-494330789,10284115,Cà Phê Muối Chú Long - Kha Vạn Cân,26/05/2026 13:56:37,"54,000","10,000",0,0,"10,802",0,"33,198"
2345,26056-494434153,10230417,Cà Phê Muối Chú Long - Lê Văn Sỹ,26/05/2026 13:56:34,"73,000","14,600",0,0,"14,337",0,"44,063"
2346,26056-494514298,10235658,Cà Phê Muối Chú Long - Công Trường Quốc Tế,26/05/2026 14:05:54,"112,000",0,0,0,"27,496",0,"84,504"
2347,26056-494592276,10321523,Cà Phê Muối Chú Long - Thanh Nhàn,26/05/2026 14:03:28,"198,000","35,640",0,0,"39,859",0,"122,501"
2348,26056-494731500,10225898,Cà Phê Muối Chú Long - Nguyễn Đình Chiểu,26/05/2026 14:08:54,"76,000","15,200",0,0,"14,926",0,"45,874"
2349,26056-494778986,10292422,Cà Phê Muối Chú Long - Phan Thiết,26/05/2026 13:59:52,"22,000","5,500",0,0,"4,051",0,"12,449"
2350,26056-495059054,10216423,Cà Phê Muối Chú Long - 417 Cộng Hoà,26/05/2026 14:04:14,"29,000","5,000",0,0,"5,892",0,"18,108"
2351,26056-495421597,10216423,Cà Phê Muối Chú Long - 417 Cộng Hoà,26/05/2026 14:17:25,"138,000","27,600",0,0,"27,103",0,"83,297"
2352,26056-496006293,10216423,Cà Phê Muối Chú Long - 417 Cộng Hoà,26/05/2026 14:11:31,"145,000","28,571",0,0,"28,583",0,"87,846"
2353,26056-496551732,10235659,Cà Phê Muối Chú Long - Nguyễn Hữu Cảnh,26/05/2026 14:13:03,"58,000","11,600",0,0,"11,391",0,"35,009"
2354,26056-496927286,10235658,Cà Phê Muối Chú Long - Công Trường Quốc Tế,26/05/2026 14:01:42,"58,000","11,600",0,0,"11,391",0,"35,009"
2355,26056-497221238,10216423,Cà Phê Muối Chú Long - 417 Cộng Hoà,26/05/2026 14:02:54,"25,000","5,000",0,0,"4,910",0,"15,090"
2356,26056-497233524,10235658,Cà Phê Muối Chú Long - Công Trường Quốc Tế,26/05/2026 14:19:02,"58,000","11,600",0,0,"11,391",0,"35,009"
2357,26056-497262854,10381892,Cà Phê Muối Chú Long - Phan Văn Trị,26/05/2026 14:35:37,"58,000","11,600",0,0,"11,391",0,"35,009"
2358,26056-497306716,10350108,Cà Phê Muối Chú Long - Đường Láng,26/05/2026 15:00:10,"169,000","30,420",0,0,"34,021",0,"104,559"
2359,26056-497341191,10350108,Cà Phê Muối Chú Long - Đường Láng,26/05/2026 14:35:46,"29,000","5,000",0,0,"5,892",0,"18,108"
2360,26056-497419438,10296675,Cà Phê Muối Chú Long - Trương Định,26/05/2026 14:21:20,"76,000","11,000",0,0,"15,958",0,"49,043"
2361,26056-497509439,10296675,Cà Phê Muối Chú Long - Trương Định,26/05/2026 15:32:17,"87,000","11,000",0,0,"18,658",0,"57,342"
2362,26056-497728900,10219545,Cà Phê Muối Chú Long - Nguyễn Huệ,26/05/2026 14:00:46,"87,000","17,400",0,0,"17,087",0,"52,513"
2363,26056-497784474,10321524,Cà Phê Muối Chú Long - Đội Cấn,26/05/2026 14:08:23,"54,000","11,000",0,0,"10,557",0,"32,444"
2364,26056-497845764,10358016,Cà Phê Muối Chú Long - Bà Triệu,26/05/2026 14:11:46,"66,000","13,200",0,0,"12,962",0,"39,838"
2365,26056-497907040,10321523,Cà Phê Muối Chú Long - Thanh Nhàn,26/05/2026 14:43:34,"87,000","11,000",0,0,"18,658",0,"57,342"
2366,26056-498052415,10321523,Cà Phê Muối Chú Long - Thanh Nhàn,26/05/2026 14:57:26,"47,000","5,000",0,0,"10,311",0,"31,689"
2367,26056-498233249,10298769,Cà Phê Muối Chú Long - Tôn Đức Thắng,26/05/2026 14:23:41,"76,000","11,000",0,0,"15,958",0,"49,043"
2368,26056-498255745,10235659,Cà Phê Muối Chú Long - Nguyễn Hữu Cảnh,26/05/2026 14:31:37,"44,000","5,000",0,0,"9,575",0,"29,426"
2369,26056-498352668,10230793,Cà Phê Muối Chú Long - Huỳnh Văn Bánh,26/05/2026 14:04:07,"50,000","11,000",0,0,"9,575",0,"29,426"
2370,26056-498454638,10230417,Cà Phê Muối Chú Long - Lê Văn Sỹ,26/05/2026 14:15:05,"102,000","20,400",0,0,"20,033",0,"61,567"
2371,26056-498501003,10235658,Cà Phê Muối Chú Long - Công Trường Quốc Tế,26/05/2026 14:20:21,"232,000","32,000",0,0,"49,100",0,"150,900"
2372,26056-498760232,10225902,Cà Phê Muối Chú Long - Hậu Giang,26/05/2026 14:14:20,"170,000","30,600",0,0,"34,223",0,"105,177"
2373,26056-499176212,10287867,Cà Phê Muối Chú Long - Classic,26/05/2026 14:12:30,"30,000","19,000",0,0,"2,701",0,"8,300"
2374,26056-499342942,10321524,Cà Phê Muối Chú Long - Đội Cấn,26/05/2026 14:43:01,"25,000","7,500",0,0,"4,296",0,"13,204"
2375,26056-499713236,10287867,Cà Phê Muối Chú Long - Classic,26/05/2026 14:14:42,"30,000","19,000",0,0,"2,701",0,"8,300"
2376,26056-500087764,10296675,Cà Phê Muối Chú Long - Trương Định,26/05/2026 14:31:26,"79,000","10,000",0,0,"16,940",0,"52,061"
2377,26056-500216596,10358016,Cà Phê Muối Chú Long - Bà Triệu,26/05/2026 14:04:46,"29,000","7,250",0,0,"5,340",0,"16,410"
2378,26056-500349456,10350108,Cà Phê Muối Chú Long - Đường Láng,26/05/2026 14:51:02,"173,000","31,140",0,0,"34,827",0,"107,033"
2379,26056-500375811,10233716,Cà Phê Muối Chú Long - 130 Thích Quảng Đức,26/05/2026 14:38:38,"260,000","45,000",0,0,"52,783",0,"162,218"
2380,26056-500466063,10326235,Cà Phê Muối Chú Long - Cà Mau,26/05/2026 14:13:20,"29,000","7,250",0,0,"5,340",0,"16,410"
2381,26056-500752062,10381983,Cà Phê Muối Chú Long - Bạch Đằng,26/05/2026 14:19:11,"66,000",0,0,0,"16,203",0,"49,797"
2382,26056-500862968,10321524,Cà Phê Muối Chú Long - Đội Cấn,26/05/2026 14:41:40,"58,000","11,000",0,0,"11,539",0,"35,462"
2383,26056-501465860,10225888,Cà Phê Muối Chú Long - Lạc Long Quân,26/05/2026 14:05:10,"29,000","5,000",0,0,"5,892",0,"18,108"
2384,26056-501509345,10321523,Cà Phê Muối Chú Long - Thanh Nhàn,26/05/2026 15:07:13,"88,000",0,0,0,"21,604",0,"66,396"
2385,26056-501611005,10321523,Cà Phê Muối Chú Long - Thanh Nhàn,26/05/2026 14:24:39,"36,000","5,000",0,0,"7,611",0,"23,390"
2386,26056-501718139,10216423,Cà Phê Muối Chú Long - 417 Cộng Hoà,26/05/2026 14:14:30,"65,000","13,000",0,0,"12,766",0,"39,234"
2387,26056-501796599,10287840,Cà Phê Muối Chú Long - Long Xuyên,26/05/2026 14:18:20,"69,000","13,800",0,0,"13,552",0,"41,648"
2388,26056-501823571,10321524,Cà Phê Muối Chú Long - Đội Cấn,26/05/2026 14:11:44,"58,000","10,000",0,0,"11,784",0,"36,216"
2389,26056-501836975,10298769,Cà Phê Muối Chú Long - Tôn Đức Thắng,26/05/2026 14:35:45,"137,000","24,660",0,0,"27,579",0,"84,761"
2390,26056-501870334,10284115,Cà Phê Muối Chú Long - Kha Vạn Cân,26/05/2026 14:19:42,"76,000","15,200",0,0,"14,926",0,"45,874"
2391,26056-501909634,10222800,Cà Phê Muối Chú Long - Thành Thái,26/05/2026 14:28:31,"58,000",0,0,0,"14,239",0,"43,761"
2392,26056-502232511,10386890,Cà Phê Muối Chú Long - Nha Trang,26/05/2026 14:17:24,"87,000","17,400",0,0,"17,087",0,"52,513"
2393,26056-502238461,10298769,Cà Phê Muối Chú Long - Tôn Đức Thắng,26/05/2026 14:39:07,"29,000","5,000",0,0,"5,892",0,"18,108"
2394,26056-502277298,10298769,Cà Phê Muối Chú Long - Tôn Đức Thắng,26/05/2026 14:24:33,"50,000","11,000",0,0,"9,575",0,"29,426"
2395,26056-502319278,10296675,Cà Phê Muối Chú Long - Trương Định,26/05/2026 14:31:40,"50,000","11,000",0,0,"9,575",0,"29,426"
2396,26056-502963471,10292015,Cà Phê Muối Chú Long - Long An,26/05/2026 14:07:19,"29,000","7,250",0,0,"5,340",0,"16,410"
2397,26056-502992830,10321524,Cà Phê Muối Chú Long - Đội Cấn,26/05/2026 14:35:14,"181,000","32,580",0,0,"36,437",0,"111,983"
2398,26056-503531431,10350108,Cà Phê Muối Chú Long - Đường Láng,26/05/2026 15:08:30,"58,000","10,000",0,0,"11,784",0,"36,216"
2399,26056-503541471,10298769,Cà Phê Muối Chú Long - Tôn Đức Thắng,26/05/2026 14:25:54,"116,000","20,880",0,0,"23,352",0,"71,768"
2400,26056-503945161,10324687,Cà Phê Muối Chú Long - Huỳnh Tấn Phát,26/05/2026 14:10:30,"58,000","11,600",0,0,"11,391",0,"35,009"
2401,26056-504235927,10235659,Cà Phê Muối Chú Long - Nguyễn Hữu Cảnh,26/05/2026 14:23:41,"54,000","11,000",0,0,"10,557",0,"32,444"
2402,26056-504246326,10225895,Cà Phê Muối Chú Long - Cách Mạng Tháng 8,26/05/2026 14:11:04,"29,000","5,000",0,0,"5,892",0,"18,108"
2403,26056-504332401,10321523,Cà Phê Muối Chú Long - Thanh Nhàn,26/05/2026 15:01:13,"81,000","11,000",0,0,"17,185",0,"52,815"
2404,26056-504385628,10235659,Cà Phê Muối Chú Long - Nguyễn Hữu Cảnh,26/05/2026 14:22:02,"87,000","17,400",0,0,"17,087",0,"52,513"
2405,26056-504504140,10296675,Cà Phê Muối Chú Long - Trương Định,26/05/2026 15:04:34,"222,000","39,960",0,0,"44,691",0,"137,349"
2406,26056-504570019,10375372,Cà Phê Muối Chú Long - An Dương Vương,26/05/2026 14:10:00,"36,000","5,000",0,0,"7,611",0,"23,390"
2407,26056-504673941,10350108,Cà Phê Muối Chú Long - Đường Láng,26/05/2026 14:59:00,"261,000","45,000",0,0,"53,028",0,"162,972"
2408,26056-504770522,10224935,Cà Phê Muối Chú Long - 585 Quang Trung,26/05/2026 14:12:58,"58,000","11,600",0,0,"11,391",0,"35,009"
2409,26056-505064131,10321523,Cà Phê Muối Chú Long - Thanh Nhàn,26/05/2026 15:03:10,"87,000","10,000",0,0,"18,904",0,"58,097"
2410,26056-505079848,10222800,Cà Phê Muối Chú Long - Thành Thái,26/05/2026 14:05:19,"95,000","19,000",0,0,"18,658",0,"57,342"
2411,26056-505238962,10225898,Cà Phê Muối Chú Long - Nguyễn Đình Chiểu,26/05/2026 14:08:40,"58,000","11,600",0,0,"11,391",0,"35,009"
2412,26056-505634147,10407619,Cà Phê Muối Chú Long - 117 Lò Đúc,26/05/2026 14:44:19,"87,000",0,0,0,"21,359",0,"65,642"
2413,26056-505819689,10296675,Cà Phê Muối Chú Long - Trương Định,26/05/2026 15:07:47,"75,000","11,000",0,0,"15,712",0,"48,288"
2414,26056-506028260,10350108,Cà Phê Muối Chú Long - Đường Láng,26/05/2026 14:58:30,"129,000","23,220",0,0,"25,969",0,"79,811"
2415,26056-506128313,10225888,Cà Phê Muối Chú Long - Lạc Long Quân,26/05/2026 14:13:44,"203,000","36,540",0,0,"40,866",0,"125,594"
2416,26056-506245563,10284115,Cà Phê Muối Chú Long - Kha Vạn Cân,26/05/2026 14:16:05,"58,000","11,600",0,0,"11,391",0,"35,009"
2417,26056-506595106,10296675,Cà Phê Muối Chú Long - Trương Định,26/05/2026 14:23:50,"132,000","23,760",0,0,"26,573",0,"81,667"
2418,26056-506815827,10235663,Cà Phê Muối Chú Long - Hà Huy Giáp,26/05/2026 14:40:24,"116,000","23,200",0,0,"22,782",0,"70,018"
2419,26056-507973107,10350108,Cà Phê Muối Chú Long - Đường Láng,26/05/2026 14:56:22,"51,000","11,000",0,0,"9,820",0,"30,180"
2420,26056-508005559,10350108,Cà Phê Muối Chú Long - Đường Láng,26/05/2026 15:32:40,"161,000","28,980",0,0,"32,411",0,"99,609"
2421,26056-508298381,10225902,Cà Phê Muối Chú Long - Hậu Giang,26/05/2026 14:39:44,"216,000","38,880",0,0,"43,483",0,"133,637"
2422,26056-508302612,10222800,Cà Phê Muối Chú Long - Thành Thái,26/05/2026 14:18:33,"58,000","11,600",0,0,"11,391",0,"35,009"
2423,26056-508896033,10222800,Cà Phê Muối Chú Long - Thành Thái,26/05/2026 14:39:50,"72,000","14,400",0,0,"14,141",0,"43,459"
2424,26056-509050925,10233716,Cà Phê Muối Chú Long - 130 Thích Quảng Đức,26/05/2026 14:46:43,"98,000","19,600",0,0,"19,247",0,"59,153"
2425,26056-509166589,10298769,Cà Phê Muối Chú Long - Tôn Đức Thắng,26/05/2026 14:47:31,"138,000","24,840",0,0,"27,781",0,"85,379"
2426,26056-509340315,10216423,Cà Phê Muối Chú Long - 417 Cộng Hoà,26/05/2026 14:30:57,"83,000","16,600",0,0,"16,301",0,"50,099"
2427,26056-509500647,10287867,Cà Phê Muối Chú Long - Classic,26/05/2026 14:38:58,"30,000","19,000",0,0,"2,701",0,"8,300"
2428,26056-509530274,10296675,Cà Phê Muối Chú Long - Trương Định,26/05/2026 14:50:04,"152,000","27,360",0,0,"30,599",0,"94,041"
2429,26056-510181679,10405301,Cà Phê Muối Chú Long - 01 Hàng Đậu,26/05/2026 14:52:42,"201,000",0,0,0,"49,346",0,"151,655"
2430,26056-510426330,10225898,Cà Phê Muối Chú Long - Nguyễn Đình Chiểu,26/05/2026 14:39:30,"123,000","20,000",0,0,"25,287",0,"77,714"
2431,26056-510560143,10321524,Cà Phê Muối Chú Long - Đội Cấn,26/05/2026 14:36:13,"150,000","27,000",0,0,"30,197",0,"92,804"
2432,26056-510963080,10324687,Cà Phê Muối Chú Long - Huỳnh Tấn Phát,26/05/2026 14:50:46,"58,000","11,600",0,0,"11,391",0,"35,009"
2433,26056-511115928,10230399,Cà Phê Muối Chú Long - Tân Kỳ Tân Quý,26/05/2026 14:36:46,"22,000","5,000",0,0,"4,174",0,"12,827"
2434,26056-511142283,10287867,Cà Phê Muối Chú Long - Classic,26/05/2026 14:37:35,"152,000","28,571",0,0,"30,302",0,"93,127"
2435,26056-511232822,10287867,Cà Phê Muối Chú Long - Classic,26/05/2026 14:28:11,"30,000","19,000",0,0,"2,701",0,"8,300"
2436,26056-511409385,10292422,Cà Phê Muối Chú Long - Phan Thiết,26/05/2026 14:22:45,"36,000","9,000",0,0,"6,629",0,"20,372"
2437,26056-511664682,10296675,Cà Phê Muối Chú Long - Trương Định,26/05/2026 14:50:05,"183,000","32,940",0,0,"36,840",0,"113,220"
2438,26056-511714876,10219545,Cà Phê Muối Chú Long - Nguyễn Huệ,26/05/2026 14:21:16,"116,000","23,200",0,0,"22,782",0,"70,018"
2439,26056-511763437,10230171,Cà Phê Muối Chú Long - Bình Long,26/05/2026 14:22:13,"29,000","5,000",0,0,"5,892",0,"18,108"
2440,26056-511945752,10408376,Cà Phê Muối Chú Long - 203 Tôn Đản,26/05/2026 14:44:45,"58,000",0,0,0,"14,239",0,"43,761"
2441,26056-512469250,10296675,Cà Phê Muối Chú Long - Trương Định,26/05/2026 15:12:29,"112,000","20,160",0,0,"22,547",0,"69,293"
2442,26056-512647748,10225888,Cà Phê Muối Chú Long - Lạc Long Quân,26/05/2026 14:30:41,"58,000","11,600",0,0,"11,391",0,"35,009"
2443,26056-512793441,10313967,Cà Phê Muối Chú Long - 82 Ngô Gia Tự,26/05/2026 14:26:26,"47,000",0,0,0,"11,539",0,"35,462"
2444,26056-512862747,10225898,Cà Phê Muối Chú Long - Nguyễn Đình Chiểu,26/05/2026 14:36:26,"58,000","11,600",0,0,"11,391",0,"35,009"
2445,26056-512898974,10296675,Cà Phê Muối Chú Long - Trương Định,26/05/2026 15:38:39,"108,000","19,440",0,0,"21,741",0,"66,819"
2446,26056-513123889,10350108,Cà Phê Muối Chú Long - Đường Láng,26/05/2026 15:51:28,"54,000","11,000",0,0,"10,557",0,"32,444"
2447,26056-513168151,10296675,Cà Phê Muối Chú Long - Trương Định,26/05/2026 14:38:31,"75,000","11,000",0,0,"15,712",0,"48,288"
2448,26056-513176587,10230171,Cà Phê Muối Chú Long - Bình Long,26/05/2026 14:40:51,"179,000","32,220",0,0,"36,034",0,"110,746"
2449,26056-513207820,10350108,Cà Phê Muối Chú Long - Đường Láng,26/05/2026 15:05:11,"29,000","5,000",0,0,"5,892",0,"18,108"
2450,26056-513463418,10407619,Cà Phê Muối Chú Long - 117 Lò Đúc,26/05/2026 15:01:20,"118,000",0,0,0,"28,969",0,"89,031"
2451,26056-513513205,10321523,Cà Phê Muối Chú Long - Thanh Nhàn,26/05/2026 14:53:14,"54,000","11,000",0,0,"10,557",0,"32,444"
2452,26056-513627050,10321523,Cà Phê Muối Chú Long - Thanh Nhàn,26/05/2026 15:02:52,"102,000","18,360",0,0,"20,534",0,"63,106"
2453,26056-513873496,10219545,Cà Phê Muối Chú Long - Nguyễn Huệ,26/05/2026 14:36:08,"44,000",0,0,0,"10,802",0,"33,198"
2454,26056-514098158,10350108,Cà Phê Muối Chú Long - Đường Láng,26/05/2026 15:27:42,"58,000","10,000",0,0,"11,784",0,"36,216"
2455,26056-514291350,10287867,Cà Phê Muối Chú Long - Classic,26/05/2026 14:41:23,"60,000","38,000",0,0,"5,401",0,"16,599"
2456,26056-514369859,10230171,Cà Phê Muối Chú Long - Bình Long,26/05/2026 14:36:21,"206,000","37,080",0,0,"41,470",0,"127,450"
2457,26056-514411697,10407619,Cà Phê Muối Chú Long - 117 Lò Đúc,26/05/2026 14:55:14,"22,000",0,0,0,"5,401",0,"16,599"
2458,26056-514641777,10225898,Cà Phê Muối Chú Long - Nguyễn Đình Chiểu,26/05/2026 14:57:58,"87,000","17,400",0,0,"17,087",0,"52,513"
2459,26056-514946801,10225888,Cà Phê Muối Chú Long - Lạc Long Quân,26/05/2026 14:30:29,"116,000","23,200",0,0,"22,782",0,"70,018"
2460,26056-515085659,10296675,Cà Phê Muối Chú Long - Trương Định,26/05/2026 15:01:03,"149,000","26,820",0,0,"29,995",0,"92,185"
2461,26056-515196217,10235658,Cà Phê Muối Chú Long - Công Trường Quốc Tế,26/05/2026 14:51:27,"58,000","11,600",0,0,"11,391",0,"35,009"
2462,26056-515256343,10323120,Cà Phê Muối Chú Long - Đồng Xoài,26/05/2026 14:36:30,"25,000","8,000",0,0,"4,174",0,"12,827"
2463,26056-515506268,10375372,Cà Phê Muối Chú Long - An Dương Vương,26/05/2026 14:33:22,"58,000","11,600",0,0,"11,391",0,"35,009"
2464,26056-515672898,10321524,Cà Phê Muối Chú Long - Đội Cấn,26/05/2026 14:30:30,"22,000","5,000",0,0,"4,174",0,"12,827"
2465,26056-515750927,10225902,Cà Phê Muối Chú Long - Hậu Giang,26/05/2026 14:42:11,"58,000","11,600",0,0,"11,391",0,"35,009"
2466,26056-516062626,10354882,Cà Phê Muối Chú Long - Quảng Ngãi,26/05/2026 14:42:39,"150,000","28,571",0,0,"29,811",0,"91,618"
2467,26056-516139618,10230817,Cà Phê Muối Chú Long - Thích Quảng Đức,26/05/2026 14:39:16,"139,000","27,800",0,0,"27,300",0,"83,900"
2468,26056-516204131,10298824,Cà Phê Muối Chú Long - Hoàng Diệu,26/05/2026 14:48:25,"50,000","16,000",0,0,"8,347",0,"25,653"
2469,26056-516395344,10350108,Cà Phê Muối Chú Long - Đường Láng,26/05/2026 14:53:06,"29,000","5,000",0,0,"5,892",0,"18,108"
2470,26056-516496745,10230417,Cà Phê Muối Chú Long - Lê Văn Sỹ,26/05/2026 14:49:55,"51,000","11,000",0,0,"9,820",0,"30,180"
2471,26056-516663453,10235659,Cà Phê Muối Chú Long - Nguyễn Hữu Cảnh,26/05/2026 14:35:17,"100,000","20,000",0,0,"19,640",0,"60,360"
2472,26056-516967275,10224935,Cà Phê Muối Chú Long - 585 Quang Trung,26/05/2026 14:39:56,"25,000","8,000",0,0,"4,174",0,"12,827"
2473,26056-517053984,10298824,Cà Phê Muối Chú Long - Hoàng Diệu,26/05/2026 14:54:10,"22,000","5,500",0,0,"4,051",0,"12,449"
2474,26056-517150895,10296675,Cà Phê Muối Chú Long - Trương Định,26/05/2026 15:07:25,"163,000","29,340",0,0,"32,814",0,"100,846"
2475,26056-517151478,10224935,Cà Phê Muối Chú Long - 585 Quang Trung,26/05/2026 14:50:13,"58,000","11,600",0,0,"11,391",0,"35,009"
2476,26056-517205499,10224935,Cà Phê Muối Chú Long - 585 Quang Trung,26/05/2026 15:26:30,"116,000","23,200",0,0,"22,782",0,"70,018"
2477,26056-517440329,10408376,Cà Phê Muối Chú Long - 203 Tôn Đản,26/05/2026 14:33:11,"54,000",0,0,0,"13,257",0,"40,743"
2478,26056-517481247,10287867,Cà Phê Muối Chú Long - Classic,26/05/2026 14:46:52,"89,000","17,800",0,0,"17,480",0,"53,720"
2479,26056-517644563,10230292,Cà Phê Muối Chú Long - Lê Văn Việt,26/05/2026 14:38:23,"58,000","11,600",0,0,"11,391",0,"35,009"
2480,26056-517872989,10321524,Cà Phê Muối Chú Long - Đội Cấn,26/05/2026 14:41:56,"87,000","11,000",0,0,"18,658",0,"57,342"
2481,26056-518334925,10222800,Cà Phê Muối Chú Long - Thành Thái,26/05/2026 14:44:48,"37,000","5,000",0,0,"7,856",0,"24,144"
2482,26056-518805327,10324687,Cà Phê Muối Chú Long - Huỳnh Tấn Phát,26/05/2026 14:45:27,"133,000","20,000",0,0,"27,742",0,"85,259"
2483,26056-518959059,10298769,Cà Phê Muối Chú Long - Tôn Đức Thắng,26/05/2026 15:05:31,"116,000","20,880",0,0,"23,352",0,"71,768"
2484,26056-519096704,10407619,Cà Phê Muối Chú Long - 117 Lò Đúc,26/05/2026 14:50:36,"29,000",0,0,0,"7,120",0,"21,881"
2485,26056-519180096,10350108,Cà Phê Muối Chú Long - Đường Láng,26/05/2026 15:03:47,"58,000","10,000",0,0,"11,784",0,"36,216"
2486,26056-519362647,10321523,Cà Phê Muối Chú Long - Thanh Nhàn,26/05/2026 15:37:02,"72,000","11,000",0,0,"14,976",0,"46,025"
2487,26056-519994576,10386890,Cà Phê Muối Chú Long - Nha Trang,26/05/2026 15:08:37,"83,000","16,600",0,0,"16,301",0,"50,099"
2488,26056-520401145,10296675,Cà Phê Muối Chú Long - Trương Định,26/05/2026 14:53:42,"44,000","5,000",0,0,"9,575",0,"29,426"
2489,26056-520596074,10397657,Cà Phê Muối Chú Long - 368 Lê Đức Thọ,26/05/2026 14:56:48,"44,000","5,000",0,0,"9,575",0,"29,426"
2490,26056-520668402,10350108,Cà Phê Muối Chú Long - Đường Láng,26/05/2026 15:30:53,"62,000","11,000",0,0,"12,521",0,"38,480"
2491,26056-520762180,10321523,Cà Phê Muối Chú Long - Thanh Nhàn,26/05/2026 15:03:42,"83,000","11,000",0,0,"17,676",0,"54,324"
2492,26056-520835755,10405301,Cà Phê Muối Chú Long - 01 Hàng Đậu,26/05/2026 15:09:01,"51,000",0,0,0,"12,521",0,"38,480"
2493,26056-521284864,10321523,Cà Phê Muối Chú Long - Thanh Nhàn,26/05/2026 15:26:12,"152,000","27,360",0,0,"30,599",0,"94,041"
2494,26056-521506983,10225902,Cà Phê Muối Chú Long - Hậu Giang,26/05/2026 14:45:34,"29,000","5,000",0,0,"5,892",0,"18,108"
2495,26056-521560011,10225902,Cà Phê Muối Chú Long - Hậu Giang,26/05/2026 14:42:35,"170,000","30,600",0,0,"34,223",0,"105,177"
2496,26056-521583255,10386890,Cà Phê Muối Chú Long - Nha Trang,26/05/2026 15:18:57,"146,000","28,571",0,0,"28,829",0,"88,600"
2497,26056-521912927,10407619,Cà Phê Muối Chú Long - 117 Lò Đúc,26/05/2026 15:19:15,"50,000",0,0,0,"12,275",0,"37,725"
2498,26056-522117205,10230958,Cà Phê Muối Chú Long - 3/26 Quang Trung,26/05/2026 14:51:10,"25,000","5,000",0,0,"4,910",0,"15,090"
2499,26056-522364712,10230814,Cà Phê Muối Chú Long - Võ Văn Kiệt,26/05/2026 14:47:23,"54,000","11,000",0,0,"10,557",0,"32,444"
2500,26056-522745531,10230171,Cà Phê Muối Chú Long - Bình Long,26/05/2026 14:50:03,"87,000","17,400",0,0,"17,087",0,"52,513"
2501,26056-522858244,10321523,Cà Phê Muối Chú Long - Thanh Nhàn,26/05/2026 15:13:55,"36,000","5,000",0,0,"7,611",0,"23,390"
2502,26056-523221764,10321523,Cà Phê Muối Chú Long - Thanh Nhàn,26/05/2026 15:31:58,"94,000","11,000",0,0,"20,377",0,"62,624"
2503,26056-523603902,10287867,Cà Phê Muối Chú Long - Classic,26/05/2026 14:49:18,"30,000","19,000",0,0,"2,701",0,"8,300"
2504,26056-523628910,10405301,Cà Phê Muối Chú Long - 01 Hàng Đậu,26/05/2026 15:27:35,"75,000",0,0,0,"18,413",0,"56,588"
2505,26056-523762842,10230814,Cà Phê Muối Chú Long - Võ Văn Kiệt,26/05/2026 14:42:04,"73,000","14,600",0,0,"14,337",0,"44,063"
2506,26056-523817258,10292422,Cà Phê Muối Chú Long - Phan Thiết,26/05/2026 14:43:04,"75,000","15,000",0,0,"14,730",0,"45,270"
2507,26056-523850752,10350108,Cà Phê Muối Chú Long - Đường Láng,26/05/2026 15:44:12,"29,000",0,0,0,"7,120",0,"21,881"
2508,26056-524305842,10386890,Cà Phê Muối Chú Long - Nha Trang,26/05/2026 14:55:34,"51,000","10,000",0,0,"10,066",0,"30,935"
2509,26056-524332965,10296675,Cà Phê Muối Chú Long - Trương Định,26/05/2026 15:12:28,"75,000","11,000",0,0,"15,712",0,"48,288"
2510,26056-524346271,10350108,Cà Phê Muối Chú Long - Đường Láng,26/05/2026 15:11:29,"129,000","23,220",0,0,"25,969",0,"79,811"
2511,26056-524438568,10230417,Cà Phê Muối Chú Long - Lê Văn Sỹ,26/05/2026 14:58:27,"54,000","11,000",0,0,"10,557",0,"32,444"
2512,26056-524876990,10296675,Cà Phê Muối Chú Long - Trương Định,26/05/2026 15:51:54,"129,000","23,220",0,0,"25,969",0,"79,811"
2513,26056-524887282,10284115,Cà Phê Muối Chú Long - Kha Vạn Cân,26/05/2026 14:53:13,"29,000","5,000",0,0,"5,892",0,"18,108"
2514,26056-524929129,10321523,Cà Phê Muối Chú Long - Thanh Nhàn,26/05/2026 15:03:55,"101,000","18,180",0,0,"20,332",0,"62,488"
2515,26056-525021674,10354882,Cà Phê Muối Chú Long - Quảng Ngãi,26/05/2026 14:46:18,"25,000","7,500",0,0,"4,296",0,"13,204"
2516,26056-526253198,10381892,Cà Phê Muối Chú Long - Phan Văn Trị,26/05/2026 14:49:06,"116,000","23,200",0,0,"22,782",0,"70,018"
2517,26056-526569916,10235658,Cà Phê Muối Chú Long - Công Trường Quốc Tế,26/05/2026 14:58:43,"113,000","22,600",0,0,"22,193",0,"68,207"
2518,26056-527493375,10298824,Cà Phê Muối Chú Long - Hoàng Diệu,26/05/2026 14:58:19,"44,000","10,000",0,0,"8,347",0,"25,653"
2519,26056-527505047,10321523,Cà Phê Muối Chú Long - Thanh Nhàn,26/05/2026 15:00:25,"50,000","11,000",0,0,"9,575",0,"29,426"
2520,26056-527617492,10287867,Cà Phê Muối Chú Long - Classic,26/05/2026 15:27:24,"60,000","38,000",0,0,"5,401",0,"16,599"
2521,26056-528127748,10386890,Cà Phê Muối Chú Long - Nha Trang,26/05/2026 14:54:39,"50,000","16,000",0,0,"8,347",0,"25,653"
2522,26056-528227351,10298769,Cà Phê Muối Chú Long - Tôn Đức Thắng,26/05/2026 15:57:16,"130,000","23,400",0,0,"26,170",0,"80,430"
2523,26056-528561618,10358016,Cà Phê Muối Chú Long - Bà Triệu,26/05/2026 14:54:44,"145,000","28,571",0,0,"28,583",0,"87,846"
2524,26056-529597200,10292422,Cà Phê Muối Chú Long - Phan Thiết,26/05/2026 14:52:55,"29,000","7,250",0,0,"5,340",0,"16,410"
2525,26056-529716183,10321524,Cà Phê Muối Chú Long - Đội Cấn,26/05/2026 15:11:24,"147,000","26,460",0,0,"29,593",0,"90,947"
2526,26056-530908278,10225898,Cà Phê Muối Chú Long - Nguyễn Đình Chiểu,26/05/2026 15:04:10,"58,000","11,600",0,0,"11,391",0,"35,009"
2527,26056-530966994,10321523,Cà Phê Muối Chú Long - Thanh Nhàn,26/05/2026 15:39:47,"75,000","11,000",0,0,"15,712",0,"48,288"
2528,26056-531418172,10386890,Cà Phê Muối Chú Long - Nha Trang,26/05/2026 15:13:02,"29,000","5,000",0,0,"5,892",0,"18,108"
2529,26056-531838443,10375372,Cà Phê Muối Chú Long - An Dương Vương,26/05/2026 14:56:00,"87,000","17,400",0,0,"17,087",0,"52,513"
2530,26056-531971323,10408376,Cà Phê Muối Chú Long - 203 Tôn Đản,26/05/2026 14:56:33,"98,000",0,0,0,"24,059",0,"73,941"
2531,26056-532126249,10354891,Cà Phê Muối Chú Long - Trà Vinh,26/05/2026 14:55:16,"47,000","10,000",0,0,"9,084",0,"27,917"
2532,26056-532319569,10407619,Cà Phê Muối Chú Long - 117 Lò Đúc,26/05/2026 15:20:29,"22,000",0,0,0,"5,401",0,"16,599"
2533,26056-532378168,10405301,Cà Phê Muối Chú Long - 01 Hàng Đậu,26/05/2026 15:30:26,"47,000",0,0,0,"11,539",0,"35,462"
2534,26056-532418283,10225898,Cà Phê Muối Chú Long - Nguyễn Đình Chiểu,26/05/2026 15:36:44,"58,000","11,600",0,0,"11,391",0,"35,009"
2535,26056-533008388,10242271,Cà Phê Muối Chú Long - Vũng Tàu,26/05/2026 15:12:40,"69,000","13,800",0,0,"13,552",0,"41,648"
2536,26056-533118547,10224935,Cà Phê Muối Chú Long - 585 Quang Trung,26/05/2026 15:25:22,"54,000","11,000",0,0,"10,557",0,"32,444"
2537,26056-533259550,10321523,Cà Phê Muối Chú Long - Thanh Nhàn,26/05/2026 15:21:27,"66,000","11,000",0,0,"13,503",0,"41,498"
2538,26056-534267954,10381983,Cà Phê Muối Chú Long - Bạch Đằng,26/05/2026 15:28:48,"25,000","8,000",0,0,"4,174",0,"12,827"
2539,26056-534426401,10219545,Cà Phê Muối Chú Long - Nguyễn Huệ,26/05/2026 15:14:12,"80,000","16,000",0,0,"15,712",0,"48,288"
2540,26056-534837558,10225902,Cà Phê Muối Chú Long - Hậu Giang,26/05/2026 15:13:05,"50,000","11,000",0,0,"9,575",0,"29,426"
2541,26056-534913366,10232123,Cà Phê Muối Chú Long - 17A Ngô Tất Tố,26/05/2026 15:08:55,"72,000","14,400",0,0,"14,141",0,"43,459"
2542,26056-535023497,10235659,Cà Phê Muối Chú Long - Nguyễn Hữu Cảnh,26/05/2026 15:03:58,"29,000","5,000",0,0,"5,892",0,"18,108"
2543,26056-535075242,10354882,Cà Phê Muối Chú Long - Quảng Ngãi,26/05/2026 15:01:29,"58,000","11,600",0,0,"11,391",0,"35,009"
2544,26056-535513327,10219545,Cà Phê Muối Chú Long - Nguyễn Huệ,26/05/2026 14:59:07,"58,000","11,600",0,0,"11,391",0,"35,009"
2545,26056-535684063,10321523,Cà Phê Muối Chú Long - Thanh Nhàn,26/05/2026 15:29:07,"58,000","11,000",0,0,"11,539",0,"35,462"
2546,26056-535784734,10358016,Cà Phê Muối Chú Long - Bà Triệu,26/05/2026 15:06:12,"29,000","7,250",0,0,"5,340",0,"16,410"
2547,26056-535973018,10219545,Cà Phê Muối Chú Long - Nguyễn Huệ,26/05/2026 15:09:32,"87,000","17,400",0,0,"17,087",0,"52,513"
2548,26056-536274297,10216423,Cà Phê Muối Chú Long - 417 Cộng Hoà,26/05/2026 15:24:04,"29,000","5,000",0,0,"5,892",0,"18,108"
2549,26056-536501222,10395671,Cà Phê Muối Chú Long - 59 Trường Chinh,26/05/2026 15:11:40,"58,000","11,600",0,0,"11,391",0,"35,009"
2550,26056-536665720,10216423,Cà Phê Muối Chú Long - 417 Cộng Hoà,26/05/2026 15:12:01,"25,000","8,000",0,0,"4,174",0,"12,827"
2551,26056-537369885,10235658,Cà Phê Muối Chú Long - Công Trường Quốc Tế,26/05/2026 15:15:28,"116,000","23,200",0,0,"22,782",0,"70,018"
2552,26056-538460582,10381892,Cà Phê Muối Chú Long - Phan Văn Trị,26/05/2026 15:17:31,"29,000","5,000",0,0,"5,892",0,"18,108"
2553,26056-538964119,10225902,Cà Phê Muối Chú Long - Hậu Giang,26/05/2026 15:07:41,"50,000","11,000",0,0,"9,575",0,"29,426"
2554,26056-539171310,10298769,Cà Phê Muối Chú Long - Tôn Đức Thắng,26/05/2026 15:52:16,"58,000","11,000",0,0,"11,539",0,"35,462"
2555,26056-539319563,10225902,Cà Phê Muối Chú Long - Hậu Giang,26/05/2026 15:10:50,"58,000","11,600",0,0,"11,391",0,"35,009"
2556,26056-539542491,10284115,Cà Phê Muối Chú Long - Kha Vạn Cân,26/05/2026 15:09:49,"128,000","25,600",0,0,"25,139",0,"77,261"
2557,26056-539714875,10219545,Cà Phê Muối Chú Long - Nguyễn Huệ,26/05/2026 15:24:23,"199,000","35,820",0,0,"40,061",0,"123,119"
2558,26056-540372771,10269971,Cà Phê Muối Chú Long - Cần Thơ,26/05/2026 15:12:51,"65,000","13,000",0,0,"12,766",0,"39,234"
2559,26056-540596427,10375372,Cà Phê Muối Chú Long - An Dương Vương,26/05/2026 15:17:13,"58,000","11,600",0,0,"11,391",0,"35,009"
2560,26056-540726127,10230417,Cà Phê Muối Chú Long - Lê Văn Sỹ,26/05/2026 15:20:03,"51,000","10,000",0,0,"10,066",0,"30,935"
2561,26056-540954265,10340098,Cà Phê Muối Chú Long - Thuận An,26/05/2026 15:24:04,"29,000","7,250",0,0,"5,340",0,"16,410"
2562,26056-541418715,10235659,Cà Phê Muối Chú Long - Nguyễn Hữu Cảnh,26/05/2026 15:32:19,"75,000","15,000",0,0,"14,730",0,"45,270"
2563,26056-541598586,10321524,Cà Phê Muối Chú Long - Đội Cấn,26/05/2026 15:51:59,"33,000",0,0,0,"8,102",0,"24,899"
2564,26056-541627435,10235659,Cà Phê Muối Chú Long - Nguyễn Hữu Cảnh,26/05/2026 15:23:14,"44,000","5,000",0,0,"9,575",0,"29,426"
2565,26056-541731828,10324687,Cà Phê Muối Chú Long - Huỳnh Tấn Phát,26/05/2026 15:26:35,"58,000","11,600",0,0,"11,391",0,"35,009"
2566,26056-541811947,10235658,Cà Phê Muối Chú Long - Công Trường Quốc Tế,26/05/2026 15:29:33,"244,000","43,920",0,0,"49,120",0,"150,960"
2567,26056-542029837,10375372,Cà Phê Muối Chú Long - An Dương Vương,26/05/2026 15:27:09,"72,000","14,400",0,0,"14,141",0,"43,459"
2568,26056-542105229,10225902,Cà Phê Muối Chú Long - Hậu Giang,26/05/2026 15:26:21,"29,000","5,000",0,0,"5,892",0,"18,108"
2569,26056-542469993,10230171,Cà Phê Muối Chú Long - Bình Long,26/05/2026 15:17:14,"58,000","11,600",0,0,"11,391",0,"35,009"
2570,26056-542850147,10232123,Cà Phê Muối Chú Long - 17A Ngô Tất Tố,26/05/2026 15:13:28,"29,000","5,000",0,0,"5,892",0,"18,108"
2571,26056-543081061,10321523,Cà Phê Muối Chú Long - Thanh Nhàn,26/05/2026 15:25:35,"29,000","5,000",0,0,"5,892",0,"18,108"
2572,26056-543538232,10230399,Cà Phê Muối Chú Long - Tân Kỳ Tân Quý,26/05/2026 15:13:57,"58,000","11,600",0,0,"11,391",0,"35,009"
2573,26056-543537330,10408376,Cà Phê Muối Chú Long - 203 Tôn Đản,26/05/2026 15:31:49,"54,000",0,0,0,"13,257",0,"40,743"
2574,26056-543575013,10230793,Cà Phê Muối Chú Long - Huỳnh Văn Bánh,26/05/2026 15:18:01,"65,000","13,000",0,0,"12,766",0,"39,234"
2575,26056-543736865,10230171,Cà Phê Muối Chú Long - Bình Long,26/05/2026 15:16:54,"54,000","11,000",0,0,"10,557",0,"32,444"
2576,26056-543998239,10321523,Cà Phê Muối Chú Long - Thanh Nhàn,26/05/2026 15:48:36,"51,000","11,000",0,0,"9,820",0,"30,180"
2577,26056-544416252,10222800,Cà Phê Muối Chú Long - Thành Thái,26/05/2026 15:24:08,"73,000","14,600",0,0,"14,337",0,"44,063"
2578,26056-544896848,10235659,Cà Phê Muối Chú Long - Nguyễn Hữu Cảnh,26/05/2026 15:14:54,"51,000","11,000",0,0,"9,820",0,"30,180"
2579,26056-545323035,10224935,Cà Phê Muối Chú Long - 585 Quang Trung,26/05/2026 15:19:26,"174,000","31,320",0,0,"35,028",0,"107,652"
2580,26056-545406832,10407619,Cà Phê Muối Chú Long - 117 Lò Đúc,26/05/2026 16:02:37,"29,000",0,0,0,"7,120",0,"21,881"
2581,26056-545517948,10224935,Cà Phê Muối Chú Long - 585 Quang Trung,26/05/2026 15:42:05,"58,000","11,600",0,0,"11,391",0,"35,009"
2582,26056-545677226,10230292,Cà Phê Muối Chú Long - Lê Văn Việt,26/05/2026 15:22:25,"91,000","18,200",0,0,"17,872",0,"54,928"
2583,26056-545793609,10216423,Cà Phê Muối Chú Long - 417 Cộng Hoà,26/05/2026 15:28:11,"97,000","19,400",0,0,"19,051",0,"58,549"
2584,26056-546188787,10230292,Cà Phê Muối Chú Long - Lê Văn Việt,26/05/2026 15:40:23,"50,000","15,500",0,0,"8,470",0,"26,030"
2585,26056-546309122,10330437,Cà Phê Muối Chú Long - Trần Hưng Đạo,26/05/2026 15:25:02,"50,000","16,000",0,0,"8,347",0,"25,653"
2586,26056-546724929,10350108,Cà Phê Muối Chú Long - Đường Láng,26/05/2026 16:18:08,"204,000","36,720",0,0,"41,067",0,"126,213"
2587,26056-546773420,10230171,Cà Phê Muối Chú Long - Bình Long,26/05/2026 15:25:34,"58,000","11,600",0,0,"11,391",0,"35,009"
2588,26056-546921987,10340098,Cà Phê Muối Chú Long - Thuận An,26/05/2026 15:25:39,"58,000","11,600",0,0,"11,391",0,"35,009"
2589,26056-547036493,10354882,Cà Phê Muối Chú Long - Quảng Ngãi,26/05/2026 15:26:25,"36,000","9,000",0,0,"6,629",0,"20,372"
2590,26056-547427997,10225898,Cà Phê Muối Chú Long - Nguyễn Đình Chiểu,26/05/2026 15:26:01,"58,000","11,600",0,0,"11,391",0,"35,009"
2591,26056-547821126,10354882,Cà Phê Muối Chú Long - Quảng Ngãi,26/05/2026 15:24:24,"87,000","17,400",0,0,"17,087",0,"52,513"
2592,26056-547910864,10242271,Cà Phê Muối Chú Long - Vũng Tàu,26/05/2026 15:29:27,"58,000","11,000",0,0,"11,539",0,"35,462"
2593,26056-548094787,10321523,Cà Phê Muối Chú Long - Thanh Nhàn,26/05/2026 15:59:47,"283,000","47,368",0,0,"57,848",0,"177,784"
2594,26056-548585395,10395671,Cà Phê Muối Chú Long - 59 Trường Chinh,26/05/2026 15:49:35,"87,000","17,400",0,0,"17,087",0,"52,513"
2595,26056-548656025,10225885,Cà Phê Muối Chú Long - Ngô Tất Tố,26/05/2026 15:36:19,"29,000","5,000",0,0,"5,892",0,"18,108"
2596,26056-548854859,10307386,Cà Phê Muối Chú Long - Kiên Giang,26/05/2026 15:23:25,"87,000","17,400",0,0,"17,087",0,"52,513"
2597,26056-549744386,10298769,Cà Phê Muối Chú Long - Tôn Đức Thắng,26/05/2026 16:05:48,"58,000","11,000",0,0,"11,539",0,"35,462"
2598,26056-550623868,10235663,Cà Phê Muối Chú Long - Hà Huy Giáp,26/05/2026 15:25:33,"58,000","11,600",0,0,"11,391",0,"35,009"
2599,26056-551013819,10354891,Cà Phê Muối Chú Long - Trà Vinh,26/05/2026 15:27:12,"29,000","7,250",0,0,"5,340",0,"16,410"
2600,26056-551052610,10225902,Cà Phê Muối Chú Long - Hậu Giang,26/05/2026 15:39:35,"37,000","5,000",0,0,"7,856",0,"24,144"
2601,26056-551342661,10222800,Cà Phê Muối Chú Long - Thành Thái,26/05/2026 15:39:35,"58,000","11,600",0,0,"11,391",0,"35,009"
2602,26056-551357979,10232123,Cà Phê Muối Chú Long - 17A Ngô Tất Tố,26/05/2026 15:32:07,"29,000","5,000",0,0,"5,892",0,"18,108"
2603,26056-551388040,10219545,Cà Phê Muối Chú Long - Nguyễn Huệ,26/05/2026 15:33:55,"66,000","13,200",0,0,"12,962",0,"39,838"
2604,26056-551577418,10299524,Cà Phê Muối Chú Long - Lê Duẩn,26/05/2026 15:48:14,"25,000","8,000",0,0,"4,174",0,"12,827"
2605,26056-551756268,10350108,Cà Phê Muối Chú Long - Đường Láng,26/05/2026 16:12:20,"50,000","16,000",0,0,"8,347",0,"25,653"
2606,26056-552021478,10230793,Cà Phê Muối Chú Long - Huỳnh Văn Bánh,26/05/2026 15:35:05,"59,000","11,800",0,0,"11,588",0,"35,612"
2607,26056-552349539,10350108,Cà Phê Muối Chú Long - Đường Láng,26/05/2026 15:47:02,"72,000","11,000",0,0,"14,976",0,"46,025"
2608,26056-553060293,10235659,Cà Phê Muối Chú Long - Nguyễn Hữu Cảnh,26/05/2026 15:44:41,"58,000","11,600",0,0,"11,391",0,"35,009"
2609,26056-553082774,10292422,Cà Phê Muối Chú Long - Phan Thiết,26/05/2026 15:26:50,"29,000","7,250",0,0,"5,340",0,"16,410"
2610,26056-553243453,10230814,Cà Phê Muối Chú Long - Võ Văn Kiệt,26/05/2026 15:35:58,"103,000","20,600",0,0,"20,229",0,"62,171"
2611,26056-553568789,10224935,Cà Phê Muối Chú Long - 585 Quang Trung,26/05/2026 15:37:46,"210,000","37,800",0,0,"42,275",0,"129,925"
2612,26056-553594491,10235659,Cà Phê Muối Chú Long - Nguyễn Hữu Cảnh,26/05/2026 15:31:43,"50,000","11,000",0,0,"9,575",0,"29,426"
2613,26056-555296990,10386890,Cà Phê Muối Chú Long - Nha Trang,26/05/2026 15:48:20,"87,000","17,400",0,0,"17,087",0,"52,513"
2614,26056-555473642,10350108,Cà Phê Muối Chú Long - Đường Láng,26/05/2026 16:13:51,"25,000","5,000",0,0,"4,910",0,"15,090"
2615,26056-555647613,10296675,Cà Phê Muối Chú Long - Trương Định,26/05/2026 16:30:33,"65,000","11,000",0,0,"13,257",0,"40,743"
2616,26056-556108662,10321437,Cà Phê Muối Chú Long - Tây Ninh,26/05/2026 15:41:08,"29,000","7,250",0,0,"5,340",0,"16,410"
2617,26056-556487547,10395671,Cà Phê Muối Chú Long - 59 Trường Chinh,26/05/2026 15:52:25,"132,000","26,400",0,0,"25,925",0,"79,675"
2618,26056-556585401,10225898,Cà Phê Muối Chú Long - Nguyễn Đình Chiểu,26/05/2026 15:35:38,"22,000","5,000",0,0,"4,174",0,"12,827"
2619,26056-556952526,10292422,Cà Phê Muối Chú Long - Phan Thiết,26/05/2026 15:46:36,"25,000","6,250",0,0,"4,603",0,"14,147"
2620,26056-557569279,10381892,Cà Phê Muối Chú Long - Phan Văn Trị,26/05/2026 15:49:56,"51,000","10,000",0,0,"10,066",0,"30,935"
2621,26056-557588604,10298769,Cà Phê Muối Chú Long - Tôn Đức Thắng,26/05/2026 16:24:04,"148,000","26,000",0,0,"29,951",0,"92,049"
2622,26056-557588247,10321523,Cà Phê Muối Chú Long - Thanh Nhàn,26/05/2026 16:05:20,"47,000","5,000",0,0,"10,311",0,"31,689"
2623,26056-557611160,10230399,Cà Phê Muối Chú Long - Tân Kỳ Tân Quý,26/05/2026 15:47:51,"104,000","20,800",0,0,"20,426",0,"62,774"
2624,26056-557879532,10298769,Cà Phê Muối Chú Long - Tôn Đức Thắng,26/05/2026 16:25:29,"50,000","16,000",0,0,"8,347",0,"25,653"
2625,26056-558758288,10298824,Cà Phê Muối Chú Long - Hoàng Diệu,26/05/2026 15:49:41,"29,000","7,250",0,0,"5,340",0,"16,410"
2626,26056-559247122,10225885,Cà Phê Muối Chú Long - Ngô Tất Tố,26/05/2026 15:55:27,"166,000","29,880",0,0,"33,417",0,"102,703"
2627,26056-559335256,10225902,Cà Phê Muối Chú Long - Hậu Giang,26/05/2026 15:49:36,"58,000","11,600",0,0,"11,391",0,"35,009"
2628,26056-559530523,10219545,Cà Phê Muối Chú Long - Nguyễn Huệ,26/05/2026 15:50:18,"22,000","5,000",0,0,"4,174",0,"12,827"
2629,26056-559550189,10395671,Cà Phê Muối Chú Long - 59 Trường Chinh,26/05/2026 15:57:22,"50,000","10,000",0,0,"9,820",0,"30,180"
2630,26056-560692507,10225895,Cà Phê Muối Chú Long - Cách Mạng Tháng 8,26/05/2026 15:53:41,"22,000","5,000",0,0,"4,174",0,"12,827"
2631,26056-560914263,10405301,Cà Phê Muối Chú Long - 01 Hàng Đậu,26/05/2026 16:14:04,"73,000",0,0,0,"17,922",0,"55,079"
2632,26056-560997983,10292422,Cà Phê Muối Chú Long - Phan Thiết,26/05/2026 15:45:01,"116,000","23,200",0,0,"22,782",0,"70,018"
2633,26056-561706644,10225895,Cà Phê Muối Chú Long - Cách Mạng Tháng 8,26/05/2026 15:48:45,"83,000","16,600",0,0,"16,301",0,"50,099"
2634,26056-561881336,10225898,Cà Phê Muối Chú Long - Nguyễn Đình Chiểu,26/05/2026 15:46:45,"22,000","5,000",0,0,"4,174",0,"12,827"
2635,26056-561897168,10230417,Cà Phê Muối Chú Long - Lê Văn Sỹ,26/05/2026 16:07:47,"29,000","5,000",0,0,"5,892",0,"18,108"
2636,26056-562494902,10225898,Cà Phê Muối Chú Long - Nguyễn Đình Chiểu,26/05/2026 15:44:12,"54,000","11,000",0,0,"10,557",0,"32,444"
2637,26056-563784656,10287867,Cà Phê Muối Chú Long - Classic,26/05/2026 15:51:14,"89,000","17,800",0,0,"17,480",0,"53,720"
2638,26056-564649294,10224935,Cà Phê Muối Chú Long - 585 Quang Trung,26/05/2026 16:12:29,"54,000","10,000",0,0,"10,802",0,"33,198"
2639,26056-565381093,10230399,Cà Phê Muối Chú Long - Tân Kỳ Tân Quý,26/05/2026 15:55:52,"22,000","5,000",0,0,"4,174",0,"12,827"
2640,26056-565548958,10230417,Cà Phê Muối Chú Long - Lê Văn Sỹ,26/05/2026 15:46:27,"29,000","5,000",0,0,"5,892",0,"18,108"
2641,26056-565667164,10298769,Cà Phê Muối Chú Long - Tôn Đức Thắng,26/05/2026 16:12:21,"29,000","5,000",0,0,"5,892",0,"18,108"
2642,26056-565743888,10298769,Cà Phê Muối Chú Long - Tôn Đức Thắng,26/05/2026 17:00:31,"54,000","10,000",0,0,"10,802",0,"33,198"
2643,26056-566466690,10326235,Cà Phê Muối Chú Long - Cà Mau,26/05/2026 15:57:31,"87,000","17,400",0,0,"17,087",0,"52,513"
2644,26056-568346679,10321523,Cà Phê Muối Chú Long - Thanh Nhàn,26/05/2026 15:56:57,"47,000","5,000",0,0,"10,311",0,"31,689"
2645,26056-568611747,10224935,Cà Phê Muối Chú Long - 585 Quang Trung,26/05/2026 16:01:58,"58,000","11,600",0,0,"11,391",0,"35,009"
2646,26056-568808175,10287840,Cà Phê Muối Chú Long - Long Xuyên,26/05/2026 16:04:31,"116,000","23,200",0,0,"22,782",0,"70,018"
2647,26056-568848625,10350108,Cà Phê Muối Chú Long - Đường Láng,26/05/2026 17:19:24,"58,000","11,000",0,0,"11,539",0,"35,462"
2648,26056-569506427,10225898,Cà Phê Muối Chú Long - Nguyễn Đình Chiểu,26/05/2026 16:11:09,"58,000","11,600",0,0,"11,391",0,"35,009"
2649,26056-569933828,10298769,Cà Phê Muối Chú Long - Tôn Đức Thắng,26/05/2026 16:17:40,"141,000","25,380",0,0,"28,385",0,"87,235"
2650,26056-570053341,10381892,Cà Phê Muối Chú Long - Phan Văn Trị,26/05/2026 16:19:46,"58,000","11,600",0,0,"11,391",0,"35,009"
2651,26056-571338415,10230417,Cà Phê Muối Chú Long - Lê Văn Sỹ,26/05/2026 16:09:03,"29,000","5,000",0,0,"5,892",0,"18,108"
2652,26056-571795019,10232123,Cà Phê Muối Chú Long - 17A Ngô Tất Tố,26/05/2026 16:17:58,"75,000","15,000",0,0,"14,730",0,"45,270"
2653,26056-571831157,10230958,Cà Phê Muối Chú Long - 3/26 Quang Trung,26/05/2026 16:03:18,"145,000","28,571",0,0,"28,583",0,"87,846"
2654,26056-571924993,10230292,Cà Phê Muối Chú Long - Lê Văn Việt,26/05/2026 16:21:21,"36,000","5,000",0,0,"7,611",0,"23,390"
2655,26056-572406579,10230171,Cà Phê Muối Chú Long - Bình Long,26/05/2026 16:10:43,"54,000","11,000",0,0,"10,557",0,"32,444"
2656,26056-572475542,10269971,Cà Phê Muối Chú Long - Cần Thơ,26/05/2026 16:22:17,"116,000","23,200",0,0,"22,782",0,"70,018"
2657,26056-572627968,10235658,Cà Phê Muối Chú Long - Công Trường Quốc Tế,26/05/2026 16:18:58,"80,000","16,000",0,0,"15,712",0,"48,288"
2658,26056-573380335,10230793,Cà Phê Muối Chú Long - Huỳnh Văn Bánh,26/05/2026 16:25:26,"58,000","11,600",0,0,"11,391",0,"35,009"
2659,26056-573389204,10219545,Cà Phê Muối Chú Long - Nguyễn Huệ,26/05/2026 16:14:20,"87,000","17,400",0,0,"17,087",0,"52,513"
2660,26056-573850303,10350108,Cà Phê Muối Chú Long - Đường Láng,26/05/2026 17:15:39,"54,000","10,000",0,0,"10,802",0,"33,198"
2661,26056-574117522,10230958,Cà Phê Muối Chú Long - 3/26 Quang Trung,26/05/2026 16:06:34,"108,000","21,600",0,0,"21,211",0,"65,189"
2662,26056-574146605,10230171,Cà Phê Muối Chú Long - Bình Long,26/05/2026 16:06:35,"145,000","28,571",0,0,"28,583",0,"87,846"
2663,26056-574754823,10298769,Cà Phê Muối Chú Long - Tôn Đức Thắng,26/05/2026 16:17:25,"29,000","5,000",0,0,"5,892",0,"18,108"
2664,26056-574751365,10358037,Cà Phê Muối Chú Long - 35 Trần Phú,26/05/2026 16:31:14,"22,000","5,000",0,0,"4,174",0,"12,827"
2665,26056-575007600,10321523,Cà Phê Muối Chú Long - Thanh Nhàn,26/05/2026 16:29:19,"79,000","11,000",0,0,"16,694",0,"51,306"
2666,26056-575813669,10381892,Cà Phê Muối Chú Long - Phan Văn Trị,26/05/2026 16:25:52,"455,000","47,368",0,0,"100,074",0,"307,558"
2667,26056-575968368,10321524,Cà Phê Muối Chú Long - Đội Cấn,26/05/2026 16:28:25,"50,000","16,000",0,0,"8,347",0,"25,653"
2668,26056-576328281,10408376,Cà Phê Muối Chú Long - 203 Tôn Đản,26/05/2026 16:19:03,"87,000",0,0,0,"21,359",0,"65,642"
2669,26056-576471980,10350108,Cà Phê Muối Chú Long - Đường Láng,26/05/2026 16:31:17,"54,000","11,000",0,0,"10,557",0,"32,444"
2670,26056-577545744,10230417,Cà Phê Muối Chú Long - Lê Văn Sỹ,26/05/2026 16:14:45,"58,000","11,600",0,0,"11,391",0,"35,009"
2671,26056-578460957,10298824,Cà Phê Muối Chú Long - Hoàng Diệu,26/05/2026 16:23:58,"25,000","6,250",0,0,"4,603",0,"14,147"
2672,26056-578598395,10298769,Cà Phê Muối Chú Long - Tôn Đức Thắng,26/05/2026 16:59:47,"75,000","15,000",0,0,"14,730",0,"45,270"
2673,26056-578818656,10235663,Cà Phê Muối Chú Long - Hà Huy Giáp,26/05/2026 16:12:36,"29,000","7,250",0,0,"5,340",0,"16,410"
2674,26056-579509466,10350108,Cà Phê Muối Chú Long - Đường Láng,26/05/2026 17:07:54,"25,000","8,000",0,0,"4,174",0,"12,827"
2675,26056-580151244,10235663,Cà Phê Muối Chú Long - Hà Huy Giáp,26/05/2026 16:47:18,"29,000","7,250",0,0,"5,340",0,"16,410"
2676,26056-580888819,10321524,Cà Phê Muối Chú Long - Đội Cấn,26/05/2026 17:21:52,"29,000","5,000",0,0,"5,892",0,"18,108"
2677,26056-580932387,10216423,Cà Phê Muối Chú Long - 417 Cộng Hoà,26/05/2026 16:24:10,"47,000",0,0,0,"11,539",0,"35,462"
2678,26056-582054362,10321524,Cà Phê Muối Chú Long - Đội Cấn,26/05/2026 16:20:06,"50,000","11,000",0,0,"9,575",0,"29,426"
2679,26056-583031754,10292422,Cà Phê Muối Chú Long - Phan Thiết,26/05/2026 16:26:25,"29,000","7,250",0,0,"5,340",0,"16,410"
2680,26056-584083431,10381892,Cà Phê Muối Chú Long - Phan Văn Trị,26/05/2026 16:27:00,"54,000","10,000",0,0,"10,802",0,"33,198"
2681,26056-585505253,10358037,Cà Phê Muối Chú Long - 35 Trần Phú,26/05/2026 16:39:43,"25,000","8,000",0,0,"4,174",0,"12,827"
2682,26056-585686931,10298769,Cà Phê Muối Chú Long - Tôn Đức Thắng,26/05/2026 17:01:16,"58,000","11,600",0,0,"11,391",0,"35,009"
2683,26056-585984059,10292422,Cà Phê Muối Chú Long - Phan Thiết,26/05/2026 16:21:12,"25,000","6,250",0,0,"4,603",0,"14,147"
2684,26056-586005676,10292422,Cà Phê Muối Chú Long - Phan Thiết,26/05/2026 16:27:53,"25,000","7,500",0,0,"4,296",0,"13,204"
2685,26056-586380090,10225898,Cà Phê Muối Chú Long - Nguyễn Đình Chiểu,26/05/2026 16:25:28,"74,000","14,800",0,0,"14,534",0,"44,666"
2686,26056-586389431,10381892,Cà Phê Muối Chú Long - Phan Văn Trị,26/05/2026 16:44:22,"51,000","10,000",0,0,"10,066",0,"30,935"
2687,26056-587787099,10230417,Cà Phê Muối Chú Long - Lê Văn Sỹ,26/05/2026 16:32:44,"58,000",0,0,0,"14,239",0,"43,761"
2688,26056-587841127,10230171,Cà Phê Muối Chú Long - Bình Long,26/05/2026 16:40:47,"54,000","10,000",0,0,"10,802",0,"33,198"
2689,26056-588521751,10405301,Cà Phê Muối Chú Long - 01 Hàng Đậu,26/05/2026 16:35:48,"60,000",0,0,0,"14,730",0,"45,270"
2690,26056-588772078,10235659,Cà Phê Muối Chú Long - Nguyễn Hữu Cảnh,26/05/2026 16:40:36,"672,000","99,500",0,0,"140,549",0,"431,951"
2691,26056-589051338,10225902,Cà Phê Muối Chú Long - Hậu Giang,26/05/2026 17:00:12,"58,000","11,600",0,0,"11,391",0,"35,009"
2692,26056-589123103,10321524,Cà Phê Muối Chú Long - Đội Cấn,26/05/2026 16:34:25,"87,000","17,400",0,0,"17,087",0,"52,513"
2693,26056-590039807,10321524,Cà Phê Muối Chú Long - Đội Cấn,26/05/2026 17:01:03,"72,000","14,400",0,0,"14,141",0,"43,459"
2694,26056-590628328,10230793,Cà Phê Muối Chú Long - Huỳnh Văn Bánh,26/05/2026 16:52:35,"58,000","11,600",0,0,"11,391",0,"35,009"
2695,26056-594167195,10381892,Cà Phê Muối Chú Long - Phan Văn Trị,26/05/2026 16:47:13,"50,000","10,000",0,0,"9,820",0,"30,180"
2696,26056-595162705,10321523,Cà Phê Muối Chú Long - Thanh Nhàn,26/05/2026 16:56:03,"79,000","15,800",0,0,"15,516",0,"47,684"
2697,26056-595308527,10299524,Cà Phê Muối Chú Long - Lê Duẩn,26/05/2026 16:55:26,"25,000","8,000",0,0,"4,174",0,"12,827"
2698,26056-595993658,10299524,Cà Phê Muối Chú Long - Lê Duẩn,26/05/2026 16:52:33,"58,000","11,600",0,0,"11,391",0,"35,009"
2699,26056-596803417,10230958,Cà Phê Muối Chú Long - 3/26 Quang Trung,26/05/2026 16:42:12,"51,000","11,000",0,0,"9,820",0,"30,180"
2700,26056-597157038,10230417,Cà Phê Muối Chú Long - Lê Văn Sỹ,26/05/2026 16:55:32,"54,000","10,000",0,0,"10,802",0,"33,198"
2701,26056-597520467,10313967,Cà Phê Muối Chú Long - 82 Ngô Gia Tự,26/05/2026 16:51:08,"22,000","5,500",0,0,"4,051",0,"12,449"
2702,26056-597676060,10321437,Cà Phê Muối Chú Long - Tây Ninh,26/05/2026 16:50:10,"111,000","22,200",0,0,"21,800",0,"67,000"
2703,26056-597868025,10296675,Cà Phê Muối Chú Long - Trương Định,26/05/2026 17:30:17,"50,000","10,000",0,0,"9,820",0,"30,180"
2704,26056-598135946,10230417,Cà Phê Muối Chú Long - Lê Văn Sỹ,26/05/2026 16:48:55,"29,000","5,000",0,0,"5,892",0,"18,108"
2705,26056-599117880,10225902,Cà Phê Muối Chú Long - Hậu Giang,26/05/2026 17:10:00,"116,000","23,200",0,0,"22,782",0,"70,018"
2706,26056-599192900,10232123,Cà Phê Muối Chú Long - 17A Ngô Tất Tố,26/05/2026 17:06:40,"58,000","11,600",0,0,"11,391",0,"35,009"
2707,26056-600254586,10358016,Cà Phê Muối Chú Long - Bà Triệu,26/05/2026 16:53:09,"25,000","8,000",0,0,"4,174",0,"12,827"
2708,26056-601099633,10386890,Cà Phê Muối Chú Long - Nha Trang,26/05/2026 17:02:34,"253,000","45,000",0,0,"51,064",0,"156,936"
2709,26056-601864459,10340098,Cà Phê Muối Chú Long - Thuận An,26/05/2026 16:57:54,"195,000","35,100",0,0,"39,255",0,"120,645"
2710,26056-601886307,10219545,Cà Phê Muối Chú Long - Nguyễn Huệ,26/05/2026 16:55:18,"58,000","11,600",0,0,"11,391",0,"35,009"
2711,26056-602492611,10287867,Cà Phê Muối Chú Long - Classic,26/05/2026 17:27:27,"30,000","5,000",0,0,"6,138",0,"18,863"
2712,26056-603928128,10326235,Cà Phê Muối Chú Long - Cà Mau,26/05/2026 16:54:18,"87,000","17,400",0,0,"17,087",0,"52,513"
2713,26056-604888503,10405301,Cà Phê Muối Chú Long - 01 Hàng Đậu,26/05/2026 17:28:40,"130,000",0,0,0,"31,915",0,"98,085"
2714,26056-605621904,10230814,Cà Phê Muối Chú Long - Võ Văn Kiệt,26/05/2026 16:59:07,"83,000","16,600",0,0,"16,301",0,"50,099"
2715,26056-605889388,10269971,Cà Phê Muối Chú Long - Cần Thơ,26/05/2026 17:00:00,"58,000","11,600",0,0,"11,391",0,"35,009"
2716,26056-605879222,10222800,Cà Phê Muối Chú Long - Thành Thái,26/05/2026 17:01:37,"58,000","11,600",0,0,"11,391",0,"35,009"
2717,26056-606433252,10321523,Cà Phê Muối Chú Long - Thanh Nhàn,26/05/2026 17:43:17,"51,000","10,000",0,0,"10,066",0,"30,935"
2718,26056-607274684,10225898,Cà Phê Muối Chú Long - Nguyễn Đình Chiểu,26/05/2026 17:06:50,"51,000","10,000",0,0,"10,066",0,"30,935"
2719,26056-607904076,10321524,Cà Phê Muối Chú Long - Đội Cấn,26/05/2026 17:06:16,"116,000","23,200",0,0,"22,782",0,"70,018"
2720,26056-608122070,10225898,Cà Phê Muối Chú Long - Nguyễn Đình Chiểu,26/05/2026 17:22:51,"29,000","5,000",0,0,"5,892",0,"18,108"
2721,26056-609207464,10230793,Cà Phê Muối Chú Long - Huỳnh Văn Bánh,26/05/2026 17:18:47,"29,000","5,000",0,0,"5,892",0,"18,108"
2722,26056-609236770,10232123,Cà Phê Muối Chú Long - 17A Ngô Tất Tố,26/05/2026 17:38:51,"25,000","8,000",0,0,"4,174",0,"12,827"
2723,26056-610290122,10350108,Cà Phê Muối Chú Long - Đường Láng,26/05/2026 17:25:48,"260,000","46,800",0,0,"52,341",0,"160,859"
2724,26056-610385860,10350108,Cà Phê Muối Chú Long - Đường Láng,26/05/2026 19:08:03,"50,000","11,000",0,0,"9,575",0,"29,426"
2725,26056-610807217,10235659,Cà Phê Muối Chú Long - Nguyễn Hữu Cảnh,26/05/2026 17:18:40,"29,000","5,000",0,0,"5,892",0,"18,108"
2726,26056-611771313,10232123,Cà Phê Muối Chú Long - 17A Ngô Tất Tố,26/05/2026 17:26:33,"275,000","45,000",0,0,"56,465",0,"173,535"
2727,26056-613095626,10230417,Cà Phê Muối Chú Long - Lê Văn Sỹ,26/05/2026 17:15:50,"58,000","11,600",0,0,"11,391",0,"35,009"
2728,26056-613955334,10321437,Cà Phê Muối Chú Long - Tây Ninh,26/05/2026 17:19:03,"74,000","14,800",0,0,"14,534",0,"44,666"
2729,26056-614497566,10321439,Cà Phê Muối Chú Long - Vĩnh Long,26/05/2026 17:23:52,"61,000","12,200",0,0,"11,980",0,"36,820"
2730,26056-614696637,10230399,Cà Phê Muối Chú Long - Tân Kỳ Tân Quý,26/05/2026 17:18:33,"58,000","11,600",0,0,"11,391",0,"35,009"
2731,26056-617597168,10230171,Cà Phê Muối Chú Long - Bình Long,26/05/2026 17:29:01,"155,000","28,571",0,0,"31,038",0,"95,391"
2732,26056-618351926,10296675,Cà Phê Muối Chú Long - Trương Định,26/05/2026 17:57:56,"1,625,000",0,0,0,"398,938",0,"1,226,063"
2733,26056-618763865,10225888,Cà Phê Muối Chú Long - Lạc Long Quân,26/05/2026 17:39:09,"29,000","5,000",0,0,"5,892",0,"18,108"
2734,26056-618929426,10381892,Cà Phê Muối Chú Long - Phan Văn Trị,26/05/2026 17:31:58,"87,000","17,400",0,0,"17,087",0,"52,513"
2735,26056-619399519,10230417,Cà Phê Muối Chú Long - Lê Văn Sỹ,26/05/2026 17:51:18,"58,000","11,600",0,0,"11,391",0,"35,009"
2736,26056-620013140,10232123,Cà Phê Muối Chú Long - 17A Ngô Tất Tố,26/05/2026 17:27:10,"87,000","17,400",0,0,"17,087",0,"52,513"
2737,26056-621158118,10225895,Cà Phê Muối Chú Long - Cách Mạng Tháng 8,26/05/2026 17:34:08,"100,000","20,000",0,0,"19,640",0,"60,360"
2738,26056-622863051,10235663,Cà Phê Muối Chú Long - Hà Huy Giáp,26/05/2026 17:51:09,"87,000","17,400",0,0,"17,087",0,"52,513"
2739,26056-623008902,10222800,Cà Phê Muối Chú Long - Thành Thái,26/05/2026 17:43:54,"58,000","11,600",0,0,"11,391",0,"35,009"
2740,26056-623848913,10230814,Cà Phê Muối Chú Long - Võ Văn Kiệt,26/05/2026 17:34:19,"158,000","28,440",0,0,"31,807",0,"97,753"
2741,26056-624711094,10225902,Cà Phê Muối Chú Long - Hậu Giang,26/05/2026 17:45:12,"87,000","17,400",0,0,"17,087",0,"52,513"
2742,26056-625720109,10284115,Cà Phê Muối Chú Long - Kha Vạn Cân,26/05/2026 17:43:19,"116,000","23,200",0,0,"22,782",0,"70,018"
2743,26056-625991592,10284115,Cà Phê Muối Chú Long - Kha Vạn Cân,26/05/2026 17:34:50,"58,000","11,600",0,0,"11,391",0,"35,009"
2744,26056-626185105,10386890,Cà Phê Muối Chú Long - Nha Trang,26/05/2026 17:41:28,"69,000","13,800",0,0,"13,552",0,"41,648"
2745,26056-627015483,10292422,Cà Phê Muối Chú Long - Phan Thiết,26/05/2026 17:45:15,"22,000","5,500",0,0,"4,051",0,"12,449"
2746,26056-627022064,10225902,Cà Phê Muối Chú Long - Hậu Giang,26/05/2026 17:57:24,"174,000","31,320",0,0,"35,028",0,"107,652"
2747,26056-628843774,10321523,Cà Phê Muối Chú Long - Thanh Nhàn,26/05/2026 18:05:33,"50,000","11,000",0,0,"9,575",0,"29,426"
2748,26056-629146903,10230793,Cà Phê Muối Chú Long - Huỳnh Văn Bánh,26/05/2026 17:39:57,"29,000","5,000",0,0,"5,892",0,"18,108"
2749,26056-630229506,10298769,Cà Phê Muối Chú Long - Tôn Đức Thắng,26/05/2026 17:52:28,"75,000","15,000",0,0,"14,730",0,"45,270"
2750,26056-630328084,10285817,Cà Phê Muối Chú Long - 1349 Cách Mạng Tháng 8,26/05/2026 17:49:23,"50,000","8,000",0,0,"10,311",0,"31,689"
2751,26056-631259912,10235659,Cà Phê Muối Chú Long - Nguyễn Hữu Cảnh,26/05/2026 18:02:33,"72,000","14,400",0,0,"14,141",0,"43,459"
2752,26056-633036011,10235663,Cà Phê Muối Chú Long - Hà Huy Giáp,26/05/2026 17:50:16,"260,000","45,000",0,0,"52,783",0,"162,218"
2753,26056-633705443,10225898,Cà Phê Muối Chú Long - Nguyễn Đình Chiểu,26/05/2026 17:45:36,"29,000","5,000",0,0,"5,892",0,"18,108"
2754,26056-635047000,10321523,Cà Phê Muối Chú Long - Thanh Nhàn,26/05/2026 18:13:06,"137,000","24,660",0,0,"27,579",0,"84,761"
2755,26056-636174826,10321523,Cà Phê Muối Chú Long - Thanh Nhàn,26/05/2026 18:18:13,"51,000","11,000",0,0,"9,820",0,"30,180"
2756,26056-637396858,10298824,Cà Phê Muối Chú Long - Hoàng Diệu,26/05/2026 18:07:07,"58,000","11,600",0,0,"11,391",0,"35,009"
2757,26056-637523515,10225902,Cà Phê Muối Chú Long - Hậu Giang,26/05/2026 18:04:58,"112,000","22,400",0,0,"21,997",0,"67,603"
2758,26056-637604687,10375372,Cà Phê Muối Chú Long - An Dương Vương,26/05/2026 18:04:20,"58,000","11,600",0,0,"11,391",0,"35,009"
2759,26056-638420608,10225888,Cà Phê Muối Chú Long - Lạc Long Quân,26/05/2026 17:50:23,"88,000","17,600",0,0,"17,283",0,"53,117"
2760,26056-639761439,10224935,Cà Phê Muối Chú Long - 585 Quang Trung,26/05/2026 18:29:40,"65,000","13,000",0,0,"12,766",0,"39,234"
2761,26056-640211791,10350108,Cà Phê Muối Chú Long - Đường Láng,26/05/2026 18:44:09,"58,000",0,0,0,"14,239",0,"43,761"
2762,26056-641442212,10358040,Cà Phê Muối Chú Long - Đoàn Thị Điểm,26/05/2026 17:59:53,"68,000","34,000",0,0,"8,347",0,"25,653"
2763,26056-642193674,10340098,Cà Phê Muối Chú Long - Thuận An,26/05/2026 18:11:31,"58,000","11,600",0,0,"11,391",0,"35,009"
2764,26056-643535344,10395671,Cà Phê Muối Chú Long - 59 Trường Chinh,26/05/2026 18:21:02,"145,000","28,571",0,0,"28,583",0,"87,846"
2765,26056-644889160,10235663,Cà Phê Muối Chú Long - Hà Huy Giáp,26/05/2026 18:39:40,"51,000","11,000",0,0,"9,820",0,"30,180"
2766,26056-645344608,10321524,Cà Phê Muối Chú Long - Đội Cấn,26/05/2026 18:09:33,"50,000","11,000",0,0,"9,575",0,"29,426"
2767,26056-649785976,10299524,Cà Phê Muối Chú Long - Lê Duẩn,26/05/2026 18:23:30,"25,000","8,000",0,0,"4,174",0,"12,827"
2768,26056-650379506,10230417,Cà Phê Muối Chú Long - Lê Văn Sỹ,26/05/2026 18:15:09,"116,000","23,200",0,0,"22,782",0,"70,018"
2769,26056-651171363,10321524,Cà Phê Muối Chú Long - Đội Cấn,26/05/2026 19:16:33,"54,000","11,000",0,0,"10,557",0,"32,444"
2770,26056-651575261,10230417,Cà Phê Muối Chú Long - Lê Văn Sỹ,26/05/2026 18:33:01,"58,000","11,600",0,0,"11,391",0,"35,009"
2771,26056-651726873,10230171,Cà Phê Muối Chú Long - Bình Long,26/05/2026 18:14:36,"61,000","12,200",0,0,"11,980",0,"36,820"
2772,26056-652099740,10230814,Cà Phê Muối Chú Long - Võ Văn Kiệt,26/05/2026 18:19:13,"181,000","28,571",0,0,"37,421",0,"115,008"
2773,26056-654685847,10375372,Cà Phê Muối Chú Long - An Dương Vương,26/05/2026 18:24:26,"29,000","5,000",0,0,"5,892",0,"18,108"
2774,26056-654871401,10321523,Cà Phê Muối Chú Long - Thanh Nhàn,26/05/2026 18:51:41,"51,000","11,000",0,0,"9,820",0,"30,180"
2775,26056-658048555,10225902,Cà Phê Muối Chú Long - Hậu Giang,26/05/2026 18:41:38,"29,000","5,000",0,0,"5,892",0,"18,108"
2776,26056-659326535,10230793,Cà Phê Muối Chú Long - Huỳnh Văn Bánh,26/05/2026 18:29:30,"51,000","11,000",0,0,"9,820",0,"30,180"
2777,26056-661332735,10321523,Cà Phê Muối Chú Long - Thanh Nhàn,26/05/2026 19:05:44,"83,000","16,600",0,0,"16,301",0,"50,099"
2778,26056-661338596,10233716,Cà Phê Muối Chú Long - 130 Thích Quảng Đức,26/05/2026 18:36:03,"25,000","8,000",0,0,"4,174",0,"12,827"
2779,26056-661522001,10298769,Cà Phê Muối Chú Long - Tôn Đức Thắng,26/05/2026 18:51:18,"58,000","11,600",0,0,"11,391",0,"35,009"
2780,26056-661603072,10292422,Cà Phê Muối Chú Long - Phan Thiết,26/05/2026 18:36:30,"29,000","7,250",0,0,"5,340",0,"16,410"
2781,26056-661700543,10381983,Cà Phê Muối Chú Long - Bạch Đằng,26/05/2026 18:39:22,"44,000",0,0,0,"10,802",0,"33,198"
2782,26056-662384990,10235663,Cà Phê Muối Chú Long - Hà Huy Giáp,26/05/2026 18:57:11,"130,000","26,000",0,0,"25,532",0,"78,468"
2783,26056-664329833,10235663,Cà Phê Muối Chú Long - Hà Huy Giáp,26/05/2026 18:49:44,"87,000","17,400",0,0,"17,087",0,"52,513"
2784,26056-665918041,10405301,Cà Phê Muối Chú Long - 01 Hàng Đậu,26/05/2026 18:52:18,"50,000",0,0,0,"12,275",0,"37,725"
2785,26056-666693166,10340098,Cà Phê Muối Chú Long - Thuận An,26/05/2026 19:11:35,"29,000","7,250",0,0,"5,340",0,"16,410"
2786,26056-667654840,10230171,Cà Phê Muối Chú Long - Bình Long,26/05/2026 18:51:26,"54,000","11,000",0,0,"10,557",0,"32,444"
2787,26056-667742834,10269971,Cà Phê Muối Chú Long - Cần Thơ,26/05/2026 19:02:13,"58,000","11,600",0,0,"11,391",0,"35,009"
2788,26056-669147910,10225885,Cà Phê Muối Chú Long - Ngô Tất Tố,26/05/2026 18:54:44,"110,000","22,000",0,0,"21,604",0,"66,396"
2789,26056-669172763,10405301,Cà Phê Muối Chú Long - 01 Hàng Đậu,26/05/2026 19:09:25,"50,000",0,0,0,"12,275",0,"37,725"
2790,26056-669978038,10269971,Cà Phê Muối Chú Long - Cần Thơ,26/05/2026 18:43:00,"116,000","23,200",0,0,"22,782",0,"70,018"
2791,26056-670139774,10230814,Cà Phê Muối Chú Long - Võ Văn Kiệt,26/05/2026 18:48:18,"87,000","17,400",0,0,"17,087",0,"52,513"
2792,26056-670152216,10397657,Cà Phê Muối Chú Long - 368 Lê Đức Thọ,26/05/2026 18:46:15,"87,000","17,400",0,0,"17,087",0,"52,513"
2793,26056-671015243,10298769,Cà Phê Muối Chú Long - Tôn Đức Thắng,26/05/2026 19:25:24,"58,000","11,600",0,0,"11,391",0,"35,009"
2794,26056-672071473,10381892,Cà Phê Muối Chú Long - Phan Văn Trị,26/05/2026 19:00:12,"73,000","14,600",0,0,"14,337",0,"44,063"
2795,26056-672235237,10292015,Cà Phê Muối Chú Long - Long An,26/05/2026 18:54:08,"25,000","8,000",0,0,"4,174",0,"12,827"
2796,26056-672670009,10230958,Cà Phê Muối Chú Long - 3/26 Quang Trung,26/05/2026 19:06:49,"47,000","8,000",0,0,"9,575",0,"29,426"
2797,26056-673082195,10350108,Cà Phê Muối Chú Long - Đường Láng,26/05/2026 19:29:00,"58,000","11,600",0,0,"11,391",0,"35,009"
2798,26056-674257639,10230793,Cà Phê Muối Chú Long - Huỳnh Văn Bánh,26/05/2026 19:31:19,"72,000","14,400",0,0,"14,141",0,"43,459"
2799,26056-675213626,10298769,Cà Phê Muối Chú Long - Tôn Đức Thắng,26/05/2026 19:14:59,"29,000","5,000",0,0,"5,892",0,"18,108"
2800,26056-676939949,10324687,Cà Phê Muối Chú Long - Huỳnh Tấn Phát,26/05/2026 19:17:32,"25,000","8,000",0,0,"4,174",0,"12,827"
2801,26056-677284624,10242271,Cà Phê Muối Chú Long - Vũng Tàu,26/05/2026 19:13:33,"69,000","13,800",0,0,"13,552",0,"41,648"
2802,26056-677391557,10233716,Cà Phê Muối Chú Long - 130 Thích Quảng Đức,26/05/2026 19:12:53,"54,000","10,000",0,0,"10,802",0,"33,198"
2803,26056-678233328,10225898,Cà Phê Muối Chú Long - Nguyễn Đình Chiểu,26/05/2026 19:20:54,"54,000","11,000",0,0,"10,557",0,"32,444"
2804,26056-680240263,10222800,Cà Phê Muối Chú Long - Thành Thái,26/05/2026 19:10:40,"116,000","23,200",0,0,"22,782",0,"70,018"
2805,26056-681141385,10397657,Cà Phê Muối Chú Long - 368 Lê Đức Thọ,26/05/2026 19:09:57,"102,000","20,400",0,0,"20,033",0,"61,567"
2806,26056-681882209,10269971,Cà Phê Muối Chú Long - Cần Thơ,26/05/2026 19:15:18,"50,000","8,000",0,0,"10,311",0,"31,689"
2807,26056-683750791,10405301,Cà Phê Muối Chú Long - 01 Hàng Đậu,26/05/2026 19:11:19,"29,000",0,0,0,"7,120",0,"21,881"
2808,26056-684302665,10225888,Cà Phê Muối Chú Long - Lạc Long Quân,26/05/2026 19:34:20,"58,000","11,600",0,0,"11,391",0,"35,009"
2809,26056-685392221,10298769,Cà Phê Muối Chú Long - Tôn Đức Thắng,26/05/2026 19:28:25,"175,000","31,500",0,0,"35,229",0,"108,271"
2810,26056-685425019,10386890,Cà Phê Muối Chú Long - Nha Trang,26/05/2026 19:28:27,"58,000","11,600",0,0,"11,391",0,"35,009"
2811,26056-685615412,10298769,Cà Phê Muối Chú Long - Tôn Đức Thắng,26/05/2026 19:29:00,"65,000","13,000",0,0,"12,766",0,"39,234"
2812,26056-687036874,10397657,Cà Phê Muối Chú Long - 368 Lê Đức Thọ,26/05/2026 19:46:40,"79,000","15,800",0,0,"15,516",0,"47,684"
2813,26056-688706278,10235663,Cà Phê Muối Chú Long - Hà Huy Giáp,26/05/2026 19:40:53,"44,000","10,000",0,0,"8,347",0,"25,653"
2814,26056-688876210,10381892,Cà Phê Muối Chú Long - Phan Văn Trị,26/05/2026 19:31:26,"79,000","15,800",0,0,"15,516",0,"47,684"
2815,26056-690188904,10230292,Cà Phê Muối Chú Long - Lê Văn Việt,26/05/2026 19:25:56,"59,000","11,800",0,0,"11,588",0,"35,612"
2816,26056-691149857,10298769,Cà Phê Muối Chú Long - Tôn Đức Thắng,26/05/2026 19:42:04,"54,000","11,000",0,0,"10,557",0,"32,444"
2817,26056-691328702,10298824,Cà Phê Muối Chú Long - Hoàng Diệu,26/05/2026 19:48:55,"25,000","8,000",0,0,"4,174",0,"12,827"
2818,26056-691904142,10296675,Cà Phê Muối Chú Long - Trương Định,26/05/2026 19:56:17,"87,000","17,400",0,0,"17,087",0,"52,513"
2819,26056-693136102,10296675,Cà Phê Muối Chú Long - Trương Định,26/05/2026 20:10:26,"50,000","11,000",0,0,"9,575",0,"29,426"
2820,26056-693286691,10324687,Cà Phê Muối Chú Long - Huỳnh Tấn Phát,26/05/2026 19:27:28,"76,000","15,200",0,0,"14,926",0,"45,874"
2821,26056-693607725,10225902,Cà Phê Muối Chú Long - Hậu Giang,26/05/2026 19:51:20,"69,000","13,800",0,0,"13,552",0,"41,648"
2822,26056-693853695,10350108,Cà Phê Muối Chú Long - Đường Láng,26/05/2026 19:41:46,"44,000","5,000",0,0,"9,575",0,"29,426"
2823,26056-694043398,10284115,Cà Phê Muối Chú Long - Kha Vạn Cân,26/05/2026 19:52:41,"130,000","26,000",0,0,"25,532",0,"78,468"
2824,26056-695605362,10405301,Cà Phê Muối Chú Long - 01 Hàng Đậu,26/05/2026 19:35:20,"29,000",0,0,0,"7,120",0,"21,881"
2825,26056-696367794,10323120,Cà Phê Muối Chú Long - Đồng Xoài,26/05/2026 19:46:02,"29,000",0,0,0,"7,120",0,"21,881"
2826,26056-697575565,10397657,Cà Phê Muối Chú Long - 368 Lê Đức Thọ,26/05/2026 19:43:47,"54,000",0,0,0,"13,257",0,"40,743"
2827,26056-697657460,10235659,Cà Phê Muối Chú Long - Nguyễn Hữu Cảnh,26/05/2026 19:42:15,"29,000","5,000",0,0,"5,892",0,"18,108"
2828,26056-698372735,10313967,Cà Phê Muối Chú Long - 82 Ngô Gia Tự,26/05/2026 19:50:29,"58,000","11,600",0,0,"11,391",0,"35,009"
2829,26056-698839222,10284115,Cà Phê Muối Chú Long - Kha Vạn Cân,26/05/2026 19:46:59,"87,000","17,400",0,0,"17,087",0,"52,513"
2830,26056-699480547,10292015,Cà Phê Muối Chú Long - Long An,26/05/2026 19:44:00,"25,000","8,000",0,0,"4,174",0,"12,827"
2831,26056-699660776,10284115,Cà Phê Muối Chú Long - Kha Vạn Cân,26/05/2026 19:56:03,"72,000","14,400",0,0,"14,141",0,"43,459"
2832,26056-701355829,10321523,Cà Phê Muối Chú Long - Thanh Nhàn,26/05/2026 19:56:24,"116,000",0,0,0,"28,478",0,"87,522"
2833,26056-701797306,10235659,Cà Phê Muối Chú Long - Nguyễn Hữu Cảnh,26/05/2026 19:44:22,"65,000","13,000",0,0,"12,766",0,"39,234"
2834,26056-703059452,10225898,Cà Phê Muối Chú Long - Nguyễn Đình Chiểu,26/05/2026 19:54:05,"58,000","11,600",0,0,"11,391",0,"35,009"
2835,26056-703112946,10287867,Cà Phê Muối Chú Long - Classic,26/05/2026 20:05:26,"34,000","17,000",0,0,"4,174",0,"12,827"
2836,26056-705151877,10225902,Cà Phê Muối Chú Long - Hậu Giang,26/05/2026 20:18:46,"75,000","15,000",0,0,"14,730",0,"45,270"
2837,26056-705545212,10225885,Cà Phê Muối Chú Long - Ngô Tất Tố,26/05/2026 20:20:40,"75,000","15,000",0,0,"14,730",0,"45,270"
2838,26056-706735720,10224935,Cà Phê Muối Chú Long - 585 Quang Trung,26/05/2026 19:47:53,"51,000","11,000",0,0,"9,820",0,"30,180"
2839,26056-707547158,10287840,Cà Phê Muối Chú Long - Long Xuyên,26/05/2026 19:55:23,"50,000","16,000",0,0,"8,347",0,"25,653"
2840,26056-707562534,10298769,Cà Phê Muối Chú Long - Tôn Đức Thắng,26/05/2026 20:00:52,"123,000","24,600",0,0,"24,157",0,"74,243"
2841,26056-708958566,10298769,Cà Phê Muối Chú Long - Tôn Đức Thắng,26/05/2026 20:07:27,"87,000","17,400",0,0,"17,087",0,"52,513"
2842,26056-709735229,10292422,Cà Phê Muối Chú Long - Phan Thiết,26/05/2026 19:52:01,"22,000","5,500",0,0,"4,051",0,"12,449"
2843,26056-710022163,10225871,Cà Phê Muối Chú Long - Đặng Nguyên Cẩn,26/05/2026 20:17:57,"29,000","5,000",0,0,"5,892",0,"18,108"
2844,26056-710892027,10232123,Cà Phê Muối Chú Long - 17A Ngô Tất Tố,26/05/2026 20:13:34,"36,000","5,000",0,0,"7,611",0,"23,390"
2845,26056-711522749,10381892,Cà Phê Muối Chú Long - Phan Văn Trị,26/05/2026 20:14:56,"72,000","14,400",0,0,"14,141",0,"43,459"
2846,26056-712004740,10321523,Cà Phê Muối Chú Long - Thanh Nhàn,26/05/2026 20:25:23,"29,000","5,000",0,0,"5,892",0,"18,108"
2847,26056-712112189,10324687,Cà Phê Muối Chú Long - Huỳnh Tấn Phát,26/05/2026 19:59:19,"76,000","15,200",0,0,"14,926",0,"45,874"
2848,26056-712336229,10296675,Cà Phê Muối Chú Long - Trương Định,26/05/2026 20:55:52,"58,000","11,600",0,0,"11,391",0,"35,009"
2849,26056-712530841,10216423,Cà Phê Muối Chú Long - 417 Cộng Hoà,26/05/2026 20:08:49,"149,000","28,571",0,0,"29,565",0,"90,864"
2850,26056-712885223,10323120,Cà Phê Muối Chú Long - Đồng Xoài,26/05/2026 20:08:08,"29,000",0,0,0,"7,120",0,"21,881"
2851,26056-713123437,10299524,Cà Phê Muối Chú Long - Lê Duẩn,26/05/2026 20:25:49,"201,000","36,180",0,0,"40,463",0,"124,357"
2852,26056-713755421,10287867,Cà Phê Muối Chú Long - Classic,26/05/2026 20:27:28,"121,000","24,200",0,0,"23,764",0,"73,036"
2853,26056-713811519,10222800,Cà Phê Muối Chú Long - Thành Thái,26/05/2026 20:10:19,"58,000","11,600",0,0,"11,391",0,"35,009"
2854,26056-714575792,10222800,Cà Phê Muối Chú Long - Thành Thái,26/05/2026 20:14:43,"58,000","11,600",0,0,"11,391",0,"35,009"
2855,26056-715624800,10230958,Cà Phê Muối Chú Long - 3/26 Quang Trung,26/05/2026 20:09:33,"100,000","20,000",0,0,"19,640",0,"60,360"
2856,26056-718686109,10225885,Cà Phê Muối Chú Long - Ngô Tất Tố,26/05/2026 20:25:52,"87,000","17,400",0,0,"17,087",0,"52,513"
2857,26056-719674897,10408376,Cà Phê Muối Chú Long - 203 Tôn Đản,26/05/2026 20:20:15,"58,000",0,0,0,"14,239",0,"43,761"
2858,26056-719801881,10292422,Cà Phê Muối Chú Long - Phan Thiết,26/05/2026 20:16:07,"58,000","11,600",0,0,"11,391",0,"35,009"
2859,26056-720945462,10321524,Cà Phê Muối Chú Long - Đội Cấn,26/05/2026 20:17:37,"47,000","5,000",0,0,"10,311",0,"31,689"
2860,26056-722589933,10375372,Cà Phê Muối Chú Long - An Dương Vương,26/05/2026 20:15:05,"65,000","13,000",0,0,"12,766",0,"39,234"
2861,26056-723157837,10298769,Cà Phê Muối Chú Long - Tôn Đức Thắng,26/05/2026 21:04:59,"54,000","11,000",0,0,"10,557",0,"32,444"
2862,26056-723889680,10232123,Cà Phê Muối Chú Long - 17A Ngô Tất Tố,26/05/2026 20:22:50,"65,000","13,000",0,0,"12,766",0,"39,234"
2863,26056-724785889,10326235,Cà Phê Muối Chú Long - Cà Mau,26/05/2026 20:13:50,"29,000","7,250",0,0,"5,340",0,"16,410"
2864,26056-724909825,10292422,Cà Phê Muối Chú Long - Phan Thiết,26/05/2026 20:26:30,"51,000","11,000",0,0,"9,820",0,"30,180"
2865,26056-725223148,10292422,Cà Phê Muối Chú Long - Phan Thiết,26/05/2026 20:23:33,"25,000","6,250",0,0,"4,603",0,"14,147"
2866,26056-725317702,10292422,Cà Phê Muối Chú Long - Phan Thiết,26/05/2026 20:27:22,"44,000","10,000",0,0,"8,347",0,"25,653"
2867,26056-727058850,10358016,Cà Phê Muối Chú Long - Bà Triệu,26/05/2026 20:26:13,"58,000","11,600",0,0,"11,391",0,"35,009"
2868,26056-727526145,10224935,Cà Phê Muối Chú Long - 585 Quang Trung,26/05/2026 20:45:03,"58,000","11,600",0,0,"11,391",0,"35,009"
2869,26056-728075958,10285817,Cà Phê Muối Chú Long - 1349 Cách Mạng Tháng 8,26/05/2026 20:26:29,"29,000","7,250",0,0,"5,340",0,"16,410"
2870,26056-728157692,10381892,Cà Phê Muối Chú Long - Phan Văn Trị,26/05/2026 20:27:53,"58,000","11,600",0,0,"11,391",0,"35,009"
2871,26056-728490846,10386890,Cà Phê Muối Chú Long - Nha Trang,26/05/2026 20:51:01,"25,000","8,000",0,0,"4,174",0,"12,827"
2872,26056-728937829,10232123,Cà Phê Muối Chú Long - 17A Ngô Tất Tố,26/05/2026 20:50:21,"51,000","11,000",0,0,"9,820",0,"30,180"
2873,26056-729433971,10323120,Cà Phê Muối Chú Long - Đồng Xoài,26/05/2026 20:27:48,"87,000","17,400",0,0,"17,087",0,"52,513"
2874,26056-729617098,10230292,Cà Phê Muối Chú Long - Lê Văn Việt,26/05/2026 20:44:42,"51,000","10,000",0,0,"10,066",0,"30,935"
2875,26056-730171118,10296675,Cà Phê Muối Chú Long - Trương Định,26/05/2026 20:32:18,"29,000","5,000",0,0,"5,892",0,"18,108"
2876,26056-732427636,10298769,Cà Phê Muối Chú Long - Tôn Đức Thắng,26/05/2026 21:09:44,"50,000","11,000",0,0,"9,575",0,"29,426"
2877,26056-732672110,10225871,Cà Phê Muối Chú Long - Đặng Nguyên Cẩn,26/05/2026 20:38:02,"76,000","15,200",0,0,"14,926",0,"45,874"
2878,26056-733005343,10386890,Cà Phê Muối Chú Long - Nha Trang,26/05/2026 20:31:03,"47,000","5,000",0,0,"10,311",0,"31,689"
2879,26056-733378747,10381892,Cà Phê Muối Chú Long - Phan Văn Trị,26/05/2026 20:48:56,"61,000","12,200",0,0,"11,980",0,"36,820"
2880,26056-733908992,10350108,Cà Phê Muối Chú Long - Đường Láng,26/05/2026 21:22:16,"65,000","13,000",0,0,"12,766",0,"39,234"
2881,26056-734010534,10397657,Cà Phê Muối Chú Long - 368 Lê Đức Thọ,26/05/2026 20:56:11,"58,000","11,600",0,0,"11,391",0,"35,009"
2882,26056-734367314,10324687,Cà Phê Muối Chú Long - Huỳnh Tấn Phát,26/05/2026 20:45:44,"87,000","17,400",0,0,"17,087",0,"52,513"
2883,26056-734421924,10296675,Cà Phê Muối Chú Long - Trương Định,26/05/2026 21:07:24,"54,000","11,000",0,0,"10,557",0,"32,444"
2884,26056-735527193,10225885,Cà Phê Muối Chú Long - Ngô Tất Tố,26/05/2026 20:52:12,"109,000",0,0,0,"26,760",0,"82,241"
2885,26056-735747050,10350108,Cà Phê Muối Chú Long - Đường Láng,26/05/2026 20:51:46,"83,000","16,600",0,0,"16,301",0,"50,099"
2886,26056-735994358,10225888,Cà Phê Muối Chú Long - Lạc Long Quân,26/05/2026 20:33:03,"22,000","5,000",0,0,"4,174",0,"12,827"
2887,26056-736552882,10321524,Cà Phê Muối Chú Long - Đội Cấn,26/05/2026 21:34:32,"25,000","8,000",0,0,"4,174",0,"12,827"
2888,26056-736904833,10222800,Cà Phê Muối Chú Long - Thành Thái,26/05/2026 20:42:40,"58,000","11,600",0,0,"11,391",0,"35,009"
2889,26056-736979333,10354882,Cà Phê Muối Chú Long - Quảng Ngãi,26/05/2026 20:38:26,"116,000","23,200",0,0,"22,782",0,"70,018"
2890,26056-737609153,10224935,Cà Phê Muối Chú Long - 585 Quang Trung,26/05/2026 21:00:38,"58,000","11,600",0,0,"11,391",0,"35,009"
2891,26056-738171288,10230399,Cà Phê Muối Chú Long - Tân Kỳ Tân Quý,26/05/2026 20:59:45,"130,000","26,000",0,0,"25,532",0,"78,468"
2892,26056-738483041,10299524,Cà Phê Muối Chú Long - Lê Duẩn,26/05/2026 21:07:12,"36,000","9,000",0,0,"6,629",0,"20,372"
2893,26056-739551176,10292422,Cà Phê Muối Chú Long - Phan Thiết,26/05/2026 20:52:56,"25,000","8,000",0,0,"4,174",0,"12,827"
2894,26056-740179367,10321523,Cà Phê Muối Chú Long - Thanh Nhàn,26/05/2026 20:45:33,"50,000","11,000",0,0,"9,575",0,"29,426"
2895,26056-740461080,10350108,Cà Phê Muối Chú Long - Đường Láng,26/05/2026 21:03:43,"36,000",0,0,0,"8,838",0,"27,162"
2896,26056-740676137,10299524,Cà Phê Muối Chú Long - Lê Duẩn,26/05/2026 21:15:56,"29,000","7,250",0,0,"5,340",0,"16,410"
2897,26056-741008124,10381892,Cà Phê Muối Chú Long - Phan Văn Trị,26/05/2026 20:55:47,"58,000","11,600",0,0,"11,391",0,"35,009"
2898,26056-742424290,10395671,Cà Phê Muối Chú Long - 59 Trường Chinh,26/05/2026 20:50:05,"51,000","10,000",0,0,"10,066",0,"30,935"
2899,26056-742457139,10230417,Cà Phê Muối Chú Long - Lê Văn Sỹ,26/05/2026 21:04:21,"65,000","13,000",0,0,"12,766",0,"39,234"
2900,26056-742535163,10284115,Cà Phê Muối Chú Long - Kha Vạn Cân,26/05/2026 21:00:54,"25,000","8,000",0,0,"4,174",0,"12,827"
2901,26056-742637130,10230814,Cà Phê Muối Chú Long - Võ Văn Kiệt,26/05/2026 20:54:18,"270,000","47,368",0,0,"54,656",0,"167,976"
2902,26056-744395121,10296675,Cà Phê Muối Chú Long - Trương Định,26/05/2026 21:10:08,"130,000","26,000",0,0,"25,532",0,"78,468"
2903,26056-744952807,10216423,Cà Phê Muối Chú Long - 417 Cộng Hoà,26/05/2026 20:54:43,"58,000","11,600",0,0,"11,391",0,"35,009"
2904,26056-746123919,10324687,Cà Phê Muối Chú Long - Huỳnh Tấn Phát,26/05/2026 21:00:12,"75,000","15,000",0,0,"14,730",0,"45,270"
2905,26056-746157607,10222800,Cà Phê Muối Chú Long - Thành Thái,26/05/2026 21:14:04,"87,000","17,400",0,0,"17,087",0,"52,513"
2906,26056-746840323,10321523,Cà Phê Muối Chú Long - Thanh Nhàn,26/05/2026 21:49:12,"105,000","21,000",0,0,"20,622",0,"63,378"
2907,26056-747003620,10225902,Cà Phê Muối Chú Long - Hậu Giang,26/05/2026 21:10:36,"184,000","33,120",0,0,"37,041",0,"113,839"
2908,26056-748165067,10321523,Cà Phê Muối Chú Long - Thanh Nhàn,26/05/2026 21:08:32,"29,000","5,000",0,0,"5,892",0,"18,108"
2909,26056-748396291,10408376,Cà Phê Muối Chú Long - 203 Tôn Đản,26/05/2026 20:57:06,"83,000",0,0,0,"20,377",0,"62,624"
2910,26056-749769061,10230171,Cà Phê Muối Chú Long - Bình Long,26/05/2026 21:08:57,"58,000","11,600",0,0,"11,391",0,"35,009"
2911,26056-750242921,10298769,Cà Phê Muối Chú Long - Tôn Đức Thắng,26/05/2026 21:56:31,"97,000",0,0,0,"23,814",0,"73,187"
2912,26056-750397713,10230171,Cà Phê Muối Chú Long - Bình Long,26/05/2026 21:05:55,"58,000","11,600",0,0,"11,391",0,"35,009"
2913,26056-750830346,10230793,Cà Phê Muối Chú Long - Huỳnh Văn Bánh,26/05/2026 21:16:44,"54,000","11,000",0,0,"10,557",0,"32,444"
2914,26056-751465797,10321523,Cà Phê Muối Chú Long - Thanh Nhàn,26/05/2026 21:34:52,"25,000","5,000",0,0,"4,910",0,"15,090"
2915,26056-752066752,10224935,Cà Phê Muối Chú Long - 585 Quang Trung,26/05/2026 21:16:22,"50,000","11,000",0,0,"9,575",0,"29,426"
2916,26056-752516244,10397657,Cà Phê Muối Chú Long - 368 Lê Đức Thọ,26/05/2026 21:09:57,"87,000","17,400",0,0,"17,087",0,"52,513"
2917,26056-752589666,10375372,Cà Phê Muối Chú Long - An Dương Vương,26/05/2026 21:01:53,"22,000","5,000",0,0,"4,174",0,"12,827"
2918,26056-753149417,10292422,Cà Phê Muối Chú Long - Phan Thiết,26/05/2026 21:00:10,"22,000","5,500",0,0,"4,051",0,"12,449"
2919,26056-756088252,10296675,Cà Phê Muối Chú Long - Trương Định,26/05/2026 21:27:12,"29,000","5,000",0,0,"5,892",0,"18,108"
2920,26056-756262761,10230292,Cà Phê Muối Chú Long - Lê Văn Việt,26/05/2026 21:45:52,"155,000","28,571",0,0,"31,038",0,"95,391"
2921,26056-757215804,10225902,Cà Phê Muối Chú Long - Hậu Giang,26/05/2026 21:25:20,"29,000",0,0,0,"7,120",0,"21,881"
2922,26056-757293348,10287840,Cà Phê Muối Chú Long - Long Xuyên,26/05/2026 21:20:34,"25,000","8,000",0,0,"4,174",0,"12,827"
2923,26056-757356146,10386890,Cà Phê Muối Chú Long - Nha Trang,26/05/2026 21:20:15,"58,000","11,600",0,0,"11,391",0,"35,009"
2924,26056-761155599,10350108,Cà Phê Muối Chú Long - Đường Láng,26/05/2026 22:31:15,"130,000","26,000",0,0,"25,532",0,"78,468"
2925,26056-761424353,10381983,Cà Phê Muối Chú Long - Bạch Đằng,26/05/2026 21:20:34,"61,000",0,0,0,"14,976",0,"46,025"
2926,26056-761766622,10298769,Cà Phê Muối Chú Long - Tôn Đức Thắng,26/05/2026 21:39:35,"50,000","11,000",0,0,"9,575",0,"29,426"
2927,26056-765332698,10386890,Cà Phê Muối Chú Long - Nha Trang,26/05/2026 21:35:12,"25,000","8,000",0,0,"4,174",0,"12,827"
2928,26056-768883912,10296675,Cà Phê Muối Chú Long - Trương Định,26/05/2026 21:39:22,"54,000","11,000",0,0,"10,557",0,"32,444"
2929,26056-769449723,10350108,Cà Phê Muối Chú Long - Đường Láng,26/05/2026 22:27:53,"180,000","32,400",0,0,"36,236",0,"111,364"
2930,26056-769767426,10225888,Cà Phê Muối Chú Long - Lạc Long Quân,26/05/2026 21:44:12,"87,000","17,400",0,0,"17,087",0,"52,513"
2931,26056-771605480,10296675,Cà Phê Muối Chú Long - Trương Định,26/05/2026 22:15:06,"25,000","8,000",0,0,"4,174",0,"12,827"
2932,26056-772100976,10381892,Cà Phê Muối Chú Long - Phan Văn Trị,26/05/2026 21:57:12,"44,000","5,000",0,0,"9,575",0,"29,426"
2933,26056-772680666,10350108,Cà Phê Muối Chú Long - Đường Láng,26/05/2026 22:35:49,"130,000","26,000",0,0,"25,532",0,"78,468"
2934,26056-774374283,10397657,Cà Phê Muối Chú Long - 368 Lê Đức Thọ,26/05/2026 21:56:29,"29,000","5,000",0,0,"5,892",0,"18,108"
2935,26056-776300686,10397657,Cà Phê Muối Chú Long - 368 Lê Đức Thọ,26/05/2026 21:48:12,"29,000",0,0,0,"7,120",0,"21,881"
2936,26056-777986687,10358037,Cà Phê Muối Chú Long - 35 Trần Phú,26/05/2026 22:04:19,"72,000","14,400",0,0,"14,141",0,"43,459"
2937,26056-787674469,10405301,Cà Phê Muối Chú Long - 01 Hàng Đậu,26/05/2026 22:44:47,"29,000",0,0,0,"7,120",0,"21,881"
2938,26056-789902473,10219545,Cà Phê Muối Chú Long - Nguyễn Huệ,26/05/2026 22:16:06,"54,000","11,000",0,0,"10,557",0,"32,444"
2939,26056-792193917,10381892,Cà Phê Muối Chú Long - Phan Văn Trị,26/05/2026 22:15:42,"58,000","11,600",0,0,"11,391",0,"35,009"
2940,26056-794444015,10296675,Cà Phê Muối Chú Long - Trương Định,26/05/2026 23:04:09,"195,000","35,100",0,0,"39,255",0,"120,645"
2941,26056-796026202,10225888,Cà Phê Muối Chú Long - Lạc Long Quân,26/05/2026 22:33:22,"66,000","13,200",0,0,"12,962",0,"39,838"
2942,26056-796170952,10321523,Cà Phê Muối Chú Long - Thanh Nhàn,26/05/2026 22:34:41,"83,000","16,600",0,0,"16,301",0,"50,099"
2943,26056-798134533,10381892,Cà Phê Muối Chú Long - Phan Văn Trị,26/05/2026 22:27:35,"54,000","10,000",0,0,"10,802",0,"33,198"
2944,26056-801400088,10225898,Cà Phê Muối Chú Long - Nguyễn Đình Chiểu,26/05/2026 22:30:08,"29,000","5,000",0,0,"5,892",0,"18,108"
2945,26056-801787059,10287867,Cà Phê Muối Chú Long - Classic,26/05/2026 22:39:12,"64,000","12,800",0,0,"12,570",0,"38,630"
2946,26056-806690986,10225902,Cà Phê Muối Chú Long - Hậu Giang,26/05/2026 22:38:59,"58,000","11,600",0,0,"11,391",0,"35,009"
2947,26056-814235121,10375372,Cà Phê Muối Chú Long - An Dương Vương,26/05/2026 22:45:53,"29,000","5,000",0,0,"5,892",0,"18,108"
2948,26056-819182952,10225902,Cà Phê Muối Chú Long - Hậu Giang,26/05/2026 23:08:47,"87,000","17,400",0,0,"17,087",0,"52,513"
2949,26056-821615572,10225902,Cà Phê Muối Chú Long - Hậu Giang,26/05/2026 23:22:52,"511,000","69,500",0,0,"108,388",0,"333,112"
2950,26056-824526533,10375372,Cà Phê Muối Chú Long - An Dương Vương,26/05/2026 23:08:27,"29,000","5,000",0,0,"5,892",0,"18,108"
2951,26056-836156585,10219545,Cà Phê Muối Chú Long - Nguyễn Huệ,26/05/2026 23:30:08,"58,000","11,600",0,0,"11,391",0,"35,009"
2952,26056-852284514,10287867,Cà Phê Muối Chú Long - Classic,26/05/2026 23:58:05,"65,000","13,000",0,0,"12,766",0,"39,234"
2953,26056-852861062,10219545,Cà Phê Muối Chú Long - Nguyễn Huệ,26/05/2026 23:55:54,"36,000","5,000",0,0,"7,611",0,"23,390"
