STT,Mã Đơn Hàng,ID cửa hàng,Tên cửa hàng,Thời gian hoàn thành/ huỷ đơn,Giá trị đơn hàng,Khuyến mại từ quán,Phí dịch vụ,Phí vận chuyển trả cho quán,Chiết khấu,Thuế khấu trừ,Thực thu
1,22056-651522718,10232123,Cà Phê Muối Chú Long - 17A Ngô Tất Tố,23/05/2026 06:54:11,"170,000","50,999",0,0,"29,215",0,"89,786"
2,22056-807399865,10350108,Cà Phê Muối Chú Long - Đường Láng,23/05/2026 06:43:03,"130,000","20,000",0,0,"27,005",0,"82,995"
3,22056-838433400,10230417,Cà Phê Muối Chú Long - Lê Văn Sỹ,23/05/2026 07:17:46,"58,000","11,000",0,0,"11,539",0,"35,462"
4,23056-011680527,10235663,Cà Phê Muối Chú Long - Hà Huy Giáp,23/05/2026 06:24:25,"73,000","15,000",0,0,"14,239",0,"43,761"
5,23056-034206577,10219545,Cà Phê Muối Chú Long - Nguyễn Huệ,23/05/2026 01:23:15,"58,000","11,600",0,0,"11,391",0,"35,009"
6,23056-064023729,10219545,Cà Phê Muối Chú Long - Nguyễn Huệ,23/05/2026 02:04:27,"406,000","54,500",0,0,"86,293",0,"265,207"
7,23056-073358932,10219545,Cà Phê Muối Chú Long - Nguyễn Huệ,23/05/2026 02:25:27,"50,000","11,000",0,0,"9,575",0,"29,426"
8,23056-111146823,10225902,Cà Phê Muối Chú Long - Hậu Giang,23/05/2026 03:28:55,"72,000","14,400",0,0,"14,141",0,"43,459"
9,23056-151813179,10219545,Cà Phê Muối Chú Long - Nguyễn Huệ,23/05/2026 04:31:22,"73,000","14,600",0,0,"14,337",0,"44,063"
10,23056-156641070,10219545,Cà Phê Muối Chú Long - Nguyễn Huệ,23/05/2026 04:40:53,"58,000","11,000",0,0,"11,539",0,"35,462"
11,23056-171765087,10225902,Cà Phê Muối Chú Long - Hậu Giang,23/05/2026 05:09:32,"83,000","16,600",0,0,"16,301",0,"50,099"
12,23056-176921379,10219545,Cà Phê Muối Chú Long - Nguyễn Huệ,23/05/2026 05:13:38,"54,000","11,000",0,0,"10,557",0,"32,444"
13,23056-187144027,10225902,Cà Phê Muối Chú Long - Hậu Giang,23/05/2026 05:36:47,"123,000",0,0,0,"30,197",0,"92,804"
14,23056-188652426,10225902,Cà Phê Muối Chú Long - Hậu Giang,23/05/2026 05:33:48,"58,000","11,600",0,0,"11,391",0,"35,009"
15,23056-190965579,10225902,Cà Phê Muối Chú Long - Hậu Giang,23/05/2026 05:40:31,"58,000","11,600",0,0,"11,391",0,"35,009"
16,23056-192918039,10298824,Cà Phê Muối Chú Long - Hoàng Diệu,23/05/2026 05:44:48,"116,000","23,200",0,0,"22,782",0,"70,018"
17,23056-198188772,10298824,Cà Phê Muối Chú Long - Hoàng Diệu,23/05/2026 05:49:27,"25,000","5,000",0,0,"4,910",0,"15,090"
18,23056-198693500,10358037,Cà Phê Muối Chú Long - 35 Trần Phú,23/05/2026 06:10:43,"58,000","10,000",0,0,"11,784",0,"36,216"
19,23056-198894476,10269971,Cà Phê Muối Chú Long - Cần Thơ,23/05/2026 05:47:33,"22,000",0,0,0,"5,401",0,"16,599"
20,23056-200013545,10321524,Cà Phê Muối Chú Long - Đội Cấn,23/05/2026 05:49:41,"36,000",0,0,0,"8,838",0,"27,162"
21,23056-201287199,10232123,Cà Phê Muối Chú Long - 17A Ngô Tất Tố,23/05/2026 05:56:29,"29,000","5,000",0,0,"5,892",0,"18,108"
22,23056-201380962,10230171,Cà Phê Muối Chú Long - Bình Long,23/05/2026 05:52:24,"72,000","14,400",0,0,"14,141",0,"43,459"
23,23056-201571007,10292422,Cà Phê Muối Chú Long - Phan Thiết,23/05/2026 05:50:18,"29,000","7,250",0,0,"5,340",0,"16,410"
24,23056-202095881,10230417,Cà Phê Muối Chú Long - Lê Văn Sỹ,23/05/2026 06:11:07,"153,000","28,571",0,0,"30,547",0,"93,882"
25,23056-204547324,10235663,Cà Phê Muối Chú Long - Hà Huy Giáp,23/05/2026 05:50:12,"29,000","7,250",0,0,"5,340",0,"16,410"
26,23056-204947575,10324687,Cà Phê Muối Chú Long - Huỳnh Tấn Phát,23/05/2026 06:16:57,"58,000",0,0,0,"14,239",0,"43,761"
27,23056-206506260,10230817,Cà Phê Muối Chú Long - Thích Quảng Đức,23/05/2026 05:51:57,"29,000","5,000",0,0,"5,892",0,"18,108"
28,23056-207026184,10222800,Cà Phê Muối Chú Long - Thành Thái,23/05/2026 06:04:55,"58,000","11,600",0,0,"11,391",0,"35,009"
29,23056-210103530,10225895,Cà Phê Muối Chú Long - Cách Mạng Tháng 8,23/05/2026 06:08:05,"47,000",0,0,0,"11,539",0,"35,462"
30,23056-210159449,10230171,Cà Phê Muối Chú Long - Bình Long,23/05/2026 06:20:04,"58,000","11,600",0,0,"11,391",0,"35,009"
31,23056-210442093,10230417,Cà Phê Muối Chú Long - Lê Văn Sỹ,23/05/2026 06:17:05,"58,000","11,600",0,0,"11,391",0,"35,009"
32,23056-210576686,10298769,Cà Phê Muối Chú Long - Tôn Đức Thắng,23/05/2026 06:13:05,"65,000","13,000",0,0,"12,766",0,"39,234"
33,23056-210616377,10222800,Cà Phê Muối Chú Long - Thành Thái,23/05/2026 06:08:16,"29,000","5,000",0,0,"5,892",0,"18,108"
34,23056-213140235,10230417,Cà Phê Muối Chú Long - Lê Văn Sỹ,23/05/2026 06:12:13,"116,000","23,200",0,0,"22,782",0,"70,018"
35,23056-213680772,10233716,Cà Phê Muối Chú Long - 130 Thích Quảng Đức,23/05/2026 06:33:42,"58,000","11,600",0,0,"11,391",0,"35,009"
36,23056-214102757,10230292,Cà Phê Muối Chú Long - Lê Văn Việt,23/05/2026 06:28:48,"116,000","23,200",0,0,"22,782",0,"70,018"
37,23056-215155567,10230399,Cà Phê Muối Chú Long - Tân Kỳ Tân Quý,23/05/2026 06:09:35,"188,000","33,840",0,0,"37,846",0,"116,314"
38,23056-216068753,10225902,Cà Phê Muối Chú Long - Hậu Giang,23/05/2026 06:27:07,"134,000","26,800",0,0,"26,318",0,"80,882"
39,23056-216156697,10230171,Cà Phê Muối Chú Long - Bình Long,23/05/2026 06:23:10,"58,000","11,600",0,0,"11,391",0,"35,009"
40,23056-217728849,10225902,Cà Phê Muối Chú Long - Hậu Giang,23/05/2026 06:28:14,"44,000",0,0,0,"10,802",0,"33,198"
41,23056-219718469,10230171,Cà Phê Muối Chú Long - Bình Long,23/05/2026 06:16:05,"87,000","17,400",0,0,"17,087",0,"52,513"
42,23056-220643110,10224935,Cà Phê Muối Chú Long - 585 Quang Trung,23/05/2026 06:25:25,"80,000","16,000",0,0,"15,712",0,"48,288"
43,23056-223560788,10225888,Cà Phê Muối Chú Long - Lạc Long Quân,23/05/2026 06:32:10,"80,000","16,000",0,0,"15,712",0,"48,288"
44,23056-223620403,10298769,Cà Phê Muối Chú Long - Tôn Đức Thắng,23/05/2026 06:34:43,"58,000","11,600",0,0,"11,391",0,"35,009"
45,23056-224583241,10230817,Cà Phê Muối Chú Long - Thích Quảng Đức,23/05/2026 06:39:36,"58,000","11,600",0,0,"11,391",0,"35,009"
46,23056-224645148,10298824,Cà Phê Muối Chú Long - Hoàng Diệu,23/05/2026 06:40:07,"58,000","11,600",0,0,"11,391",0,"35,009"
47,23056-225115571,10350108,Cà Phê Muối Chú Long - Đường Láng,23/05/2026 06:33:23,"44,000",0,0,0,"10,802",0,"33,198"
48,23056-225832684,10242271,Cà Phê Muối Chú Long - Vũng Tàu,23/05/2026 06:23:09,"261,000","46,980",0,0,"52,542",0,"161,478"
49,23056-225869147,10350108,Cà Phê Muối Chú Long - Đường Láng,23/05/2026 06:30:36,"58,000","11,600",0,0,"11,391",0,"35,009"
50,23056-225975529,10230417,Cà Phê Muối Chú Long - Lê Văn Sỹ,23/05/2026 06:30:48,"58,000","11,600",0,0,"11,391",0,"35,009"
51,23056-226197116,10230171,Cà Phê Muối Chú Long - Bình Long,23/05/2026 06:34:48,"87,000","17,400",0,0,"17,087",0,"52,513"
52,23056-226973549,10298769,Cà Phê Muối Chú Long - Tôn Đức Thắng,23/05/2026 06:28:14,"29,000","5,000",0,0,"5,892",0,"18,108"
53,23056-227060173,10219545,Cà Phê Muối Chú Long - Nguyễn Huệ,23/05/2026 06:24:58,"73,000","14,600",0,0,"14,337",0,"44,063"
54,23056-227978437,10230817,Cà Phê Muối Chú Long - Thích Quảng Đức,23/05/2026 07:04:55,"58,000","11,600",0,0,"11,391",0,"35,009"
55,23056-230721954,10235663,Cà Phê Muối Chú Long - Hà Huy Giáp,23/05/2026 06:35:54,"58,000","11,600",0,0,"11,391",0,"35,009"
56,23056-231317609,10292422,Cà Phê Muối Chú Long - Phan Thiết,23/05/2026 06:30:43,"51,000","11,000",0,0,"9,820",0,"30,180"
57,23056-231770667,10230814,Cà Phê Muối Chú Long - Võ Văn Kiệt,23/05/2026 06:44:43,"87,000","17,400",0,0,"17,087",0,"52,513"
58,23056-232130003,10224935,Cà Phê Muối Chú Long - 585 Quang Trung,23/05/2026 06:40:44,"36,000",0,0,0,"8,838",0,"27,162"
59,23056-232336294,10224935,Cà Phê Muối Chú Long - 585 Quang Trung,23/05/2026 06:36:14,"58,000","11,600",0,0,"11,391",0,"35,009"
60,23056-232392982,10225888,Cà Phê Muối Chú Long - Lạc Long Quân,23/05/2026 06:37:09,"112,000","22,400",0,0,"21,997",0,"67,603"
61,23056-232595964,10298769,Cà Phê Muối Chú Long - Tôn Đức Thắng,23/05/2026 07:03:07,"80,000","16,000",0,0,"15,712",0,"48,288"
62,23056-232636065,10219545,Cà Phê Muối Chú Long - Nguyễn Huệ,23/05/2026 06:40:58,"58,000","11,600",0,0,"11,391",0,"35,009"
63,23056-233323860,10230399,Cà Phê Muối Chú Long - Tân Kỳ Tân Quý,23/05/2026 06:36:05,"58,000","11,600",0,0,"11,391",0,"35,009"
64,23056-233922527,10230399,Cà Phê Muối Chú Long - Tân Kỳ Tân Quý,23/05/2026 06:45:22,"25,000","8,000",0,0,"4,174",0,"12,827"
65,23056-234018506,10230171,Cà Phê Muối Chú Long - Bình Long,23/05/2026 06:52:18,"44,000",0,0,0,"10,802",0,"33,198"
66,23056-234428673,10284115,Cà Phê Muối Chú Long - Kha Vạn Cân,23/05/2026 06:46:22,"87,000","17,400",0,0,"17,087",0,"52,513"
67,23056-234824675,10225902,Cà Phê Muối Chú Long - Hậu Giang,23/05/2026 06:47:32,"105,000","21,000",0,0,"20,622",0,"63,378"
68,23056-235002127,10284115,Cà Phê Muối Chú Long - Kha Vạn Cân,23/05/2026 06:44:29,"80,000","16,000",0,0,"15,712",0,"48,288"
69,23056-235579497,10222800,Cà Phê Muối Chú Long - Thành Thái,23/05/2026 06:51:39,"25,000","8,000",0,0,"4,174",0,"12,827"
70,23056-235815253,10350108,Cà Phê Muối Chú Long - Đường Láng,23/05/2026 07:13:00,"58,000","11,600",0,0,"11,391",0,"35,009"
71,23056-236879107,10230958,Cà Phê Muối Chú Long - 3/26 Quang Trung,23/05/2026 07:20:23,"116,000","23,200",0,0,"22,782",0,"70,018"
72,23056-237217198,10235663,Cà Phê Muối Chú Long - Hà Huy Giáp,23/05/2026 06:53:19,"51,000","10,000",0,0,"10,066",0,"30,935"
73,23056-237469621,10358040,Cà Phê Muối Chú Long - Đoàn Thị Điểm,23/05/2026 06:46:20,"30,000","7,500",0,0,"5,524",0,"16,976"
74,23056-237770892,10354882,Cà Phê Muối Chú Long - Quảng Ngãi,23/05/2026 06:45:23,"44,000","10,000",0,0,"8,347",0,"25,653"
75,23056-238011097,10358037,Cà Phê Muối Chú Long - 35 Trần Phú,23/05/2026 07:29:28,"220,000","39,600",0,0,"44,288",0,"136,112"
76,23056-238690657,10225895,Cà Phê Muối Chú Long - Cách Mạng Tháng 8,23/05/2026 06:43:42,"108,000","21,600",0,0,"21,211",0,"65,189"
77,23056-239206251,10230417,Cà Phê Muối Chú Long - Lê Văn Sỹ,23/05/2026 07:05:00,"58,000","11,600",0,0,"11,391",0,"35,009"
78,23056-239516745,10225871,Cà Phê Muối Chú Long - Đặng Nguyên Cẩn,23/05/2026 06:55:23,"131,000","26,200",0,0,"25,728",0,"79,072"
79,23056-239720932,10224935,Cà Phê Muối Chú Long - 585 Quang Trung,23/05/2026 06:51:48,"58,000","11,600",0,0,"11,391",0,"35,009"
80,23056-239760893,10233716,Cà Phê Muối Chú Long - 130 Thích Quảng Đức,23/05/2026 07:05:22,"29,000","5,000",0,0,"5,892",0,"18,108"
81,23056-239986520,10224935,Cà Phê Muối Chú Long - 585 Quang Trung,23/05/2026 06:56:05,"58,000","11,600",0,0,"11,391",0,"35,009"
82,23056-240036814,10222800,Cà Phê Muối Chú Long - Thành Thái,23/05/2026 06:50:06,"51,000","11,000",0,0,"9,820",0,"30,180"
83,23056-240725208,10230399,Cà Phê Muối Chú Long - Tân Kỳ Tân Quý,23/05/2026 06:56:43,"66,000",0,0,0,"16,203",0,"49,797"
84,23056-241115402,10230171,Cà Phê Muối Chú Long - Bình Long,23/05/2026 06:59:21,"58,000","11,600",0,0,"11,391",0,"35,009"
85,23056-241180723,10242271,Cà Phê Muối Chú Long - Vũng Tàu,23/05/2026 06:59:18,"29,000","5,000",0,0,"5,892",0,"18,108"
86,23056-241184397,10358037,Cà Phê Muối Chú Long - 35 Trần Phú,23/05/2026 06:53:06,"22,000",0,0,0,"5,401",0,"16,599"
87,23056-241317749,10225888,Cà Phê Muối Chú Long - Lạc Long Quân,23/05/2026 06:56:07,"58,000","11,600",0,0,"11,391",0,"35,009"
88,23056-241396859,10225902,Cà Phê Muối Chú Long - Hậu Giang,23/05/2026 06:54:57,"58,000","11,600",0,0,"11,391",0,"35,009"
89,23056-241469661,10340098,Cà Phê Muối Chú Long - Thuận An,23/05/2026 07:09:17,"29,000","7,250",0,0,"5,340",0,"16,410"
90,23056-241992126,10381892,Cà Phê Muối Chú Long - Phan Văn Trị,23/05/2026 06:57:34,"112,000","22,400",0,0,"21,997",0,"67,603"
91,23056-242033212,10350108,Cà Phê Muối Chú Long - Đường Láng,23/05/2026 07:05:39,"109,000","20,000",0,0,"21,850",0,"67,151"
92,23056-242135991,10292422,Cà Phê Muối Chú Long - Phan Thiết,23/05/2026 06:48:27,"22,000","5,500",0,0,"4,051",0,"12,449"
93,23056-242467033,10299524,Cà Phê Muối Chú Long - Lê Duẩn,23/05/2026 07:07:54,"29,000","7,250",0,0,"5,340",0,"16,410"
94,23056-242481467,10235663,Cà Phê Muối Chú Long - Hà Huy Giáp,23/05/2026 07:06:29,"260,000","45,000",0,0,"52,783",0,"162,218"
95,23056-242846148,10235658,Cà Phê Muối Chú Long - Công Trường Quốc Tế,23/05/2026 06:55:50,"51,000","11,000",0,0,"9,820",0,"30,180"
96,23056-243034622,10230958,Cà Phê Muối Chú Long - 3/26 Quang Trung,23/05/2026 07:04:51,"87,000","17,400",0,0,"17,087",0,"52,513"
97,23056-243068022,10397657,Cà Phê Muối Chú Long - 368 Lê Đức Thọ,23/05/2026 07:02:07,"80,000","16,000",0,0,"15,712",0,"48,288"
98,23056-243154917,10230399,Cà Phê Muối Chú Long - Tân Kỳ Tân Quý,23/05/2026 06:57:42,"87,000","17,400",0,0,"17,087",0,"52,513"
99,23056-243554095,10230292,Cà Phê Muối Chú Long - Lê Văn Việt,23/05/2026 07:07:20,"88,000","17,600",0,0,"17,283",0,"53,117"
100,23056-244334181,10354891,Cà Phê Muối Chú Long - Trà Vinh,23/05/2026 07:00:15,"58,000","11,600",0,0,"11,391",0,"35,009"
101,23056-244878401,10235663,Cà Phê Muối Chú Long - Hà Huy Giáp,23/05/2026 07:16:51,"315,000","47,368",0,0,"65,704",0,"201,928"
102,23056-245115220,10230171,Cà Phê Muối Chú Long - Bình Long,23/05/2026 06:58:21,"58,000",0,0,0,"14,239",0,"43,761"
103,23056-245318786,10225895,Cà Phê Muối Chú Long - Cách Mạng Tháng 8,23/05/2026 06:59:06,"54,000","11,000",0,0,"10,557",0,"32,444"
104,23056-245470487,10350108,Cà Phê Muối Chú Long - Đường Láng,23/05/2026 07:33:32,"58,000","11,600",0,0,"11,391",0,"35,009"
105,23056-245751866,10225898,Cà Phê Muối Chú Long - Nguyễn Đình Chiểu,23/05/2026 07:04:01,"87,000","17,400",0,0,"17,087",0,"52,513"
106,23056-246025314,10230171,Cà Phê Muối Chú Long - Bình Long,23/05/2026 07:04:53,"87,000","17,400",0,0,"17,087",0,"52,513"
107,23056-246222608,10397657,Cà Phê Muối Chú Long - 368 Lê Đức Thọ,23/05/2026 07:04:10,"25,000","8,000",0,0,"4,174",0,"12,827"
108,23056-246228534,10230817,Cà Phê Muối Chú Long - Thích Quảng Đức,23/05/2026 07:00:39,"87,000","17,400",0,0,"17,087",0,"52,513"
109,23056-246604992,10224935,Cà Phê Muối Chú Long - 585 Quang Trung,23/05/2026 07:16:28,"116,000","23,200",0,0,"22,782",0,"70,018"
110,23056-246647400,10242271,Cà Phê Muối Chú Long - Vũng Tàu,23/05/2026 07:02:34,"261,000","46,980",0,0,"52,542",0,"161,478"
111,23056-246739700,10230417,Cà Phê Muối Chú Long - Lê Văn Sỹ,23/05/2026 07:05:42,"51,000","11,000",0,0,"9,820",0,"30,180"
112,23056-246859700,10230399,Cà Phê Muối Chú Long - Tân Kỳ Tân Quý,23/05/2026 07:03:43,"145,000","26,000",0,0,"29,215",0,"89,786"
113,23056-247421459,10395671,Cà Phê Muối Chú Long - 59 Trường Chinh,23/05/2026 07:14:32,"22,000","5,000",0,0,"4,174",0,"12,827"
114,23056-247572317,10230417,Cà Phê Muối Chú Long - Lê Văn Sỹ,23/05/2026 07:18:17,"145,000","28,571",0,0,"28,583",0,"87,846"
115,23056-247642794,10386890,Cà Phê Muối Chú Long - Nha Trang,23/05/2026 07:21:55,"116,000","23,200",0,0,"22,782",0,"70,018"
116,23056-247669091,10230399,Cà Phê Muối Chú Long - Tân Kỳ Tân Quý,23/05/2026 07:12:35,"58,000","11,600",0,0,"11,391",0,"35,009"
117,23056-247805589,10235658,Cà Phê Muối Chú Long - Công Trường Quốc Tế,23/05/2026 07:03:21,"29,000","5,000",0,0,"5,892",0,"18,108"
118,23056-248008468,10235663,Cà Phê Muối Chú Long - Hà Huy Giáp,23/05/2026 07:07:57,"51,000","10,000",0,0,"10,066",0,"30,935"
119,23056-248203391,10219545,Cà Phê Muối Chú Long - Nguyễn Huệ,23/05/2026 07:04:22,"87,000","17,400",0,0,"17,087",0,"52,513"
120,23056-248317724,10269971,Cà Phê Muối Chú Long - Cần Thơ,23/05/2026 07:00:29,"29,000","7,250",0,0,"5,340",0,"16,410"
121,23056-248327521,10287867,Cà Phê Muối Chú Long - Classic,23/05/2026 07:10:12,"34,000","5,000",0,0,"7,120",0,"21,881"
122,23056-248722868,10323120,Cà Phê Muối Chú Long - Đồng Xoài,23/05/2026 07:03:40,"72,000","14,400",0,0,"14,141",0,"43,459"
123,23056-248886641,10219545,Cà Phê Muối Chú Long - Nguyễn Huệ,23/05/2026 07:08:43,"116,000","23,200",0,0,"22,782",0,"70,018"
124,23056-250063967,10225888,Cà Phê Muối Chú Long - Lạc Long Quân,23/05/2026 07:13:16,"132,000","26,400",0,0,"25,925",0,"79,675"
125,23056-250253958,10397657,Cà Phê Muối Chú Long - 368 Lê Đức Thọ,23/05/2026 07:17:21,"72,000","14,400",0,0,"14,141",0,"43,459"
126,23056-251018590,10225902,Cà Phê Muối Chú Long - Hậu Giang,23/05/2026 07:20:13,"87,000","17,400",0,0,"17,087",0,"52,513"
127,23056-251141189,10216423,Cà Phê Muối Chú Long - 417 Cộng Hoà,23/05/2026 07:11:38,"54,000","11,000",0,0,"10,557",0,"32,444"
128,23056-251407839,10284115,Cà Phê Muối Chú Long - Kha Vạn Cân,23/05/2026 07:12:21,"108,000","21,600",0,0,"21,211",0,"65,189"
129,23056-251627595,10235663,Cà Phê Muối Chú Long - Hà Huy Giáp,23/05/2026 07:27:41,"205,000","36,900",0,0,"41,269",0,"126,831"
130,23056-251819039,10225902,Cà Phê Muối Chú Long - Hậu Giang,23/05/2026 07:27:39,"22,000","5,000",0,0,"4,174",0,"12,827"
131,23056-251982268,10235663,Cà Phê Muối Chú Long - Hà Huy Giáp,23/05/2026 07:32:18,"145,000","28,571",0,0,"28,583",0,"87,846"
132,23056-251983291,10375372,Cà Phê Muối Chú Long - An Dương Vương,23/05/2026 07:17:38,"116,000","23,200",0,0,"22,782",0,"70,018"
133,23056-252006211,10224935,Cà Phê Muối Chú Long - 585 Quang Trung,23/05/2026 07:17:43,"22,000","5,000",0,0,"4,174",0,"12,827"
134,23056-252425220,10230814,Cà Phê Muối Chú Long - Võ Văn Kiệt,23/05/2026 07:20:20,"260,000","45,000",0,0,"52,783",0,"162,218"
135,23056-252748532,10407619,Cà Phê Muối Chú Long - 117 Lò Đúc,23/05/2026 07:14:19,"29,000",0,0,0,"7,120",0,"21,881"
136,23056-252755325,10224935,Cà Phê Muối Chú Long - 585 Quang Trung,23/05/2026 07:16:38,"87,000","17,400",0,0,"17,087",0,"52,513"
137,23056-252865072,10324687,Cà Phê Muối Chú Long - Huỳnh Tấn Phát,23/05/2026 07:15:17,"145,000","28,571",0,0,"28,583",0,"87,846"
138,23056-253051113,10224935,Cà Phê Muối Chú Long - 585 Quang Trung,23/05/2026 07:14:35,"50,000","16,000",0,0,"8,347",0,"25,653"
139,23056-253148622,10284115,Cà Phê Muối Chú Long - Kha Vạn Cân,23/05/2026 07:16:22,"108,000","21,600",0,0,"21,211",0,"65,189"
140,23056-253193700,10230814,Cà Phê Muối Chú Long - Võ Văn Kiệt,23/05/2026 07:16:05,"72,000","14,400",0,0,"14,141",0,"43,459"
141,23056-253237152,10230958,Cà Phê Muối Chú Long - 3/26 Quang Trung,23/05/2026 07:10:42,"58,000","11,600",0,0,"11,391",0,"35,009"
142,23056-253250032,10284115,Cà Phê Muối Chú Long - Kha Vạn Cân,23/05/2026 07:19:03,"73,000","14,600",0,0,"14,337",0,"44,063"
143,23056-253259750,10284115,Cà Phê Muối Chú Long - Kha Vạn Cân,23/05/2026 07:48:45,"58,000","11,000",0,0,"11,539",0,"35,462"
144,23056-253935997,10230292,Cà Phê Muối Chú Long - Lê Văn Việt,23/05/2026 07:41:41,"87,000","17,400",0,0,"17,087",0,"52,513"
145,23056-253968112,10225888,Cà Phê Muối Chú Long - Lạc Long Quân,23/05/2026 07:20:57,"220,000","39,600",0,0,"44,288",0,"136,112"
146,23056-254285565,10324687,Cà Phê Muối Chú Long - Huỳnh Tấn Phát,23/05/2026 07:11:35,"29,000","5,000",0,0,"5,892",0,"18,108"
147,23056-254290228,10296675,Cà Phê Muối Chú Long - Trương Định,23/05/2026 07:57:01,"44,000",0,0,0,"10,802",0,"33,198"
148,23056-254643428,10225902,Cà Phê Muối Chú Long - Hậu Giang,23/05/2026 07:21:29,"58,000","11,600",0,0,"11,391",0,"35,009"
149,23056-254717510,10230292,Cà Phê Muối Chú Long - Lê Văn Việt,23/05/2026 08:45:26,"232,000","41,760",0,0,"46,704",0,"143,536"
150,23056-255019642,10235663,Cà Phê Muối Chú Long - Hà Huy Giáp,23/05/2026 07:19:41,"66,000","13,200",0,0,"12,962",0,"39,838"
151,23056-255139343,10230417,Cà Phê Muối Chú Long - Lê Văn Sỹ,23/05/2026 07:20:31,"83,000","16,600",0,0,"16,301",0,"50,099"
152,23056-255470139,10386890,Cà Phê Muối Chú Long - Nha Trang,23/05/2026 07:18:49,"29,000","5,000",0,0,"5,892",0,"18,108"
153,23056-255972153,10405301,Cà Phê Muối Chú Long - 01 Hàng Đậu,23/05/2026 08:21:24,"65,000",0,0,0,"15,958",0,"49,043"
154,23056-256098270,10230292,Cà Phê Muối Chú Long - Lê Văn Việt,23/05/2026 07:27:29,"58,000","11,600",0,0,"11,391",0,"35,009"
155,23056-256248566,10222800,Cà Phê Muối Chú Long - Thành Thái,23/05/2026 07:25:20,"54,000","11,000",0,0,"10,557",0,"32,444"
156,23056-256259405,10395671,Cà Phê Muối Chú Long - 59 Trường Chinh,23/05/2026 08:00:55,"50,000","8,000",0,0,"10,311",0,"31,689"
157,23056-256339409,10230171,Cà Phê Muối Chú Long - Bình Long,23/05/2026 07:24:41,"87,000","17,400",0,0,"17,087",0,"52,513"
158,23056-256593758,10235663,Cà Phê Muối Chú Long - Hà Huy Giáp,23/05/2026 07:26:56,"29,000","7,250",0,0,"5,340",0,"16,410"
159,23056-256760554,10222800,Cà Phê Muối Chú Long - Thành Thái,23/05/2026 07:22:54,"58,000","11,600",0,0,"11,391",0,"35,009"
160,23056-256974796,10216423,Cà Phê Muối Chú Long - 417 Cộng Hoà,23/05/2026 07:24:38,"131,000","26,200",0,0,"25,728",0,"79,072"
161,23056-256997167,10230817,Cà Phê Muối Chú Long - Thích Quảng Đức,23/05/2026 07:21:34,"88,000","17,600",0,0,"17,283",0,"53,117"
162,23056-257246942,10292422,Cà Phê Muối Chú Long - Phan Thiết,23/05/2026 07:20:10,"29,000","7,250",0,0,"5,340",0,"16,410"
163,23056-257826464,10284115,Cà Phê Muối Chú Long - Kha Vạn Cân,23/05/2026 07:19:53,"58,000","11,600",0,0,"11,391",0,"35,009"
164,23056-257829491,10350108,Cà Phê Muối Chú Long - Đường Láng,23/05/2026 08:11:20,"220,000","39,600",0,0,"44,288",0,"136,112"
165,23056-257854799,10395671,Cà Phê Muối Chú Long - 59 Trường Chinh,23/05/2026 07:28:51,"91,000","18,200",0,0,"17,872",0,"54,928"
166,23056-257951107,10235663,Cà Phê Muối Chú Long - Hà Huy Giáp,23/05/2026 07:28:44,"123,000","24,600",0,0,"24,157",0,"74,243"
167,23056-258480447,10230399,Cà Phê Muối Chú Long - Tân Kỳ Tân Quý,23/05/2026 07:43:30,"117,000","23,400",0,0,"22,979",0,"70,621"
168,23056-258585265,10395671,Cà Phê Muối Chú Long - 59 Trường Chinh,23/05/2026 07:28:51,"80,000","16,000",0,0,"15,712",0,"48,288"
169,23056-258640959,10230292,Cà Phê Muối Chú Long - Lê Văn Việt,23/05/2026 07:27:46,"58,000","11,600",0,0,"11,391",0,"35,009"
170,23056-258750712,10292015,Cà Phê Muối Chú Long - Long An,23/05/2026 07:33:19,"51,000","11,000",0,0,"9,820",0,"30,180"
171,23056-259441604,10219545,Cà Phê Muối Chú Long - Nguyễn Huệ,23/05/2026 07:23:12,"50,000","11,000",0,0,"9,575",0,"29,426"
172,23056-259611867,10350108,Cà Phê Muối Chú Long - Đường Láng,23/05/2026 11:50:47,"36,000",0,0,0,"8,838",0,"27,162"
173,23056-259692962,10225902,Cà Phê Muối Chú Long - Hậu Giang,23/05/2026 07:44:18,"87,000","17,400",0,0,"17,087",0,"52,513"
174,23056-260046060,10298824,Cà Phê Muối Chú Long - Hoàng Diệu,23/05/2026 07:53:32,"58,000","11,600",0,0,"11,391",0,"35,009"
175,23056-260054425,10354882,Cà Phê Muối Chú Long - Quảng Ngãi,23/05/2026 07:27:17,"94,000","18,800",0,0,"18,462",0,"56,738"
176,23056-260339294,10296675,Cà Phê Muối Chú Long - Trương Định,23/05/2026 08:18:57,"116,000","23,200",0,0,"22,782",0,"70,018"
177,23056-260377607,10292422,Cà Phê Muối Chú Long - Phan Thiết,23/05/2026 07:24:27,"72,000","14,400",0,0,"14,141",0,"43,459"
178,23056-260585656,10298769,Cà Phê Muối Chú Long - Tôn Đức Thắng,23/05/2026 07:54:04,"58,000","11,600",0,0,"11,391",0,"35,009"
179,23056-260617939,10230399,Cà Phê Muối Chú Long - Tân Kỳ Tân Quý,23/05/2026 07:20:58,"83,000","16,600",0,0,"16,301",0,"50,099"
180,23056-260622775,10219545,Cà Phê Muối Chú Long - Nguyễn Huệ,23/05/2026 07:32:07,"44,000",0,0,0,"10,802",0,"33,198"
181,23056-260808940,10222800,Cà Phê Muối Chú Long - Thành Thái,23/05/2026 07:33:27,"29,000","5,000",0,0,"5,892",0,"18,108"
182,23056-260853141,10299524,Cà Phê Muối Chú Long - Lê Duẩn,23/05/2026 08:28:59,"87,000","17,400",0,0,"17,087",0,"52,513"
183,23056-260941518,10230793,Cà Phê Muối Chú Long - Huỳnh Văn Bánh,23/05/2026 07:23:55,"29,000",0,0,0,"7,120",0,"21,881"
184,23056-261088681,10292422,Cà Phê Muối Chú Long - Phan Thiết,23/05/2026 07:22:37,"58,000","11,600",0,0,"11,391",0,"35,009"
185,23056-261594647,10235659,Cà Phê Muối Chú Long - Nguyễn Hữu Cảnh,23/05/2026 07:35:32,"51,000","11,000",0,0,"9,820",0,"30,180"
186,23056-261775909,10230814,Cà Phê Muối Chú Long - Võ Văn Kiệt,23/05/2026 07:26:57,"207,000",0,0,0,"50,819",0,"156,182"
187,23056-261970748,10235663,Cà Phê Muối Chú Long - Hà Huy Giáp,23/05/2026 07:47:31,"65,000","13,000",0,0,"12,766",0,"39,234"
188,23056-262498466,10298769,Cà Phê Muối Chú Long - Tôn Đức Thắng,23/05/2026 07:50:40,"25,000","8,000",0,0,"4,174",0,"12,827"
189,23056-262523830,10222800,Cà Phê Muối Chú Long - Thành Thái,23/05/2026 07:26:58,"116,000","23,200",0,0,"22,782",0,"70,018"
190,23056-262809591,10321523,Cà Phê Muối Chú Long - Thanh Nhàn,23/05/2026 07:52:47,"87,000","17,400",0,0,"17,087",0,"52,513"
191,23056-262836961,10321523,Cà Phê Muối Chú Long - Thanh Nhàn,23/05/2026 08:21:26,"224,000","40,320",0,0,"45,093",0,"138,587"
192,23056-263355229,10230958,Cà Phê Muối Chú Long - 3/26 Quang Trung,23/05/2026 07:25:32,"65,000","13,000",0,0,"12,766",0,"39,234"
193,23056-263662284,10230793,Cà Phê Muối Chú Long - Huỳnh Văn Bánh,23/05/2026 07:27:04,"51,000","11,000",0,0,"9,820",0,"30,180"
194,23056-263727771,10395671,Cà Phê Muối Chú Long - 59 Trường Chinh,23/05/2026 07:36:37,"58,000","11,600",0,0,"11,391",0,"35,009"
195,23056-263810465,10235663,Cà Phê Muối Chú Long - Hà Huy Giáp,23/05/2026 07:58:26,"123,000","24,600",0,0,"24,157",0,"74,243"
196,23056-263830978,10225871,Cà Phê Muối Chú Long - Đặng Nguyên Cẩn,23/05/2026 07:32:21,"145,000","28,571",0,0,"28,583",0,"87,846"
197,23056-264361771,10269971,Cà Phê Muối Chú Long - Cần Thơ,23/05/2026 07:29:41,"22,000","5,500",0,0,"4,051",0,"12,449"
198,23056-264760223,10397657,Cà Phê Muối Chú Long - 368 Lê Đức Thọ,23/05/2026 07:55:23,"58,000","11,600",0,0,"11,391",0,"35,009"
199,23056-264796431,10350108,Cà Phê Muối Chú Long - Đường Láng,23/05/2026 07:56:37,"58,000","11,600",0,0,"11,391",0,"35,009"
200,23056-264859539,10315543,Cà Phê Muối Chú Long - Bến Tre,23/05/2026 07:31:11,"58,000","11,600",0,0,"11,391",0,"35,009"
201,23056-264936270,10232123,Cà Phê Muối Chú Long - 17A Ngô Tất Tố,23/05/2026 07:35:28,"145,000","28,571",0,0,"28,583",0,"87,846"
202,23056-265063102,10216423,Cà Phê Muối Chú Long - 417 Cộng Hoà,23/05/2026 07:49:21,"54,000","10,000",0,0,"10,802",0,"33,198"
203,23056-265218569,10298824,Cà Phê Muối Chú Long - Hoàng Diệu,23/05/2026 07:53:39,"44,000","10,000",0,0,"8,347",0,"25,653"
204,23056-265217592,10287867,Cà Phê Muối Chú Long - Classic,23/05/2026 07:56:44,"168,000","30,240",0,0,"33,820",0,"103,940"
205,23056-265491064,10292015,Cà Phê Muối Chú Long - Long An,23/05/2026 07:38:01,"29,000","7,250",0,0,"5,340",0,"16,410"
206,23056-265604928,10358037,Cà Phê Muối Chú Long - 35 Trần Phú,23/05/2026 07:36:01,"44,000","10,000",0,0,"8,347",0,"25,653"
207,23056-265665749,10321524,Cà Phê Muối Chú Long - Đội Cấn,23/05/2026 07:38:54,"87,000","17,400",0,0,"17,087",0,"52,513"
208,23056-265991583,10298769,Cà Phê Muối Chú Long - Tôn Đức Thắng,23/05/2026 07:50:52,"54,000","11,000",0,0,"10,557",0,"32,444"
209,23056-266002842,10225902,Cà Phê Muối Chú Long - Hậu Giang,23/05/2026 07:42:39,"145,000","28,571",0,0,"28,583",0,"87,846"
210,23056-266318365,10321523,Cà Phê Muối Chú Long - Thanh Nhàn,23/05/2026 07:47:03,"145,000","28,571",0,0,"28,583",0,"87,846"
211,23056-266564607,10216423,Cà Phê Muối Chú Long - 417 Cộng Hoà,23/05/2026 07:52:47,"29,000","5,000",0,0,"5,892",0,"18,108"
212,23056-266637547,10292422,Cà Phê Muối Chú Long - Phan Thiết,23/05/2026 07:34:23,"25,000","6,250",0,0,"4,603",0,"14,147"
213,23056-266772253,10225888,Cà Phê Muối Chú Long - Lạc Long Quân,23/05/2026 07:38:49,"139,000","27,800",0,0,"27,300",0,"83,900"
214,23056-266834434,10321524,Cà Phê Muối Chú Long - Đội Cấn,23/05/2026 08:03:41,"216,000","38,880",0,0,"43,483",0,"133,637"
215,23056-266903799,10225895,Cà Phê Muối Chú Long - Cách Mạng Tháng 8,23/05/2026 07:34:55,"44,000","5,000",0,0,"9,575",0,"29,426"
216,23056-266953249,10235663,Cà Phê Muối Chú Long - Hà Huy Giáp,23/05/2026 07:45:00,"51,000","11,000",0,0,"9,820",0,"30,180"
217,23056-267081716,10321523,Cà Phê Muối Chú Long - Thanh Nhàn,23/05/2026 08:00:50,"61,000","12,200",0,0,"11,980",0,"36,820"
218,23056-267123459,10230171,Cà Phê Muối Chú Long - Bình Long,23/05/2026 07:38:10,"51,000","11,000",0,0,"9,820",0,"30,180"
219,23056-267139180,10292422,Cà Phê Muối Chú Long - Phan Thiết,23/05/2026 07:32:36,"22,000","5,500",0,0,"4,051",0,"12,449"
220,23056-267239232,10321523,Cà Phê Muối Chú Long - Thanh Nhàn,23/05/2026 07:42:55,"61,000","12,200",0,0,"11,980",0,"36,820"
221,23056-267292907,10216423,Cà Phê Muối Chú Long - 417 Cộng Hoà,23/05/2026 07:48:26,"65,000","13,000",0,0,"12,766",0,"39,234"
222,23056-267441568,10225902,Cà Phê Muối Chú Long - Hậu Giang,23/05/2026 07:43:06,"145,000","28,571",0,0,"28,583",0,"87,846"
223,23056-267695682,10324687,Cà Phê Muối Chú Long - Huỳnh Tấn Phát,23/05/2026 07:46:43,"58,000","11,600",0,0,"11,391",0,"35,009"
224,23056-267831930,10230171,Cà Phê Muối Chú Long - Bình Long,23/05/2026 08:15:46,"58,000","11,600",0,0,"11,391",0,"35,009"
225,23056-267911427,10340098,Cà Phê Muối Chú Long - Thuận An,23/05/2026 08:12:17,"87,000","17,400",0,0,"17,087",0,"52,513"
226,23056-267963625,10298769,Cà Phê Muối Chú Long - Tôn Đức Thắng,23/05/2026 07:45:32,"145,000","28,571",0,0,"28,583",0,"87,846"
227,23056-268046975,10298769,Cà Phê Muối Chú Long - Tôn Đức Thắng,23/05/2026 07:46:07,"87,000","17,400",0,0,"17,087",0,"52,513"
228,23056-268266929,10235663,Cà Phê Muối Chú Long - Hà Huy Giáp,23/05/2026 07:35:09,"80,000","16,000",0,0,"15,712",0,"48,288"
229,23056-268352529,10225902,Cà Phê Muối Chú Long - Hậu Giang,23/05/2026 07:43:22,"65,000","13,000",0,0,"12,766",0,"39,234"
230,23056-268923828,10324687,Cà Phê Muối Chú Long - Huỳnh Tấn Phát,23/05/2026 07:45:31,"58,000","11,600",0,0,"11,391",0,"35,009"
231,23056-269081166,10224935,Cà Phê Muối Chú Long - 585 Quang Trung,23/05/2026 07:52:52,"36,000",0,0,0,"8,838",0,"27,162"
232,23056-269125762,10230171,Cà Phê Muối Chú Long - Bình Long,23/05/2026 07:53:08,"62,000","12,400",0,0,"12,177",0,"37,423"
233,23056-269147303,10350108,Cà Phê Muối Chú Long - Đường Láng,23/05/2026 08:26:28,"152,000","28,571",0,0,"30,302",0,"93,127"
234,23056-269245749,10375372,Cà Phê Muối Chú Long - An Dương Vương,23/05/2026 07:39:07,"58,000","11,600",0,0,"11,391",0,"35,009"
235,23056-269446672,10224935,Cà Phê Muối Chú Long - 585 Quang Trung,23/05/2026 08:00:06,"87,000","15,000",0,0,"17,676",0,"54,324"
236,23056-270057184,10386890,Cà Phê Muối Chú Long - Nha Trang,23/05/2026 07:57:46,"87,000","17,400",0,0,"17,087",0,"52,513"
237,23056-270196106,10230399,Cà Phê Muối Chú Long - Tân Kỳ Tân Quý,23/05/2026 07:55:26,"195,000","35,100",0,0,"39,255",0,"120,645"
238,23056-270260894,10284115,Cà Phê Muối Chú Long - Kha Vạn Cân,23/05/2026 07:54:07,"87,000","17,400",0,0,"17,087",0,"52,513"
239,23056-270450972,10296675,Cà Phê Muối Chú Long - Trương Định,23/05/2026 08:11:15,"25,000","8,000",0,0,"4,174",0,"12,827"
240,23056-270589866,10230814,Cà Phê Muối Chú Long - Võ Văn Kiệt,23/05/2026 07:55:23,"58,000","11,600",0,0,"11,391",0,"35,009"
241,23056-270891684,10230814,Cà Phê Muối Chú Long - Võ Văn Kiệt,23/05/2026 07:46:38,"44,000",0,0,0,"10,802",0,"33,198"
242,23056-271196468,10324687,Cà Phê Muối Chú Long - Huỳnh Tấn Phát,23/05/2026 07:47:46,"29,000","5,000",0,0,"5,892",0,"18,108"
243,23056-271213973,10292422,Cà Phê Muối Chú Long - Phan Thiết,23/05/2026 07:40:11,"29,000","7,250",0,0,"5,340",0,"16,410"
244,23056-271595582,10350108,Cà Phê Muối Chú Long - Đường Láng,23/05/2026 08:03:16,"72,000","14,400",0,0,"14,141",0,"43,459"
245,23056-271663258,10230292,Cà Phê Muối Chú Long - Lê Văn Việt,23/05/2026 07:54:32,"76,000","15,200",0,0,"14,926",0,"45,874"
246,23056-271907679,10216423,Cà Phê Muối Chú Long - 417 Cộng Hoà,23/05/2026 07:42:44,"58,000","11,600",0,0,"11,391",0,"35,009"
247,23056-272145267,10375372,Cà Phê Muối Chú Long - An Dương Vương,23/05/2026 07:44:04,"29,000","5,000",0,0,"5,892",0,"18,108"
248,23056-272230892,10230814,Cà Phê Muối Chú Long - Võ Văn Kiệt,23/05/2026 07:48:05,"29,000","5,000",0,0,"5,892",0,"18,108"
249,23056-272517780,10298769,Cà Phê Muối Chú Long - Tôn Đức Thắng,23/05/2026 08:07:34,"76,000","15,200",0,0,"14,926",0,"45,874"
250,23056-272694704,10230171,Cà Phê Muối Chú Long - Bình Long,23/05/2026 07:49:53,"58,000","11,600",0,0,"11,391",0,"35,009"
251,23056-272720397,10292422,Cà Phê Muối Chú Long - Phan Thiết,23/05/2026 08:05:08,"73,000","14,600",0,0,"14,337",0,"44,063"
252,23056-273074370,10230171,Cà Phê Muối Chú Long - Bình Long,23/05/2026 07:55:09,"66,000","13,200",0,0,"12,962",0,"39,838"
253,23056-273093667,10350108,Cà Phê Muối Chú Long - Đường Láng,23/05/2026 08:14:40,"36,000",0,0,0,"8,838",0,"27,162"
254,23056-273272452,10321524,Cà Phê Muối Chú Long - Đội Cấn,23/05/2026 07:49:32,"51,000","11,000",0,0,"9,820",0,"30,180"
255,23056-273294125,10386890,Cà Phê Muối Chú Long - Nha Trang,23/05/2026 08:23:01,"110,000","22,000",0,0,"21,604",0,"66,396"
256,23056-273561634,10219545,Cà Phê Muối Chú Long - Nguyễn Huệ,23/05/2026 07:50:14,"95,000","19,000",0,0,"18,658",0,"57,342"
257,23056-273629722,10292422,Cà Phê Muối Chú Long - Phan Thiết,23/05/2026 07:46:43,"29,000","7,250",0,0,"5,340",0,"16,410"
258,23056-273677162,10235663,Cà Phê Muối Chú Long - Hà Huy Giáp,23/05/2026 07:57:45,"29,000","7,250",0,0,"5,340",0,"16,410"
259,23056-273702469,10225898,Cà Phê Muối Chú Long - Nguyễn Đình Chiểu,23/05/2026 07:56:54,"22,000","5,000",0,0,"4,174",0,"12,827"
260,23056-273794482,10224935,Cà Phê Muối Chú Long - 585 Quang Trung,23/05/2026 07:59:34,"98,000","19,600",0,0,"19,247",0,"59,153"
261,23056-273881391,10225898,Cà Phê Muối Chú Long - Nguyễn Đình Chiểu,23/05/2026 07:47:23,"94,000","18,800",0,0,"18,462",0,"56,738"
262,23056-273944738,10321523,Cà Phê Muối Chú Long - Thanh Nhàn,23/05/2026 08:21:30,"58,000","11,600",0,0,"11,391",0,"35,009"
263,23056-273946158,10292422,Cà Phê Muối Chú Long - Phan Thiết,23/05/2026 07:54:41,"72,000","14,400",0,0,"14,141",0,"43,459"
264,23056-274171697,10230292,Cà Phê Muối Chú Long - Lê Văn Việt,23/05/2026 07:50:31,"87,000","17,400",0,0,"17,087",0,"52,513"
265,23056-274344225,10321524,Cà Phê Muối Chú Long - Đội Cấn,23/05/2026 08:03:53,"112,000","22,400",0,0,"21,997",0,"67,603"
266,23056-274399720,10230814,Cà Phê Muối Chú Long - Võ Văn Kiệt,23/05/2026 07:50:08,"94,000","18,800",0,0,"18,462",0,"56,738"
267,23056-274405500,10235663,Cà Phê Muối Chú Long - Hà Huy Giáp,23/05/2026 08:05:17,"29,000","7,250",0,0,"5,340",0,"16,410"
268,23056-274570855,10299524,Cà Phê Muối Chú Long - Lê Duẩn,23/05/2026 07:59:26,"36,000","9,000",0,0,"6,629",0,"20,372"
269,23056-274788798,10296675,Cà Phê Muối Chú Long - Trương Định,23/05/2026 08:05:05,"203,000","36,540",0,0,"40,866",0,"125,594"
270,23056-274880490,10222800,Cà Phê Muối Chú Long - Thành Thái,23/05/2026 08:00:25,"65,000","13,000",0,0,"12,766",0,"39,234"
271,23056-274941169,10230399,Cà Phê Muối Chú Long - Tân Kỳ Tân Quý,23/05/2026 07:54:20,"29,000","5,000",0,0,"5,892",0,"18,108"
272,23056-274942459,10375372,Cà Phê Muối Chú Long - An Dương Vương,23/05/2026 08:02:48,"44,000",0,0,0,"10,802",0,"33,198"
273,23056-274979290,10340098,Cà Phê Muối Chú Long - Thuận An,23/05/2026 07:51:19,"88,000","17,600",0,0,"17,283",0,"53,117"
274,23056-275095821,10230292,Cà Phê Muối Chú Long - Lê Văn Việt,23/05/2026 08:52:18,"58,000","11,600",0,0,"11,391",0,"35,009"
275,23056-275211576,10350108,Cà Phê Muối Chú Long - Đường Láng,23/05/2026 08:32:53,"58,000","11,600",0,0,"11,391",0,"35,009"
276,23056-275244294,10222800,Cà Phê Muối Chú Long - Thành Thái,23/05/2026 07:53:43,"58,000","11,600",0,0,"11,391",0,"35,009"
277,23056-275301208,10285817,Cà Phê Muối Chú Long - 1349 Cách Mạng Tháng 8,23/05/2026 08:02:52,"141,000","28,200",0,0,"27,692",0,"85,108"
278,23056-275364738,10397657,Cà Phê Muối Chú Long - 368 Lê Đức Thọ,23/05/2026 07:56:45,"25,000","8,000",0,0,"4,174",0,"12,827"
279,23056-275400675,10230399,Cà Phê Muối Chú Long - Tân Kỳ Tân Quý,23/05/2026 08:04:43,"97,000","19,400",0,0,"19,051",0,"58,549"
280,23056-275459507,10230292,Cà Phê Muối Chú Long - Lê Văn Việt,23/05/2026 08:03:42,"50,000","16,000",0,0,"8,347",0,"25,653"
281,23056-275681931,10224935,Cà Phê Muối Chú Long - 585 Quang Trung,23/05/2026 08:03:07,"66,000","13,200",0,0,"12,962",0,"39,838"
282,23056-275745705,10230399,Cà Phê Muối Chú Long - Tân Kỳ Tân Quý,23/05/2026 08:06:33,"65,000","13,000",0,0,"12,766",0,"39,234"
283,23056-275801541,10225888,Cà Phê Muối Chú Long - Lạc Long Quân,23/05/2026 08:01:22,"58,000","11,600",0,0,"11,391",0,"35,009"
284,23056-275825655,10292422,Cà Phê Muối Chú Long - Phan Thiết,23/05/2026 07:59:38,"25,000","8,000",0,0,"4,174",0,"12,827"
285,23056-276162623,10225895,Cà Phê Muối Chú Long - Cách Mạng Tháng 8,23/05/2026 07:56:18,"87,000","17,400",0,0,"17,087",0,"52,513"
286,23056-276182032,10296675,Cà Phê Muối Chú Long - Trương Định,23/05/2026 08:29:29,"36,000",0,0,0,"8,838",0,"27,162"
287,23056-276216337,10230958,Cà Phê Muối Chú Long - 3/26 Quang Trung,23/05/2026 08:02:00,"58,000","11,600",0,0,"11,391",0,"35,009"
288,23056-276256726,10386890,Cà Phê Muối Chú Long - Nha Trang,23/05/2026 07:51:01,"22,000","5,000",0,0,"4,174",0,"12,827"
289,23056-276361220,10233716,Cà Phê Muối Chú Long - 130 Thích Quảng Đức,23/05/2026 08:07:48,"168,000","30,240",0,0,"33,820",0,"103,940"
290,23056-276394419,10358037,Cà Phê Muối Chú Long - 35 Trần Phú,23/05/2026 07:51:27,"51,000","10,000",0,0,"10,066",0,"30,935"
291,23056-276521817,10298769,Cà Phê Muối Chú Long - Tôn Đức Thắng,23/05/2026 08:26:38,"87,000","17,400",0,0,"17,087",0,"52,513"
292,23056-276582875,10350108,Cà Phê Muối Chú Long - Đường Láng,23/05/2026 08:51:43,"66,000","13,200",0,0,"12,962",0,"39,838"
293,23056-276846882,10222800,Cà Phê Muối Chú Long - Thành Thái,23/05/2026 08:01:19,"58,000","11,600",0,0,"11,391",0,"35,009"
294,23056-276974369,10330437,Cà Phê Muối Chú Long - Trần Hưng Đạo,23/05/2026 07:54:32,"58,000","11,600",0,0,"11,391",0,"35,009"
295,23056-277008012,10230171,Cà Phê Muối Chú Long - Bình Long,23/05/2026 08:10:26,"110,000","22,000",0,0,"21,604",0,"66,396"
296,23056-277115090,10321439,Cà Phê Muối Chú Long - Vĩnh Long,23/05/2026 07:53:19,"58,000","11,600",0,0,"11,391",0,"35,009"
297,23056-277173904,10358016,Cà Phê Muối Chú Long - Bà Triệu,23/05/2026 08:25:34,"51,000","11,000",0,0,"9,820",0,"30,180"
298,23056-277195658,10225888,Cà Phê Muối Chú Long - Lạc Long Quân,23/05/2026 08:02:53,"29,000","5,000",0,0,"5,892",0,"18,108"
299,23056-277284299,10230171,Cà Phê Muối Chú Long - Bình Long,23/05/2026 08:00:45,"58,000",0,0,0,"14,239",0,"43,761"
300,23056-277439219,10230814,Cà Phê Muối Chú Long - Võ Văn Kiệt,23/05/2026 07:53:49,"80,000","16,000",0,0,"15,712",0,"48,288"
301,23056-277579974,10375372,Cà Phê Muối Chú Long - An Dương Vương,23/05/2026 07:51:05,"87,000","17,400",0,0,"17,087",0,"52,513"
302,23056-277608017,10340098,Cà Phê Muối Chú Long - Thuận An,23/05/2026 08:08:10,"87,000","17,400",0,0,"17,087",0,"52,513"
303,23056-278089873,10292422,Cà Phê Muối Chú Long - Phan Thiết,23/05/2026 07:52:46,"22,000","5,500",0,0,"4,051",0,"12,449"
304,23056-278119882,10216423,Cà Phê Muối Chú Long - 417 Cộng Hoà,23/05/2026 08:05:22,"22,000","5,000",0,0,"4,174",0,"12,827"
305,23056-278176963,10230399,Cà Phê Muối Chú Long - Tân Kỳ Tân Quý,23/05/2026 07:58:27,"83,000","16,600",0,0,"16,301",0,"50,099"
306,23056-278345975,10230958,Cà Phê Muối Chú Long - 3/26 Quang Trung,23/05/2026 07:55:20,"87,000","17,400",0,0,"17,087",0,"52,513"
307,23056-278347316,10405301,Cà Phê Muối Chú Long - 01 Hàng Đậu,23/05/2026 08:04:55,"29,000",0,0,0,"7,120",0,"21,881"
308,23056-278354260,10284115,Cà Phê Muối Chú Long - Kha Vạn Cân,23/05/2026 08:06:10,"47,000",0,0,0,"11,539",0,"35,462"
309,23056-278410285,10375372,Cà Phê Muối Chú Long - An Dương Vương,23/05/2026 07:55:18,"44,000","5,000",0,0,"9,575",0,"29,426"
310,23056-278422310,10323120,Cà Phê Muối Chú Long - Đồng Xoài,23/05/2026 07:52:33,"58,000","11,600",0,0,"11,391",0,"35,009"
311,23056-278428771,10407619,Cà Phê Muối Chú Long - 117 Lò Đúc,23/05/2026 08:00:38,"44,000",0,0,0,"10,802",0,"33,198"
312,23056-278496794,10230171,Cà Phê Muối Chú Long - Bình Long,23/05/2026 08:09:40,"116,000","23,200",0,0,"22,782",0,"70,018"
313,23056-278527183,10224935,Cà Phê Muối Chú Long - 585 Quang Trung,23/05/2026 08:04:50,"58,000","11,600",0,0,"11,391",0,"35,009"
314,23056-278661898,10298824,Cà Phê Muối Chú Long - Hoàng Diệu,23/05/2026 08:12:10,"58,000","11,000",0,0,"11,539",0,"35,462"
315,23056-278869849,10222800,Cà Phê Muối Chú Long - Thành Thái,23/05/2026 07:57:22,"58,000","11,600",0,0,"11,391",0,"35,009"
316,23056-278991046,10230171,Cà Phê Muối Chú Long - Bình Long,23/05/2026 08:03:45,"54,000","11,000",0,0,"10,557",0,"32,444"
317,23056-279002692,10233716,Cà Phê Muối Chú Long - 130 Thích Quảng Đức,23/05/2026 08:03:49,"58,000","11,600",0,0,"11,391",0,"35,009"
318,23056-279231348,10381892,Cà Phê Muối Chú Long - Phan Văn Trị,23/05/2026 08:12:51,"51,000","10,000",0,0,"10,066",0,"30,935"
319,23056-279259519,10230814,Cà Phê Muối Chú Long - Võ Văn Kiệt,23/05/2026 08:08:27,"123,000","24,600",0,0,"24,157",0,"74,243"
320,23056-279307983,10225902,Cà Phê Muối Chú Long - Hậu Giang,23/05/2026 08:03:39,"94,000","18,800",0,0,"18,462",0,"56,738"
321,23056-279362308,10225898,Cà Phê Muối Chú Long - Nguyễn Đình Chiểu,23/05/2026 08:11:47,"51,000","11,000",0,0,"9,820",0,"30,180"
322,23056-279419637,10298769,Cà Phê Muối Chú Long - Tôn Đức Thắng,23/05/2026 08:24:39,"88,000","17,600",0,0,"17,283",0,"53,117"
323,23056-279509165,10321523,Cà Phê Muối Chú Long - Thanh Nhàn,23/05/2026 08:15:29,"123,000","24,600",0,0,"24,157",0,"74,243"
324,23056-279555859,10350108,Cà Phê Muối Chú Long - Đường Láng,23/05/2026 08:51:17,"170,000","28,571",0,0,"34,721",0,"106,708"
325,23056-279579190,10216423,Cà Phê Muối Chú Long - 417 Cộng Hoà,23/05/2026 08:10:33,"54,000","11,000",0,0,"10,557",0,"32,444"
326,23056-279642129,10230171,Cà Phê Muối Chú Long - Bình Long,23/05/2026 08:11:45,"44,000",0,0,0,"10,802",0,"33,198"
327,23056-279675551,10216423,Cà Phê Muối Chú Long - 417 Cộng Hoà,23/05/2026 08:10:09,"110,000","22,000",0,0,"21,604",0,"66,396"
328,23056-279722783,10216423,Cà Phê Muối Chú Long - 417 Cộng Hoà,23/05/2026 08:02:41,"47,000",0,0,0,"11,539",0,"35,462"
329,23056-279894251,10225888,Cà Phê Muối Chú Long - Lạc Long Quân,23/05/2026 08:01:13,"58,000",0,0,0,"14,239",0,"43,761"
330,23056-280005070,10222800,Cà Phê Muối Chú Long - Thành Thái,23/05/2026 08:01:09,"205,000","36,900",0,0,"41,269",0,"126,831"
331,23056-280044238,10354882,Cà Phê Muối Chú Long - Quảng Ngãi,23/05/2026 07:53:48,"65,000","13,000",0,0,"12,766",0,"39,234"
332,23056-280246267,10386890,Cà Phê Muối Chú Long - Nha Trang,23/05/2026 08:01:25,"50,000","10,000",0,0,"9,820",0,"30,180"
333,23056-280470444,10225871,Cà Phê Muối Chú Long - Đặng Nguyên Cẩn,23/05/2026 07:58:51,"22,000","5,000",0,0,"4,174",0,"12,827"
334,23056-280550971,10292422,Cà Phê Muối Chú Long - Phan Thiết,23/05/2026 07:59:46,"29,000","7,250",0,0,"5,340",0,"16,410"
335,23056-280648972,10375372,Cà Phê Muối Chú Long - An Dương Vương,23/05/2026 07:59:28,"58,000","11,600",0,0,"11,391",0,"35,009"
336,23056-280772981,10395671,Cà Phê Muối Chú Long - 59 Trường Chinh,23/05/2026 08:06:57,"73,000","14,600",0,0,"14,337",0,"44,063"
337,23056-280825056,10324687,Cà Phê Muối Chú Long - Huỳnh Tấn Phát,23/05/2026 07:57:19,"95,000","19,000",0,0,"18,658",0,"57,342"
338,23056-281206329,10287867,Cà Phê Muối Chú Long - Classic,23/05/2026 08:16:38,"90,000","18,000",0,0,"17,676",0,"54,324"
339,23056-281293666,10330437,Cà Phê Muối Chú Long - Trần Hưng Đạo,23/05/2026 08:08:00,"87,000","17,400",0,0,"17,087",0,"52,513"
340,23056-281295584,10340098,Cà Phê Muối Chú Long - Thuận An,23/05/2026 08:39:56,"87,000","17,400",0,0,"17,087",0,"52,513"
341,23056-281493943,10225888,Cà Phê Muối Chú Long - Lạc Long Quân,23/05/2026 08:06:03,"112,000","22,400",0,0,"21,997",0,"67,603"
342,23056-281530716,10225902,Cà Phê Muối Chú Long - Hậu Giang,23/05/2026 08:08:13,"22,000","5,000",0,0,"4,174",0,"12,827"
343,23056-281610872,10235663,Cà Phê Muối Chú Long - Hà Huy Giáp,23/05/2026 08:26:02,"163,000","29,340",0,0,"32,814",0,"100,846"
344,23056-281996419,10242271,Cà Phê Muối Chú Long - Vũng Tàu,23/05/2026 08:25:55,"44,000",0,0,0,"10,802",0,"33,198"
345,23056-282149564,10375372,Cà Phê Muối Chú Long - An Dương Vương,23/05/2026 08:06:40,"25,000","8,000",0,0,"4,174",0,"12,827"
346,23056-282190091,10296675,Cà Phê Muối Chú Long - Trương Định,23/05/2026 08:11:05,"72,000","14,400",0,0,"14,141",0,"43,459"
347,23056-282323703,10230399,Cà Phê Muối Chú Long - Tân Kỳ Tân Quý,23/05/2026 08:20:00,"58,000","11,600",0,0,"11,391",0,"35,009"
348,23056-282320674,10296675,Cà Phê Muối Chú Long - Trương Định,23/05/2026 08:32:51,"72,000","14,400",0,0,"14,141",0,"43,459"
349,23056-282509028,10235659,Cà Phê Muối Chú Long - Nguyễn Hữu Cảnh,23/05/2026 08:18:58,"58,000","11,600",0,0,"11,391",0,"35,009"
350,23056-282543828,10232123,Cà Phê Muối Chú Long - 17A Ngô Tất Tố,23/05/2026 08:16:08,"87,000","17,400",0,0,"17,087",0,"52,513"
351,23056-282545384,10407619,Cà Phê Muối Chú Long - 117 Lò Đúc,23/05/2026 07:59:06,"58,000",0,0,0,"14,239",0,"43,761"
352,23056-282842956,10354882,Cà Phê Muối Chú Long - Quảng Ngãi,23/05/2026 08:03:12,"25,000","8,000",0,0,"4,174",0,"12,827"
353,23056-282918457,10350108,Cà Phê Muối Chú Long - Đường Láng,23/05/2026 08:31:15,"51,000","11,000",0,0,"9,820",0,"30,180"
354,23056-282931362,10222800,Cà Phê Muối Chú Long - Thành Thái,23/05/2026 08:57:16,"29,000","5,000",0,0,"5,892",0,"18,108"
355,23056-282998115,10298769,Cà Phê Muối Chú Long - Tôn Đức Thắng,23/05/2026 08:20:22,"58,000","11,600",0,0,"11,391",0,"35,009"
356,23056-283280565,10326235,Cà Phê Muối Chú Long - Cà Mau,23/05/2026 08:10:00,"58,000","11,600",0,0,"11,391",0,"35,009"
357,23056-283413317,10296675,Cà Phê Muối Chú Long - Trương Định,23/05/2026 08:23:20,"145,000","28,571",0,0,"28,583",0,"87,846"
358,23056-283471524,10395671,Cà Phê Muối Chú Long - 59 Trường Chinh,23/05/2026 08:12:25,"83,000","16,600",0,0,"16,301",0,"50,099"
359,23056-283571088,10269971,Cà Phê Muối Chú Long - Cần Thơ,23/05/2026 08:07:04,"253,000","45,540",0,0,"50,931",0,"156,529"
360,23056-283590204,10222800,Cà Phê Muối Chú Long - Thành Thái,23/05/2026 08:08:29,"29,000","5,000",0,0,"5,892",0,"18,108"
361,23056-283978724,10235659,Cà Phê Muối Chú Long - Nguyễn Hữu Cảnh,23/05/2026 08:13:21,"174,000","31,320",0,0,"35,028",0,"107,652"
362,23056-283982239,10222800,Cà Phê Muối Chú Long - Thành Thái,23/05/2026 08:07:53,"29,000","5,000",0,0,"5,892",0,"18,108"
363,23056-284005827,10375372,Cà Phê Muối Chú Long - An Dương Vương,23/05/2026 08:04:58,"58,000","11,600",0,0,"11,391",0,"35,009"
364,23056-284029535,10321437,Cà Phê Muối Chú Long - Tây Ninh,23/05/2026 08:12:53,"116,000","23,200",0,0,"22,782",0,"70,018"
365,23056-284097645,10230814,Cà Phê Muối Chú Long - Võ Văn Kiệt,23/05/2026 08:21:41,"58,000","11,600",0,0,"11,391",0,"35,009"
366,23056-284101838,10225902,Cà Phê Muối Chú Long - Hậu Giang,23/05/2026 08:09:42,"25,000","8,000",0,0,"4,174",0,"12,827"
367,23056-284117910,10340098,Cà Phê Muối Chú Long - Thuận An,23/05/2026 08:13:28,"166,000","29,880",0,0,"33,417",0,"102,703"
368,23056-284213821,10225888,Cà Phê Muối Chú Long - Lạc Long Quân,23/05/2026 08:10:45,"29,000","5,000",0,0,"5,892",0,"18,108"
369,23056-284234550,10230292,Cà Phê Muối Chú Long - Lê Văn Việt,23/05/2026 08:33:40,"116,000","23,200",0,0,"22,782",0,"70,018"
370,23056-284329768,10381892,Cà Phê Muối Chú Long - Phan Văn Trị,23/05/2026 08:08:38,"51,000","10,000",0,0,"10,066",0,"30,935"
371,23056-284435576,10222800,Cà Phê Muối Chú Long - Thành Thái,23/05/2026 08:04:30,"87,000","15,000",0,0,"17,676",0,"54,324"
372,23056-284439676,10298769,Cà Phê Muối Chú Long - Tôn Đức Thắng,23/05/2026 08:23:20,"58,000","11,600",0,0,"11,391",0,"35,009"
373,23056-284453069,10225888,Cà Phê Muối Chú Long - Lạc Long Quân,23/05/2026 08:08:47,"87,000","17,400",0,0,"17,087",0,"52,513"
374,23056-284466403,10299524,Cà Phê Muối Chú Long - Lê Duẩn,23/05/2026 08:29:45,"29,000","7,250",0,0,"5,340",0,"16,410"
375,23056-284499953,10230814,Cà Phê Muối Chú Long - Võ Văn Kiệt,23/05/2026 08:07:13,"54,000","11,000",0,0,"10,557",0,"32,444"
376,23056-284519413,10340098,Cà Phê Muối Chú Long - Thuận An,23/05/2026 08:12:00,"83,000","16,600",0,0,"16,301",0,"50,099"
377,23056-284557537,10292015,Cà Phê Muối Chú Long - Long An,23/05/2026 07:59:39,"58,000","11,600",0,0,"11,391",0,"35,009"
378,23056-284627492,10235663,Cà Phê Muối Chú Long - Hà Huy Giáp,23/05/2026 08:17:07,"145,000","26,100",0,0,"29,190",0,"89,710"
379,23056-284659906,10222800,Cà Phê Muối Chú Long - Thành Thái,23/05/2026 08:02:09,"66,000","13,200",0,0,"12,962",0,"39,838"
380,23056-284759895,10225898,Cà Phê Muối Chú Long - Nguyễn Đình Chiểu,23/05/2026 08:10:08,"29,000","5,000",0,0,"5,892",0,"18,108"
381,23056-284910682,10386890,Cà Phê Muối Chú Long - Nha Trang,23/05/2026 08:31:40,"87,000","17,400",0,0,"17,087",0,"52,513"
382,23056-284925974,10225898,Cà Phê Muối Chú Long - Nguyễn Đình Chiểu,23/05/2026 08:13:15,"58,000","11,600",0,0,"11,391",0,"35,009"
383,23056-285021300,10292422,Cà Phê Muối Chú Long - Phan Thiết,23/05/2026 07:59:43,"83,000","16,600",0,0,"16,301",0,"50,099"
384,23056-285049046,10225902,Cà Phê Muối Chú Long - Hậu Giang,23/05/2026 08:13:09,"58,000","11,600",0,0,"11,391",0,"35,009"
385,23056-285126055,10296675,Cà Phê Muối Chú Long - Trương Định,23/05/2026 08:16:51,"103,000","20,600",0,0,"20,229",0,"62,171"
386,23056-285193573,10230793,Cà Phê Muối Chú Long - Huỳnh Văn Bánh,23/05/2026 08:11:51,"137,000","27,400",0,0,"26,907",0,"82,693"
387,23056-285235715,10230399,Cà Phê Muối Chú Long - Tân Kỳ Tân Quý,23/05/2026 08:19:32,"44,000",0,0,0,"10,802",0,"33,198"
388,23056-285309966,10225902,Cà Phê Muối Chú Long - Hậu Giang,23/05/2026 08:25:46,"108,000","21,600",0,0,"21,211",0,"65,189"
389,23056-285523892,10230399,Cà Phê Muối Chú Long - Tân Kỳ Tân Quý,23/05/2026 08:09:21,"245,000","44,100",0,0,"49,321",0,"151,579"
390,23056-285680835,10230399,Cà Phê Muối Chú Long - Tân Kỳ Tân Quý,23/05/2026 08:22:47,"51,000","10,000",0,0,"10,066",0,"30,935"
391,23056-285693127,10321524,Cà Phê Muối Chú Long - Đội Cấn,23/05/2026 08:46:18,"73,000","14,600",0,0,"14,337",0,"44,063"
392,23056-285875660,10225898,Cà Phê Muối Chú Long - Nguyễn Đình Chiểu,23/05/2026 08:11:58,"58,000","11,600",0,0,"11,391",0,"35,009"
393,23056-285872351,10219545,Cà Phê Muối Chú Long - Nguyễn Huệ,23/05/2026 08:12:20,"102,000","20,400",0,0,"20,033",0,"61,567"
394,23056-286153445,10230417,Cà Phê Muối Chú Long - Lê Văn Sỹ,23/05/2026 08:12:24,"58,000","11,600",0,0,"11,391",0,"35,009"
395,23056-286150452,10235663,Cà Phê Muối Chú Long - Hà Huy Giáp,23/05/2026 08:20:47,"109,000","21,800",0,0,"21,408",0,"65,792"
396,23056-286160366,10225902,Cà Phê Muối Chú Long - Hậu Giang,23/05/2026 08:17:48,"47,000",0,0,0,"11,539",0,"35,462"
397,23056-286181866,10233716,Cà Phê Muối Chú Long - 130 Thích Quảng Đức,23/05/2026 08:31:59,"58,000","11,600",0,0,"11,391",0,"35,009"
398,23056-286186980,10358016,Cà Phê Muối Chú Long - Bà Triệu,23/05/2026 08:12:36,"51,000","11,000",0,0,"9,820",0,"30,180"
399,23056-286270648,10230417,Cà Phê Muối Chú Long - Lê Văn Sỹ,23/05/2026 08:14:41,"51,000","11,000",0,0,"9,820",0,"30,180"
400,23056-286289733,10350108,Cà Phê Muối Chú Long - Đường Láng,23/05/2026 08:22:59,"66,000","13,200",0,0,"12,962",0,"39,838"
401,23056-286305128,10292422,Cà Phê Muối Chú Long - Phan Thiết,23/05/2026 08:15:32,"58,000","11,600",0,0,"11,391",0,"35,009"
402,23056-286394591,10292422,Cà Phê Muối Chú Long - Phan Thiết,23/05/2026 08:03:50,"29,000","7,250",0,0,"5,340",0,"16,410"
403,23056-286481822,10225898,Cà Phê Muối Chú Long - Nguyễn Đình Chiểu,23/05/2026 08:16:40,"87,000","17,400",0,0,"17,087",0,"52,513"
404,23056-286515522,10330437,Cà Phê Muối Chú Long - Trần Hưng Đạo,23/05/2026 08:28:39,"124,000","24,800",0,0,"24,354",0,"74,846"
405,23056-286619308,10230793,Cà Phê Muối Chú Long - Huỳnh Văn Bánh,23/05/2026 08:29:30,"58,000","11,600",0,0,"11,391",0,"35,009"
406,23056-286624187,10230793,Cà Phê Muối Chú Long - Huỳnh Văn Bánh,23/05/2026 08:09:34,"87,000","17,400",0,0,"17,087",0,"52,513"
407,23056-286630560,10381983,Cà Phê Muối Chú Long - Bạch Đằng,23/05/2026 08:11:49,"51,000",0,0,0,"12,521",0,"38,480"
408,23056-286656182,10216423,Cà Phê Muối Chú Long - 417 Cộng Hoà,23/05/2026 08:16:31,"357,000","47,368",0,0,"76,015",0,"233,617"
409,23056-286729658,10225902,Cà Phê Muối Chú Long - Hậu Giang,23/05/2026 08:09:54,"50,000","11,000",0,0,"9,575",0,"29,426"
410,23056-286783272,10222800,Cà Phê Muối Chú Long - Thành Thái,23/05/2026 08:13:11,"65,000","13,000",0,0,"12,766",0,"39,234"
411,23056-286907206,10407619,Cà Phê Muối Chú Long - 117 Lò Đúc,23/05/2026 08:14:39,"87,000",0,0,0,"21,359",0,"65,642"
412,23056-286972228,10225898,Cà Phê Muối Chú Long - Nguyễn Đình Chiểu,23/05/2026 08:11:05,"29,000","5,000",0,0,"5,892",0,"18,108"
413,23056-287148732,10395671,Cà Phê Muối Chú Long - 59 Trường Chinh,23/05/2026 08:11:39,"22,000","5,000",0,0,"4,174",0,"12,827"
414,23056-287240664,10230399,Cà Phê Muối Chú Long - Tân Kỳ Tân Quý,23/05/2026 08:22:56,"51,000","11,000",0,0,"9,820",0,"30,180"
415,23056-287573296,10230292,Cà Phê Muối Chú Long - Lê Văn Việt,23/05/2026 08:22:53,"58,000","11,600",0,0,"11,391",0,"35,009"
416,23056-287618794,10230292,Cà Phê Muối Chú Long - Lê Văn Việt,23/05/2026 08:21:23,"282,000","47,368",0,0,"57,602",0,"177,030"
417,23056-287842563,10350108,Cà Phê Muối Chú Long - Đường Láng,23/05/2026 08:51:35,"58,000","11,600",0,0,"11,391",0,"35,009"
418,23056-287925793,10375372,Cà Phê Muối Chú Long - An Dương Vương,23/05/2026 08:22:54,"130,000","26,000",0,0,"25,532",0,"78,468"
419,23056-287963664,10230292,Cà Phê Muối Chú Long - Lê Văn Việt,23/05/2026 08:13:04,"87,000","17,400",0,0,"17,087",0,"52,513"
420,23056-288015290,10235663,Cà Phê Muối Chú Long - Hà Huy Giáp,23/05/2026 08:24:48,"58,000","11,600",0,0,"11,391",0,"35,009"
421,23056-288057689,10242271,Cà Phê Muối Chú Long - Vũng Tàu,23/05/2026 08:10:01,"87,000","17,400",0,0,"17,087",0,"52,513"
422,23056-288068410,10230292,Cà Phê Muối Chú Long - Lê Văn Việt,23/05/2026 08:24:58,"87,000","17,400",0,0,"17,087",0,"52,513"
423,23056-288142792,10222800,Cà Phê Muối Chú Long - Thành Thái,23/05/2026 08:26:57,"65,000","13,000",0,0,"12,766",0,"39,234"
424,23056-288153865,10225902,Cà Phê Muối Chú Long - Hậu Giang,23/05/2026 08:20:36,"58,000","11,600",0,0,"11,391",0,"35,009"
425,23056-288161571,10321437,Cà Phê Muối Chú Long - Tây Ninh,23/05/2026 08:14:17,"116,000","23,200",0,0,"22,782",0,"70,018"
426,23056-288171239,10225888,Cà Phê Muối Chú Long - Lạc Long Quân,23/05/2026 08:28:36,"87,000","17,400",0,0,"17,087",0,"52,513"
427,23056-288315419,10340098,Cà Phê Muối Chú Long - Thuận An,23/05/2026 08:31:57,"29,000","7,250",0,0,"5,340",0,"16,410"
428,23056-288384862,10230417,Cà Phê Muối Chú Long - Lê Văn Sỹ,23/05/2026 08:09:25,"110,000","22,000",0,0,"21,604",0,"66,396"
429,23056-288441658,10224935,Cà Phê Muối Chú Long - 585 Quang Trung,23/05/2026 08:27:32,"58,000","11,600",0,0,"11,391",0,"35,009"
430,23056-288436964,10381892,Cà Phê Muối Chú Long - Phan Văn Trị,23/05/2026 08:13:15,"58,000","10,000",0,0,"11,784",0,"36,216"
431,23056-288439214,10386890,Cà Phê Muối Chú Long - Nha Trang,23/05/2026 08:18:39,"135,000","27,000",0,0,"26,514",0,"81,486"
432,23056-288521021,10225898,Cà Phê Muối Chú Long - Nguyễn Đình Chiểu,23/05/2026 08:14:07,"29,000","5,000",0,0,"5,892",0,"18,108"
433,23056-288636687,10292422,Cà Phê Muối Chú Long - Phan Thiết,23/05/2026 08:19:51,"29,000","7,250",0,0,"5,340",0,"16,410"
434,23056-288655434,10225871,Cà Phê Muối Chú Long - Đặng Nguyên Cẩn,23/05/2026 08:17:11,"134,000","26,800",0,0,"26,318",0,"80,882"
435,23056-288666911,10386890,Cà Phê Muối Chú Long - Nha Trang,23/05/2026 08:18:57,"29,000","5,000",0,0,"5,892",0,"18,108"
436,23056-288683894,10230793,Cà Phê Muối Chú Long - Huỳnh Văn Bánh,23/05/2026 08:21:07,"141,000","28,200",0,0,"27,692",0,"85,108"
437,23056-289035074,10224935,Cà Phê Muối Chú Long - 585 Quang Trung,23/05/2026 08:29:07,"58,000","11,600",0,0,"11,391",0,"35,009"
438,23056-289077320,10225898,Cà Phê Muối Chú Long - Nguyễn Đình Chiểu,23/05/2026 08:22:47,"123,000","24,600",0,0,"24,157",0,"74,243"
439,23056-289169565,10358037,Cà Phê Muối Chú Long - 35 Trần Phú,23/05/2026 08:16:27,"72,000","14,400",0,0,"14,141",0,"43,459"
440,23056-289242439,10230417,Cà Phê Muối Chú Long - Lê Văn Sỹ,23/05/2026 08:31:11,"109,000","21,800",0,0,"21,408",0,"65,792"
441,23056-289268337,10230793,Cà Phê Muối Chú Long - Huỳnh Văn Bánh,23/05/2026 08:15:57,"87,000","17,400",0,0,"17,087",0,"52,513"
442,23056-289282088,10235658,Cà Phê Muối Chú Long - Công Trường Quốc Tế,23/05/2026 08:25:16,"25,000","8,000",0,0,"4,174",0,"12,827"
443,23056-289343250,10330437,Cà Phê Muối Chú Long - Trần Hưng Đạo,23/05/2026 08:19:06,"58,000","11,600",0,0,"11,391",0,"35,009"
444,23056-289350535,10216423,Cà Phê Muối Chú Long - 417 Cộng Hoà,23/05/2026 08:20:39,"76,000","15,200",0,0,"14,926",0,"45,874"
445,23056-289367574,10350108,Cà Phê Muối Chú Long - Đường Láng,23/05/2026 08:47:02,"25,000","5,000",0,0,"4,910",0,"15,090"
446,23056-289371188,10287867,Cà Phê Muối Chú Long - Classic,23/05/2026 08:13:10,"97,000","19,400",0,0,"19,051",0,"58,549"
447,23056-289379912,10375372,Cà Phê Muối Chú Long - An Dương Vương,23/05/2026 08:20:27,"22,000","5,000",0,0,"4,174",0,"12,827"
448,23056-289619431,10407619,Cà Phê Muối Chú Long - 117 Lò Đúc,23/05/2026 08:09:31,"44,000",0,0,0,"10,802",0,"33,198"
449,23056-289626535,10330437,Cà Phê Muối Chú Long - Trần Hưng Đạo,23/05/2026 08:13:43,"54,000","11,000",0,0,"10,557",0,"32,444"
450,23056-289682946,10235658,Cà Phê Muối Chú Long - Công Trường Quốc Tế,23/05/2026 08:16:06,"58,000","11,600",0,0,"11,391",0,"35,009"
451,23056-289684163,10324687,Cà Phê Muối Chú Long - Huỳnh Tấn Phát,23/05/2026 08:30:43,"58,000","11,600",0,0,"11,391",0,"35,009"
452,23056-289696859,10224935,Cà Phê Muối Chú Long - 585 Quang Trung,23/05/2026 08:29:18,"22,000","5,000",0,0,"4,174",0,"12,827"
453,23056-289755512,10230171,Cà Phê Muối Chú Long - Bình Long,23/05/2026 08:32:02,"87,000","17,400",0,0,"17,087",0,"52,513"
454,23056-289808519,10225871,Cà Phê Muối Chú Long - Đặng Nguyên Cẩn,23/05/2026 08:24:53,"58,000","11,600",0,0,"11,391",0,"35,009"
455,23056-289817999,10321524,Cà Phê Muối Chú Long - Đội Cấn,23/05/2026 08:26:46,"87,000","17,400",0,0,"17,087",0,"52,513"
456,23056-289843375,10386890,Cà Phê Muối Chú Long - Nha Trang,23/05/2026 08:32:29,"29,000","5,000",0,0,"5,892",0,"18,108"
457,23056-289870220,10350108,Cà Phê Muối Chú Long - Đường Láng,23/05/2026 09:14:27,"128,000","25,600",0,0,"25,139",0,"77,261"
458,23056-289909519,10235663,Cà Phê Muối Chú Long - Hà Huy Giáp,23/05/2026 08:31:32,"116,000","23,200",0,0,"22,782",0,"70,018"
459,23056-289960232,10292015,Cà Phê Muối Chú Long - Long An,23/05/2026 08:18:36,"58,000","11,600",0,0,"11,391",0,"35,009"
460,23056-290071692,10340098,Cà Phê Muối Chú Long - Thuận An,23/05/2026 08:27:50,"58,000","11,600",0,0,"11,391",0,"35,009"
461,23056-290151395,10324687,Cà Phê Muối Chú Long - Huỳnh Tấn Phát,23/05/2026 08:29:37,"94,000","18,800",0,0,"18,462",0,"56,738"
462,23056-290245749,10230958,Cà Phê Muối Chú Long - 3/26 Quang Trung,23/05/2026 08:23:40,"132,000","26,400",0,0,"25,925",0,"79,675"
463,23056-290307952,10225898,Cà Phê Muối Chú Long - Nguyễn Đình Chiểu,23/05/2026 08:20:47,"22,000","5,000",0,0,"4,174",0,"12,827"
464,23056-290317679,10225902,Cà Phê Muối Chú Long - Hậu Giang,23/05/2026 08:10:20,"58,000","11,600",0,0,"11,391",0,"35,009"
465,23056-290327172,10375372,Cà Phê Muối Chú Long - An Dương Vương,23/05/2026 08:13:13,"58,000","11,600",0,0,"11,391",0,"35,009"
466,23056-290331923,10235663,Cà Phê Muối Chú Long - Hà Huy Giáp,23/05/2026 08:24:27,"88,000","17,600",0,0,"17,283",0,"53,117"
467,23056-290562084,10230399,Cà Phê Muối Chú Long - Tân Kỳ Tân Quý,23/05/2026 08:22:12,"44,000",0,0,0,"10,802",0,"33,198"
468,23056-290654850,10230417,Cà Phê Muối Chú Long - Lê Văn Sỹ,23/05/2026 08:31:05,"58,000","11,600",0,0,"11,391",0,"35,009"
469,23056-290677940,10397657,Cà Phê Muối Chú Long - 368 Lê Đức Thọ,23/05/2026 08:24:49,"65,000","13,000",0,0,"12,766",0,"39,234"
470,23056-290680809,10235658,Cà Phê Muối Chú Long - Công Trường Quốc Tế,23/05/2026 08:23:55,"50,000","16,000",0,0,"8,347",0,"25,653"
471,23056-290744369,10386890,Cà Phê Muối Chú Long - Nha Trang,23/05/2026 08:30:59,"72,000","14,400",0,0,"14,141",0,"43,459"
472,23056-290826515,10230399,Cà Phê Muối Chú Long - Tân Kỳ Tân Quý,23/05/2026 08:24:58,"58,000","11,600",0,0,"11,391",0,"35,009"
473,23056-290843460,10219545,Cà Phê Muối Chú Long - Nguyễn Huệ,23/05/2026 08:16:49,"51,000","11,000",0,0,"9,820",0,"30,180"
474,23056-290860449,10230292,Cà Phê Muối Chú Long - Lê Văn Việt,23/05/2026 08:28:55,"97,000","15,000",0,0,"20,131",0,"61,869"
475,23056-290900527,10292015,Cà Phê Muối Chú Long - Long An,23/05/2026 08:16:47,"112,000","22,400",0,0,"21,997",0,"67,603"
476,23056-290951904,10225888,Cà Phê Muối Chú Long - Lạc Long Quân,23/05/2026 08:16:41,"58,000","11,600",0,0,"11,391",0,"35,009"
477,23056-290973197,10224935,Cà Phê Muối Chú Long - 585 Quang Trung,23/05/2026 08:28:30,"29,000","5,000",0,0,"5,892",0,"18,108"
478,23056-291064022,10235658,Cà Phê Muối Chú Long - Công Trường Quốc Tế,23/05/2026 08:20:23,"22,000","5,000",0,0,"4,174",0,"12,827"
479,23056-291070404,10235663,Cà Phê Muối Chú Long - Hà Huy Giáp,23/05/2026 08:31:16,"58,000","11,600",0,0,"11,391",0,"35,009"
480,23056-291161557,10225898,Cà Phê Muối Chú Long - Nguyễn Đình Chiểu,23/05/2026 08:30:31,"72,000","14,400",0,0,"14,141",0,"43,459"
481,23056-291218915,10222800,Cà Phê Muối Chú Long - Thành Thái,23/05/2026 08:31:51,"22,000","5,000",0,0,"4,174",0,"12,827"
482,23056-291244277,10354882,Cà Phê Muối Chú Long - Quảng Ngãi,23/05/2026 08:26:00,"29,000","7,250",0,0,"5,340",0,"16,410"
483,23056-291304953,10386890,Cà Phê Muối Chú Long - Nha Trang,23/05/2026 08:19:47,"88,000","17,600",0,0,"17,283",0,"53,117"
484,23056-291372071,10230171,Cà Phê Muối Chú Long - Bình Long,23/05/2026 08:24:07,"87,000","17,400",0,0,"17,087",0,"52,513"
485,23056-291435755,10292015,Cà Phê Muối Chú Long - Long An,23/05/2026 08:22:41,"75,000","15,000",0,0,"14,730",0,"45,270"
486,23056-291465345,10225871,Cà Phê Muối Chú Long - Đặng Nguyên Cẩn,23/05/2026 08:24:19,"58,000","11,600",0,0,"11,391",0,"35,009"
487,23056-291486043,10230417,Cà Phê Muối Chú Long - Lê Văn Sỹ,23/05/2026 08:27:11,"58,000","11,600",0,0,"11,391",0,"35,009"
488,23056-291487186,10224935,Cà Phê Muối Chú Long - 585 Quang Trung,23/05/2026 08:43:20,"25,000","8,000",0,0,"4,174",0,"12,827"
489,23056-291743421,10230958,Cà Phê Muối Chú Long - 3/26 Quang Trung,23/05/2026 08:28:13,"87,000","17,400",0,0,"17,087",0,"52,513"
490,23056-291756704,10225871,Cà Phê Muối Chú Long - Đặng Nguyên Cẩn,23/05/2026 08:24:45,"167,000","30,060",0,0,"33,619",0,"103,321"
491,23056-291761394,10324687,Cà Phê Muối Chú Long - Huỳnh Tấn Phát,23/05/2026 08:20:27,"74,000","14,800",0,0,"14,534",0,"44,666"
492,23056-291780027,10219545,Cà Phê Muối Chú Long - Nguyễn Huệ,23/05/2026 08:27:40,"116,000","23,200",0,0,"22,782",0,"70,018"
493,23056-291789501,10324687,Cà Phê Muối Chú Long - Huỳnh Tấn Phát,23/05/2026 08:26:13,"58,000","11,600",0,0,"11,391",0,"35,009"
494,23056-291834592,10224935,Cà Phê Muối Chú Long - 585 Quang Trung,23/05/2026 08:26:47,"25,000","8,000",0,0,"4,174",0,"12,827"
495,23056-291845673,10299524,Cà Phê Muối Chú Long - Lê Duẩn,23/05/2026 08:33:09,"29,000","7,250",0,0,"5,340",0,"16,410"
496,23056-291868184,10397657,Cà Phê Muối Chú Long - 368 Lê Đức Thọ,23/05/2026 08:50:33,"113,000","22,600",0,0,"22,193",0,"68,207"
497,23056-291954057,10292422,Cà Phê Muối Chú Long - Phan Thiết,23/05/2026 08:29:00,"25,000","6,250",0,0,"4,603",0,"14,147"
498,23056-292093987,10321523,Cà Phê Muối Chú Long - Thanh Nhàn,23/05/2026 08:23:00,"44,000",0,0,0,"10,802",0,"33,198"
499,23056-292112562,10235663,Cà Phê Muối Chú Long - Hà Huy Giáp,23/05/2026 08:18:33,"104,000","20,800",0,0,"20,426",0,"62,774"
500,23056-292252965,10232123,Cà Phê Muối Chú Long - 17A Ngô Tất Tố,23/05/2026 08:33:34,"51,000","11,000",0,0,"9,820",0,"30,180"
501,23056-292278766,10230814,Cà Phê Muối Chú Long - Võ Văn Kiệt,23/05/2026 08:21:27,"105,000","20,000",0,0,"20,868",0,"64,133"
502,23056-292296869,10324687,Cà Phê Muối Chú Long - Huỳnh Tấn Phát,23/05/2026 08:22:14,"22,000","5,000",0,0,"4,174",0,"12,827"
503,23056-292413400,10340098,Cà Phê Muối Chú Long - Thuận An,23/05/2026 08:28:19,"112,000","22,400",0,0,"21,997",0,"67,603"
504,23056-292504037,10225898,Cà Phê Muối Chú Long - Nguyễn Đình Chiểu,23/05/2026 08:24:12,"167,000","30,060",0,0,"33,619",0,"103,321"
505,23056-292666624,10224935,Cà Phê Muối Chú Long - 585 Quang Trung,23/05/2026 08:44:57,"37,000",0,0,0,"9,084",0,"27,917"
506,23056-292696314,10296675,Cà Phê Muối Chú Long - Trương Định,23/05/2026 08:38:57,"87,000","17,400",0,0,"17,087",0,"52,513"
507,23056-292750453,10321523,Cà Phê Muối Chú Long - Thanh Nhàn,23/05/2026 08:55:19,"29,000","5,000",0,0,"5,892",0,"18,108"
508,23056-292756892,10230793,Cà Phê Muối Chú Long - Huỳnh Văn Bánh,23/05/2026 08:17:52,"51,000","11,000",0,0,"9,820",0,"30,180"
509,23056-292831416,10354882,Cà Phê Muối Chú Long - Quảng Ngãi,23/05/2026 08:17:58,"66,000",0,0,0,"16,203",0,"49,797"
510,23056-292923071,10230399,Cà Phê Muối Chú Long - Tân Kỳ Tân Quý,23/05/2026 08:32:20,"109,000","21,800",0,0,"21,408",0,"65,792"
511,23056-293091989,10395671,Cà Phê Muối Chú Long - 59 Trường Chinh,23/05/2026 08:36:14,"166,000","29,880",0,0,"33,417",0,"102,703"
512,23056-293209007,10284115,Cà Phê Muối Chú Long - Kha Vạn Cân,23/05/2026 08:24:52,"87,000","17,400",0,0,"17,087",0,"52,513"
513,23056-293276955,10296675,Cà Phê Muối Chú Long - Trương Định,23/05/2026 08:24:00,"73,000",0,0,0,"17,922",0,"55,079"
514,23056-293293429,10230814,Cà Phê Muối Chú Long - Võ Văn Kiệt,23/05/2026 08:40:34,"141,000","28,200",0,0,"27,692",0,"85,108"
515,23056-293481402,10386890,Cà Phê Muối Chú Long - Nha Trang,23/05/2026 08:34:41,"108,000","21,600",0,0,"21,211",0,"65,189"
516,23056-293590564,10219545,Cà Phê Muối Chú Long - Nguyễn Huệ,23/05/2026 08:25:10,"29,000","5,000",0,0,"5,892",0,"18,108"
517,23056-293597831,10386890,Cà Phê Muối Chú Long - Nha Trang,23/05/2026 08:28:10,"160,000","28,800",0,0,"32,210",0,"98,990"
518,23056-293638678,10298824,Cà Phê Muối Chú Long - Hoàng Diệu,23/05/2026 08:27:27,"25,000","8,000",0,0,"4,174",0,"12,827"
519,23056-293690025,10235659,Cà Phê Muối Chú Long - Nguyễn Hữu Cảnh,23/05/2026 08:38:11,"58,000","11,600",0,0,"11,391",0,"35,009"
520,23056-293764475,10284115,Cà Phê Muối Chú Long - Kha Vạn Cân,23/05/2026 08:30:59,"58,000","11,600",0,0,"11,391",0,"35,009"
521,23056-293804752,10354882,Cà Phê Muối Chú Long - Quảng Ngãi,23/05/2026 08:18:06,"73,000","10,000",0,0,"15,467",0,"47,534"
522,23056-293886781,10321524,Cà Phê Muối Chú Long - Đội Cấn,23/05/2026 08:50:22,"87,000",0,0,0,"21,359",0,"65,642"
523,23056-294008396,10321523,Cà Phê Muối Chú Long - Thanh Nhàn,23/05/2026 09:20:59,"22,000",0,0,0,"5,401",0,"16,599"
524,23056-294075377,10292015,Cà Phê Muối Chú Long - Long An,23/05/2026 08:19:55,"58,000","11,600",0,0,"11,391",0,"35,009"
525,23056-294165674,10298824,Cà Phê Muối Chú Long - Hoàng Diệu,23/05/2026 08:35:57,"44,000","10,000",0,0,"8,347",0,"25,653"
526,23056-294173594,10230292,Cà Phê Muối Chú Long - Lê Văn Việt,23/05/2026 08:55:18,"138,000","27,600",0,0,"27,103",0,"83,297"
527,23056-294275700,10225902,Cà Phê Muối Chú Long - Hậu Giang,23/05/2026 08:30:17,"123,000","24,600",0,0,"24,157",0,"74,243"
528,23056-294333435,10395671,Cà Phê Muối Chú Long - 59 Trường Chinh,23/05/2026 08:27:03,"58,000","11,600",0,0,"11,391",0,"35,009"
529,23056-294347459,10298769,Cà Phê Muối Chú Long - Tôn Đức Thắng,23/05/2026 08:57:10,"58,000","11,600",0,0,"11,391",0,"35,009"
530,23056-294437233,10292422,Cà Phê Muối Chú Long - Phan Thiết,23/05/2026 08:16:41,"29,000","7,250",0,0,"5,340",0,"16,410"
531,23056-294556772,10225898,Cà Phê Muối Chú Long - Nguyễn Đình Chiểu,23/05/2026 08:32:15,"145,000","28,571",0,0,"28,583",0,"87,846"
532,23056-294606892,10222800,Cà Phê Muối Chú Long - Thành Thái,23/05/2026 08:22:36,"51,000","11,000",0,0,"9,820",0,"30,180"
533,23056-294688595,10230814,Cà Phê Muối Chú Long - Võ Văn Kiệt,23/05/2026 08:32:30,"29,000","5,000",0,0,"5,892",0,"18,108"
534,23056-294938014,10296675,Cà Phê Muối Chú Long - Trương Định,23/05/2026 09:00:13,"123,000","24,600",0,0,"24,157",0,"74,243"
535,23056-295116602,10375372,Cà Phê Muối Chú Long - An Dương Vương,23/05/2026 08:28:00,"58,000","11,600",0,0,"11,391",0,"35,009"
536,23056-295145812,10230171,Cà Phê Muối Chú Long - Bình Long,23/05/2026 08:42:13,"145,000","28,571",0,0,"28,583",0,"87,846"
537,23056-295270735,10292015,Cà Phê Muối Chú Long - Long An,23/05/2026 08:28:28,"98,000","19,600",0,0,"19,247",0,"59,153"
538,23056-295289431,10285817,Cà Phê Muối Chú Long - 1349 Cách Mạng Tháng 8,23/05/2026 08:24:44,"83,000","16,600",0,0,"16,301",0,"50,099"
539,23056-295345793,10321523,Cà Phê Muối Chú Long - Thanh Nhàn,23/05/2026 08:50:31,"227,000","40,860",0,0,"45,697",0,"140,443"
540,23056-295367130,10350108,Cà Phê Muối Chú Long - Đường Láng,23/05/2026 08:32:32,"58,000","11,600",0,0,"11,391",0,"35,009"
541,23056-295403642,10330437,Cà Phê Muối Chú Long - Trần Hưng Đạo,23/05/2026 08:23:22,"29,000","7,250",0,0,"5,340",0,"16,410"
542,23056-295406188,10386890,Cà Phê Muối Chú Long - Nha Trang,23/05/2026 08:36:32,"58,000","11,600",0,0,"11,391",0,"35,009"
543,23056-295579384,10222800,Cà Phê Muối Chú Long - Thành Thái,23/05/2026 08:46:21,"51,000","11,000",0,0,"9,820",0,"30,180"
544,23056-295584016,10225895,Cà Phê Muối Chú Long - Cách Mạng Tháng 8,23/05/2026 08:31:26,"145,000","28,571",0,0,"28,583",0,"87,846"
545,23056-295588610,10225898,Cà Phê Muối Chú Long - Nguyễn Đình Chiểu,23/05/2026 08:39:09,"36,000",0,0,0,"8,838",0,"27,162"
546,23056-295592424,10233716,Cà Phê Muối Chú Long - 130 Thích Quảng Đức,23/05/2026 08:30:05,"80,000","16,000",0,0,"15,712",0,"48,288"
547,23056-295596627,10298769,Cà Phê Muối Chú Long - Tôn Đức Thắng,23/05/2026 08:29:23,"44,000",0,0,0,"10,802",0,"33,198"
548,23056-295608653,10235658,Cà Phê Muối Chú Long - Công Trường Quốc Tế,23/05/2026 08:23:27,"141,000","28,200",0,0,"27,692",0,"85,108"
549,23056-295612786,10405301,Cà Phê Muối Chú Long - 01 Hàng Đậu,23/05/2026 09:09:13,"102,000",0,0,0,"25,041",0,"76,959"
550,23056-295610865,10407619,Cà Phê Muối Chú Long - 117 Lò Đúc,23/05/2026 08:24:55,"95,000",0,0,0,"23,323",0,"71,678"
551,23056-295703020,10225888,Cà Phê Muối Chú Long - Lạc Long Quân,23/05/2026 08:31:16,"58,000","11,600",0,0,"11,391",0,"35,009"
552,23056-295721341,10324687,Cà Phê Muối Chú Long - Huỳnh Tấn Phát,23/05/2026 08:23:56,"65,000","13,000",0,0,"12,766",0,"39,234"
553,23056-295811867,10321523,Cà Phê Muối Chú Long - Thanh Nhàn,23/05/2026 08:25:17,"37,000",0,0,0,"9,084",0,"27,917"
554,23056-295872256,10235659,Cà Phê Muối Chú Long - Nguyễn Hữu Cảnh,23/05/2026 08:46:14,"88,000","17,600",0,0,"17,283",0,"53,117"
555,23056-295919698,10375372,Cà Phê Muối Chú Long - An Dương Vương,23/05/2026 08:29:36,"83,000","16,600",0,0,"16,301",0,"50,099"
556,23056-295983932,10230399,Cà Phê Muối Chú Long - Tân Kỳ Tân Quý,23/05/2026 08:46:11,"108,000","21,600",0,0,"21,211",0,"65,189"
557,23056-295990072,10242271,Cà Phê Muối Chú Long - Vũng Tàu,23/05/2026 08:46:52,"22,000",0,0,0,"5,401",0,"16,599"
558,23056-296028610,10358037,Cà Phê Muối Chú Long - 35 Trần Phú,23/05/2026 08:31:53,"116,000","23,200",0,0,"22,782",0,"70,018"
559,23056-296053771,10358037,Cà Phê Muối Chú Long - 35 Trần Phú,23/05/2026 08:29:26,"80,000","16,000",0,0,"15,712",0,"48,288"
560,23056-296119516,10230399,Cà Phê Muối Chú Long - Tân Kỳ Tân Quý,23/05/2026 08:40:40,"51,000","10,000",0,0,"10,066",0,"30,935"
561,23056-296132179,10287867,Cà Phê Muối Chú Long - Classic,23/05/2026 08:27:51,"223,000","40,140",0,0,"44,892",0,"137,968"
562,23056-296157801,10350108,Cà Phê Muối Chú Long - Đường Láng,23/05/2026 08:33:22,"79,000","15,800",0,0,"15,516",0,"47,684"
563,23056-296234395,10321523,Cà Phê Muối Chú Long - Thanh Nhàn,23/05/2026 08:42:10,"199,000","35,820",0,0,"40,061",0,"123,119"
564,23056-296328869,10230399,Cà Phê Muối Chú Long - Tân Kỳ Tân Quý,23/05/2026 08:23:20,"54,000","11,000",0,0,"10,557",0,"32,444"
565,23056-296340277,10284115,Cà Phê Muối Chú Long - Kha Vạn Cân,23/05/2026 08:28:22,"58,000","11,600",0,0,"11,391",0,"35,009"
566,23056-296347505,10350108,Cà Phê Muối Chú Long - Đường Láng,23/05/2026 08:55:15,"29,000","5,000",0,0,"5,892",0,"18,108"
567,23056-296371417,10395671,Cà Phê Muối Chú Long - 59 Trường Chinh,23/05/2026 08:25:27,"87,000","17,400",0,0,"17,087",0,"52,513"
568,23056-296405011,10350108,Cà Phê Muối Chú Long - Đường Láng,23/05/2026 10:03:49,"58,000","11,600",0,0,"11,391",0,"35,009"
569,23056-296402872,10222800,Cà Phê Muối Chú Long - Thành Thái,23/05/2026 08:46:58,"58,000","11,600",0,0,"11,391",0,"35,009"
570,23056-296420636,10230171,Cà Phê Muối Chú Long - Bình Long,23/05/2026 08:33:01,"76,000","15,200",0,0,"14,926",0,"45,874"
571,23056-296427290,10222800,Cà Phê Muối Chú Long - Thành Thái,23/05/2026 08:53:36,"58,000","11,000",0,0,"11,539",0,"35,462"
572,23056-296543699,10284115,Cà Phê Muối Chú Long - Kha Vạn Cân,23/05/2026 08:30:33,"100,000","20,000",0,0,"19,640",0,"60,360"
573,23056-296562655,10375372,Cà Phê Muối Chú Long - An Dương Vương,23/05/2026 08:30:48,"22,000","5,000",0,0,"4,174",0,"12,827"
574,23056-296618070,10230417,Cà Phê Muối Chú Long - Lê Văn Sỹ,23/05/2026 08:27:27,"232,000","41,760",0,0,"46,704",0,"143,536"
575,23056-296663863,10381892,Cà Phê Muối Chú Long - Phan Văn Trị,23/05/2026 08:47:20,"58,000","11,600",0,0,"11,391",0,"35,009"
576,23056-296690738,10222800,Cà Phê Muối Chú Long - Thành Thái,23/05/2026 08:40:14,"104,000","20,800",0,0,"20,426",0,"62,774"
577,23056-296742836,10225888,Cà Phê Muối Chú Long - Lạc Long Quân,23/05/2026 08:29:01,"83,000","16,600",0,0,"16,301",0,"50,099"
578,23056-296749392,10216423,Cà Phê Muối Chú Long - 417 Cộng Hoà,23/05/2026 08:29:42,"87,000","17,400",0,0,"17,087",0,"52,513"
579,23056-296781522,10235659,Cà Phê Muối Chú Long - Nguyễn Hữu Cảnh,23/05/2026 08:24:57,"51,000","11,000",0,0,"9,820",0,"30,180"
580,23056-296811989,10225898,Cà Phê Muối Chú Long - Nguyễn Đình Chiểu,23/05/2026 08:28:43,"87,000","17,400",0,0,"17,087",0,"52,513"
581,23056-296838491,10350108,Cà Phê Muối Chú Long - Đường Láng,23/05/2026 09:15:30,"44,000",0,0,0,"10,802",0,"33,198"
582,23056-296942605,10296675,Cà Phê Muối Chú Long - Trương Định,23/05/2026 08:57:53,"58,000","11,600",0,0,"11,391",0,"35,009"
583,23056-297084611,10321524,Cà Phê Muối Chú Long - Đội Cấn,23/05/2026 08:33:50,"58,000","11,600",0,0,"11,391",0,"35,009"
584,23056-297109086,10324687,Cà Phê Muối Chú Long - Huỳnh Tấn Phát,23/05/2026 08:26:06,"58,000","11,600",0,0,"11,391",0,"35,009"
585,23056-297202366,10216423,Cà Phê Muối Chú Long - 417 Cộng Hoà,23/05/2026 08:45:10,"51,000","11,000",0,0,"9,820",0,"30,180"
586,23056-297301152,10216423,Cà Phê Muối Chú Long - 417 Cộng Hoà,23/05/2026 08:38:10,"116,000","23,200",0,0,"22,782",0,"70,018"
587,23056-297314406,10381892,Cà Phê Muối Chú Long - Phan Văn Trị,23/05/2026 08:56:11,"58,000","11,600",0,0,"11,391",0,"35,009"
588,23056-297326550,10324687,Cà Phê Muối Chú Long - Huỳnh Tấn Phát,23/05/2026 08:23:12,"91,000","18,200",0,0,"17,872",0,"54,928"
589,23056-297399804,10350108,Cà Phê Muối Chú Long - Đường Láng,23/05/2026 09:30:47,"152,000","28,571",0,0,"30,302",0,"93,127"
590,23056-297425659,10292422,Cà Phê Muối Chú Long - Phan Thiết,23/05/2026 08:31:49,"51,000","11,000",0,0,"9,820",0,"30,180"
591,23056-297471133,10230171,Cà Phê Muối Chú Long - Bình Long,23/05/2026 08:33:33,"112,000","22,400",0,0,"21,997",0,"67,603"
592,23056-297484960,10323120,Cà Phê Muối Chú Long - Đồng Xoài,23/05/2026 08:25:20,"69,000","13,800",0,0,"13,552",0,"41,648"
593,23056-297492945,10350108,Cà Phê Muối Chú Long - Đường Láng,23/05/2026 08:46:04,"145,000","28,571",0,0,"28,583",0,"87,846"
594,23056-297547271,10225898,Cà Phê Muối Chú Long - Nguyễn Đình Chiểu,23/05/2026 08:47:55,"109,000","21,800",0,0,"21,408",0,"65,792"
595,23056-297563201,10225902,Cà Phê Muối Chú Long - Hậu Giang,23/05/2026 08:46:00,"87,000","17,400",0,0,"17,087",0,"52,513"
596,23056-297594735,10292015,Cà Phê Muối Chú Long - Long An,23/05/2026 08:32:41,"87,000","17,400",0,0,"17,087",0,"52,513"
597,23056-297607733,10235659,Cà Phê Muối Chú Long - Nguyễn Hữu Cảnh,23/05/2026 08:31:28,"58,000","11,600",0,0,"11,391",0,"35,009"
598,23056-297611449,10216423,Cà Phê Muối Chú Long - 417 Cộng Hoà,23/05/2026 08:39:44,"116,000","23,200",0,0,"22,782",0,"70,018"
599,23056-297700409,10386890,Cà Phê Muối Chú Long - Nha Trang,23/05/2026 08:35:17,"58,000","11,600",0,0,"11,391",0,"35,009"
600,23056-297736947,10235663,Cà Phê Muối Chú Long - Hà Huy Giáp,23/05/2026 08:24:35,"112,000","22,400",0,0,"21,997",0,"67,603"
601,23056-297855480,10225888,Cà Phê Muối Chú Long - Lạc Long Quân,23/05/2026 08:34:41,"58,000","11,600",0,0,"11,391",0,"35,009"
602,23056-297975598,10225885,Cà Phê Muối Chú Long - Ngô Tất Tố,23/05/2026 08:39:26,"650,000","69,500",0,0,"142,513",0,"437,987"
603,23056-297974856,10230417,Cà Phê Muối Chú Long - Lê Văn Sỹ,23/05/2026 08:25:46,"58,000","11,600",0,0,"11,391",0,"35,009"
604,23056-298130456,10296675,Cà Phê Muối Chú Long - Trương Định,23/05/2026 08:47:16,"58,000","11,600",0,0,"11,391",0,"35,009"
605,23056-298139125,10225902,Cà Phê Muối Chú Long - Hậu Giang,23/05/2026 08:34:01,"54,000","11,000",0,0,"10,557",0,"32,444"
606,23056-298145113,10225902,Cà Phê Muối Chú Long - Hậu Giang,23/05/2026 08:39:53,"83,000","15,000",0,0,"16,694",0,"51,306"
607,23056-298189669,10386890,Cà Phê Muối Chú Long - Nha Trang,23/05/2026 08:31:37,"58,000","11,600",0,0,"11,391",0,"35,009"
608,23056-298260539,10222800,Cà Phê Muối Chú Long - Thành Thái,23/05/2026 08:30:50,"87,000","17,400",0,0,"17,087",0,"52,513"
609,23056-298279635,10216423,Cà Phê Muối Chú Long - 417 Cộng Hoà,23/05/2026 08:27:56,"87,000","17,400",0,0,"17,087",0,"52,513"
610,23056-298279673,10230793,Cà Phê Muối Chú Long - Huỳnh Văn Bánh,23/05/2026 08:36:26,"117,000","23,400",0,0,"22,979",0,"70,621"
611,23056-298316265,10222800,Cà Phê Muối Chú Long - Thành Thái,23/05/2026 08:26:05,"153,000","28,571",0,0,"30,547",0,"93,882"
612,23056-298415391,10292422,Cà Phê Muối Chú Long - Phan Thiết,23/05/2026 08:36:01,"29,000","7,250",0,0,"5,340",0,"16,410"
613,23056-298452454,10321439,Cà Phê Muối Chú Long - Vĩnh Long,23/05/2026 08:38:57,"87,000","17,400",0,0,"17,087",0,"52,513"
614,23056-298628949,10354882,Cà Phê Muối Chú Long - Quảng Ngãi,23/05/2026 08:44:43,"58,000","11,600",0,0,"11,391",0,"35,009"
615,23056-298668774,10225888,Cà Phê Muối Chú Long - Lạc Long Quân,23/05/2026 08:54:25,"174,000","31,320",0,0,"35,028",0,"107,652"
616,23056-298830150,10216423,Cà Phê Muối Chú Long - 417 Cộng Hoà,23/05/2026 08:51:50,"58,000","11,600",0,0,"11,391",0,"35,009"
617,23056-298942403,10224935,Cà Phê Muối Chú Long - 585 Quang Trung,23/05/2026 08:30:06,"87,000","17,400",0,0,"17,087",0,"52,513"
618,23056-299058438,10375372,Cà Phê Muối Chú Long - An Dương Vương,23/05/2026 08:30:37,"87,000","17,400",0,0,"17,087",0,"52,513"
619,23056-299074198,10225898,Cà Phê Muối Chú Long - Nguyễn Đình Chiểu,23/05/2026 08:33:12,"25,000","5,000",0,0,"4,910",0,"15,090"
620,23056-299090149,10354882,Cà Phê Muối Chú Long - Quảng Ngãi,23/05/2026 08:37:28,"29,000","7,250",0,0,"5,340",0,"16,410"
621,23056-299124166,10222800,Cà Phê Muối Chú Long - Thành Thái,23/05/2026 08:33:50,"58,000","11,600",0,0,"11,391",0,"35,009"
622,23056-299148958,10225902,Cà Phê Muối Chú Long - Hậu Giang,23/05/2026 08:52:02,"170,000","30,600",0,0,"34,223",0,"105,177"
623,23056-299171389,10235663,Cà Phê Muối Chú Long - Hà Huy Giáp,23/05/2026 08:33:28,"73,000","14,600",0,0,"14,337",0,"44,063"
624,23056-299389077,10350108,Cà Phê Muối Chú Long - Đường Láng,23/05/2026 09:18:48,"112,000","22,400",0,0,"21,997",0,"67,603"
625,23056-299489499,10225902,Cà Phê Muối Chú Long - Hậu Giang,23/05/2026 08:31:30,"58,000","11,600",0,0,"11,391",0,"35,009"
626,23056-299504599,10230417,Cà Phê Muối Chú Long - Lê Văn Sỹ,23/05/2026 08:38:43,"58,000","11,600",0,0,"11,391",0,"35,009"
627,23056-299504622,10224935,Cà Phê Muối Chú Long - 585 Quang Trung,23/05/2026 08:38:00,"66,000","13,200",0,0,"12,962",0,"39,838"
628,23056-299613086,10224935,Cà Phê Muối Chú Long - 585 Quang Trung,23/05/2026 08:29:31,"25,000","8,000",0,0,"4,174",0,"12,827"
629,23056-299685448,10350108,Cà Phê Muối Chú Long - Đường Láng,23/05/2026 09:04:07,"87,000","17,400",0,0,"17,087",0,"52,513"
630,23056-299726330,10219545,Cà Phê Muối Chú Long - Nguyễn Huệ,23/05/2026 08:30:52,"87,000","17,400",0,0,"17,087",0,"52,513"
631,23056-299782212,10321439,Cà Phê Muối Chú Long - Vĩnh Long,23/05/2026 08:32:35,"87,000","17,400",0,0,"17,087",0,"52,513"
632,23056-300084354,10381892,Cà Phê Muối Chú Long - Phan Văn Trị,23/05/2026 09:01:04,"116,000","23,200",0,0,"22,782",0,"70,018"
633,23056-300084625,10386890,Cà Phê Muối Chú Long - Nha Trang,23/05/2026 08:30:22,"29,000","5,000",0,0,"5,892",0,"18,108"
634,23056-300248092,10232123,Cà Phê Muối Chú Long - 17A Ngô Tất Tố,23/05/2026 08:37:19,"47,000",0,0,0,"11,539",0,"35,462"
635,23056-300357840,10230399,Cà Phê Muối Chú Long - Tân Kỳ Tân Quý,23/05/2026 08:51:32,"108,000","21,600",0,0,"21,211",0,"65,189"
636,23056-300412610,10321524,Cà Phê Muối Chú Long - Đội Cấn,23/05/2026 08:38:36,"87,000","17,400",0,0,"17,087",0,"52,513"
637,23056-300413399,10397657,Cà Phê Muối Chú Long - 368 Lê Đức Thọ,23/05/2026 08:34:03,"145,000","28,571",0,0,"28,583",0,"87,846"
638,23056-300423157,10222800,Cà Phê Muối Chú Long - Thành Thái,23/05/2026 08:38:25,"80,000","16,000",0,0,"15,712",0,"48,288"
639,23056-300461533,10321523,Cà Phê Muối Chú Long - Thanh Nhàn,23/05/2026 08:39:09,"98,000","19,600",0,0,"19,247",0,"59,153"
640,23056-300490956,10225898,Cà Phê Muối Chú Long - Nguyễn Đình Chiểu,23/05/2026 08:38:56,"51,000","11,000",0,0,"9,820",0,"30,180"
641,23056-300491849,10242271,Cà Phê Muối Chú Long - Vũng Tàu,23/05/2026 08:28:31,"51,000","11,000",0,0,"9,820",0,"30,180"
642,23056-300533771,10350108,Cà Phê Muối Chú Long - Đường Láng,23/05/2026 09:12:47,"58,000","11,600",0,0,"11,391",0,"35,009"
643,23056-300681190,10224935,Cà Phê Muối Chú Long - 585 Quang Trung,23/05/2026 08:44:14,"91,000","18,200",0,0,"17,872",0,"54,928"
644,23056-300681677,10321523,Cà Phê Muối Chú Long - Thanh Nhàn,23/05/2026 08:40:06,"44,000",0,0,0,"10,802",0,"33,198"
645,23056-300682443,10307386,Cà Phê Muối Chú Long - Kiên Giang,23/05/2026 08:34:50,"58,000","11,600",0,0,"11,391",0,"35,009"
646,23056-300706552,10321524,Cà Phê Muối Chú Long - Đội Cấn,23/05/2026 08:48:27,"141,000","28,200",0,0,"27,692",0,"85,108"
647,23056-300817730,10230171,Cà Phê Muối Chú Long - Bình Long,23/05/2026 08:43:17,"58,000","11,600",0,0,"11,391",0,"35,009"
648,23056-300882385,10321439,Cà Phê Muối Chú Long - Vĩnh Long,23/05/2026 08:40:07,"76,000","15,200",0,0,"14,926",0,"45,874"
649,23056-301021828,10225888,Cà Phê Muối Chú Long - Lạc Long Quân,23/05/2026 08:34:34,"58,000","11,600",0,0,"11,391",0,"35,009"
650,23056-301048117,10230793,Cà Phê Muối Chú Long - Huỳnh Văn Bánh,23/05/2026 08:35:05,"116,000","23,200",0,0,"22,782",0,"70,018"
651,23056-301090897,10340098,Cà Phê Muối Chú Long - Thuận An,23/05/2026 08:48:33,"58,000","11,600",0,0,"11,391",0,"35,009"
652,23056-301098682,10321523,Cà Phê Muối Chú Long - Thanh Nhàn,23/05/2026 08:42:11,"69,000","13,800",0,0,"13,552",0,"41,648"
653,23056-301161870,10230399,Cà Phê Muối Chú Long - Tân Kỳ Tân Quý,23/05/2026 08:40:27,"87,000","17,400",0,0,"17,087",0,"52,513"
654,23056-301275815,10350108,Cà Phê Muối Chú Long - Đường Láng,23/05/2026 08:44:25,"29,000","5,000",0,0,"5,892",0,"18,108"
655,23056-301278856,10292422,Cà Phê Muối Chú Long - Phan Thiết,23/05/2026 08:48:50,"25,000","6,250",0,0,"4,603",0,"14,147"
656,23056-301303364,10235659,Cà Phê Muối Chú Long - Nguyễn Hữu Cảnh,23/05/2026 08:45:20,"87,000","17,400",0,0,"17,087",0,"52,513"
657,23056-301315098,10230958,Cà Phê Muối Chú Long - 3/26 Quang Trung,23/05/2026 08:29:23,"131,000","26,200",0,0,"25,728",0,"79,072"
658,23056-301426620,10405301,Cà Phê Muối Chú Long - 01 Hàng Đậu,23/05/2026 08:44:30,"29,000",0,0,0,"7,120",0,"21,881"
659,23056-301445720,10321523,Cà Phê Muối Chú Long - Thanh Nhàn,23/05/2026 08:37:32,"29,000","5,000",0,0,"5,892",0,"18,108"
660,23056-301569748,10230171,Cà Phê Muối Chú Long - Bình Long,23/05/2026 08:45:17,"51,000","11,000",0,0,"9,820",0,"30,180"
661,23056-301652260,10230171,Cà Phê Muối Chú Long - Bình Long,23/05/2026 08:51:57,"87,000","17,400",0,0,"17,087",0,"52,513"
662,23056-301831984,10405301,Cà Phê Muối Chú Long - 01 Hàng Đậu,23/05/2026 08:50:07,"22,000",0,0,0,"5,401",0,"16,599"
663,23056-301916357,10324687,Cà Phê Muối Chú Long - Huỳnh Tấn Phát,23/05/2026 08:46:54,"54,000","11,000",0,0,"10,557",0,"32,444"
664,23056-301939006,10296675,Cà Phê Muối Chú Long - Trương Định,23/05/2026 09:03:45,"29,000","5,000",0,0,"5,892",0,"18,108"
665,23056-302103558,10230417,Cà Phê Muối Chú Long - Lê Văn Sỹ,23/05/2026 08:42:25,"108,000","21,600",0,0,"21,211",0,"65,189"
666,23056-302175893,10230793,Cà Phê Muối Chú Long - Huỳnh Văn Bánh,23/05/2026 08:41:38,"145,000","28,571",0,0,"28,583",0,"87,846"
667,23056-302219455,10235658,Cà Phê Muối Chú Long - Công Trường Quốc Tế,23/05/2026 08:41:27,"29,000","5,000",0,0,"5,892",0,"18,108"
668,23056-302322050,10296675,Cà Phê Muối Chú Long - Trương Định,23/05/2026 09:16:16,"228,000","41,040",0,0,"45,899",0,"141,061"
669,23056-302375767,10315543,Cà Phê Muối Chú Long - Bến Tre,23/05/2026 08:36:48,"29,000","7,250",0,0,"5,340",0,"16,410"
670,23056-302432218,10230292,Cà Phê Muối Chú Long - Lê Văn Việt,23/05/2026 08:43:00,"29,000","5,000",0,0,"5,892",0,"18,108"
671,23056-302452503,10216423,Cà Phê Muối Chú Long - 417 Cộng Hoà,23/05/2026 08:59:56,"22,000","5,000",0,0,"4,174",0,"12,827"
672,23056-302461153,10230793,Cà Phê Muối Chú Long - Huỳnh Văn Bánh,23/05/2026 08:34:48,"80,000","16,000",0,0,"15,712",0,"48,288"
673,23056-302536054,10219545,Cà Phê Muối Chú Long - Nguyễn Huệ,23/05/2026 08:33:02,"116,000","23,200",0,0,"22,782",0,"70,018"
674,23056-302638823,10225902,Cà Phê Muối Chú Long - Hậu Giang,23/05/2026 08:42:27,"58,000",0,0,0,"14,239",0,"43,761"
675,23056-302704051,10350108,Cà Phê Muối Chú Long - Đường Láng,23/05/2026 10:07:47,"65,000","13,000",0,0,"12,766",0,"39,234"
676,23056-302870625,10233716,Cà Phê Muối Chú Long - 130 Thích Quảng Đức,23/05/2026 08:45:47,"80,000","16,000",0,0,"15,712",0,"48,288"
677,23056-302986112,10354891,Cà Phê Muối Chú Long - Trà Vinh,23/05/2026 08:41:45,"47,000","10,000",0,0,"9,084",0,"27,917"
678,23056-302999502,10292422,Cà Phê Muối Chú Long - Phan Thiết,23/05/2026 08:39:00,"47,000","10,000",0,0,"9,084",0,"27,917"
679,23056-303035263,10321524,Cà Phê Muối Chú Long - Đội Cấn,23/05/2026 09:02:02,"80,000","16,000",0,0,"15,712",0,"48,288"
680,23056-303139905,10405301,Cà Phê Muối Chú Long - 01 Hàng Đậu,23/05/2026 08:45:59,"87,000",0,0,0,"21,359",0,"65,642"
681,23056-303312814,10216423,Cà Phê Muối Chú Long - 417 Cộng Hoà,23/05/2026 08:57:21,"133,000","26,600",0,0,"26,121",0,"80,279"
682,23056-303369742,10230814,Cà Phê Muối Chú Long - Võ Văn Kiệt,23/05/2026 08:42:38,"58,000","11,600",0,0,"11,391",0,"35,009"
683,23056-303391553,10307386,Cà Phê Muối Chú Long - Kiên Giang,23/05/2026 08:38:47,"58,000","11,600",0,0,"11,391",0,"35,009"
684,23056-303396652,10386890,Cà Phê Muối Chú Long - Nha Trang,23/05/2026 08:43:43,"29,000","5,000",0,0,"5,892",0,"18,108"
685,23056-303416860,10225871,Cà Phê Muối Chú Long - Đặng Nguyên Cẩn,23/05/2026 08:48:01,"29,000","5,000",0,0,"5,892",0,"18,108"
686,23056-303518300,10324687,Cà Phê Muối Chú Long - Huỳnh Tấn Phát,23/05/2026 08:58:03,"51,000","11,000",0,0,"9,820",0,"30,180"
687,23056-303519694,10230958,Cà Phê Muối Chú Long - 3/26 Quang Trung,23/05/2026 09:13:07,"66,000","13,200",0,0,"12,962",0,"39,838"
688,23056-303550342,10224935,Cà Phê Muối Chú Long - 585 Quang Trung,23/05/2026 08:45:37,"87,000","17,400",0,0,"17,087",0,"52,513"
689,23056-303551137,10222800,Cà Phê Muối Chú Long - Thành Thái,23/05/2026 08:49:39,"58,000","11,600",0,0,"11,391",0,"35,009"
690,23056-303583099,10233716,Cà Phê Muối Chú Long - 130 Thích Quảng Đức,23/05/2026 09:10:22,"47,000",0,0,0,"11,539",0,"35,462"
691,23056-303616342,10324687,Cà Phê Muối Chú Long - Huỳnh Tấn Phát,23/05/2026 08:46:17,"69,000","13,800",0,0,"13,552",0,"41,648"
692,23056-303653859,10230958,Cà Phê Muối Chú Long - 3/26 Quang Trung,23/05/2026 08:45:01,"163,000","29,340",0,0,"32,814",0,"100,846"
693,23056-303711328,10358016,Cà Phê Muối Chú Long - Bà Triệu,23/05/2026 08:40:19,"29,000","7,250",0,0,"5,340",0,"16,410"
694,23056-303723668,10350108,Cà Phê Muối Chú Long - Đường Láng,23/05/2026 09:07:34,"116,000","23,200",0,0,"22,782",0,"70,018"
695,23056-303830366,10292422,Cà Phê Muối Chú Long - Phan Thiết,23/05/2026 08:41:34,"29,000","7,250",0,0,"5,340",0,"16,410"
696,23056-303866538,10296675,Cà Phê Muối Chú Long - Trương Định,23/05/2026 08:59:11,"94,000","18,800",0,0,"18,462",0,"56,738"
697,23056-303877674,10395671,Cà Phê Muối Chú Long - 59 Trường Chinh,23/05/2026 08:47:22,"54,000","10,000",0,0,"10,802",0,"33,198"
698,23056-303913167,10230814,Cà Phê Muối Chú Long - Võ Văn Kiệt,23/05/2026 08:44:54,"170,000","30,600",0,0,"34,223",0,"105,177"
699,23056-304093970,10235663,Cà Phê Muối Chú Long - Hà Huy Giáp,23/05/2026 08:53:39,"44,000","10,000",0,0,"8,347",0,"25,653"
700,23056-304142509,10395671,Cà Phê Muối Chú Long - 59 Trường Chinh,23/05/2026 09:22:00,"76,000","15,200",0,0,"14,926",0,"45,874"
701,23056-304213294,10350108,Cà Phê Muối Chú Long - Đường Láng,23/05/2026 09:28:19,"29,000",0,0,0,"7,120",0,"21,881"
702,23056-304254684,10222800,Cà Phê Muối Chú Long - Thành Thái,23/05/2026 08:42:47,"87,000","17,400",0,0,"17,087",0,"52,513"
703,23056-304309069,10222800,Cà Phê Muối Chú Long - Thành Thái,23/05/2026 08:35:44,"58,000","11,600",0,0,"11,391",0,"35,009"
704,23056-304356422,10298769,Cà Phê Muối Chú Long - Tôn Đức Thắng,23/05/2026 08:48:24,"51,000","10,000",0,0,"10,066",0,"30,935"
705,23056-304372564,10386890,Cà Phê Muối Chú Long - Nha Trang,23/05/2026 08:41:01,"73,000","14,600",0,0,"14,337",0,"44,063"
706,23056-304428461,10235659,Cà Phê Muối Chú Long - Nguyễn Hữu Cảnh,23/05/2026 09:01:53,"124,000","24,800",0,0,"24,354",0,"74,846"
707,23056-304442783,10222800,Cà Phê Muối Chú Long - Thành Thái,23/05/2026 08:38:54,"29,000","5,000",0,0,"5,892",0,"18,108"
708,23056-304613640,10284115,Cà Phê Muối Chú Long - Kha Vạn Cân,23/05/2026 08:56:47,"58,000","11,600",0,0,"11,391",0,"35,009"
709,23056-304661195,10230817,Cà Phê Muối Chú Long - Thích Quảng Đức,23/05/2026 08:55:55,"83,000","15,000",0,0,"16,694",0,"51,306"
710,23056-304755140,10225902,Cà Phê Muối Chú Long - Hậu Giang,23/05/2026 08:39:38,"127,000","25,400",0,0,"24,943",0,"76,657"
711,23056-304776868,10296675,Cà Phê Muối Chú Long - Trương Định,23/05/2026 09:19:59,"29,000","5,000",0,0,"5,892",0,"18,108"
712,23056-304786574,10350108,Cà Phê Muối Chú Long - Đường Láng,23/05/2026 09:25:25,"110,000","22,000",0,0,"21,604",0,"66,396"
713,23056-304908296,10321524,Cà Phê Muối Chú Long - Đội Cấn,23/05/2026 08:55:33,"44,000","5,000",0,0,"9,575",0,"29,426"
714,23056-305034923,10395671,Cà Phê Muối Chú Long - 59 Trường Chinh,23/05/2026 08:47:23,"29,000","5,000",0,0,"5,892",0,"18,108"
715,23056-305138262,10225898,Cà Phê Muối Chú Long - Nguyễn Đình Chiểu,23/05/2026 08:54:14,"66,000","13,200",0,0,"12,962",0,"39,838"
716,23056-305197174,10232123,Cà Phê Muối Chú Long - 17A Ngô Tất Tố,23/05/2026 08:40:47,"83,000","16,600",0,0,"16,301",0,"50,099"
717,23056-305217743,10225898,Cà Phê Muối Chú Long - Nguyễn Đình Chiểu,23/05/2026 08:57:46,"54,000","11,000",0,0,"10,557",0,"32,444"
718,23056-305256369,10321523,Cà Phê Muối Chú Long - Thanh Nhàn,23/05/2026 09:29:15,"58,000","11,600",0,0,"11,391",0,"35,009"
719,23056-305352424,10225902,Cà Phê Muối Chú Long - Hậu Giang,23/05/2026 08:44:50,"80,000","16,000",0,0,"15,712",0,"48,288"
720,23056-305360658,10395671,Cà Phê Muối Chú Long - 59 Trường Chinh,23/05/2026 08:43:11,"58,000","11,600",0,0,"11,391",0,"35,009"
721,23056-305376819,10235658,Cà Phê Muối Chú Long - Công Trường Quốc Tế,23/05/2026 08:53:59,"224,000","40,320",0,0,"45,093",0,"138,587"
722,23056-305480560,10230171,Cà Phê Muối Chú Long - Bình Long,23/05/2026 08:40:43,"33,000","5,000",0,0,"6,874",0,"21,126"
723,23056-305607755,10296675,Cà Phê Muối Chú Long - Trương Định,23/05/2026 08:46:04,"97,000","15,000",0,0,"20,131",0,"61,869"
724,23056-305643199,10230399,Cà Phê Muối Chú Long - Tân Kỳ Tân Quý,23/05/2026 08:37:46,"72,000","14,400",0,0,"14,141",0,"43,459"
725,23056-305653187,10350108,Cà Phê Muối Chú Long - Đường Láng,23/05/2026 10:03:42,"145,000","28,571",0,0,"28,583",0,"87,846"
726,23056-305686108,10397657,Cà Phê Muối Chú Long - 368 Lê Đức Thọ,23/05/2026 08:46:30,"25,000","8,000",0,0,"4,174",0,"12,827"
727,23056-305701782,10375372,Cà Phê Muối Chú Long - An Dương Vương,23/05/2026 09:04:31,"79,000","15,800",0,0,"15,516",0,"47,684"
728,23056-305810415,10284115,Cà Phê Muối Chú Long - Kha Vạn Cân,23/05/2026 08:49:18,"58,000","11,600",0,0,"11,391",0,"35,009"
729,23056-305915051,10375372,Cà Phê Muối Chú Long - An Dương Vương,23/05/2026 08:51:46,"58,000","11,600",0,0,"11,391",0,"35,009"
730,23056-305940172,10224935,Cà Phê Muối Chú Long - 585 Quang Trung,23/05/2026 08:49:13,"264,000","47,368",0,0,"53,183",0,"163,449"
731,23056-306029248,10292015,Cà Phê Muối Chú Long - Long An,23/05/2026 08:44:41,"51,000","11,000",0,0,"9,820",0,"30,180"
732,23056-306093136,10230171,Cà Phê Muối Chú Long - Bình Long,23/05/2026 08:48:15,"87,000","17,400",0,0,"17,087",0,"52,513"
733,23056-306171789,10235658,Cà Phê Muối Chú Long - Công Trường Quốc Tế,23/05/2026 08:56:49,"80,000","16,000",0,0,"15,712",0,"48,288"
734,23056-306223392,10230417,Cà Phê Muối Chú Long - Lê Văn Sỹ,23/05/2026 08:41:04,"76,000","15,200",0,0,"14,926",0,"45,874"
735,23056-306275740,10330437,Cà Phê Muối Chú Long - Trần Hưng Đạo,23/05/2026 08:55:06,"138,000","27,600",0,0,"27,103",0,"83,297"
736,23056-306299985,10321523,Cà Phê Muối Chú Long - Thanh Nhàn,23/05/2026 09:36:53,"108,000","21,600",0,0,"21,211",0,"65,189"
737,23056-306300010,10230814,Cà Phê Muối Chú Long - Võ Văn Kiệt,23/05/2026 08:38:14,"58,000","11,600",0,0,"11,391",0,"35,009"
738,23056-306300130,10321523,Cà Phê Muối Chú Long - Thanh Nhàn,23/05/2026 08:43:48,"102,000","20,400",0,0,"20,033",0,"61,567"
739,23056-306412695,10354882,Cà Phê Muối Chú Long - Quảng Ngãi,23/05/2026 08:39:38,"87,000","17,400",0,0,"17,087",0,"52,513"
740,23056-306429658,10386890,Cà Phê Muối Chú Long - Nha Trang,23/05/2026 08:43:12,"80,000","16,000",0,0,"15,712",0,"48,288"
741,23056-306450183,10225898,Cà Phê Muối Chú Long - Nguyễn Đình Chiểu,23/05/2026 08:41:59,"51,000","11,000",0,0,"9,820",0,"30,180"
742,23056-306452021,10323120,Cà Phê Muối Chú Long - Đồng Xoài,23/05/2026 08:46:26,"54,000","11,000",0,0,"10,557",0,"32,444"
743,23056-306529115,10292422,Cà Phê Muối Chú Long - Phan Thiết,23/05/2026 08:41:51,"29,000","7,250",0,0,"5,340",0,"16,410"
744,23056-306579575,10230958,Cà Phê Muối Chú Long - 3/26 Quang Trung,23/05/2026 08:53:11,"116,000","23,200",0,0,"22,782",0,"70,018"
745,23056-306658012,10222800,Cà Phê Muối Chú Long - Thành Thái,23/05/2026 08:43:10,"58,000","11,600",0,0,"11,391",0,"35,009"
746,23056-306704285,10307386,Cà Phê Muối Chú Long - Kiên Giang,23/05/2026 09:01:28,"58,000","11,600",0,0,"11,391",0,"35,009"
747,23056-306853403,10222800,Cà Phê Muối Chú Long - Thành Thái,23/05/2026 08:48:42,"54,000",0,0,0,"13,257",0,"40,743"
748,23056-306874467,10225902,Cà Phê Muối Chú Long - Hậu Giang,23/05/2026 08:43:34,"58,000","11,600",0,0,"11,391",0,"35,009"
749,23056-306893722,10381892,Cà Phê Muối Chú Long - Phan Văn Trị,23/05/2026 08:57:10,"80,000","16,000",0,0,"15,712",0,"48,288"
750,23056-306931864,10386890,Cà Phê Muối Chú Long - Nha Trang,23/05/2026 08:44:00,"66,000","13,200",0,0,"12,962",0,"39,838"
751,23056-307004013,10225898,Cà Phê Muối Chú Long - Nguyễn Đình Chiểu,23/05/2026 08:44:42,"116,000","23,200",0,0,"22,782",0,"70,018"
752,23056-307006649,10235659,Cà Phê Muối Chú Long - Nguyễn Hữu Cảnh,23/05/2026 08:58:23,"87,000","17,400",0,0,"17,087",0,"52,513"
753,23056-307044826,10224935,Cà Phê Muối Chú Long - 585 Quang Trung,23/05/2026 08:47:07,"51,000","11,000",0,0,"9,820",0,"30,180"
754,23056-307093426,10230417,Cà Phê Muối Chú Long - Lê Văn Sỹ,23/05/2026 08:38:16,"50,000","16,000",0,0,"8,347",0,"25,653"
755,23056-307093642,10298769,Cà Phê Muối Chú Long - Tôn Đức Thắng,23/05/2026 08:58:07,"112,000","22,400",0,0,"21,997",0,"67,603"
756,23056-307109587,10230958,Cà Phê Muối Chú Long - 3/26 Quang Trung,23/05/2026 08:44:49,"29,000","5,000",0,0,"5,892",0,"18,108"
757,23056-307140637,10324687,Cà Phê Muối Chú Long - Huỳnh Tấn Phát,23/05/2026 08:58:19,"87,000","17,400",0,0,"17,087",0,"52,513"
758,23056-307158935,10230793,Cà Phê Muối Chú Long - Huỳnh Văn Bánh,23/05/2026 08:58:00,"65,000","13,000",0,0,"12,766",0,"39,234"
759,23056-307208619,10296675,Cà Phê Muối Chú Long - Trương Định,23/05/2026 09:25:51,"65,000","13,000",0,0,"12,766",0,"39,234"
760,23056-307260356,10299524,Cà Phê Muối Chú Long - Lê Duẩn,23/05/2026 08:54:28,"29,000","7,250",0,0,"5,340",0,"16,410"
761,23056-307439669,10225898,Cà Phê Muối Chú Long - Nguyễn Đình Chiểu,23/05/2026 08:45:22,"83,000","16,600",0,0,"16,301",0,"50,099"
762,23056-307519594,10350108,Cà Phê Muối Chú Long - Đường Láng,23/05/2026 09:32:15,"73,000","14,600",0,0,"14,337",0,"44,063"
763,23056-307616898,10230417,Cà Phê Muối Chú Long - Lê Văn Sỹ,23/05/2026 08:55:50,"87,000","17,400",0,0,"17,087",0,"52,513"
764,23056-307618999,10235663,Cà Phê Muối Chú Long - Hà Huy Giáp,23/05/2026 08:37:51,"44,000","10,000",0,0,"8,347",0,"25,653"
765,23056-307636104,10235663,Cà Phê Muối Chú Long - Hà Huy Giáp,23/05/2026 08:52:17,"51,000","10,000",0,0,"10,066",0,"30,935"
766,23056-307676765,10219545,Cà Phê Muối Chú Long - Nguyễn Huệ,23/05/2026 08:43:28,"109,000","21,800",0,0,"21,408",0,"65,792"
767,23056-307715421,10230399,Cà Phê Muối Chú Long - Tân Kỳ Tân Quý,23/05/2026 08:50:17,"58,000","11,600",0,0,"11,391",0,"35,009"
768,23056-307806513,10407619,Cà Phê Muối Chú Long - 117 Lò Đúc,23/05/2026 08:48:12,"153,000",0,0,0,"37,562",0,"115,439"
769,23056-307857604,10321523,Cà Phê Muối Chú Long - Thanh Nhàn,23/05/2026 08:57:13,"124,000","24,800",0,0,"24,354",0,"74,846"
770,23056-307892100,10386890,Cà Phê Muối Chú Long - Nha Trang,23/05/2026 08:45:33,"29,000","5,000",0,0,"5,892",0,"18,108"
771,23056-307972621,10381983,Cà Phê Muối Chú Long - Bạch Đằng,23/05/2026 09:01:56,"138,000",0,0,0,"33,879",0,"104,121"
772,23056-307986905,10225898,Cà Phê Muối Chú Long - Nguyễn Đình Chiểu,23/05/2026 09:02:18,"109,000","21,800",0,0,"21,408",0,"65,792"
773,23056-308000744,10292422,Cà Phê Muối Chú Long - Phan Thiết,23/05/2026 08:38:46,"22,000","5,500",0,0,"4,051",0,"12,449"
774,23056-308088341,10225885,Cà Phê Muối Chú Long - Ngô Tất Tố,23/05/2026 08:54:27,"141,000","28,200",0,0,"27,692",0,"85,108"
775,23056-308097122,10235658,Cà Phê Muối Chú Long - Công Trường Quốc Tế,23/05/2026 09:01:38,"54,000","11,000",0,0,"10,557",0,"32,444"
776,23056-308229219,10216423,Cà Phê Muối Chú Long - 417 Cộng Hoà,23/05/2026 08:58:23,"54,000","11,000",0,0,"10,557",0,"32,444"
777,23056-308253653,10235658,Cà Phê Muối Chú Long - Công Trường Quốc Tế,23/05/2026 08:52:31,"58,000","11,600",0,0,"11,391",0,"35,009"
778,23056-308301265,10230814,Cà Phê Muối Chú Long - Võ Văn Kiệt,23/05/2026 08:40:16,"29,000","5,000",0,0,"5,892",0,"18,108"
779,23056-308435069,10375372,Cà Phê Muối Chú Long - An Dương Vương,23/05/2026 09:03:01,"50,000","16,000",0,0,"8,347",0,"25,653"
780,23056-308555456,10315543,Cà Phê Muối Chú Long - Bến Tre,23/05/2026 08:58:32,"377,000","54,500",0,0,"79,174",0,"243,326"
781,23056-308615386,10230417,Cà Phê Muối Chú Long - Lê Văn Sỹ,23/05/2026 08:47:47,"117,000","23,400",0,0,"22,979",0,"70,621"
782,23056-308633207,10230171,Cà Phê Muối Chú Long - Bình Long,23/05/2026 08:53:57,"58,000","11,600",0,0,"11,391",0,"35,009"
783,23056-308677634,10230171,Cà Phê Muối Chú Long - Bình Long,23/05/2026 08:59:10,"80,000","16,000",0,0,"15,712",0,"48,288"
784,23056-308747084,10340098,Cà Phê Muối Chú Long - Thuận An,23/05/2026 09:02:14,"87,000","17,400",0,0,"17,087",0,"52,513"
785,23056-308793512,10230814,Cà Phê Muối Chú Long - Võ Văn Kiệt,23/05/2026 08:42:40,"44,000",0,0,0,"10,802",0,"33,198"
786,23056-308796598,10354891,Cà Phê Muối Chú Long - Trà Vinh,23/05/2026 08:52:23,"58,000","11,600",0,0,"11,391",0,"35,009"
787,23056-308810801,10224935,Cà Phê Muối Chú Long - 585 Quang Trung,23/05/2026 09:03:12,"29,000","5,000",0,0,"5,892",0,"18,108"
788,23056-308830658,10298824,Cà Phê Muối Chú Long - Hoàng Diệu,23/05/2026 08:54:32,"73,000","14,600",0,0,"14,337",0,"44,063"
789,23056-308869178,10225898,Cà Phê Muối Chú Long - Nguyễn Đình Chiểu,23/05/2026 08:58:21,"268,000","47,368",0,0,"54,165",0,"166,467"
790,23056-309013696,10216423,Cà Phê Muối Chú Long - 417 Cộng Hoà,23/05/2026 08:50:16,"51,000","10,000",0,0,"10,066",0,"30,935"
791,23056-309076190,10381892,Cà Phê Muối Chú Long - Phan Văn Trị,23/05/2026 09:09:49,"138,000","27,600",0,0,"27,103",0,"83,297"
792,23056-309111763,10225898,Cà Phê Muối Chú Long - Nguyễn Đình Chiểu,23/05/2026 09:05:13,"87,000","17,400",0,0,"17,087",0,"52,513"
793,23056-309179870,10225898,Cà Phê Muối Chú Long - Nguyễn Đình Chiểu,23/05/2026 08:52:40,"145,000","28,571",0,0,"28,583",0,"87,846"
794,23056-309260419,10386890,Cà Phê Muối Chú Long - Nha Trang,23/05/2026 08:49:29,"58,000","11,600",0,0,"11,391",0,"35,009"
795,23056-309335349,10225895,Cà Phê Muối Chú Long - Cách Mạng Tháng 8,23/05/2026 08:41:48,"66,000","13,200",0,0,"12,962",0,"39,838"
796,23056-309423246,10225888,Cà Phê Muối Chú Long - Lạc Long Quân,23/05/2026 08:52:07,"145,000","28,571",0,0,"28,583",0,"87,846"
797,23056-309538693,10225902,Cà Phê Muối Chú Long - Hậu Giang,23/05/2026 08:53:10,"58,000","11,600",0,0,"11,391",0,"35,009"
798,23056-309548736,10242271,Cà Phê Muối Chú Long - Vũng Tàu,23/05/2026 08:58:39,"261,000","46,980",0,0,"52,542",0,"161,478"
799,23056-309582590,10230417,Cà Phê Muối Chú Long - Lê Văn Sỹ,23/05/2026 08:54:54,"58,000","11,600",0,0,"11,391",0,"35,009"
800,23056-309653907,10292422,Cà Phê Muối Chú Long - Phan Thiết,23/05/2026 08:43:00,"22,000","5,500",0,0,"4,051",0,"12,449"
801,23056-309705093,10350108,Cà Phê Muối Chú Long - Đường Láng,23/05/2026 09:52:51,"29,000","5,000",0,0,"5,892",0,"18,108"
802,23056-309739567,10230814,Cà Phê Muối Chú Long - Võ Văn Kiệt,23/05/2026 08:48:29,"87,000","17,400",0,0,"17,087",0,"52,513"
803,23056-309795839,10235658,Cà Phê Muối Chú Long - Công Trường Quốc Tế,23/05/2026 08:42:55,"47,000",0,0,0,"11,539",0,"35,462"
804,23056-309847066,10354882,Cà Phê Muối Chú Long - Quảng Ngãi,23/05/2026 08:56:11,"87,000","17,400",0,0,"17,087",0,"52,513"
805,23056-309915966,10292422,Cà Phê Muối Chú Long - Phan Thiết,23/05/2026 08:46:24,"22,000","5,500",0,0,"4,051",0,"12,449"
806,23056-309928569,10224935,Cà Phê Muối Chú Long - 585 Quang Trung,23/05/2026 08:57:27,"58,000","11,600",0,0,"11,391",0,"35,009"
807,23056-309932223,10230399,Cà Phê Muối Chú Long - Tân Kỳ Tân Quý,23/05/2026 09:07:59,"88,000","17,600",0,0,"17,283",0,"53,117"
808,23056-310063136,10242271,Cà Phê Muối Chú Long - Vũng Tàu,23/05/2026 08:58:17,"73,000","14,600",0,0,"14,337",0,"44,063"
809,23056-310159938,10292422,Cà Phê Muối Chú Long - Phan Thiết,23/05/2026 08:49:27,"22,000","5,500",0,0,"4,051",0,"12,449"
810,23056-310168231,10222800,Cà Phê Muối Chú Long - Thành Thái,23/05/2026 08:56:07,"25,000","8,000",0,0,"4,174",0,"12,827"
811,23056-310400088,10235663,Cà Phê Muối Chú Long - Hà Huy Giáp,23/05/2026 08:51:45,"72,000","14,400",0,0,"14,141",0,"43,459"
812,23056-310443415,10350108,Cà Phê Muối Chú Long - Đường Láng,23/05/2026 09:11:28,"58,000","11,600",0,0,"11,391",0,"35,009"
813,23056-310477006,10225898,Cà Phê Muối Chú Long - Nguyễn Đình Chiểu,23/05/2026 09:08:13,"58,000","11,600",0,0,"11,391",0,"35,009"
814,23056-310717079,10350108,Cà Phê Muối Chú Long - Đường Láng,23/05/2026 09:52:49,"87,000","17,400",0,0,"17,087",0,"52,513"
815,23056-310719637,10230793,Cà Phê Muối Chú Long - Huỳnh Văn Bánh,23/05/2026 08:44:53,"87,000","17,400",0,0,"17,087",0,"52,513"
816,23056-310742810,10321523,Cà Phê Muối Chú Long - Thanh Nhàn,23/05/2026 08:49:55,"58,000","11,600",0,0,"11,391",0,"35,009"
817,23056-310782367,10222800,Cà Phê Muối Chú Long - Thành Thái,23/05/2026 08:58:08,"94,000","18,800",0,0,"18,462",0,"56,738"
818,23056-310787685,10298769,Cà Phê Muối Chú Long - Tôn Đức Thắng,23/05/2026 08:55:09,"74,000","14,800",0,0,"14,534",0,"44,666"
819,23056-310827015,10296675,Cà Phê Muối Chú Long - Trương Định,23/05/2026 09:05:41,"58,000","11,600",0,0,"11,391",0,"35,009"
820,23056-310846149,10299524,Cà Phê Muối Chú Long - Lê Duẩn,23/05/2026 08:59:16,"22,000","5,500",0,0,"4,051",0,"12,449"
821,23056-311058732,10225902,Cà Phê Muối Chú Long - Hậu Giang,23/05/2026 08:58:40,"58,000","11,600",0,0,"11,391",0,"35,009"
822,23056-311056414,10225898,Cà Phê Muối Chú Long - Nguyễn Đình Chiểu,23/05/2026 09:00:35,"58,000","11,600",0,0,"11,391",0,"35,009"
823,23056-311067383,10292015,Cà Phê Muối Chú Long - Long An,23/05/2026 08:48:34,"50,000","11,000",0,0,"9,575",0,"29,426"
824,23056-311174491,10230817,Cà Phê Muối Chú Long - Thích Quảng Đức,23/05/2026 09:06:45,"154,000","28,571",0,0,"30,793",0,"94,636"
825,23056-311274907,10230793,Cà Phê Muối Chú Long - Huỳnh Văn Bánh,23/05/2026 08:47:54,"58,000","11,600",0,0,"11,391",0,"35,009"
826,23056-311351807,10284115,Cà Phê Muối Chú Long - Kha Vạn Cân,23/05/2026 08:58:31,"58,000","11,600",0,0,"11,391",0,"35,009"
827,23056-311374029,10324687,Cà Phê Muối Chú Long - Huỳnh Tấn Phát,23/05/2026 09:00:44,"65,000","13,000",0,0,"12,766",0,"39,234"
828,23056-311762483,10230171,Cà Phê Muối Chú Long - Bình Long,23/05/2026 09:04:23,"65,000","13,000",0,0,"12,766",0,"39,234"
829,23056-311807121,10225885,Cà Phê Muối Chú Long - Ngô Tất Tố,23/05/2026 09:14:27,"286,000","47,368",0,0,"58,584",0,"180,048"
830,23056-311872495,10230171,Cà Phê Muối Chú Long - Bình Long,23/05/2026 09:07:21,"51,000","11,000",0,0,"9,820",0,"30,180"
831,23056-311880811,10298824,Cà Phê Muối Chú Long - Hoàng Diệu,23/05/2026 09:07:43,"29,000","7,250",0,0,"5,340",0,"16,410"
832,23056-311901742,10230793,Cà Phê Muối Chú Long - Huỳnh Văn Bánh,23/05/2026 08:57:42,"224,000","40,320",0,0,"45,093",0,"138,587"
833,23056-311917062,10324687,Cà Phê Muối Chú Long - Huỳnh Tấn Phát,23/05/2026 09:02:49,"58,000","11,600",0,0,"11,391",0,"35,009"
834,23056-311925220,10350108,Cà Phê Muối Chú Long - Đường Láng,23/05/2026 09:38:27,"54,000","11,000",0,0,"10,557",0,"32,444"
835,23056-311953465,10222800,Cà Phê Muối Chú Long - Thành Thái,23/05/2026 09:02:56,"51,000","11,000",0,0,"9,820",0,"30,180"
836,23056-312209469,10395671,Cà Phê Muối Chú Long - 59 Trường Chinh,23/05/2026 08:55:21,"25,000","8,000",0,0,"4,174",0,"12,827"
837,23056-312313218,10298769,Cà Phê Muối Chú Long - Tôn Đức Thắng,23/05/2026 09:12:55,"116,000","23,200",0,0,"22,782",0,"70,018"
838,23056-312316133,10292422,Cà Phê Muối Chú Long - Phan Thiết,23/05/2026 09:01:49,"22,000","5,500",0,0,"4,051",0,"12,449"
839,23056-312342680,10292422,Cà Phê Muối Chú Long - Phan Thiết,23/05/2026 09:00:37,"87,000","17,400",0,0,"17,087",0,"52,513"
840,23056-312394925,10216423,Cà Phê Muối Chú Long - 417 Cộng Hoà,23/05/2026 08:57:46,"87,000","17,400",0,0,"17,087",0,"52,513"
841,23056-312450113,10225898,Cà Phê Muối Chú Long - Nguyễn Đình Chiểu,23/05/2026 08:57:22,"69,000","13,800",0,0,"13,552",0,"41,648"
842,23056-312515038,10292422,Cà Phê Muối Chú Long - Phan Thiết,23/05/2026 08:57:44,"29,000","7,250",0,0,"5,340",0,"16,410"
843,23056-312520347,10350108,Cà Phê Muối Chú Long - Đường Láng,23/05/2026 09:29:13,"58,000","11,600",0,0,"11,391",0,"35,009"
844,23056-312526277,10230814,Cà Phê Muối Chú Long - Võ Văn Kiệt,23/05/2026 08:56:06,"145,000","28,571",0,0,"28,583",0,"87,846"
845,23056-312633561,10222800,Cà Phê Muối Chú Long - Thành Thái,23/05/2026 09:09:18,"25,000","8,000",0,0,"4,174",0,"12,827"
846,23056-312641240,10225902,Cà Phê Muối Chú Long - Hậu Giang,23/05/2026 08:52:58,"58,000","11,600",0,0,"11,391",0,"35,009"
847,23056-312670716,10298824,Cà Phê Muối Chú Long - Hoàng Diệu,23/05/2026 09:04:41,"80,000","16,000",0,0,"15,712",0,"48,288"
848,23056-312758949,10397657,Cà Phê Muối Chú Long - 368 Lê Đức Thọ,23/05/2026 09:16:08,"58,000","11,600",0,0,"11,391",0,"35,009"
849,23056-312823790,10307386,Cà Phê Muối Chú Long - Kiên Giang,23/05/2026 08:53:08,"29,000","7,250",0,0,"5,340",0,"16,410"
850,23056-313093773,10296675,Cà Phê Muối Chú Long - Trương Định,23/05/2026 09:12:07,"29,000","5,000",0,0,"5,892",0,"18,108"
851,23056-313136370,10224935,Cà Phê Muối Chú Long - 585 Quang Trung,23/05/2026 09:02:55,"80,000","16,000",0,0,"15,712",0,"48,288"
852,23056-313140352,10298769,Cà Phê Muối Chú Long - Tôn Đức Thắng,23/05/2026 09:09:05,"54,000","11,000",0,0,"10,557",0,"32,444"
853,23056-313295349,10354891,Cà Phê Muối Chú Long - Trà Vinh,23/05/2026 08:51:24,"29,000","7,250",0,0,"5,340",0,"16,410"
854,23056-313316749,10375372,Cà Phê Muối Chú Long - An Dương Vương,23/05/2026 09:09:42,"113,000","22,600",0,0,"22,193",0,"68,207"
855,23056-313449947,10222800,Cà Phê Muối Chú Long - Thành Thái,23/05/2026 09:05:10,"29,000","5,000",0,0,"5,892",0,"18,108"
856,23056-313605890,10225898,Cà Phê Muối Chú Long - Nguyễn Đình Chiểu,23/05/2026 09:15:17,"22,000","5,000",0,0,"4,174",0,"12,827"
857,23056-313727878,10321523,Cà Phê Muối Chú Long - Thanh Nhàn,23/05/2026 09:14:38,"80,000","16,000",0,0,"15,712",0,"48,288"
858,23056-313774173,10230171,Cà Phê Muối Chú Long - Bình Long,23/05/2026 09:09:02,"108,000","21,600",0,0,"21,211",0,"65,189"
859,23056-313847894,10230399,Cà Phê Muối Chú Long - Tân Kỳ Tân Quý,23/05/2026 08:52:32,"116,000","23,200",0,0,"22,782",0,"70,018"
860,23056-313874077,10230958,Cà Phê Muối Chú Long - 3/26 Quang Trung,23/05/2026 08:57:56,"66,000","13,200",0,0,"12,962",0,"39,838"
861,23056-313978500,10230292,Cà Phê Muối Chú Long - Lê Văn Việt,23/05/2026 09:08:00,"145,000","28,571",0,0,"28,583",0,"87,846"
862,23056-314049882,10242271,Cà Phê Muối Chú Long - Vũng Tàu,23/05/2026 08:56:24,"149,000","28,571",0,0,"29,565",0,"90,864"
863,23056-314087708,10298769,Cà Phê Muối Chú Long - Tôn Đức Thắng,23/05/2026 09:01:33,"58,000","11,600",0,0,"11,391",0,"35,009"
864,23056-314104334,10235663,Cà Phê Muối Chú Long - Hà Huy Giáp,23/05/2026 09:06:29,"149,000","28,571",0,0,"29,565",0,"90,864"
865,23056-314108837,10235663,Cà Phê Muối Chú Long - Hà Huy Giáp,23/05/2026 08:52:57,"130,000",0,0,0,"31,915",0,"98,085"
866,23056-314171409,10321523,Cà Phê Muối Chú Long - Thanh Nhàn,23/05/2026 09:12:30,"138,000","27,600",0,0,"27,103",0,"83,297"
867,23056-314182321,10321524,Cà Phê Muối Chú Long - Đội Cấn,23/05/2026 09:53:37,"101,000","20,200",0,0,"19,836",0,"60,964"
868,23056-314196073,10230817,Cà Phê Muối Chú Long - Thích Quảng Đức,23/05/2026 09:05:49,"50,000","16,000",0,0,"8,347",0,"25,653"
869,23056-314246174,10324687,Cà Phê Muối Chú Long - Huỳnh Tấn Phát,23/05/2026 09:01:08,"130,000","26,000",0,0,"25,532",0,"78,468"
870,23056-314328305,10350108,Cà Phê Muối Chú Long - Đường Láng,23/05/2026 09:34:14,"195,000","35,100",0,0,"39,255",0,"120,645"
871,23056-314334368,10216423,Cà Phê Muối Chú Long - 417 Cộng Hoà,23/05/2026 09:04:16,"79,000","15,800",0,0,"15,516",0,"47,684"
872,23056-314339831,10315543,Cà Phê Muối Chú Long - Bến Tre,23/05/2026 09:13:07,"274,000","47,368",0,0,"55,638",0,"170,994"
873,23056-314433680,10216423,Cà Phê Muối Chú Long - 417 Cộng Hoà,23/05/2026 09:06:32,"29,000","5,000",0,0,"5,892",0,"18,108"
874,23056-314450176,10230814,Cà Phê Muối Chú Long - Võ Văn Kiệt,23/05/2026 09:04:12,"174,000","31,320",0,0,"35,028",0,"107,652"
875,23056-314579986,10230399,Cà Phê Muối Chú Long - Tân Kỳ Tân Quý,23/05/2026 08:58:10,"29,000","5,000",0,0,"5,892",0,"18,108"
876,23056-314583456,10354891,Cà Phê Muối Chú Long - Trà Vinh,23/05/2026 09:01:28,"58,000","11,600",0,0,"11,391",0,"35,009"
877,23056-314589405,10381892,Cà Phê Muối Chú Long - Phan Văn Trị,23/05/2026 09:21:48,"66,000","13,200",0,0,"12,962",0,"39,838"
878,23056-314637132,10230171,Cà Phê Muối Chú Long - Bình Long,23/05/2026 09:10:58,"58,000","11,000",0,0,"11,539",0,"35,462"
879,23056-314653217,10222800,Cà Phê Muối Chú Long - Thành Thái,23/05/2026 08:57:50,"87,000","17,400",0,0,"17,087",0,"52,513"
880,23056-314671669,10381983,Cà Phê Muối Chú Long - Bạch Đằng,23/05/2026 09:01:48,"54,000",0,0,0,"13,257",0,"40,743"
881,23056-314702593,10224935,Cà Phê Muối Chú Long - 585 Quang Trung,23/05/2026 09:00:00,"58,000","11,600",0,0,"11,391",0,"35,009"
882,23056-314727400,10230417,Cà Phê Muối Chú Long - Lê Văn Sỹ,23/05/2026 09:04:17,"29,000","5,000",0,0,"5,892",0,"18,108"
883,23056-314741435,10230399,Cà Phê Muối Chú Long - Tân Kỳ Tân Quý,23/05/2026 09:20:26,"79,000","15,800",0,0,"15,516",0,"47,684"
884,23056-314757359,10235658,Cà Phê Muối Chú Long - Công Trường Quốc Tế,23/05/2026 08:52:17,"58,000","11,600",0,0,"11,391",0,"35,009"
885,23056-314849507,10225895,Cà Phê Muối Chú Long - Cách Mạng Tháng 8,23/05/2026 09:05:09,"58,000","11,600",0,0,"11,391",0,"35,009"
886,23056-314877988,10230292,Cà Phê Muối Chú Long - Lê Văn Việt,23/05/2026 09:14:37,"141,000","28,200",0,0,"27,692",0,"85,108"
887,23056-314924626,10395671,Cà Phê Muối Chú Long - 59 Trường Chinh,23/05/2026 09:10:35,"91,000","18,200",0,0,"17,872",0,"54,928"
888,23056-314996230,10242271,Cà Phê Muối Chú Long - Vũng Tàu,23/05/2026 09:03:53,"29,000",0,0,0,"7,120",0,"21,881"
889,23056-315019288,10224935,Cà Phê Muối Chú Long - 585 Quang Trung,23/05/2026 09:06:44,"58,000","11,600",0,0,"11,391",0,"35,009"
890,23056-315014969,10284115,Cà Phê Muối Chú Long - Kha Vạn Cân,23/05/2026 08:58:09,"87,000","17,400",0,0,"17,087",0,"52,513"
891,23056-315050913,10298824,Cà Phê Muối Chú Long - Hoàng Diệu,23/05/2026 09:23:03,"119,000","23,800",0,0,"23,372",0,"71,828"
892,23056-315069653,10225895,Cà Phê Muối Chú Long - Cách Mạng Tháng 8,23/05/2026 08:59:16,"166,000","29,880",0,0,"33,417",0,"102,703"
893,23056-315080908,10222800,Cà Phê Muối Chú Long - Thành Thái,23/05/2026 09:02:04,"102,000","20,400",0,0,"20,033",0,"61,567"
894,23056-315211351,10219545,Cà Phê Muối Chú Long - Nguyễn Huệ,23/05/2026 09:01:02,"105,000","21,000",0,0,"20,622",0,"63,378"
895,23056-315220240,10230417,Cà Phê Muối Chú Long - Lê Văn Sỹ,23/05/2026 09:06:26,"36,000",0,0,0,"8,838",0,"27,162"
896,23056-315281453,10321524,Cà Phê Muối Chú Long - Đội Cấn,23/05/2026 09:14:22,"58,000","11,600",0,0,"11,391",0,"35,009"
897,23056-315352034,10321523,Cà Phê Muối Chú Long - Thanh Nhàn,23/05/2026 09:17:17,"58,000","11,600",0,0,"11,391",0,"35,009"
898,23056-315460578,10230814,Cà Phê Muối Chú Long - Võ Văn Kiệt,23/05/2026 08:57:18,"108,000","21,600",0,0,"21,211",0,"65,189"
899,23056-315624919,10296675,Cà Phê Muối Chú Long - Trương Định,23/05/2026 09:40:05,"51,000","11,000",0,0,"9,820",0,"30,180"
900,23056-315747116,10292422,Cà Phê Muối Chú Long - Phan Thiết,23/05/2026 08:58:02,"25,000","8,000",0,0,"4,174",0,"12,827"
901,23056-315756059,10230171,Cà Phê Muối Chú Long - Bình Long,23/05/2026 09:10:45,"29,000",0,0,0,"7,120",0,"21,881"
902,23056-315837616,10225902,Cà Phê Muối Chú Long - Hậu Giang,23/05/2026 09:18:49,"119,000","23,800",0,0,"23,372",0,"71,828"
903,23056-315857984,10230793,Cà Phê Muối Chú Long - Huỳnh Văn Bánh,23/05/2026 08:57:25,"58,000","11,600",0,0,"11,391",0,"35,009"
904,23056-316206984,10216423,Cà Phê Muối Chú Long - 417 Cộng Hoà,23/05/2026 09:06:40,"51,000","11,000",0,0,"9,820",0,"30,180"
905,23056-316255355,10230793,Cà Phê Muối Chú Long - Huỳnh Văn Bánh,23/05/2026 09:00:16,"51,000","11,000",0,0,"9,820",0,"30,180"
906,23056-316286792,10307386,Cà Phê Muối Chú Long - Kiên Giang,23/05/2026 09:00:27,"58,000","11,600",0,0,"11,391",0,"35,009"
907,23056-316391826,10225895,Cà Phê Muối Chú Long - Cách Mạng Tháng 8,23/05/2026 09:08:26,"22,000","5,000",0,0,"4,174",0,"12,827"
908,23056-316455397,10225898,Cà Phê Muối Chú Long - Nguyễn Đình Chiểu,23/05/2026 09:19:23,"180,000","32,400",0,0,"36,236",0,"111,364"
909,23056-316468810,10292422,Cà Phê Muối Chú Long - Phan Thiết,23/05/2026 08:58:18,"29,000","7,250",0,0,"5,340",0,"16,410"
910,23056-316506348,10405301,Cà Phê Muối Chú Long - 01 Hàng Đậu,23/05/2026 09:05:55,"51,000",0,0,0,"12,521",0,"38,480"
911,23056-316549424,10292422,Cà Phê Muối Chú Long - Phan Thiết,23/05/2026 09:03:29,"58,000","11,600",0,0,"11,391",0,"35,009"
912,23056-316668704,10216423,Cà Phê Muối Chú Long - 417 Cộng Hoà,23/05/2026 09:02:32,"80,000","16,000",0,0,"15,712",0,"48,288"
913,23056-316686598,10225902,Cà Phê Muối Chú Long - Hậu Giang,23/05/2026 09:11:49,"58,000","11,600",0,0,"11,391",0,"35,009"
914,23056-316779093,10230171,Cà Phê Muối Chú Long - Bình Long,23/05/2026 09:06:38,"22,000","5,000",0,0,"4,174",0,"12,827"
915,23056-316858751,10225898,Cà Phê Muối Chú Long - Nguyễn Đình Chiểu,23/05/2026 09:13:18,"54,000","11,000",0,0,"10,557",0,"32,444"
916,23056-316916933,10292422,Cà Phê Muối Chú Long - Phan Thiết,23/05/2026 09:03:00,"29,000","7,250",0,0,"5,340",0,"16,410"
917,23056-316924226,10381892,Cà Phê Muối Chú Long - Phan Văn Trị,23/05/2026 09:17:33,"66,000","13,200",0,0,"12,962",0,"39,838"
918,23056-316955702,10321523,Cà Phê Muối Chú Long - Thanh Nhàn,23/05/2026 09:50:16,"33,000","5,000",0,0,"6,874",0,"21,126"
919,23056-317006807,10330437,Cà Phê Muối Chú Long - Trần Hưng Đạo,23/05/2026 09:06:41,"29,000","7,250",0,0,"5,340",0,"16,410"
920,23056-317010784,10354882,Cà Phê Muối Chú Long - Quảng Ngãi,23/05/2026 09:04:47,"58,000","11,600",0,0,"11,391",0,"35,009"
921,23056-317035817,10222800,Cà Phê Muối Chú Long - Thành Thái,23/05/2026 09:10:02,"87,000","17,400",0,0,"17,087",0,"52,513"
922,23056-317066863,10298769,Cà Phê Muối Chú Long - Tôn Đức Thắng,23/05/2026 09:24:52,"130,000","26,000",0,0,"25,532",0,"78,468"
923,23056-317103142,10375372,Cà Phê Muối Chú Long - An Dương Vương,23/05/2026 09:00:56,"83,000","16,600",0,0,"16,301",0,"50,099"
924,23056-317116201,10298769,Cà Phê Muối Chú Long - Tôn Đức Thắng,23/05/2026 09:10:26,"141,000","28,200",0,0,"27,692",0,"85,108"
925,23056-317146363,10230793,Cà Phê Muối Chú Long - Huỳnh Văn Bánh,23/05/2026 09:01:22,"51,000","11,000",0,0,"9,820",0,"30,180"
926,23056-317184086,10340098,Cà Phê Muối Chú Long - Thuận An,23/05/2026 09:09:01,"123,000","24,600",0,0,"24,157",0,"74,243"
927,23056-317218515,10230171,Cà Phê Muối Chú Long - Bình Long,23/05/2026 09:09:30,"25,000","8,000",0,0,"4,174",0,"12,827"
928,23056-317273288,10395671,Cà Phê Muối Chú Long - 59 Trường Chinh,23/05/2026 09:06:13,"62,000","12,400",0,0,"12,177",0,"37,423"
929,23056-317429070,10230817,Cà Phê Muối Chú Long - Thích Quảng Đức,23/05/2026 09:11:33,"29,000","5,000",0,0,"5,892",0,"18,108"
930,23056-317541916,10225902,Cà Phê Muối Chú Long - Hậu Giang,23/05/2026 09:02:21,"29,000","5,000",0,0,"5,892",0,"18,108"
931,23056-317548637,10321524,Cà Phê Muối Chú Long - Đội Cấn,23/05/2026 09:05:53,"54,000","11,000",0,0,"10,557",0,"32,444"
932,23056-317635424,10224935,Cà Phê Muối Chú Long - 585 Quang Trung,23/05/2026 09:03:31,"83,000","16,600",0,0,"16,301",0,"50,099"
933,23056-317654411,10292422,Cà Phê Muối Chú Long - Phan Thiết,23/05/2026 09:07:05,"29,000","7,250",0,0,"5,340",0,"16,410"
934,23056-317724392,10225895,Cà Phê Muối Chú Long - Cách Mạng Tháng 8,23/05/2026 09:27:59,"146,000","28,571",0,0,"28,829",0,"88,600"
935,23056-317846137,10230793,Cà Phê Muối Chú Long - Huỳnh Văn Bánh,23/05/2026 09:06:00,"116,000","23,200",0,0,"22,782",0,"70,018"
936,23056-317860647,10225898,Cà Phê Muối Chú Long - Nguyễn Đình Chiểu,23/05/2026 09:09:50,"54,000","11,000",0,0,"10,557",0,"32,444"
937,23056-317865831,10230399,Cà Phê Muối Chú Long - Tân Kỳ Tân Quý,23/05/2026 09:10:53,"25,000","8,000",0,0,"4,174",0,"12,827"
938,23056-317892577,10225898,Cà Phê Muối Chú Long - Nguyễn Đình Chiểu,23/05/2026 09:07:05,"139,000","27,800",0,0,"27,300",0,"83,900"
939,23056-317902905,10230171,Cà Phê Muối Chú Long - Bình Long,23/05/2026 09:13:12,"145,000","28,571",0,0,"28,583",0,"87,846"
940,23056-317957801,10350108,Cà Phê Muối Chú Long - Đường Láng,23/05/2026 09:53:14,"112,000","22,400",0,0,"21,997",0,"67,603"
941,23056-317967802,10242271,Cà Phê Muối Chú Long - Vũng Tàu,23/05/2026 09:05:53,"83,000","16,600",0,0,"16,301",0,"50,099"
942,23056-317982204,10321524,Cà Phê Muối Chú Long - Đội Cấn,23/05/2026 09:18:44,"91,000","18,200",0,0,"17,872",0,"54,928"
943,23056-318013002,10324687,Cà Phê Muối Chú Long - Huỳnh Tấn Phát,23/05/2026 09:14:53,"58,000","11,600",0,0,"11,391",0,"35,009"
944,23056-318112138,10321523,Cà Phê Muối Chú Long - Thanh Nhàn,23/05/2026 09:04:24,"87,000","17,400",0,0,"17,087",0,"52,513"
945,23056-318179986,10225898,Cà Phê Muối Chú Long - Nguyễn Đình Chiểu,23/05/2026 09:10:15,"95,000","19,000",0,0,"18,658",0,"57,342"
946,23056-318177942,10350108,Cà Phê Muối Chú Long - Đường Láng,23/05/2026 10:28:23,"145,000","28,571",0,0,"28,583",0,"87,846"
947,23056-318214701,10225895,Cà Phê Muối Chú Long - Cách Mạng Tháng 8,23/05/2026 09:06:17,"58,000","11,600",0,0,"11,391",0,"35,009"
948,23056-318212620,10230171,Cà Phê Muối Chú Long - Bình Long,23/05/2026 09:14:50,"51,000","11,000",0,0,"9,820",0,"30,180"
949,23056-318419478,10225898,Cà Phê Muối Chú Long - Nguyễn Đình Chiểu,23/05/2026 09:13:41,"29,000","5,000",0,0,"5,892",0,"18,108"
950,23056-318454305,10298769,Cà Phê Muối Chú Long - Tôn Đức Thắng,23/05/2026 09:24:59,"66,000","13,200",0,0,"12,962",0,"39,838"
951,23056-318585865,10216423,Cà Phê Muối Chú Long - 417 Cộng Hoà,23/05/2026 09:19:36,"58,000","11,600",0,0,"11,391",0,"35,009"
952,23056-318638594,10299524,Cà Phê Muối Chú Long - Lê Duẩn,23/05/2026 09:01:08,"69,000","13,800",0,0,"13,552",0,"41,648"
953,23056-318682746,10354891,Cà Phê Muối Chú Long - Trà Vinh,23/05/2026 09:02:21,"36,000","9,000",0,0,"6,629",0,"20,372"
954,23056-318696692,10296675,Cà Phê Muối Chú Long - Trương Định,23/05/2026 09:27:48,"111,000","22,200",0,0,"21,800",0,"67,000"
955,23056-318756956,10230958,Cà Phê Muối Chú Long - 3/26 Quang Trung,23/05/2026 09:37:33,"36,000",0,0,0,"8,838",0,"27,162"
956,23056-318784546,10298769,Cà Phê Muối Chú Long - Tôn Đức Thắng,23/05/2026 09:23:14,"72,000","14,400",0,0,"14,141",0,"43,459"
957,23056-318830009,10324687,Cà Phê Muối Chú Long - Huỳnh Tấn Phát,23/05/2026 09:19:59,"44,000",0,0,0,"10,802",0,"33,198"
958,23056-318882664,10225895,Cà Phê Muối Chú Long - Cách Mạng Tháng 8,23/05/2026 09:12:25,"174,000","31,320",0,0,"35,028",0,"107,652"
959,23056-318883412,10235663,Cà Phê Muối Chú Long - Hà Huy Giáp,23/05/2026 09:01:04,"58,000","11,600",0,0,"11,391",0,"35,009"
960,23056-319007315,10292422,Cà Phê Muối Chú Long - Phan Thiết,23/05/2026 09:27:41,"167,000","30,060",0,0,"33,619",0,"103,321"
961,23056-319039241,10225885,Cà Phê Muối Chú Long - Ngô Tất Tố,23/05/2026 09:07:34,"97,000","19,400",0,0,"19,051",0,"58,549"
962,23056-319140632,10230171,Cà Phê Muối Chú Long - Bình Long,23/05/2026 09:16:15,"76,000","15,000",0,0,"14,976",0,"46,025"
963,23056-319244852,10321524,Cà Phê Muối Chú Long - Đội Cấn,23/05/2026 09:24:49,"54,000","11,000",0,0,"10,557",0,"32,444"
964,23056-319333642,10386890,Cà Phê Muối Chú Long - Nha Trang,23/05/2026 09:10:44,"58,000","11,600",0,0,"11,391",0,"35,009"
965,23056-319350528,10230814,Cà Phê Muối Chú Long - Võ Văn Kiệt,23/05/2026 09:12:22,"22,000","5,000",0,0,"4,174",0,"12,827"
966,23056-319357297,10298769,Cà Phê Muối Chú Long - Tôn Đức Thắng,23/05/2026 09:15:16,"29,000","5,000",0,0,"5,892",0,"18,108"
967,23056-319440141,10321523,Cà Phê Muối Chú Long - Thanh Nhàn,23/05/2026 09:22:44,"178,000","32,040",0,0,"35,833",0,"110,127"
968,23056-319509511,10225895,Cà Phê Muối Chú Long - Cách Mạng Tháng 8,23/05/2026 09:03:56,"58,000","11,600",0,0,"11,391",0,"35,009"
969,23056-319508910,10296675,Cà Phê Muối Chú Long - Trương Định,23/05/2026 09:25:57,"58,000","11,600",0,0,"11,391",0,"35,009"
970,23056-319520321,10350108,Cà Phê Muối Chú Long - Đường Láng,23/05/2026 09:16:55,"130,000","26,000",0,0,"25,532",0,"78,468"
971,23056-319692357,10230292,Cà Phê Muối Chú Long - Lê Văn Việt,23/05/2026 09:04:20,"58,000","11,600",0,0,"11,391",0,"35,009"
972,23056-319758959,10298769,Cà Phê Muối Chú Long - Tôn Đức Thắng,23/05/2026 09:24:45,"29,000","5,000",0,0,"5,892",0,"18,108"
973,23056-319794514,10324687,Cà Phê Muối Chú Long - Huỳnh Tấn Phát,23/05/2026 09:07:00,"73,000","14,600",0,0,"14,337",0,"44,063"
974,23056-319863824,10230399,Cà Phê Muối Chú Long - Tân Kỳ Tân Quý,23/05/2026 09:04:37,"58,000","11,600",0,0,"11,391",0,"35,009"
975,23056-320001855,10321523,Cà Phê Muối Chú Long - Thanh Nhàn,23/05/2026 09:27:35,"58,000","11,600",0,0,"11,391",0,"35,009"
976,23056-320038202,10298769,Cà Phê Muối Chú Long - Tôn Đức Thắng,23/05/2026 09:32:26,"137,000","27,400",0,0,"26,907",0,"82,693"
977,23056-320043946,10230958,Cà Phê Muối Chú Long - 3/26 Quang Trung,23/05/2026 09:09:24,"25,000","8,000",0,0,"4,174",0,"12,827"
978,23056-320059662,10225888,Cà Phê Muối Chú Long - Lạc Long Quân,23/05/2026 09:16:32,"58,000","11,600",0,0,"11,391",0,"35,009"
979,23056-320080357,10315543,Cà Phê Muối Chú Long - Bến Tre,23/05/2026 09:20:37,"47,000",0,0,0,"11,539",0,"35,462"
980,23056-320086709,10321523,Cà Phê Muối Chú Long - Thanh Nhàn,23/05/2026 09:45:54,"22,000","5,000",0,0,"4,174",0,"12,827"
981,23056-320131548,10230814,Cà Phê Muối Chú Long - Võ Văn Kiệt,23/05/2026 09:07:03,"110,000","22,000",0,0,"21,604",0,"66,396"
982,23056-320157193,10296675,Cà Phê Muối Chú Long - Trương Định,23/05/2026 09:35:08,"29,000","5,000",0,0,"5,892",0,"18,108"
983,23056-320225210,10296675,Cà Phê Muối Chú Long - Trương Định,23/05/2026 09:20:40,"124,000","24,800",0,0,"24,354",0,"74,846"
984,23056-320234527,10225898,Cà Phê Muối Chú Long - Nguyễn Đình Chiểu,23/05/2026 09:12:29,"58,000","11,600",0,0,"11,391",0,"35,009"
985,23056-320329227,10216423,Cà Phê Muối Chú Long - 417 Cộng Hoà,23/05/2026 09:12:53,"36,000",0,0,0,"8,838",0,"27,162"
986,23056-320429863,10354882,Cà Phê Muối Chú Long - Quảng Ngãi,23/05/2026 09:14:09,"51,000","10,000",0,0,"10,066",0,"30,935"
987,23056-320587012,10292015,Cà Phê Muối Chú Long - Long An,23/05/2026 09:02:12,"58,000","11,600",0,0,"11,391",0,"35,009"
988,23056-320646749,10225895,Cà Phê Muối Chú Long - Cách Mạng Tháng 8,23/05/2026 09:08:27,"58,000","10,000",0,0,"11,784",0,"36,216"
989,23056-320709510,10321524,Cà Phê Muối Chú Long - Đội Cấn,23/05/2026 09:37:46,"65,000","13,000",0,0,"12,766",0,"39,234"
990,23056-320715384,10395671,Cà Phê Muối Chú Long - 59 Trường Chinh,23/05/2026 09:08:47,"170,000","30,600",0,0,"34,223",0,"105,177"
991,23056-320726970,10381892,Cà Phê Muối Chú Long - Phan Văn Trị,23/05/2026 09:10:03,"87,000","17,400",0,0,"17,087",0,"52,513"
992,23056-320810469,10230793,Cà Phê Muối Chú Long - Huỳnh Văn Bánh,23/05/2026 09:13:17,"145,000","28,571",0,0,"28,583",0,"87,846"
993,23056-320840130,10350108,Cà Phê Muối Chú Long - Đường Láng,23/05/2026 09:56:14,"58,000","11,000",0,0,"11,539",0,"35,462"
994,23056-320841147,10358016,Cà Phê Muối Chú Long - Bà Triệu,23/05/2026 09:02:12,"58,000","11,600",0,0,"11,391",0,"35,009"
995,23056-320936782,10225902,Cà Phê Muối Chú Long - Hậu Giang,23/05/2026 09:16:28,"88,000","17,600",0,0,"17,283",0,"53,117"
996,23056-320991146,10219545,Cà Phê Muối Chú Long - Nguyễn Huệ,23/05/2026 09:05:29,"116,000","20,000",0,0,"23,568",0,"72,432"
997,23056-321007278,10235658,Cà Phê Muối Chú Long - Công Trường Quốc Tế,23/05/2026 09:17:02,"52,000","11,000",0,0,"10,066",0,"30,935"
998,23056-321060431,10375372,Cà Phê Muối Chú Long - An Dương Vương,23/05/2026 09:19:28,"116,000","23,200",0,0,"22,782",0,"70,018"
999,23056-321108271,10235663,Cà Phê Muối Chú Long - Hà Huy Giáp,23/05/2026 09:28:13,"87,000","17,400",0,0,"17,087",0,"52,513"
1000,23056-321197832,10321524,Cà Phê Muối Chú Long - Đội Cấn,23/05/2026 10:02:12,"44,000",0,0,0,"10,802",0,"33,198"
1001,23056-321204183,10298769,Cà Phê Muối Chú Long - Tôn Đức Thắng,23/05/2026 09:13:02,"58,000","11,600",0,0,"11,391",0,"35,009"
1002,23056-321218468,10230814,Cà Phê Muối Chú Long - Võ Văn Kiệt,23/05/2026 09:39:20,"159,000","28,620",0,0,"32,008",0,"98,372"
1003,23056-321372613,10324687,Cà Phê Muối Chú Long - Huỳnh Tấn Phát,23/05/2026 09:09:06,"73,000","14,600",0,0,"14,337",0,"44,063"
1004,23056-321399918,10225902,Cà Phê Muối Chú Long - Hậu Giang,23/05/2026 09:10:50,"58,000","11,600",0,0,"11,391",0,"35,009"
1005,23056-321455890,10242271,Cà Phê Muối Chú Long - Vũng Tàu,23/05/2026 09:18:09,"58,000","11,600",0,0,"11,391",0,"35,009"
1006,23056-321574494,10224935,Cà Phê Muối Chú Long - 585 Quang Trung,23/05/2026 09:16:01,"51,000","11,000",0,0,"9,820",0,"30,180"
1007,23056-321739569,10292422,Cà Phê Muối Chú Long - Phan Thiết,23/05/2026 09:20:09,"29,000","7,250",0,0,"5,340",0,"16,410"
1008,23056-321761787,10230958,Cà Phê Muối Chú Long - 3/26 Quang Trung,23/05/2026 09:22:54,"58,000","11,600",0,0,"11,391",0,"35,009"
1009,23056-321766882,10222800,Cà Phê Muối Chú Long - Thành Thái,23/05/2026 09:10:07,"58,000","11,600",0,0,"11,391",0,"35,009"
1010,23056-321781197,10321523,Cà Phê Muối Chú Long - Thanh Nhàn,23/05/2026 09:24:20,"79,000","15,800",0,0,"15,516",0,"47,684"
1011,23056-321807635,10386890,Cà Phê Muối Chú Long - Nha Trang,23/05/2026 09:06:54,"65,000","13,000",0,0,"12,766",0,"39,234"
1012,23056-321919240,10284115,Cà Phê Muối Chú Long - Kha Vạn Cân,23/05/2026 09:31:15,"51,000","11,000",0,0,"9,820",0,"30,180"
1013,23056-321952046,10225902,Cà Phê Muối Chú Long - Hậu Giang,23/05/2026 09:10:54,"58,000",0,0,0,"14,239",0,"43,761"
1014,23056-322051755,10230958,Cà Phê Muối Chú Long - 3/26 Quang Trung,23/05/2026 09:17:55,"73,000","14,600",0,0,"14,337",0,"44,063"
1015,23056-322095467,10219545,Cà Phê Muối Chú Long - Nguyễn Huệ,23/05/2026 09:10:59,"37,000",0,0,0,"9,084",0,"27,917"
1016,23056-322131173,10296675,Cà Phê Muối Chú Long - Trương Định,23/05/2026 09:26:07,"88,000","17,600",0,0,"17,283",0,"53,117"
1017,23056-322312109,10397657,Cà Phê Muối Chú Long - 368 Lê Đức Thọ,23/05/2026 09:11:45,"94,000","18,800",0,0,"18,462",0,"56,738"
1018,23056-322347311,10298769,Cà Phê Muối Chú Long - Tôn Đức Thắng,23/05/2026 09:23:34,"95,000","19,000",0,0,"18,658",0,"57,342"
1019,23056-322355740,10230417,Cà Phê Muối Chú Long - Lê Văn Sỹ,23/05/2026 09:26:45,"278,000","47,368",0,0,"56,620",0,"174,012"
1020,23056-322521140,10225888,Cà Phê Muối Chú Long - Lạc Long Quân,23/05/2026 09:04:54,"83,000","16,600",0,0,"16,301",0,"50,099"
1021,23056-322563930,10298769,Cà Phê Muối Chú Long - Tôn Đức Thắng,23/05/2026 09:27:16,"87,000","17,400",0,0,"17,087",0,"52,513"
1022,23056-322599234,10224935,Cà Phê Muối Chú Long - 585 Quang Trung,23/05/2026 09:35:47,"22,000",0,0,0,"5,401",0,"16,599"
1023,23056-322617615,10324687,Cà Phê Muối Chú Long - Huỳnh Tấn Phát,23/05/2026 09:19:31,"22,000","5,000",0,0,"4,174",0,"12,827"
1024,23056-322642624,10350108,Cà Phê Muối Chú Long - Đường Láng,23/05/2026 09:49:01,"112,000","22,400",0,0,"21,997",0,"67,603"
1025,23056-322718964,10321523,Cà Phê Muối Chú Long - Thanh Nhàn,23/05/2026 09:18:32,"58,000","10,000",0,0,"11,784",0,"36,216"
1026,23056-322805216,10232123,Cà Phê Muối Chú Long - 17A Ngô Tất Tố,23/05/2026 09:14:14,"58,000","11,600",0,0,"11,391",0,"35,009"
1027,23056-322835973,10222800,Cà Phê Muối Chú Long - Thành Thái,23/05/2026 09:26:51,"87,000","17,400",0,0,"17,087",0,"52,513"
1028,23056-322875663,10225902,Cà Phê Muối Chú Long - Hậu Giang,23/05/2026 09:22:25,"58,000","11,600",0,0,"11,391",0,"35,009"
1029,23056-322895240,10224935,Cà Phê Muối Chú Long - 585 Quang Trung,23/05/2026 09:14:18,"37,000",0,0,0,"9,084",0,"27,917"
1030,23056-322930398,10330437,Cà Phê Muối Chú Long - Trần Hưng Đạo,23/05/2026 09:12:16,"80,000","16,000",0,0,"15,712",0,"48,288"
1031,23056-322949340,10230171,Cà Phê Muối Chú Long - Bình Long,23/05/2026 09:16:55,"29,000","5,000",0,0,"5,892",0,"18,108"
1032,23056-322977277,10235663,Cà Phê Muối Chú Long - Hà Huy Giáp,23/05/2026 09:16:24,"52,000","11,000",0,0,"10,066",0,"30,935"
1033,23056-323049882,10225898,Cà Phê Muối Chú Long - Nguyễn Đình Chiểu,23/05/2026 09:26:14,"105,000","21,000",0,0,"20,622",0,"63,378"
1034,23056-323167611,10242271,Cà Phê Muối Chú Long - Vũng Tàu,23/05/2026 09:22:50,"87,000","17,400",0,0,"17,087",0,"52,513"
1035,23056-323172917,10230793,Cà Phê Muối Chú Long - Huỳnh Văn Bánh,23/05/2026 09:11:32,"29,000","5,000",0,0,"5,892",0,"18,108"
1036,23056-323173330,10395671,Cà Phê Muối Chú Long - 59 Trường Chinh,23/05/2026 09:13:17,"112,000","22,400",0,0,"21,997",0,"67,603"
1037,23056-323237812,10298769,Cà Phê Muối Chú Long - Tôn Đức Thắng,23/05/2026 09:39:51,"116,000","23,200",0,0,"22,782",0,"70,018"
1038,23056-323438973,10292422,Cà Phê Muối Chú Long - Phan Thiết,23/05/2026 09:13:13,"58,000","11,600",0,0,"11,391",0,"35,009"
1039,23056-323573988,10397657,Cà Phê Muối Chú Long - 368 Lê Đức Thọ,23/05/2026 09:46:59,"137,000","27,400",0,0,"26,907",0,"82,693"
1040,23056-323639239,10225898,Cà Phê Muối Chú Long - Nguyễn Đình Chiểu,23/05/2026 09:38:37,"29,000","5,000",0,0,"5,892",0,"18,108"
1041,23056-324146804,10225898,Cà Phê Muối Chú Long - Nguyễn Đình Chiểu,23/05/2026 09:21:50,"58,000","11,600",0,0,"11,391",0,"35,009"
1042,23056-324204540,10225898,Cà Phê Muối Chú Long - Nguyễn Đình Chiểu,23/05/2026 09:15:15,"58,000","11,600",0,0,"11,391",0,"35,009"
1043,23056-324333511,10225871,Cà Phê Muối Chú Long - Đặng Nguyên Cẩn,23/05/2026 09:22:05,"87,000","17,400",0,0,"17,087",0,"52,513"
1044,23056-324424997,10284115,Cà Phê Muối Chú Long - Kha Vạn Cân,23/05/2026 09:27:00,"58,000","11,600",0,0,"11,391",0,"35,009"
1045,23056-324474235,10296675,Cà Phê Muối Chú Long - Trương Định,23/05/2026 09:27:54,"58,000","11,600",0,0,"11,391",0,"35,009"
1046,23056-324521232,10230793,Cà Phê Muối Chú Long - Huỳnh Văn Bánh,23/05/2026 09:08:59,"58,000","11,600",0,0,"11,391",0,"35,009"
1047,23056-324674233,10230171,Cà Phê Muối Chú Long - Bình Long,23/05/2026 09:13:24,"58,000","11,600",0,0,"11,391",0,"35,009"
1048,23056-324741238,10230958,Cà Phê Muối Chú Long - 3/26 Quang Trung,23/05/2026 09:28:08,"59,000","11,000",0,0,"11,784",0,"36,216"
1049,23056-324768246,10299524,Cà Phê Muối Chú Long - Lê Duẩn,23/05/2026 09:18:05,"54,000","10,000",0,0,"10,802",0,"33,198"
1050,23056-324810093,10321524,Cà Phê Muối Chú Long - Đội Cấn,23/05/2026 09:25:03,"54,000","11,000",0,0,"10,557",0,"32,444"
1051,23056-324833144,10284115,Cà Phê Muối Chú Long - Kha Vạn Cân,23/05/2026 09:25:15,"58,000","11,000",0,0,"11,539",0,"35,462"
1052,23056-324921738,10235659,Cà Phê Muối Chú Long - Nguyễn Hữu Cảnh,23/05/2026 09:19:31,"80,000","16,000",0,0,"15,712",0,"48,288"
1053,23056-325042727,10224935,Cà Phê Muối Chú Long - 585 Quang Trung,23/05/2026 09:26:08,"51,000","10,000",0,0,"10,066",0,"30,935"
1054,23056-325168025,10233716,Cà Phê Muối Chú Long - 130 Thích Quảng Đức,23/05/2026 09:32:50,"51,000","10,000",0,0,"10,066",0,"30,935"
1055,23056-947698849,10225888,Cà Phê Muối Chú Long - Lạc Long Quân,23/05/2026 09:11:50,"72,000","14,400",0,0,"14,141",0,"43,459"
1056,23056-325310211,10299524,Cà Phê Muối Chú Long - Lê Duẩn,23/05/2026 09:31:44,"58,000","11,600",0,0,"11,391",0,"35,009"
1057,23056-325341640,10230793,Cà Phê Muối Chú Long - Huỳnh Văn Bánh,23/05/2026 09:09:09,"51,000","11,000",0,0,"9,820",0,"30,180"
1058,23056-325418254,10321523,Cà Phê Muối Chú Long - Thanh Nhàn,23/05/2026 09:36:25,"29,000","5,000",0,0,"5,892",0,"18,108"
1059,23056-325496876,10225895,Cà Phê Muối Chú Long - Cách Mạng Tháng 8,23/05/2026 09:16:53,"80,000","16,000",0,0,"15,712",0,"48,288"
1060,23056-325542698,10230292,Cà Phê Muối Chú Long - Lê Văn Việt,23/05/2026 09:17:03,"29,000","5,000",0,0,"5,892",0,"18,108"
1061,23056-325649996,10395671,Cà Phê Muối Chú Long - 59 Trường Chinh,23/05/2026 09:14:51,"87,000","17,400",0,0,"17,087",0,"52,513"
1062,23056-325733805,10321523,Cà Phê Muối Chú Long - Thanh Nhàn,23/05/2026 09:29:53,"47,000","5,000",0,0,"10,311",0,"31,689"
1063,23056-325767378,10225898,Cà Phê Muối Chú Long - Nguyễn Đình Chiểu,23/05/2026 09:31:54,"167,000","30,060",0,0,"33,619",0,"103,321"
1064,23056-325773770,10224935,Cà Phê Muối Chú Long - 585 Quang Trung,23/05/2026 09:47:34,"58,000","11,600",0,0,"11,391",0,"35,009"
1065,23056-325893969,10230171,Cà Phê Muối Chú Long - Bình Long,23/05/2026 09:27:50,"22,000","5,000",0,0,"4,174",0,"12,827"
1066,23056-325887916,10395671,Cà Phê Muối Chú Long - 59 Trường Chinh,23/05/2026 09:27:49,"112,000","22,400",0,0,"21,997",0,"67,603"
1067,23056-325944554,10324687,Cà Phê Muối Chú Long - Huỳnh Tấn Phát,23/05/2026 09:28:54,"58,000","11,600",0,0,"11,391",0,"35,009"
1068,23056-325979104,10292422,Cà Phê Muối Chú Long - Phan Thiết,23/05/2026 09:11:26,"44,000","10,000",0,0,"8,347",0,"25,653"
1069,23056-326060974,10395671,Cà Phê Muối Chú Long - 59 Trường Chinh,23/05/2026 09:21:16,"58,000","11,600",0,0,"11,391",0,"35,009"
1070,23056-326104203,10230417,Cà Phê Muối Chú Long - Lê Văn Sỹ,23/05/2026 09:34:48,"145,000","28,571",0,0,"28,583",0,"87,846"
1071,23056-326146589,10292422,Cà Phê Muối Chú Long - Phan Thiết,23/05/2026 09:13:23,"29,000","7,250",0,0,"5,340",0,"16,410"
1072,23056-326152317,10225871,Cà Phê Muối Chú Long - Đặng Nguyên Cẩn,23/05/2026 09:33:15,"87,000","17,400",0,0,"17,087",0,"52,513"
1073,23056-326226891,10230399,Cà Phê Muối Chú Long - Tân Kỳ Tân Quý,23/05/2026 09:18:40,"58,000","11,600",0,0,"11,391",0,"35,009"
1074,23056-326459177,10397657,Cà Phê Muối Chú Long - 368 Lê Đức Thọ,23/05/2026 09:28:32,"104,000","20,800",0,0,"20,426",0,"62,774"
1075,23056-326494024,10225902,Cà Phê Muối Chú Long - Hậu Giang,23/05/2026 09:09:25,"51,000","11,000",0,0,"9,820",0,"30,180"
1076,23056-326584891,10298769,Cà Phê Muối Chú Long - Tôn Đức Thắng,23/05/2026 09:25:19,"61,000","12,200",0,0,"11,980",0,"36,820"
1077,23056-326592742,10386890,Cà Phê Muối Chú Long - Nha Trang,23/05/2026 09:20:08,"22,000","5,000",0,0,"4,174",0,"12,827"
1078,23056-326633459,10386890,Cà Phê Muối Chú Long - Nha Trang,23/05/2026 09:25:07,"29,000","5,000",0,0,"5,892",0,"18,108"
1079,23056-326716972,10324687,Cà Phê Muối Chú Long - Huỳnh Tấn Phát,23/05/2026 09:35:45,"58,000","11,600",0,0,"11,391",0,"35,009"
1080,23056-326745545,10242271,Cà Phê Muối Chú Long - Vũng Tàu,23/05/2026 09:21:59,"58,000","11,000",0,0,"11,539",0,"35,462"
1081,23056-326837111,10222800,Cà Phê Muối Chú Long - Thành Thái,23/05/2026 09:23:18,"87,000","17,400",0,0,"17,087",0,"52,513"
1082,23056-326865360,10381983,Cà Phê Muối Chú Long - Bạch Đằng,23/05/2026 09:34:53,"101,000",0,0,0,"24,796",0,"76,205"
1083,23056-326912225,10225898,Cà Phê Muối Chú Long - Nguyễn Đình Chiểu,23/05/2026 09:37:37,"138,000","27,600",0,0,"27,103",0,"83,297"
1084,23056-326978111,10285817,Cà Phê Muối Chú Long - 1349 Cách Mạng Tháng 8,23/05/2026 09:16:49,"44,000","10,000",0,0,"8,347",0,"25,653"
1085,23056-327071973,10225888,Cà Phê Muối Chú Long - Lạc Long Quân,23/05/2026 09:26:42,"58,000","11,600",0,0,"11,391",0,"35,009"
1086,23056-327180795,10230399,Cà Phê Muối Chú Long - Tân Kỳ Tân Quý,23/05/2026 09:20:40,"58,000","11,600",0,0,"11,391",0,"35,009"
1087,23056-327183877,10296675,Cà Phê Muối Chú Long - Trương Định,23/05/2026 09:25:57,"29,000","5,000",0,0,"5,892",0,"18,108"
1088,23056-327259312,10235663,Cà Phê Muối Chú Long - Hà Huy Giáp,23/05/2026 09:28:16,"29,000","7,250",0,0,"5,340",0,"16,410"
1089,23056-327276809,10395671,Cà Phê Muối Chú Long - 59 Trường Chinh,23/05/2026 09:21:05,"76,000","15,200",0,0,"14,926",0,"45,874"
1090,23056-327441122,10386890,Cà Phê Muối Chú Long - Nha Trang,23/05/2026 09:25:57,"58,000","11,600",0,0,"11,391",0,"35,009"
1091,23056-327446215,10224935,Cà Phê Muối Chú Long - 585 Quang Trung,23/05/2026 09:43:19,"58,000","11,600",0,0,"11,391",0,"35,009"
1092,23056-327610470,10350108,Cà Phê Muối Chú Long - Đường Láng,23/05/2026 10:01:26,"58,000","11,600",0,0,"11,391",0,"35,009"
1093,23056-327677143,10225898,Cà Phê Muối Chú Long - Nguyễn Đình Chiểu,23/05/2026 09:22:29,"87,000","17,400",0,0,"17,087",0,"52,513"
1094,23056-327855134,10321524,Cà Phê Muối Chú Long - Đội Cấn,23/05/2026 09:46:16,"116,000","23,200",0,0,"22,782",0,"70,018"
1095,23056-328027093,10395671,Cà Phê Muối Chú Long - 59 Trường Chinh,23/05/2026 09:17:52,"90,000","18,000",0,0,"17,676",0,"54,324"
1096,23056-328038735,10225895,Cà Phê Muối Chú Long - Cách Mạng Tháng 8,23/05/2026 09:22:22,"58,000","11,600",0,0,"11,391",0,"35,009"
1097,23056-328050248,10354882,Cà Phê Muối Chú Long - Quảng Ngãi,23/05/2026 09:11:09,"29,000","7,250",0,0,"5,340",0,"16,410"
1098,23056-328103238,10225888,Cà Phê Muối Chú Long - Lạc Long Quân,23/05/2026 09:26:16,"58,000","11,600",0,0,"11,391",0,"35,009"
1099,23056-328336600,10230793,Cà Phê Muối Chú Long - Huỳnh Văn Bánh,23/05/2026 09:34:53,"51,000","10,000",0,0,"10,066",0,"30,935"
1100,23056-328524931,10225895,Cà Phê Muối Chú Long - Cách Mạng Tháng 8,23/05/2026 09:29:06,"162,000","29,160",0,0,"32,612",0,"100,228"
1101,23056-328550142,10381892,Cà Phê Muối Chú Long - Phan Văn Trị,23/05/2026 09:22:50,"73,000","14,600",0,0,"14,337",0,"44,063"
1102,23056-328571575,10386890,Cà Phê Muối Chú Long - Nha Trang,23/05/2026 09:27:32,"29,000","5,000",0,0,"5,892",0,"18,108"
1103,23056-328675875,10321523,Cà Phê Muối Chú Long - Thanh Nhàn,23/05/2026 09:37:06,"29,000","5,000",0,0,"5,892",0,"18,108"
1104,23056-328709532,10216423,Cà Phê Muối Chú Long - 417 Cộng Hoà,23/05/2026 09:32:15,"87,000","17,400",0,0,"17,087",0,"52,513"
1105,23056-328722093,10235658,Cà Phê Muối Chú Long - Công Trường Quốc Tế,23/05/2026 09:18:09,"58,000","11,600",0,0,"11,391",0,"35,009"
1106,23056-328839202,10232123,Cà Phê Muối Chú Long - 17A Ngô Tất Tố,23/05/2026 09:22:30,"73,000","14,600",0,0,"14,337",0,"44,063"
1107,23056-328842585,10224935,Cà Phê Muối Chú Long - 585 Quang Trung,23/05/2026 09:37:09,"87,000","17,400",0,0,"17,087",0,"52,513"
1108,23056-328927353,10354882,Cà Phê Muối Chú Long - Quảng Ngãi,23/05/2026 09:30:33,"51,000","10,000",0,0,"10,066",0,"30,935"
1109,23056-328941425,10397657,Cà Phê Muối Chú Long - 368 Lê Đức Thọ,23/05/2026 09:23:28,"58,000","11,600",0,0,"11,391",0,"35,009"
1110,23056-328940834,10292015,Cà Phê Muối Chú Long - Long An,23/05/2026 09:36:30,"29,000","7,250",0,0,"5,340",0,"16,410"
1111,23056-328959198,10375372,Cà Phê Muối Chú Long - An Dương Vương,23/05/2026 09:25:30,"116,000","23,200",0,0,"22,782",0,"70,018"
1112,23056-329022036,10298769,Cà Phê Muối Chú Long - Tôn Đức Thắng,23/05/2026 09:27:38,"60,000","12,000",0,0,"11,784",0,"36,216"
1113,23056-329090756,10354882,Cà Phê Muối Chú Long - Quảng Ngãi,23/05/2026 09:21:44,"58,000","11,600",0,0,"11,391",0,"35,009"
1114,23056-329159374,10225898,Cà Phê Muối Chú Long - Nguyễn Đình Chiểu,23/05/2026 09:32:15,"87,000","17,400",0,0,"17,087",0,"52,513"
1115,23056-329160527,10375372,Cà Phê Muối Chú Long - An Dương Vương,23/05/2026 09:29:43,"29,000","5,000",0,0,"5,892",0,"18,108"
1116,23056-329231609,10298769,Cà Phê Muối Chú Long - Tôn Đức Thắng,23/05/2026 09:43:05,"58,000","11,600",0,0,"11,391",0,"35,009"
1117,23056-329268013,10224935,Cà Phê Muối Chú Long - 585 Quang Trung,23/05/2026 09:50:11,"29,000","5,000",0,0,"5,892",0,"18,108"
1118,23056-329339744,10230958,Cà Phê Muối Chú Long - 3/26 Quang Trung,23/05/2026 09:18:04,"58,000","11,600",0,0,"11,391",0,"35,009"
1119,23056-329356923,10381983,Cà Phê Muối Chú Long - Bạch Đằng,23/05/2026 09:28:09,"58,000",0,0,0,"14,239",0,"43,761"
1120,23056-329460130,10230814,Cà Phê Muối Chú Long - Võ Văn Kiệt,23/05/2026 09:18:41,"44,000","5,000",0,0,"9,575",0,"29,426"
1121,23056-329501545,10230793,Cà Phê Muối Chú Long - Huỳnh Văn Bánh,23/05/2026 09:25:51,"66,000","13,200",0,0,"12,962",0,"39,838"
1122,23056-329580521,10225898,Cà Phê Muối Chú Long - Nguyễn Đình Chiểu,23/05/2026 09:36:52,"67,000","13,400",0,0,"13,159",0,"40,441"
1123,23056-329604158,10375372,Cà Phê Muối Chú Long - An Dương Vương,23/05/2026 09:44:31,"54,000","10,000",0,0,"10,802",0,"33,198"
1124,23056-329639752,10235663,Cà Phê Muối Chú Long - Hà Huy Giáp,23/05/2026 09:22:32,"51,000","11,000",0,0,"9,820",0,"30,180"
1125,23056-329743319,10230958,Cà Phê Muối Chú Long - 3/26 Quang Trung,23/05/2026 09:26:48,"58,000","11,600",0,0,"11,391",0,"35,009"
1126,23056-329736209,10225898,Cà Phê Muối Chú Long - Nguyễn Đình Chiểu,23/05/2026 09:28:44,"73,000","14,600",0,0,"14,337",0,"44,063"
1127,23056-329930872,10233716,Cà Phê Muối Chú Long - 130 Thích Quảng Đức,23/05/2026 09:49:43,"29,000","5,000",0,0,"5,892",0,"18,108"
1128,23056-330005817,10354882,Cà Phê Muối Chú Long - Quảng Ngãi,23/05/2026 09:26:29,"36,000","9,000",0,0,"6,629",0,"20,372"
1129,23056-330038838,10224935,Cà Phê Muối Chú Long - 585 Quang Trung,23/05/2026 09:33:01,"22,000","5,000",0,0,"4,174",0,"12,827"
1130,23056-330042903,10235658,Cà Phê Muối Chú Long - Công Trường Quốc Tế,23/05/2026 09:23:41,"87,000","17,400",0,0,"17,087",0,"52,513"
1131,23056-330078013,10321523,Cà Phê Muối Chú Long - Thanh Nhàn,23/05/2026 09:27:26,"29,000","5,000",0,0,"5,892",0,"18,108"
1132,23056-330150188,10298769,Cà Phê Muối Chú Long - Tôn Đức Thắng,23/05/2026 09:23:10,"54,000","11,000",0,0,"10,557",0,"32,444"
1133,23056-330281049,10354891,Cà Phê Muối Chú Long - Trà Vinh,23/05/2026 09:28:34,"87,000","17,400",0,0,"17,087",0,"52,513"
1134,23056-330298263,10324687,Cà Phê Muối Chú Long - Huỳnh Tấn Phát,23/05/2026 09:22:38,"29,000","5,000",0,0,"5,892",0,"18,108"
1135,23056-330315405,10224935,Cà Phê Muối Chú Long - 585 Quang Trung,23/05/2026 09:27:32,"58,000","11,600",0,0,"11,391",0,"35,009"
1136,23056-330396343,10298769,Cà Phê Muối Chú Long - Tôn Đức Thắng,23/05/2026 09:27:25,"74,000","14,800",0,0,"14,534",0,"44,666"
1137,23056-330481808,10358037,Cà Phê Muối Chú Long - 35 Trần Phú,23/05/2026 09:24:19,"47,000","10,000",0,0,"9,084",0,"27,917"
1138,23056-330537484,10230814,Cà Phê Muối Chú Long - Võ Văn Kiệt,23/05/2026 09:30:47,"51,000","11,000",0,0,"9,820",0,"30,180"
1139,23056-330607081,10397657,Cà Phê Muối Chú Long - 368 Lê Đức Thọ,23/05/2026 09:27:20,"58,000","11,600",0,0,"11,391",0,"35,009"
1140,23056-330640815,10350108,Cà Phê Muối Chú Long - Đường Láng,23/05/2026 10:18:17,"58,000",0,0,0,"14,239",0,"43,761"
1141,23056-330794465,10230171,Cà Phê Muối Chú Long - Bình Long,23/05/2026 09:21:47,"37,000","5,000",0,0,"7,856",0,"24,144"
1142,23056-330902822,10321524,Cà Phê Muối Chú Long - Đội Cấn,23/05/2026 10:01:39,"58,000","11,600",0,0,"11,391",0,"35,009"
1143,23056-330905195,10224935,Cà Phê Muối Chú Long - 585 Quang Trung,23/05/2026 09:32:23,"58,000","11,600",0,0,"11,391",0,"35,009"
1144,23056-330910727,10386890,Cà Phê Muối Chú Long - Nha Trang,23/05/2026 09:25:21,"94,000","18,800",0,0,"18,462",0,"56,738"
1145,23056-331150187,10235658,Cà Phê Muối Chú Long - Công Trường Quốc Tế,23/05/2026 09:25:39,"145,000","28,571",0,0,"28,583",0,"87,846"
1146,23056-331170359,10242271,Cà Phê Muối Chú Long - Vũng Tàu,23/05/2026 09:35:45,"29,000","5,000",0,0,"5,892",0,"18,108"
1147,23056-331333113,10235663,Cà Phê Muối Chú Long - Hà Huy Giáp,23/05/2026 09:29:12,"62,000","12,400",0,0,"12,177",0,"37,423"
1148,23056-331694348,10298769,Cà Phê Muối Chú Long - Tôn Đức Thắng,23/05/2026 09:26:59,"58,000","11,600",0,0,"11,391",0,"35,009"
1149,23056-331743283,10375372,Cà Phê Muối Chú Long - An Dương Vương,23/05/2026 09:56:02,"116,000","23,200",0,0,"22,782",0,"70,018"
1150,23056-331759227,10219545,Cà Phê Muối Chú Long - Nguyễn Huệ,23/05/2026 09:37:50,"116,000","23,200",0,0,"22,782",0,"70,018"
1151,23056-331972048,10321523,Cà Phê Muối Chú Long - Thanh Nhàn,23/05/2026 09:53:39,"76,000","15,200",0,0,"14,926",0,"45,874"
1152,23056-331986799,10216423,Cà Phê Muối Chú Long - 417 Cộng Hoà,23/05/2026 10:00:56,"164,000","29,520",0,0,"33,015",0,"101,465"
1153,23056-332206933,10287840,Cà Phê Muối Chú Long - Long Xuyên,23/05/2026 09:29:59,"44,000","10,000",0,0,"8,347",0,"25,653"
1154,23056-332359364,10235659,Cà Phê Muối Chú Long - Nguyễn Hữu Cảnh,23/05/2026 09:33:35,"398,000","54,500",0,0,"84,329",0,"259,171"
1155,23056-332431360,10230417,Cà Phê Muối Chú Long - Lê Văn Sỹ,23/05/2026 09:43:41,"80,000","16,000",0,0,"15,712",0,"48,288"
1156,23056-332626322,10235663,Cà Phê Muối Chú Long - Hà Huy Giáp,23/05/2026 09:26:12,"69,000","13,800",0,0,"13,552",0,"41,648"
1157,23056-332640288,10284115,Cà Phê Muối Chú Long - Kha Vạn Cân,23/05/2026 09:33:05,"58,000","11,600",0,0,"11,391",0,"35,009"
1158,23056-332716868,10298824,Cà Phê Muối Chú Long - Hoàng Diệu,23/05/2026 09:35:36,"52,000","10,000",0,0,"10,311",0,"31,689"
1159,23056-332783849,10230417,Cà Phê Muối Chú Long - Lê Văn Sỹ,23/05/2026 09:37:09,"54,000","11,000",0,0,"10,557",0,"32,444"
1160,23056-332803257,10326235,Cà Phê Muối Chú Long - Cà Mau,23/05/2026 09:23:35,"80,000","16,000",0,0,"15,712",0,"48,288"
1161,23056-332843039,10405301,Cà Phê Muối Chú Long - 01 Hàng Đậu,23/05/2026 09:30:53,"58,000",0,0,0,"14,239",0,"43,761"
1162,23056-332849864,10235659,Cà Phê Muối Chú Long - Nguyễn Hữu Cảnh,23/05/2026 09:38:56,"29,000","5,000",0,0,"5,892",0,"18,108"
1163,23056-332893815,10224935,Cà Phê Muối Chú Long - 585 Quang Trung,23/05/2026 09:35:08,"87,000","17,400",0,0,"17,087",0,"52,513"
1164,23056-332924381,10397657,Cà Phê Muối Chú Long - 368 Lê Đức Thọ,23/05/2026 09:37:15,"58,000","10,000",0,0,"11,784",0,"36,216"
1165,23056-332964401,10225898,Cà Phê Muối Chú Long - Nguyễn Đình Chiểu,23/05/2026 09:30:46,"87,000","17,400",0,0,"17,087",0,"52,513"
1166,23056-333119261,10324687,Cà Phê Muối Chú Long - Huỳnh Tấn Phát,23/05/2026 09:31:07,"58,000","11,600",0,0,"11,391",0,"35,009"
1167,23056-333154430,10340098,Cà Phê Muối Chú Long - Thuận An,23/05/2026 09:27:53,"58,000","11,600",0,0,"11,391",0,"35,009"
1168,23056-333196472,10230171,Cà Phê Muối Chú Long - Bình Long,23/05/2026 09:55:38,"58,000","11,600",0,0,"11,391",0,"35,009"
1169,23056-333212305,10216423,Cà Phê Muối Chú Long - 417 Cộng Hoà,23/05/2026 09:35:25,"25,000","8,000",0,0,"4,174",0,"12,827"
1170,23056-333276555,10230292,Cà Phê Muối Chú Long - Lê Văn Việt,23/05/2026 09:24:53,"22,000","5,000",0,0,"4,174",0,"12,827"
1171,23056-333285401,10230171,Cà Phê Muối Chú Long - Bình Long,23/05/2026 09:27:31,"29,000","5,000",0,0,"5,892",0,"18,108"
1172,23056-333470194,10375372,Cà Phê Muối Chú Long - An Dương Vương,23/05/2026 09:32:03,"58,000","11,600",0,0,"11,391",0,"35,009"
1173,23056-333591883,10292015,Cà Phê Muối Chú Long - Long An,23/05/2026 09:27:34,"29,000","7,250",0,0,"5,340",0,"16,410"
1174,23056-333614649,10287867,Cà Phê Muối Chú Long - Classic,23/05/2026 09:50:49,"185,000","33,300",0,0,"37,242",0,"114,458"
1175,23056-333671572,10321524,Cà Phê Muối Chú Long - Đội Cấn,23/05/2026 10:04:20,"87,000","17,400",0,0,"17,087",0,"52,513"
1176,23056-333701248,10324687,Cà Phê Muối Chú Long - Huỳnh Tấn Phát,23/05/2026 09:37:26,"51,000","11,000",0,0,"9,820",0,"30,180"
1177,23056-333709687,10381892,Cà Phê Muối Chú Long - Phan Văn Trị,23/05/2026 09:43:13,"29,000","5,000",0,0,"5,892",0,"18,108"
1178,23056-333720832,10230399,Cà Phê Muối Chú Long - Tân Kỳ Tân Quý,23/05/2026 09:41:47,"112,000","22,400",0,0,"21,997",0,"67,603"
1179,23056-333829644,10225898,Cà Phê Muối Chú Long - Nguyễn Đình Chiểu,23/05/2026 09:44:16,"58,000","11,600",0,0,"11,391",0,"35,009"
1180,23056-334097501,10292422,Cà Phê Muối Chú Long - Phan Thiết,23/05/2026 09:34:21,"37,000","9,250",0,0,"6,813",0,"20,937"
1181,23056-334236484,10321524,Cà Phê Muối Chú Long - Đội Cấn,23/05/2026 10:02:01,"58,000","11,600",0,0,"11,391",0,"35,009"
1182,23056-334353727,10230399,Cà Phê Muối Chú Long - Tân Kỳ Tân Quý,23/05/2026 09:31:10,"29,000","5,000",0,0,"5,892",0,"18,108"
1183,23056-334380891,10298769,Cà Phê Muối Chú Long - Tôn Đức Thắng,23/05/2026 10:07:57,"58,000","11,600",0,0,"11,391",0,"35,009"
1184,23056-334511299,10350108,Cà Phê Muối Chú Long - Đường Láng,23/05/2026 10:49:28,"282,000","47,368",0,0,"57,602",0,"177,030"
1185,23056-334663953,10232123,Cà Phê Muối Chú Long - 17A Ngô Tất Tố,23/05/2026 09:44:54,"58,000","11,600",0,0,"11,391",0,"35,009"
1186,23056-334728942,10235658,Cà Phê Muối Chú Long - Công Trường Quốc Tế,23/05/2026 09:51:53,"51,000","11,000",0,0,"9,820",0,"30,180"
1187,23056-334751537,10350108,Cà Phê Muối Chú Long - Đường Láng,23/05/2026 10:32:34,"44,000","5,000",0,0,"9,575",0,"29,426"
1188,23056-334822791,10225902,Cà Phê Muối Chú Long - Hậu Giang,23/05/2026 09:58:32,"112,000","22,400",0,0,"21,997",0,"67,603"
1189,23056-334946581,10408376,Cà Phê Muối Chú Long - 203 Tôn Đản,23/05/2026 09:28:25,"37,000",0,0,0,"9,084",0,"27,917"
1190,23056-334963428,10225888,Cà Phê Muối Chú Long - Lạc Long Quân,23/05/2026 09:37:06,"58,000","11,000",0,0,"11,539",0,"35,462"
1191,23056-335090276,10224935,Cà Phê Muối Chú Long - 585 Quang Trung,23/05/2026 09:59:11,"87,000","17,400",0,0,"17,087",0,"52,513"
1192,23056-335092854,10230814,Cà Phê Muối Chú Long - Võ Văn Kiệt,23/05/2026 09:42:15,"181,000","32,580",0,0,"36,437",0,"111,983"
1193,23056-335100756,10323120,Cà Phê Muối Chú Long - Đồng Xoài,23/05/2026 09:27:24,"87,000","17,400",0,0,"17,087",0,"52,513"
1194,23056-335110637,10230814,Cà Phê Muối Chú Long - Võ Văn Kiệt,23/05/2026 09:39:20,"58,000","11,600",0,0,"11,391",0,"35,009"
1195,23056-335150617,10381892,Cà Phê Muối Chú Long - Phan Văn Trị,23/05/2026 09:38:48,"58,000","11,600",0,0,"11,391",0,"35,009"
1196,23056-335160081,10284115,Cà Phê Muối Chú Long - Kha Vạn Cân,23/05/2026 09:30:04,"47,000",0,0,0,"11,539",0,"35,462"
1197,23056-335195921,10225902,Cà Phê Muối Chú Long - Hậu Giang,23/05/2026 09:29:29,"29,000","5,000",0,0,"5,892",0,"18,108"
1198,23056-335229519,10222800,Cà Phê Muối Chú Long - Thành Thái,23/05/2026 09:39:50,"61,000","12,200",0,0,"11,980",0,"36,820"
1199,23056-335382694,10242271,Cà Phê Muối Chú Long - Vũng Tàu,23/05/2026 09:29:22,"166,000","29,880",0,0,"33,417",0,"102,703"
1200,23056-335464539,10321437,Cà Phê Muối Chú Long - Tây Ninh,23/05/2026 09:30:24,"22,000","5,500",0,0,"4,051",0,"12,449"
1201,23056-335471483,10307386,Cà Phê Muối Chú Long - Kiên Giang,23/05/2026 09:33:18,"29,000","7,250",0,0,"5,340",0,"16,410"
1202,23056-335527651,10375372,Cà Phê Muối Chú Long - An Dương Vương,23/05/2026 09:55:24,"58,000","11,600",0,0,"11,391",0,"35,009"
1203,23056-335748379,10375372,Cà Phê Muối Chú Long - An Dương Vương,23/05/2026 09:36:07,"22,000","5,000",0,0,"4,174",0,"12,827"
1204,23056-335772361,10381892,Cà Phê Muối Chú Long - Phan Văn Trị,23/05/2026 09:57:01,"177,000","31,860",0,0,"35,632",0,"109,508"
1205,23056-335782398,10350108,Cà Phê Muối Chú Long - Đường Láng,23/05/2026 10:27:09,"87,000","17,400",0,0,"17,087",0,"52,513"
1206,23056-335926271,10233716,Cà Phê Muối Chú Long - 130 Thích Quảng Đức,23/05/2026 09:33:17,"29,000","5,000",0,0,"5,892",0,"18,108"
1207,23056-336040577,10230171,Cà Phê Muối Chú Long - Bình Long,23/05/2026 09:45:05,"88,000","17,600",0,0,"17,283",0,"53,117"
1208,23056-336098733,10242271,Cà Phê Muối Chú Long - Vũng Tàu,23/05/2026 09:33:06,"51,000","11,000",0,0,"9,820",0,"30,180"
1209,23056-336171595,10284115,Cà Phê Muối Chú Long - Kha Vạn Cân,23/05/2026 09:30:02,"29,000","5,000",0,0,"5,892",0,"18,108"
1210,23056-336313657,10216423,Cà Phê Muối Chú Long - 417 Cộng Hoà,23/05/2026 10:00:16,"224,000","40,320",0,0,"45,093",0,"138,587"
1211,23056-336353145,10225902,Cà Phê Muối Chú Long - Hậu Giang,23/05/2026 09:34:51,"29,000","5,000",0,0,"5,892",0,"18,108"
1212,23056-336469356,10321523,Cà Phê Muối Chú Long - Thanh Nhàn,23/05/2026 09:54:17,"44,000","5,000",0,0,"9,575",0,"29,426"
1213,23056-336564718,10225898,Cà Phê Muối Chú Long - Nguyễn Đình Chiểu,23/05/2026 09:45:21,"88,000","17,600",0,0,"17,283",0,"53,117"
1214,23056-336592226,10321523,Cà Phê Muối Chú Long - Thanh Nhàn,23/05/2026 09:58:03,"30,000","5,000",0,0,"6,138",0,"18,863"
1215,23056-336661069,10330437,Cà Phê Muối Chú Long - Trần Hưng Đạo,23/05/2026 09:34:07,"69,000","13,800",0,0,"13,552",0,"41,648"
1216,23056-336706795,10230171,Cà Phê Muối Chú Long - Bình Long,23/05/2026 09:40:02,"58,000","11,600",0,0,"11,391",0,"35,009"
1217,23056-336790374,10235658,Cà Phê Muối Chú Long - Công Trường Quốc Tế,23/05/2026 09:45:24,"203,000","36,540",0,0,"40,866",0,"125,594"
1218,23056-336855031,10405301,Cà Phê Muối Chú Long - 01 Hàng Đậu,23/05/2026 09:32:22,"95,000",0,0,0,"23,323",0,"71,678"
1219,23056-336935888,10242271,Cà Phê Muối Chú Long - Vũng Tàu,23/05/2026 09:30:55,"58,000",0,0,0,"14,239",0,"43,761"
1220,23056-336985904,10222800,Cà Phê Muối Chú Long - Thành Thái,23/05/2026 10:00:19,"66,000","13,200",0,0,"12,962",0,"39,838"
1221,23056-337078890,10397657,Cà Phê Muối Chú Long - 368 Lê Đức Thọ,23/05/2026 09:40:38,"90,000","18,000",0,0,"17,676",0,"54,324"
1222,23056-337222017,10321524,Cà Phê Muối Chú Long - Đội Cấn,23/05/2026 09:52:24,"58,000","11,600",0,0,"11,391",0,"35,009"
1223,23056-337248237,10216423,Cà Phê Muối Chú Long - 417 Cộng Hoà,23/05/2026 09:39:58,"124,000","24,800",0,0,"24,354",0,"74,846"
1224,23056-337312379,10235658,Cà Phê Muối Chú Long - Công Trường Quốc Tế,23/05/2026 09:43:39,"170,000","30,600",0,0,"34,223",0,"105,177"
1225,23056-337336898,10324687,Cà Phê Muối Chú Long - Huỳnh Tấn Phát,23/05/2026 09:45:09,"87,000","17,400",0,0,"17,087",0,"52,513"
1226,23056-337386478,10230814,Cà Phê Muối Chú Long - Võ Văn Kiệt,23/05/2026 09:42:23,"87,000","17,400",0,0,"17,087",0,"52,513"
1227,23056-337412134,10230171,Cà Phê Muối Chú Long - Bình Long,23/05/2026 09:42:49,"54,000","11,000",0,0,"10,557",0,"32,444"
1228,23056-337428989,10225871,Cà Phê Muối Chú Long - Đặng Nguyên Cẩn,23/05/2026 09:31:33,"30,000","5,000",0,0,"6,138",0,"18,863"
1229,23056-337429763,10405301,Cà Phê Muối Chú Long - 01 Hàng Đậu,23/05/2026 09:53:58,"44,000",0,0,0,"10,802",0,"33,198"
1230,23056-337485359,10225898,Cà Phê Muối Chú Long - Nguyễn Đình Chiểu,23/05/2026 09:35:06,"80,000","16,000",0,0,"15,712",0,"48,288"
1231,23056-337562388,10235663,Cà Phê Muối Chú Long - Hà Huy Giáp,23/05/2026 09:46:23,"36,000","9,000",0,0,"6,629",0,"20,372"
1232,23056-337616078,10298769,Cà Phê Muối Chú Long - Tôn Đức Thắng,23/05/2026 09:57:37,"51,000","11,000",0,0,"9,820",0,"30,180"
1233,23056-337657736,10287867,Cà Phê Muối Chú Long - Classic,23/05/2026 09:34:47,"61,000","12,200",0,0,"11,980",0,"36,820"
1234,23056-337888309,10230814,Cà Phê Muối Chú Long - Võ Văn Kiệt,23/05/2026 09:38:04,"174,000","31,320",0,0,"35,028",0,"107,652"
1235,23056-337932183,10350108,Cà Phê Muối Chú Long - Đường Láng,23/05/2026 10:00:00,"29,000","5,000",0,0,"5,892",0,"18,108"
1236,23056-337981733,10230417,Cà Phê Muối Chú Long - Lê Văn Sỹ,23/05/2026 09:51:10,"81,000","15,000",0,0,"16,203",0,"49,797"
1237,23056-338105235,10230814,Cà Phê Muối Chú Long - Võ Văn Kiệt,23/05/2026 09:46:42,"59,000","11,800",0,0,"11,588",0,"35,612"
1238,23056-338282450,10350108,Cà Phê Muối Chú Long - Đường Láng,23/05/2026 10:13:49,"44,000","5,000",0,0,"9,575",0,"29,426"
1239,23056-338376747,10395671,Cà Phê Muối Chú Long - 59 Trường Chinh,23/05/2026 09:48:07,"69,000","13,800",0,0,"13,552",0,"41,648"
1240,23056-338384178,10298769,Cà Phê Muối Chú Long - Tôn Đức Thắng,23/05/2026 10:18:32,"69,000","13,800",0,0,"13,552",0,"41,648"
1241,23056-338469017,10232123,Cà Phê Muối Chú Long - 17A Ngô Tất Tố,23/05/2026 09:46:41,"44,000","5,000",0,0,"9,575",0,"29,426"
1242,23056-338483550,10321523,Cà Phê Muối Chú Long - Thanh Nhàn,23/05/2026 10:08:28,"58,000","11,600",0,0,"11,391",0,"35,009"
1243,23056-338511758,10292422,Cà Phê Muối Chú Long - Phan Thiết,23/05/2026 09:42:06,"29,000","7,250",0,0,"5,340",0,"16,410"
1244,23056-338535054,10224935,Cà Phê Muối Chú Long - 585 Quang Trung,23/05/2026 09:54:24,"47,000",0,0,0,"11,539",0,"35,462"
1245,23056-338605969,10292422,Cà Phê Muối Chú Long - Phan Thiết,23/05/2026 09:39:00,"29,000","7,250",0,0,"5,340",0,"16,410"
1246,23056-338635315,10225895,Cà Phê Muối Chú Long - Cách Mạng Tháng 8,23/05/2026 09:35:39,"87,000","17,400",0,0,"17,087",0,"52,513"
1247,23056-338838328,10405301,Cà Phê Muối Chú Long - 01 Hàng Đậu,23/05/2026 09:46:18,"22,000",0,0,0,"5,401",0,"16,599"
1248,23056-339036894,10340098,Cà Phê Muối Chú Long - Thuận An,23/05/2026 09:43:33,"29,000","7,250",0,0,"5,340",0,"16,410"
1249,23056-339056377,10222800,Cà Phê Muối Chú Long - Thành Thái,23/05/2026 09:55:12,"87,000","17,400",0,0,"17,087",0,"52,513"
1250,23056-339078183,10284115,Cà Phê Muối Chú Long - Kha Vạn Cân,23/05/2026 09:44:18,"25,000","8,000",0,0,"4,174",0,"12,827"
1251,23056-339170587,10224935,Cà Phê Muối Chú Long - 585 Quang Trung,23/05/2026 09:47:53,"76,000","15,200",0,0,"14,926",0,"45,874"
1252,23056-339285563,10230793,Cà Phê Muối Chú Long - Huỳnh Văn Bánh,23/05/2026 09:55:46,"58,000","11,600",0,0,"11,391",0,"35,009"
1253,23056-339438722,10298769,Cà Phê Muối Chú Long - Tôn Đức Thắng,23/05/2026 09:39:12,"66,000","13,200",0,0,"12,962",0,"39,838"
1254,23056-339493643,10298824,Cà Phê Muối Chú Long - Hoàng Diệu,23/05/2026 09:47:34,"87,000","15,000",0,0,"17,676",0,"54,324"
1255,23056-339580922,10397657,Cà Phê Muối Chú Long - 368 Lê Đức Thọ,23/05/2026 09:37:46,"44,000","5,000",0,0,"9,575",0,"29,426"
1256,23056-339657299,10225888,Cà Phê Muối Chú Long - Lạc Long Quân,23/05/2026 09:42:01,"116,000","23,200",0,0,"22,782",0,"70,018"
1257,23056-339730804,10386890,Cà Phê Muối Chú Long - Nha Trang,23/05/2026 09:54:42,"58,000","11,600",0,0,"11,391",0,"35,009"
1258,23056-339742312,10225902,Cà Phê Muối Chú Long - Hậu Giang,23/05/2026 09:36:53,"54,000","11,000",0,0,"10,557",0,"32,444"
1259,23056-339767619,10287867,Cà Phê Muối Chú Long - Classic,23/05/2026 09:41:55,"105,000","21,000",0,0,"20,622",0,"63,378"
1260,23056-339777667,10225898,Cà Phê Muối Chú Long - Nguyễn Đình Chiểu,23/05/2026 09:48:04,"58,000","11,600",0,0,"11,391",0,"35,009"
1261,23056-339883909,10321523,Cà Phê Muối Chú Long - Thanh Nhàn,23/05/2026 09:51:04,"58,000","11,600",0,0,"11,391",0,"35,009"
1262,23056-339960364,10321523,Cà Phê Muối Chú Long - Thanh Nhàn,23/05/2026 09:59:17,"88,000","17,600",0,0,"17,283",0,"53,117"
1263,23056-339994930,10405301,Cà Phê Muối Chú Long - 01 Hàng Đậu,23/05/2026 09:50:30,"66,000",0,0,0,"16,203",0,"49,797"
1264,23056-340058134,10230292,Cà Phê Muối Chú Long - Lê Văn Việt,23/05/2026 09:47:18,"116,000","23,200",0,0,"22,782",0,"70,018"
1265,23056-340130463,10230417,Cà Phê Muối Chú Long - Lê Văn Sỹ,23/05/2026 09:44:41,"44,000","5,000",0,0,"9,575",0,"29,426"
1266,23056-340196096,10386890,Cà Phê Muối Chú Long - Nha Trang,23/05/2026 10:04:06,"116,000","23,200",0,0,"22,782",0,"70,018"
1267,23056-340214238,10233716,Cà Phê Muối Chú Long - 130 Thích Quảng Đức,23/05/2026 09:43:09,"58,000","11,600",0,0,"11,391",0,"35,009"
1268,23056-340283170,10219545,Cà Phê Muối Chú Long - Nguyễn Huệ,23/05/2026 09:37:25,"58,000","11,600",0,0,"11,391",0,"35,009"
1269,23056-340323164,10321524,Cà Phê Muối Chú Long - Đội Cấn,23/05/2026 09:38:07,"97,000","19,400",0,0,"19,051",0,"58,549"
1270,23056-340369440,10232123,Cà Phê Muối Chú Long - 17A Ngô Tất Tố,23/05/2026 09:57:52,"22,000","5,000",0,0,"4,174",0,"12,827"
1271,23056-340491364,10225898,Cà Phê Muối Chú Long - Nguyễn Đình Chiểu,23/05/2026 09:49:06,"58,000","11,600",0,0,"11,391",0,"35,009"
1272,23056-340527503,10292422,Cà Phê Muối Chú Long - Phan Thiết,23/05/2026 09:53:18,"54,000","10,000",0,0,"10,802",0,"33,198"
1273,23056-340631873,10324687,Cà Phê Muối Chú Long - Huỳnh Tấn Phát,23/05/2026 09:37:06,"94,000","18,800",0,0,"18,462",0,"56,738"
1274,23056-340707923,10222800,Cà Phê Muối Chú Long - Thành Thái,23/05/2026 10:06:57,"167,000","30,060",0,0,"33,619",0,"103,321"
1275,23056-340867299,10397657,Cà Phê Muối Chú Long - 368 Lê Đức Thọ,23/05/2026 10:17:31,"112,000","22,400",0,0,"21,997",0,"67,603"
1276,23056-340987398,10397657,Cà Phê Muối Chú Long - 368 Lê Đức Thọ,23/05/2026 10:03:59,"51,000","10,000",0,0,"10,066",0,"30,935"
1277,23056-340992797,10233716,Cà Phê Muối Chú Long - 130 Thích Quảng Đức,23/05/2026 09:46:02,"108,000","21,600",0,0,"21,211",0,"65,189"
1278,23056-341089509,10235663,Cà Phê Muối Chú Long - Hà Huy Giáp,23/05/2026 09:35:49,"29,000","7,250",0,0,"5,340",0,"16,410"
1279,23056-341103136,10216423,Cà Phê Muối Chú Long - 417 Cộng Hoà,23/05/2026 09:42:32,"158,000","28,440",0,0,"31,807",0,"97,753"
1280,23056-341236794,10292422,Cà Phê Muối Chú Long - Phan Thiết,23/05/2026 09:40:27,"22,000","5,500",0,0,"4,051",0,"12,449"
1281,23056-341331095,10230292,Cà Phê Muối Chú Long - Lê Văn Việt,23/05/2026 09:49:50,"65,000","13,000",0,0,"12,766",0,"39,234"
1282,23056-341368900,10354882,Cà Phê Muối Chú Long - Quảng Ngãi,23/05/2026 09:35:13,"29,000","7,250",0,0,"5,340",0,"16,410"
1283,23056-341384970,10222800,Cà Phê Muối Chú Long - Thành Thái,23/05/2026 09:46:51,"29,000","5,000",0,0,"5,892",0,"18,108"
1284,23056-341390633,10224935,Cà Phê Muối Chú Long - 585 Quang Trung,23/05/2026 09:55:57,"116,000","23,200",0,0,"22,782",0,"70,018"
1285,23056-341453477,10292422,Cà Phê Muối Chú Long - Phan Thiết,23/05/2026 09:46:18,"29,000","7,250",0,0,"5,340",0,"16,410"
1286,23056-341460970,10222800,Cà Phê Muối Chú Long - Thành Thái,23/05/2026 09:51:39,"123,000","24,600",0,0,"24,157",0,"74,243"
1287,23056-341531041,10321524,Cà Phê Muối Chú Long - Đội Cấn,23/05/2026 09:46:41,"117,000","23,400",0,0,"22,979",0,"70,621"
1288,23056-341639564,10381892,Cà Phê Muối Chú Long - Phan Văn Trị,23/05/2026 09:52:51,"102,000","20,400",0,0,"20,033",0,"61,567"
1289,23056-341860914,10298769,Cà Phê Muối Chú Long - Tôn Đức Thắng,23/05/2026 10:04:12,"94,000","18,800",0,0,"18,462",0,"56,738"
1290,23056-341874445,10375372,Cà Phê Muối Chú Long - An Dương Vương,23/05/2026 10:09:54,"163,000","29,340",0,0,"32,814",0,"100,846"
1291,23056-341911747,10296675,Cà Phê Muối Chú Long - Trương Định,23/05/2026 10:12:39,"54,000","10,000",0,0,"10,802",0,"33,198"
1292,23056-341984048,10324687,Cà Phê Muối Chú Long - Huỳnh Tấn Phát,23/05/2026 09:37:52,"29,000","5,000",0,0,"5,892",0,"18,108"
1293,23056-342259819,10292422,Cà Phê Muối Chú Long - Phan Thiết,23/05/2026 09:49:54,"29,000","7,250",0,0,"5,340",0,"16,410"
1294,23056-342409738,10395671,Cà Phê Muối Chú Long - 59 Trường Chinh,23/05/2026 10:01:40,"51,000","10,000",0,0,"10,066",0,"30,935"
1295,23056-342426740,10321523,Cà Phê Muối Chú Long - Thanh Nhàn,23/05/2026 09:57:35,"116,000","23,200",0,0,"22,782",0,"70,018"
1296,23056-342495223,10296675,Cà Phê Muối Chú Long - Trương Định,23/05/2026 09:59:21,"58,000","11,600",0,0,"11,391",0,"35,009"
1297,23056-342499388,10225898,Cà Phê Muối Chú Long - Nguyễn Đình Chiểu,23/05/2026 09:49:53,"29,000","5,000",0,0,"5,892",0,"18,108"
1298,23056-342518704,10230171,Cà Phê Muối Chú Long - Bình Long,23/05/2026 09:52:19,"58,000","11,600",0,0,"11,391",0,"35,009"
1299,23056-342676025,10235659,Cà Phê Muối Chú Long - Nguyễn Hữu Cảnh,23/05/2026 09:45:11,"22,000","5,000",0,0,"4,174",0,"12,827"
1300,23056-342717944,10230399,Cà Phê Muối Chú Long - Tân Kỳ Tân Quý,23/05/2026 09:48:02,"87,000","17,400",0,0,"17,087",0,"52,513"
1301,23056-342716090,10235663,Cà Phê Muối Chú Long - Hà Huy Giáp,23/05/2026 09:42:45,"87,000","17,400",0,0,"17,087",0,"52,513"
1302,23056-342728574,10269971,Cà Phê Muối Chú Long - Cần Thơ,23/05/2026 09:42:38,"58,000","11,600",0,0,"11,391",0,"35,009"
1303,23056-342763287,10381892,Cà Phê Muối Chú Long - Phan Văn Trị,23/05/2026 10:14:03,"116,000","23,200",0,0,"22,782",0,"70,018"
1304,23056-342852893,10225895,Cà Phê Muối Chú Long - Cách Mạng Tháng 8,23/05/2026 09:42:47,"95,000","19,000",0,0,"18,658",0,"57,342"
1305,23056-342894601,10230171,Cà Phê Muối Chú Long - Bình Long,23/05/2026 10:07:03,"174,000","31,320",0,0,"35,028",0,"107,652"
1306,23056-342937425,10350108,Cà Phê Muối Chú Long - Đường Láng,23/05/2026 10:35:11,"228,000","41,040",0,0,"45,899",0,"141,061"
1307,23056-342973410,10321523,Cà Phê Muối Chú Long - Thanh Nhàn,23/05/2026 09:50:34,"112,000","22,400",0,0,"21,997",0,"67,603"
1308,23056-343044283,10230292,Cà Phê Muối Chú Long - Lê Văn Việt,23/05/2026 10:12:21,"58,000","11,600",0,0,"11,391",0,"35,009"
1309,23056-343061042,10219545,Cà Phê Muối Chú Long - Nguyễn Huệ,23/05/2026 09:54:42,"105,000","21,000",0,0,"20,622",0,"63,378"
1310,23056-343209922,10405301,Cà Phê Muối Chú Long - 01 Hàng Đậu,23/05/2026 10:03:36,"79,000",0,0,0,"19,395",0,"59,606"
1311,23056-343321116,10296675,Cà Phê Muối Chú Long - Trương Định,23/05/2026 10:01:44,"36,000","5,000",0,0,"7,611",0,"23,390"
1312,23056-343410334,10296675,Cà Phê Muối Chú Long - Trương Định,23/05/2026 09:56:45,"44,000","5,000",0,0,"9,575",0,"29,426"
1313,23056-343451224,10230793,Cà Phê Muối Chú Long - Huỳnh Văn Bánh,23/05/2026 10:07:29,"73,000","14,600",0,0,"14,337",0,"44,063"
1314,23056-343464038,10350108,Cà Phê Muối Chú Long - Đường Láng,23/05/2026 10:41:07,"72,000","14,400",0,0,"14,141",0,"43,459"
1315,23056-343495155,10225895,Cà Phê Muối Chú Long - Cách Mạng Tháng 8,23/05/2026 09:46:08,"29,000","5,000",0,0,"5,892",0,"18,108"
1316,23056-343533185,10230171,Cà Phê Muối Chú Long - Bình Long,23/05/2026 10:02:52,"87,000","17,400",0,0,"17,087",0,"52,513"
1317,23056-343561713,10235663,Cà Phê Muối Chú Long - Hà Huy Giáp,23/05/2026 09:52:43,"44,000","10,000",0,0,"8,347",0,"25,653"
1318,23056-343656480,10230958,Cà Phê Muối Chú Long - 3/26 Quang Trung,23/05/2026 09:54:24,"25,000","8,000",0,0,"4,174",0,"12,827"
1319,23056-343696279,10287867,Cà Phê Muối Chú Long - Classic,23/05/2026 09:50:38,"60,000","12,000",0,0,"11,784",0,"36,216"
1320,23056-343718338,10235659,Cà Phê Muối Chú Long - Nguyễn Hữu Cảnh,23/05/2026 09:47:48,"58,000","11,600",0,0,"11,391",0,"35,009"
1321,23056-343743662,10230292,Cà Phê Muối Chú Long - Lê Văn Việt,23/05/2026 09:49:42,"36,000","5,000",0,0,"7,611",0,"23,390"
1322,23056-343827564,10235663,Cà Phê Muối Chú Long - Hà Huy Giáp,23/05/2026 09:50:40,"29,000","7,250",0,0,"5,340",0,"16,410"
1323,23056-344520125,10375372,Cà Phê Muối Chú Long - An Dương Vương,23/05/2026 10:00:25,"104,000","20,800",0,0,"20,426",0,"62,774"
1324,23056-344550379,10405301,Cà Phê Muối Chú Long - 01 Hàng Đậu,23/05/2026 10:14:46,"66,000",0,0,0,"16,203",0,"49,797"
1325,23056-344642293,10225895,Cà Phê Muối Chú Long - Cách Mạng Tháng 8,23/05/2026 10:01:27,"58,000","11,600",0,0,"11,391",0,"35,009"
1326,23056-344655958,10225898,Cà Phê Muối Chú Long - Nguyễn Đình Chiểu,23/05/2026 09:48:50,"58,000","11,600",0,0,"11,391",0,"35,009"
1327,23056-344742385,10225898,Cà Phê Muối Chú Long - Nguyễn Đình Chiểu,23/05/2026 09:49:36,"134,000","26,800",0,0,"26,318",0,"80,882"
1328,23056-345144396,10323120,Cà Phê Muối Chú Long - Đồng Xoài,23/05/2026 09:55:55,"29,000","7,250",0,0,"5,340",0,"16,410"
1329,23056-345188984,10230958,Cà Phê Muối Chú Long - 3/26 Quang Trung,23/05/2026 09:59:10,"137,000","24,660",0,0,"27,579",0,"84,761"
1330,23056-345264358,10233716,Cà Phê Muối Chú Long - 130 Thích Quảng Đức,23/05/2026 09:51:20,"174,000","31,320",0,0,"35,028",0,"107,652"
1331,23056-345289584,10222800,Cà Phê Muối Chú Long - Thành Thái,23/05/2026 09:54:38,"137,000","27,400",0,0,"26,907",0,"82,693"
1332,23056-345342373,10230171,Cà Phê Muối Chú Long - Bình Long,23/05/2026 09:55:48,"29,000","5,000",0,0,"5,892",0,"18,108"
1333,23056-345519544,10350108,Cà Phê Muối Chú Long - Đường Láng,23/05/2026 10:56:55,"29,000","5,000",0,0,"5,892",0,"18,108"
1334,23056-345531295,10225895,Cà Phê Muối Chú Long - Cách Mạng Tháng 8,23/05/2026 09:58:18,"58,000","11,600",0,0,"11,391",0,"35,009"
1335,23056-345616425,10321523,Cà Phê Muối Chú Long - Thanh Nhàn,23/05/2026 10:20:30,"69,000","13,800",0,0,"13,552",0,"41,648"
1336,23056-345680017,10321524,Cà Phê Muối Chú Long - Đội Cấn,23/05/2026 09:55:44,"73,000","14,600",0,0,"14,337",0,"44,063"
1337,23056-345711782,10230292,Cà Phê Muối Chú Long - Lê Văn Việt,23/05/2026 10:20:19,"58,000","11,600",0,0,"11,391",0,"35,009"
1338,23056-345947179,10216423,Cà Phê Muối Chú Long - 417 Cộng Hoà,23/05/2026 10:08:21,"47,000",0,0,0,"11,539",0,"35,462"
1339,23056-345952304,10222800,Cà Phê Muối Chú Long - Thành Thái,23/05/2026 10:04:04,"47,000",0,0,0,"11,539",0,"35,462"
1340,23056-346011381,10298769,Cà Phê Muối Chú Long - Tôn Đức Thắng,23/05/2026 10:09:12,"87,000","17,400",0,0,"17,087",0,"52,513"
1341,23056-346022506,10298824,Cà Phê Muối Chú Long - Hoàng Diệu,23/05/2026 10:14:13,"29,000","7,250",0,0,"5,340",0,"16,410"
1342,23056-346084562,10225902,Cà Phê Muối Chú Long - Hậu Giang,23/05/2026 10:13:45,"58,000","11,600",0,0,"11,391",0,"35,009"
1343,23056-346113349,10375372,Cà Phê Muối Chú Long - An Dương Vương,23/05/2026 10:01:55,"58,000","11,600",0,0,"11,391",0,"35,009"
1344,23056-346159102,10292422,Cà Phê Muối Chú Long - Phan Thiết,23/05/2026 09:45:39,"29,000","7,250",0,0,"5,340",0,"16,410"
1345,23056-346185454,10280033,Cà Phê Muối Chú Long - Bà Rịa,23/05/2026 09:50:40,"83,000","16,600",0,0,"16,301",0,"50,099"
1346,23056-346250453,10230417,Cà Phê Muối Chú Long - Lê Văn Sỹ,23/05/2026 09:52:56,"108,000","21,600",0,0,"21,211",0,"65,189"
1347,23056-346278428,10324687,Cà Phê Muối Chú Long - Huỳnh Tấn Phát,23/05/2026 09:47:08,"87,000","17,400",0,0,"17,087",0,"52,513"
1348,23056-346326429,10287867,Cà Phê Muối Chú Long - Classic,23/05/2026 10:03:53,"120,000","24,000",0,0,"23,568",0,"72,432"
1349,23056-346373392,10232123,Cà Phê Muối Chú Long - 17A Ngô Tất Tố,23/05/2026 10:01:53,"58,000","11,600",0,0,"11,391",0,"35,009"
1350,23056-346519313,10219545,Cà Phê Muối Chú Long - Nguyễn Huệ,23/05/2026 09:48:20,"58,000","11,600",0,0,"11,391",0,"35,009"
1351,23056-346798631,10321524,Cà Phê Muối Chú Long - Đội Cấn,23/05/2026 09:50:00,"54,000","11,000",0,0,"10,557",0,"32,444"
1352,23056-346913996,10386890,Cà Phê Muối Chú Long - Nha Trang,23/05/2026 09:57:53,"66,000","13,200",0,0,"12,962",0,"39,838"
1353,23056-347036274,10381892,Cà Phê Muối Chú Long - Phan Văn Trị,23/05/2026 10:30:02,"173,000","31,140",0,0,"34,827",0,"107,033"
1354,23056-347042864,10287867,Cà Phê Muối Chú Long - Classic,23/05/2026 10:05:20,"95,000","19,000",0,0,"18,658",0,"57,342"
1355,23056-347131024,10219545,Cà Phê Muối Chú Long - Nguyễn Huệ,23/05/2026 09:50:11,"58,000","11,600",0,0,"11,391",0,"35,009"
1356,23056-347170903,10224935,Cà Phê Muối Chú Long - 585 Quang Trung,23/05/2026 10:19:25,"44,000",0,0,0,"10,802",0,"33,198"
1357,23056-347191647,10230793,Cà Phê Muối Chú Long - Huỳnh Văn Bánh,23/05/2026 10:03:34,"87,000","17,400",0,0,"17,087",0,"52,513"
1358,23056-347290077,10350108,Cà Phê Muối Chú Long - Đường Láng,23/05/2026 11:05:09,"87,000","17,400",0,0,"17,087",0,"52,513"
1359,23056-347309468,10235658,Cà Phê Muối Chú Long - Công Trường Quốc Tế,23/05/2026 10:01:50,"97,000","19,400",0,0,"19,051",0,"58,549"
1360,23056-347327710,10292422,Cà Phê Muối Chú Long - Phan Thiết,23/05/2026 09:54:12,"50,000","11,000",0,0,"9,575",0,"29,426"
1361,23056-347469778,10299524,Cà Phê Muối Chú Long - Lê Duẩn,23/05/2026 10:09:27,"58,000","11,600",0,0,"11,391",0,"35,009"
1362,23056-347545469,10340098,Cà Phê Muối Chú Long - Thuận An,23/05/2026 10:09:54,"25,000","8,000",0,0,"4,174",0,"12,827"
1363,23056-347631058,10287867,Cà Phê Muối Chú Long - Classic,23/05/2026 09:54:12,"61,000","14,000",0,0,"11,539",0,"35,462"
1364,23056-347761161,10321523,Cà Phê Muối Chú Long - Thanh Nhàn,23/05/2026 10:22:02,"87,000","17,400",0,0,"17,087",0,"52,513"
1365,23056-347802372,10235658,Cà Phê Muối Chú Long - Công Trường Quốc Tế,23/05/2026 10:01:20,"145,000","28,571",0,0,"28,583",0,"87,846"
1366,23056-347826840,10321523,Cà Phê Muối Chú Long - Thanh Nhàn,23/05/2026 10:06:44,"101,000","20,200",0,0,"19,836",0,"60,964"
1367,23056-347865424,10292422,Cà Phê Muối Chú Long - Phan Thiết,23/05/2026 10:07:11,"25,000","8,000",0,0,"4,174",0,"12,827"
1368,23056-347871596,10296675,Cà Phê Muối Chú Long - Trương Định,23/05/2026 10:35:25,"152,000","28,571",0,0,"30,302",0,"93,127"
1369,23056-347929652,10230814,Cà Phê Muối Chú Long - Võ Văn Kiệt,23/05/2026 09:55:58,"80,000","16,000",0,0,"15,712",0,"48,288"
1370,23056-348071283,10242271,Cà Phê Muối Chú Long - Vũng Tàu,23/05/2026 09:47:14,"76,000","15,200",0,0,"14,926",0,"45,874"
1371,23056-348130230,10375372,Cà Phê Muối Chú Long - An Dương Vương,23/05/2026 09:58:25,"54,000","10,000",0,0,"10,802",0,"33,198"
1372,23056-348133672,10405301,Cà Phê Muối Chú Long - 01 Hàng Đậu,23/05/2026 10:13:02,"134,000",0,0,0,"32,897",0,"101,103"
1373,23056-348292534,10296675,Cà Phê Muối Chú Long - Trương Định,23/05/2026 10:05:54,"61,000","12,200",0,0,"11,980",0,"36,820"
1374,23056-348436350,10225902,Cà Phê Muối Chú Long - Hậu Giang,23/05/2026 10:12:26,"58,000","11,600",0,0,"11,391",0,"35,009"
1375,23056-348508944,10230793,Cà Phê Muối Chú Long - Huỳnh Văn Bánh,23/05/2026 10:06:44,"69,000","13,800",0,0,"13,552",0,"41,648"
1376,23056-348607910,10232123,Cà Phê Muối Chú Long - 17A Ngô Tất Tố,23/05/2026 10:15:48,"73,000","14,600",0,0,"14,337",0,"44,063"
1377,23056-348680305,10298769,Cà Phê Muối Chú Long - Tôn Đức Thắng,23/05/2026 10:04:41,"80,000","16,000",0,0,"15,712",0,"48,288"
1378,23056-348683366,10407619,Cà Phê Muối Chú Long - 117 Lò Đúc,23/05/2026 10:17:02,"123,000",0,0,0,"30,197",0,"92,804"
1379,23056-348762543,10354891,Cà Phê Muối Chú Long - Trà Vinh,23/05/2026 09:51:10,"25,000",0,0,0,"6,138",0,"18,863"
1380,23056-348868925,10405301,Cà Phê Muối Chú Long - 01 Hàng Đậu,23/05/2026 10:21:00,"51,000",0,0,0,"12,521",0,"38,480"
1381,23056-349107107,10269971,Cà Phê Muối Chú Long - Cần Thơ,23/05/2026 09:53:46,"36,000","9,000",0,0,"6,629",0,"20,372"
1382,23056-349134386,10224935,Cà Phê Muối Chú Long - 585 Quang Trung,23/05/2026 10:07:04,"116,000","23,200",0,0,"22,782",0,"70,018"
1383,23056-349137154,10292422,Cà Phê Muối Chú Long - Phan Thiết,23/05/2026 10:00:48,"29,000","7,250",0,0,"5,340",0,"16,410"
1384,23056-349453343,10298769,Cà Phê Muối Chú Long - Tôn Đức Thắng,23/05/2026 10:12:48,"144,000","28,571",0,0,"28,338",0,"87,091"
1385,23056-349546015,10235659,Cà Phê Muối Chú Long - Nguyễn Hữu Cảnh,23/05/2026 10:02:57,"66,000","13,200",0,0,"12,962",0,"39,838"
1386,23056-349881810,10235659,Cà Phê Muối Chú Long - Nguyễn Hữu Cảnh,23/05/2026 10:09:53,"22,000","5,000",0,0,"4,174",0,"12,827"
1387,23056-349914246,10216423,Cà Phê Muối Chú Long - 417 Cộng Hoà,23/05/2026 09:59:31,"22,000","5,000",0,0,"4,174",0,"12,827"
1388,23056-349920833,10230817,Cà Phê Muối Chú Long - Thích Quảng Đức,23/05/2026 09:59:42,"94,000","18,800",0,0,"18,462",0,"56,738"
1389,23056-350003286,10284115,Cà Phê Muối Chú Long - Kha Vạn Cân,23/05/2026 10:27:27,"58,000","11,600",0,0,"11,391",0,"35,009"
1390,23056-350054791,10225898,Cà Phê Muối Chú Long - Nguyễn Đình Chiểu,23/05/2026 10:06:52,"145,000","28,571",0,0,"28,583",0,"87,846"
1391,23056-350127360,10219545,Cà Phê Muối Chú Long - Nguyễn Huệ,23/05/2026 09:55:22,"29,000","5,000",0,0,"5,892",0,"18,108"
1392,23056-350141955,10299524,Cà Phê Muối Chú Long - Lê Duẩn,23/05/2026 10:12:50,"29,000","7,250",0,0,"5,340",0,"16,410"
1393,23056-350173160,10307386,Cà Phê Muối Chú Long - Kiên Giang,23/05/2026 09:55:32,"58,000","11,600",0,0,"11,391",0,"35,009"
1394,23056-350225770,10230171,Cà Phê Muối Chú Long - Bình Long,23/05/2026 09:59:42,"58,000","11,600",0,0,"11,391",0,"35,009"
1395,23056-350428227,10321523,Cà Phê Muối Chú Long - Thanh Nhàn,23/05/2026 10:22:15,"87,000","17,400",0,0,"17,087",0,"52,513"
1396,23056-350434260,10395671,Cà Phê Muối Chú Long - 59 Trường Chinh,23/05/2026 10:03:35,"83,000","16,600",0,0,"16,301",0,"50,099"
1397,23056-350443713,10225902,Cà Phê Muối Chú Long - Hậu Giang,23/05/2026 10:12:38,"29,000","5,000",0,0,"5,892",0,"18,108"
1398,23056-350516117,10230292,Cà Phê Muối Chú Long - Lê Văn Việt,23/05/2026 09:57:59,"29,000","5,000",0,0,"5,892",0,"18,108"
1399,23056-350643730,10230171,Cà Phê Muối Chú Long - Bình Long,23/05/2026 10:13:09,"69,000","13,800",0,0,"13,552",0,"41,648"
1400,23056-350777157,10358016,Cà Phê Muối Chú Long - Bà Triệu,23/05/2026 10:12:54,"25,000","8,000",0,0,"4,174",0,"12,827"
1401,23056-350799435,10232123,Cà Phê Muối Chú Long - 17A Ngô Tất Tố,23/05/2026 10:25:19,"29,000","5,000",0,0,"5,892",0,"18,108"
1402,23056-350906234,10284115,Cà Phê Muối Chú Long - Kha Vạn Cân,23/05/2026 10:23:10,"267,000","45,000",0,0,"54,501",0,"167,499"
1403,23056-350940203,10292422,Cà Phê Muối Chú Long - Phan Thiết,23/05/2026 09:56:46,"29,000","7,250",0,0,"5,340",0,"16,410"
1404,23056-350940886,10284115,Cà Phê Muối Chú Long - Kha Vạn Cân,23/05/2026 09:57:13,"72,000","14,400",0,0,"14,141",0,"43,459"
1405,23056-351169336,10381892,Cà Phê Muối Chú Long - Phan Văn Trị,23/05/2026 10:20:58,"22,000","5,000",0,0,"4,174",0,"12,827"
1406,23056-351209852,10242271,Cà Phê Muối Chú Long - Vũng Tàu,23/05/2026 10:08:14,"65,000","13,000",0,0,"12,766",0,"39,234"
1407,23056-351255252,10225898,Cà Phê Muối Chú Long - Nguyễn Đình Chiểu,23/05/2026 09:57:52,"58,000","11,600",0,0,"11,391",0,"35,009"
1408,23056-351311030,10296675,Cà Phê Muối Chú Long - Trương Định,23/05/2026 10:55:24,"145,000","28,571",0,0,"28,583",0,"87,846"
1409,23056-351353684,10225871,Cà Phê Muối Chú Long - Đặng Nguyên Cẩn,23/05/2026 10:03:10,"61,000","12,200",0,0,"11,980",0,"36,820"
1410,23056-351437915,10381892,Cà Phê Muối Chú Long - Phan Văn Trị,23/05/2026 10:06:47,"124,000","24,800",0,0,"24,354",0,"74,846"
1411,23056-351463430,10235658,Cà Phê Muối Chú Long - Công Trường Quốc Tế,23/05/2026 09:58:57,"83,000","16,600",0,0,"16,301",0,"50,099"
1412,23056-351472751,10350108,Cà Phê Muối Chú Long - Đường Láng,23/05/2026 11:18:29,"91,000","18,200",0,0,"17,872",0,"54,928"
1413,23056-351539815,10296675,Cà Phê Muối Chú Long - Trương Định,23/05/2026 10:09:00,"36,000","5,000",0,0,"7,611",0,"23,390"
1414,23056-351584630,10225895,Cà Phê Muối Chú Long - Cách Mạng Tháng 8,23/05/2026 09:59:31,"80,000","16,000",0,0,"15,712",0,"48,288"
1415,23056-351638349,10299524,Cà Phê Muối Chú Long - Lê Duẩn,23/05/2026 10:19:31,"83,000","16,600",0,0,"16,301",0,"50,099"
1416,23056-351794891,10296675,Cà Phê Muối Chú Long - Trương Định,23/05/2026 10:53:07,"44,000","5,000",0,0,"9,575",0,"29,426"
1417,23056-351857369,10225902,Cà Phê Muối Chú Long - Hậu Giang,23/05/2026 10:01:26,"29,000","5,000",0,0,"5,892",0,"18,108"
1418,23056-351887691,10381983,Cà Phê Muối Chú Long - Bạch Đằng,23/05/2026 10:11:07,"112,000",0,0,0,"27,496",0,"84,504"
1419,23056-351917440,10397657,Cà Phê Muối Chú Long - 368 Lê Đức Thọ,23/05/2026 10:27:56,"51,000","10,000",0,0,"10,066",0,"30,935"
1420,23056-351967193,10225895,Cà Phê Muối Chú Long - Cách Mạng Tháng 8,23/05/2026 09:56:40,"87,000","17,400",0,0,"17,087",0,"52,513"
1421,23056-351989117,10321523,Cà Phê Muối Chú Long - Thanh Nhàn,23/05/2026 10:26:42,"54,000","11,000",0,0,"10,557",0,"32,444"
1422,23056-352092683,10222800,Cà Phê Muối Chú Long - Thành Thái,23/05/2026 10:14:58,"88,000","17,600",0,0,"17,283",0,"53,117"
1423,23056-352182002,10296675,Cà Phê Muối Chú Long - Trương Định,23/05/2026 10:03:59,"29,000","5,000",0,0,"5,892",0,"18,108"
1424,23056-352198913,10298769,Cà Phê Muối Chú Long - Tôn Đức Thắng,23/05/2026 11:08:07,"29,000","5,000",0,0,"5,892",0,"18,108"
1425,23056-352200622,10321524,Cà Phê Muối Chú Long - Đội Cấn,23/05/2026 10:11:28,"50,000","11,000",0,0,"9,575",0,"29,426"
1426,23056-352250773,10225888,Cà Phê Muối Chú Long - Lạc Long Quân,23/05/2026 10:06:47,"51,000","11,000",0,0,"9,820",0,"30,180"
1427,23056-352326607,10397657,Cà Phê Muối Chú Long - 368 Lê Đức Thọ,23/05/2026 10:23:04,"181,000","32,580",0,0,"36,437",0,"111,983"
1428,23056-352387306,10292015,Cà Phê Muối Chú Long - Long An,23/05/2026 10:01:04,"76,000","15,200",0,0,"14,926",0,"45,874"
1429,23056-352514472,10219545,Cà Phê Muối Chú Long - Nguyễn Huệ,23/05/2026 10:11:15,"62,000","12,400",0,0,"12,177",0,"37,423"
1430,23056-352614527,10225888,Cà Phê Muối Chú Long - Lạc Long Quân,23/05/2026 10:03:09,"102,000","20,400",0,0,"20,033",0,"61,567"
1431,23056-352716530,10350108,Cà Phê Muối Chú Long - Đường Láng,23/05/2026 10:29:23,"75,000","15,000",0,0,"14,730",0,"45,270"
1432,23056-352753098,10324687,Cà Phê Muối Chú Long - Huỳnh Tấn Phát,23/05/2026 10:07:49,"58,000","11,600",0,0,"11,391",0,"35,009"
1433,23056-352813524,10224935,Cà Phê Muối Chú Long - 585 Quang Trung,23/05/2026 10:15:32,"58,000","11,600",0,0,"11,391",0,"35,009"
1434,23056-352994717,10296675,Cà Phê Muối Chú Long - Trương Định,23/05/2026 10:44:40,"51,000","11,000",0,0,"9,820",0,"30,180"
1435,23056-353014272,10224935,Cà Phê Muối Chú Long - 585 Quang Trung,23/05/2026 10:10:47,"58,000","11,600",0,0,"11,391",0,"35,009"
1436,23056-353147452,10405301,Cà Phê Muối Chú Long - 01 Hàng Đậu,23/05/2026 10:06:44,"29,000",0,0,0,"7,120",0,"21,881"
1437,23056-353256008,10230417,Cà Phê Muối Chú Long - Lê Văn Sỹ,23/05/2026 10:12:54,"58,000","11,600",0,0,"11,391",0,"35,009"
1438,23056-353267224,10321524,Cà Phê Muối Chú Long - Đội Cấn,23/05/2026 10:12:30,"58,000","11,600",0,0,"11,391",0,"35,009"
1439,23056-353393302,10323120,Cà Phê Muối Chú Long - Đồng Xoài,23/05/2026 10:01:36,"83,000","16,600",0,0,"16,301",0,"50,099"
1440,23056-353391333,10224935,Cà Phê Muối Chú Long - 585 Quang Trung,23/05/2026 10:37:29,"65,000","13,000",0,0,"12,766",0,"39,234"
1441,23056-353630512,10354882,Cà Phê Muối Chú Long - Quảng Ngãi,23/05/2026 09:53:35,"29,000","7,250",0,0,"5,340",0,"16,410"
1442,23056-353792831,10235663,Cà Phê Muối Chú Long - Hà Huy Giáp,23/05/2026 10:04:08,"112,000","22,400",0,0,"21,997",0,"67,603"
1443,23056-353857964,10381892,Cà Phê Muối Chú Long - Phan Văn Trị,23/05/2026 10:29:29,"124,000","24,800",0,0,"24,354",0,"74,846"
1444,23056-353910608,10326235,Cà Phê Muối Chú Long - Cà Mau,23/05/2026 09:59:47,"58,000","11,600",0,0,"11,391",0,"35,009"
1445,23056-354058442,10224935,Cà Phê Muối Chú Long - 585 Quang Trung,23/05/2026 10:10:49,"58,000","11,600",0,0,"11,391",0,"35,009"
1446,23056-354105183,10225898,Cà Phê Muối Chú Long - Nguyễn Đình Chiểu,23/05/2026 10:11:30,"138,000","27,600",0,0,"27,103",0,"83,297"
1447,23056-354143348,10324687,Cà Phê Muối Chú Long - Huỳnh Tấn Phát,23/05/2026 10:09:28,"58,000",0,0,0,"14,239",0,"43,761"
1448,23056-354213385,10225871,Cà Phê Muối Chú Long - Đặng Nguyên Cẩn,23/05/2026 10:05:14,"58,000","11,600",0,0,"11,391",0,"35,009"
1449,23056-354292418,10230399,Cà Phê Muối Chú Long - Tân Kỳ Tân Quý,23/05/2026 10:16:56,"374,000","54,500",0,0,"78,437",0,"241,063"
1450,23056-354591355,10397657,Cà Phê Muối Chú Long - 368 Lê Đức Thọ,23/05/2026 10:14:50,"54,000","10,000",0,0,"10,802",0,"33,198"
1451,23056-354650884,10321523,Cà Phê Muối Chú Long - Thanh Nhàn,23/05/2026 10:34:28,"83,000","16,600",0,0,"16,301",0,"50,099"
1452,23056-354792743,10219545,Cà Phê Muối Chú Long - Nguyễn Huệ,23/05/2026 10:15:37,"116,000","23,200",0,0,"22,782",0,"70,018"
1453,23056-355074479,10386890,Cà Phê Muối Chú Long - Nha Trang,23/05/2026 10:07:46,"51,000","10,000",0,0,"10,066",0,"30,935"
1454,23056-355106651,10230399,Cà Phê Muối Chú Long - Tân Kỳ Tân Quý,23/05/2026 10:04:25,"37,000","5,000",0,0,"7,856",0,"24,144"
1455,23056-355241864,10358016,Cà Phê Muối Chú Long - Bà Triệu,23/05/2026 10:17:37,"130,000","26,000",0,0,"25,532",0,"78,468"
1456,23056-355323030,10225898,Cà Phê Muối Chú Long - Nguyễn Đình Chiểu,23/05/2026 10:20:51,"108,000","21,600",0,0,"21,211",0,"65,189"
1457,23056-355780495,10321523,Cà Phê Muối Chú Long - Thanh Nhàn,23/05/2026 10:53:39,"564,000","69,500",0,0,"121,400",0,"373,100"
1458,23056-355999348,10298824,Cà Phê Muối Chú Long - Hoàng Diệu,23/05/2026 10:23:33,"25,000","8,000",0,0,"4,174",0,"12,827"
1459,23056-356114577,10225895,Cà Phê Muối Chú Long - Cách Mạng Tháng 8,23/05/2026 10:11:09,"44,000","5,000",0,0,"9,575",0,"29,426"
1460,23056-356217009,10230793,Cà Phê Muối Chú Long - Huỳnh Văn Bánh,23/05/2026 10:08:46,"88,000","17,600",0,0,"17,283",0,"53,117"
1461,23056-356228551,10321523,Cà Phê Muối Chú Long - Thanh Nhàn,23/05/2026 10:35:13,"58,000","11,600",0,0,"11,391",0,"35,009"
1462,23056-356462544,10230817,Cà Phê Muối Chú Long - Thích Quảng Đức,23/05/2026 10:11:26,"58,000","11,600",0,0,"11,391",0,"35,009"
1463,23056-356618321,10350108,Cà Phê Muối Chú Long - Đường Láng,23/05/2026 10:44:11,"195,000","35,100",0,0,"39,255",0,"120,645"
1464,23056-356651471,10216423,Cà Phê Muối Chú Long - 417 Cộng Hoà,23/05/2026 10:02:55,"76,000","15,200",0,0,"14,926",0,"45,874"
1465,23056-356970738,10381892,Cà Phê Muối Chú Long - Phan Văn Trị,23/05/2026 10:09:26,"83,000","16,600",0,0,"16,301",0,"50,099"
1466,23056-357042503,10225888,Cà Phê Muối Chú Long - Lạc Long Quân,23/05/2026 10:03:30,"25,000","5,000",0,0,"4,910",0,"15,090"
1467,23056-357167971,10375372,Cà Phê Muối Chú Long - An Dương Vương,23/05/2026 10:14:36,"29,000","5,000",0,0,"5,892",0,"18,108"
1468,23056-357306392,10235658,Cà Phê Muối Chú Long - Công Trường Quốc Tế,23/05/2026 10:05:04,"29,000","5,000",0,0,"5,892",0,"18,108"
1469,23056-357332588,10296675,Cà Phê Muối Chú Long - Trương Định,23/05/2026 10:59:57,"145,000","28,571",0,0,"28,583",0,"87,846"
1470,23056-357549090,10381892,Cà Phê Muối Chú Long - Phan Văn Trị,23/05/2026 10:32:23,"162,000","29,160",0,0,"32,612",0,"100,228"
1471,23056-357697539,10224935,Cà Phê Muối Chú Long - 585 Quang Trung,23/05/2026 10:07:16,"80,000","16,000",0,0,"15,712",0,"48,288"
1472,23056-358004560,10381892,Cà Phê Muối Chú Long - Phan Văn Trị,23/05/2026 10:16:15,"29,000","5,000",0,0,"5,892",0,"18,108"
1473,23056-358056059,10225895,Cà Phê Muối Chú Long - Cách Mạng Tháng 8,23/05/2026 10:16:42,"58,000","11,600",0,0,"11,391",0,"35,009"
1474,23056-358218163,10230793,Cà Phê Muối Chú Long - Huỳnh Văn Bánh,23/05/2026 10:15:07,"58,000","11,600",0,0,"11,391",0,"35,009"
1475,23056-358575641,10230814,Cà Phê Muối Chú Long - Võ Văn Kiệt,23/05/2026 10:25:24,"145,000","28,571",0,0,"28,583",0,"87,846"
1476,23056-358728148,10386890,Cà Phê Muối Chú Long - Nha Trang,23/05/2026 10:23:07,"66,000","13,200",0,0,"12,962",0,"39,838"
1477,23056-358797203,10284115,Cà Phê Muối Chú Long - Kha Vạn Cân,23/05/2026 10:09:40,"25,000","8,000",0,0,"4,174",0,"12,827"
1478,23056-358819029,10298769,Cà Phê Muối Chú Long - Tôn Đức Thắng,23/05/2026 10:29:02,"83,000","16,600",0,0,"16,301",0,"50,099"
1479,23056-358858916,10307386,Cà Phê Muối Chú Long - Kiên Giang,23/05/2026 10:10:01,"59,000","11,000",0,0,"11,784",0,"36,216"
1480,23056-358954010,10321524,Cà Phê Muối Chú Long - Đội Cấn,23/05/2026 10:20:33,"83,000","16,600",0,0,"16,301",0,"50,099"
1481,23056-358964653,10225871,Cà Phê Muối Chú Long - Đặng Nguyên Cẩn,23/05/2026 10:28:59,"66,000","13,200",0,0,"12,962",0,"39,838"
1482,23056-359031931,10230417,Cà Phê Muối Chú Long - Lê Văn Sỹ,23/05/2026 10:23:12,"83,000","16,600",0,0,"16,301",0,"50,099"
1483,23056-359062175,10296675,Cà Phê Muối Chú Long - Trương Định,23/05/2026 10:43:12,"58,000","11,600",0,0,"11,391",0,"35,009"
1484,23056-359492232,10225898,Cà Phê Muối Chú Long - Nguyễn Đình Chiểu,23/05/2026 10:15:59,"87,000","17,400",0,0,"17,087",0,"52,513"
1485,23056-359500673,10321523,Cà Phê Muối Chú Long - Thanh Nhàn,23/05/2026 10:30:47,"144,000","28,571",0,0,"28,338",0,"87,091"
1486,23056-359507326,10230814,Cà Phê Muối Chú Long - Võ Văn Kiệt,23/05/2026 10:23:14,"58,000","11,600",0,0,"11,391",0,"35,009"
1487,23056-359555281,10219545,Cà Phê Muối Chú Long - Nguyễn Huệ,23/05/2026 10:23:48,"88,000","17,600",0,0,"17,283",0,"53,117"
1488,23056-359572446,10381983,Cà Phê Muối Chú Long - Bạch Đằng,23/05/2026 10:38:02,"51,000",0,0,0,"12,521",0,"38,480"
1489,23056-359651788,10235658,Cà Phê Muối Chú Long - Công Trường Quốc Tế,23/05/2026 10:27:42,"22,000","5,000",0,0,"4,174",0,"12,827"
1490,23056-359744377,10321523,Cà Phê Muối Chú Long - Thanh Nhàn,23/05/2026 10:27:53,"58,000","11,600",0,0,"11,391",0,"35,009"
1491,23056-359761408,10350108,Cà Phê Muối Chú Long - Đường Láng,23/05/2026 10:52:14,"294,000","47,368",0,0,"60,548",0,"186,084"
1492,23056-359787858,10230958,Cà Phê Muối Chú Long - 3/26 Quang Trung,23/05/2026 10:15:15,"145,000","28,571",0,0,"28,583",0,"87,846"
1493,23056-359897041,10386890,Cà Phê Muối Chú Long - Nha Trang,23/05/2026 10:11:09,"51,000","10,000",0,0,"10,066",0,"30,935"
1494,23056-360100810,10287867,Cà Phê Muối Chú Long - Classic,23/05/2026 10:07:39,"64,000","12,800",0,0,"12,570",0,"38,630"
1495,23056-360115652,10219545,Cà Phê Muối Chú Long - Nguyễn Huệ,23/05/2026 10:08:31,"51,000","11,000",0,0,"9,820",0,"30,180"
1496,23056-360359294,10219545,Cà Phê Muối Chú Long - Nguyễn Huệ,23/05/2026 10:27:38,"260,000","46,800",0,0,"52,341",0,"160,859"
1497,23056-360642492,10298769,Cà Phê Muối Chú Long - Tôn Đức Thắng,23/05/2026 10:25:02,"47,000",0,0,0,"11,539",0,"35,462"
1498,23056-360792349,10350108,Cà Phê Muối Chú Long - Đường Láng,23/05/2026 10:39:15,"155,000","28,571",0,0,"31,038",0,"95,391"
1499,23056-360818280,10405301,Cà Phê Muối Chú Long - 01 Hàng Đậu,23/05/2026 10:32:47,"58,000",0,0,0,"14,239",0,"43,761"
1500,23056-360820458,10321523,Cà Phê Muối Chú Long - Thanh Nhàn,23/05/2026 10:37:06,"141,000","28,200",0,0,"27,692",0,"85,108"
1501,23056-360838097,10321523,Cà Phê Muối Chú Long - Thanh Nhàn,23/05/2026 10:32:02,"166,000","29,880",0,0,"33,417",0,"102,703"
1502,23056-360856472,10350108,Cà Phê Muối Chú Long - Đường Láng,23/05/2026 10:53:46,"54,000","11,000",0,0,"10,557",0,"32,444"
1503,23056-360933072,10407619,Cà Phê Muối Chú Long - 117 Lò Đúc,23/05/2026 10:10:24,"44,000",0,0,0,"10,802",0,"33,198"
1504,23056-361025870,10298769,Cà Phê Muối Chú Long - Tôn Đức Thắng,23/05/2026 10:25:25,"29,000","5,000",0,0,"5,892",0,"18,108"
1505,23056-361188645,10269971,Cà Phê Muối Chú Long - Cần Thơ,23/05/2026 10:39:00,"87,000","17,400",0,0,"17,087",0,"52,513"
1506,23056-361263306,10321437,Cà Phê Muối Chú Long - Tây Ninh,23/05/2026 10:17:46,"117,000","23,400",0,0,"22,979",0,"70,621"
1507,23056-361508329,10292422,Cà Phê Muối Chú Long - Phan Thiết,23/05/2026 10:23:23,"29,000","7,250",0,0,"5,340",0,"16,410"
1508,23056-361676256,10284115,Cà Phê Muối Chú Long - Kha Vạn Cân,23/05/2026 10:24:36,"174,000","31,320",0,0,"35,028",0,"107,652"
1509,23056-361793288,10321523,Cà Phê Muối Chú Long - Thanh Nhàn,23/05/2026 10:30:23,"51,000","10,000",0,0,"10,066",0,"30,935"
1510,23056-362038568,10292422,Cà Phê Muối Chú Long - Phan Thiết,23/05/2026 11:30:44,"29,000","7,250",0,0,"5,340",0,"16,410"
1511,23056-362354064,10324687,Cà Phê Muối Chú Long - Huỳnh Tấn Phát,23/05/2026 10:11:31,"79,000","15,800",0,0,"15,516",0,"47,684"
1512,23056-362418320,10235659,Cà Phê Muối Chú Long - Nguyễn Hữu Cảnh,23/05/2026 10:29:06,"145,000","28,571",0,0,"28,583",0,"87,846"
1513,23056-362569844,10340098,Cà Phê Muối Chú Long - Thuận An,23/05/2026 10:23:06,"58,000","11,600",0,0,"11,391",0,"35,009"
1514,23056-362672145,10358016,Cà Phê Muối Chú Long - Bà Triệu,23/05/2026 10:51:45,"25,000","8,000",0,0,"4,174",0,"12,827"
1515,23056-362881380,10321439,Cà Phê Muối Chú Long - Vĩnh Long,23/05/2026 10:28:14,"54,000","11,000",0,0,"10,557",0,"32,444"
1516,23056-363012738,10224935,Cà Phê Muối Chú Long - 585 Quang Trung,23/05/2026 10:36:33,"61,000","12,200",0,0,"11,980",0,"36,820"
1517,23056-363020468,10230793,Cà Phê Muối Chú Long - Huỳnh Văn Bánh,23/05/2026 10:22:37,"22,000","5,000",0,0,"4,174",0,"12,827"
1518,23056-363074327,10296675,Cà Phê Muối Chú Long - Trương Định,23/05/2026 10:53:49,"30,000","5,000",0,0,"6,138",0,"18,863"
1519,23056-363247055,10350108,Cà Phê Muối Chú Long - Đường Láng,23/05/2026 11:12:42,"130,000","26,000",0,0,"25,532",0,"78,468"
1520,23056-969518181,10235659,Cà Phê Muối Chú Long - Nguyễn Hữu Cảnh,23/05/2026 10:26:21,"29,000","5,000",0,0,"5,892",0,"18,108"
1521,23056-363569456,10224935,Cà Phê Muối Chú Long - 585 Quang Trung,23/05/2026 10:41:59,"66,000","13,200",0,0,"12,962",0,"39,838"
1522,23056-363724428,10225888,Cà Phê Muối Chú Long - Lạc Long Quân,23/05/2026 11:00:46,"66,000","13,200",0,0,"12,962",0,"39,838"
1523,23056-363734562,10230417,Cà Phê Muối Chú Long - Lê Văn Sỹ,23/05/2026 10:26:10,"58,000","10,000",0,0,"11,784",0,"36,216"
1524,23056-363735244,10225902,Cà Phê Muối Chú Long - Hậu Giang,23/05/2026 10:32:19,"44,000","5,000",0,0,"9,575",0,"29,426"
1525,23056-363780521,10298769,Cà Phê Muối Chú Long - Tôn Đức Thắng,23/05/2026 10:24:29,"50,000","11,000",0,0,"9,575",0,"29,426"
1526,23056-363815486,10340098,Cà Phê Muối Chú Long - Thuận An,23/05/2026 10:30:35,"87,000","17,400",0,0,"17,087",0,"52,513"
1527,23056-363937663,10375372,Cà Phê Muối Chú Long - An Dương Vương,23/05/2026 10:34:11,"50,000","16,000",0,0,"8,347",0,"25,653"
1528,23056-363935266,10287867,Cà Phê Muối Chú Long - Classic,23/05/2026 10:18:43,"30,000","5,000",0,0,"6,138",0,"18,863"
1529,23056-364204284,10222800,Cà Phê Muối Chú Long - Thành Thái,23/05/2026 10:34:45,"87,000","17,400",0,0,"17,087",0,"52,513"
1530,23056-364256989,10224935,Cà Phê Muối Chú Long - 585 Quang Trung,23/05/2026 10:25:07,"113,000","22,600",0,0,"22,193",0,"68,207"
1531,23056-364500156,10298769,Cà Phê Muối Chú Long - Tôn Đức Thắng,23/05/2026 10:16:00,"58,000","11,600",0,0,"11,391",0,"35,009"
1532,23056-364551690,10222800,Cà Phê Muối Chú Long - Thành Thái,23/05/2026 10:27:32,"58,000","11,600",0,0,"11,391",0,"35,009"
1533,23056-364558343,10350108,Cà Phê Muối Chú Long - Đường Láng,23/05/2026 10:58:00,"62,000","12,400",0,0,"12,177",0,"37,423"
1534,23056-364612708,10292422,Cà Phê Muối Chú Long - Phan Thiết,23/05/2026 10:22:32,"29,000","7,250",0,0,"5,340",0,"16,410"
1535,23056-364980228,10284115,Cà Phê Muối Chú Long - Kha Vạn Cân,23/05/2026 10:31:31,"58,000","11,600",0,0,"11,391",0,"35,009"
1536,23056-365034513,10324687,Cà Phê Muối Chú Long - Huỳnh Tấn Phát,23/05/2026 10:20:06,"51,000","11,000",0,0,"9,820",0,"30,180"
1537,23056-365196892,10381892,Cà Phê Muối Chú Long - Phan Văn Trị,23/05/2026 10:38:24,"58,000","11,600",0,0,"11,391",0,"35,009"
1538,23056-365203118,10381892,Cà Phê Muối Chú Long - Phan Văn Trị,23/05/2026 10:20:39,"58,000","11,600",0,0,"11,391",0,"35,009"
1539,23056-365359955,10222800,Cà Phê Muối Chú Long - Thành Thái,23/05/2026 10:47:27,"76,000","15,200",0,0,"14,926",0,"45,874"
1540,23056-365405766,10225888,Cà Phê Muối Chú Long - Lạc Long Quân,23/05/2026 10:19:41,"65,000","13,000",0,0,"12,766",0,"39,234"
1541,23056-365562773,10321524,Cà Phê Muối Chú Long - Đội Cấn,23/05/2026 10:26:12,"58,000","11,600",0,0,"11,391",0,"35,009"
1542,23056-365586178,10381983,Cà Phê Muối Chú Long - Bạch Đằng,23/05/2026 10:39:31,"73,000",0,0,0,"17,922",0,"55,079"
1543,23056-365625016,10296675,Cà Phê Muối Chú Long - Trương Định,23/05/2026 10:40:22,"58,000","11,600",0,0,"11,391",0,"35,009"
1544,23056-365721353,10296675,Cà Phê Muối Chú Long - Trương Định,23/05/2026 10:45:56,"54,000","11,000",0,0,"10,557",0,"32,444"
1545,23056-365830794,10235658,Cà Phê Muối Chú Long - Công Trường Quốc Tế,23/05/2026 10:22:56,"54,000","11,000",0,0,"10,557",0,"32,444"
1546,23056-365853800,10321524,Cà Phê Muối Chú Long - Đội Cấn,23/05/2026 11:01:20,"55,000","11,000",0,0,"10,802",0,"33,198"
1547,23056-365971726,10242271,Cà Phê Muối Chú Long - Vũng Tàu,23/05/2026 10:16:45,"51,000","10,000",0,0,"10,066",0,"30,935"
1548,23056-366019671,10230171,Cà Phê Muối Chú Long - Bình Long,23/05/2026 10:28:22,"58,000","11,600",0,0,"11,391",0,"35,009"
1549,23056-366052714,10296675,Cà Phê Muối Chú Long - Trương Định,23/05/2026 10:33:52,"29,000","5,000",0,0,"5,892",0,"18,108"
1550,23056-366105881,10292422,Cà Phê Muối Chú Long - Phan Thiết,23/05/2026 10:26:06,"29,000","7,250",0,0,"5,340",0,"16,410"
1551,23056-366293010,10395671,Cà Phê Muối Chú Long - 59 Trường Chinh,23/05/2026 10:54:52,"94,000","18,800",0,0,"18,462",0,"56,738"
1552,23056-366331499,10296675,Cà Phê Muối Chú Long - Trương Định,23/05/2026 11:00:31,"65,000","13,000",0,0,"12,766",0,"39,234"
1553,23056-366392943,10219545,Cà Phê Muối Chú Long - Nguyễn Huệ,23/05/2026 10:21:22,"29,000","5,000",0,0,"5,892",0,"18,108"
1554,23056-366615034,10230793,Cà Phê Muối Chú Long - Huỳnh Văn Bánh,23/05/2026 10:36:39,"58,000","11,600",0,0,"11,391",0,"35,009"
1555,23056-366616697,10298769,Cà Phê Muối Chú Long - Tôn Đức Thắng,23/05/2026 10:43:25,"54,000","11,000",0,0,"10,557",0,"32,444"
1556,23056-366731083,10397657,Cà Phê Muối Chú Long - 368 Lê Đức Thọ,23/05/2026 10:35:36,"58,000","11,600",0,0,"11,391",0,"35,009"
1557,23056-366738494,10321524,Cà Phê Muối Chú Long - Đội Cấn,23/05/2026 10:23:35,"44,000","5,000",0,0,"9,575",0,"29,426"
1558,23056-367216089,10225895,Cà Phê Muối Chú Long - Cách Mạng Tháng 8,23/05/2026 10:32:24,"58,000","11,600",0,0,"11,391",0,"35,009"
1559,23056-367346781,10350108,Cà Phê Muối Chú Long - Đường Láng,23/05/2026 10:34:31,"29,000","5,000",0,0,"5,892",0,"18,108"
1560,23056-367389070,10324687,Cà Phê Muối Chú Long - Huỳnh Tấn Phát,23/05/2026 10:39:37,"141,000","28,200",0,0,"27,692",0,"85,108"
1561,23056-367388536,10296675,Cà Phê Muối Chú Long - Trương Định,23/05/2026 10:47:05,"145,000","28,571",0,0,"28,583",0,"87,846"
1562,23056-367417210,10225895,Cà Phê Muối Chú Long - Cách Mạng Tháng 8,23/05/2026 10:27:16,"25,000","5,000",0,0,"4,910",0,"15,090"
1563,23056-367610954,10222800,Cà Phê Muối Chú Long - Thành Thái,23/05/2026 10:28:40,"50,000","11,000",0,0,"9,575",0,"29,426"
1564,23056-367647306,10222800,Cà Phê Muối Chú Long - Thành Thái,23/05/2026 10:52:47,"66,000","13,200",0,0,"12,962",0,"39,838"
1565,23056-367763022,10340098,Cà Phê Muối Chú Long - Thuận An,23/05/2026 10:51:26,"104,000","20,800",0,0,"20,426",0,"62,774"
1566,23056-367789062,10225871,Cà Phê Muối Chú Long - Đặng Nguyên Cẩn,23/05/2026 10:25:02,"22,000","5,000",0,0,"4,174",0,"12,827"
1567,23056-367869546,10225898,Cà Phê Muối Chú Long - Nguyễn Đình Chiểu,23/05/2026 10:35:45,"61,000","12,200",0,0,"11,980",0,"36,820"
1568,23056-367934167,10216423,Cà Phê Muối Chú Long - 417 Cộng Hoà,23/05/2026 10:39:34,"51,000","11,000",0,0,"9,820",0,"30,180"
1569,23056-367957819,10225898,Cà Phê Muối Chú Long - Nguyễn Đình Chiểu,23/05/2026 10:38:26,"58,000","11,600",0,0,"11,391",0,"35,009"
1570,23056-368279944,10235659,Cà Phê Muối Chú Long - Nguyễn Hữu Cảnh,23/05/2026 11:09:19,"109,000","21,800",0,0,"21,408",0,"65,792"
1571,23056-368382557,10222800,Cà Phê Muối Chú Long - Thành Thái,23/05/2026 10:44:35,"116,000","23,200",0,0,"22,782",0,"70,018"
1572,23056-368580771,10225888,Cà Phê Muối Chú Long - Lạc Long Quân,23/05/2026 10:50:48,"131,000","26,200",0,0,"25,728",0,"79,072"
1573,23056-368592267,10321523,Cà Phê Muối Chú Long - Thanh Nhàn,23/05/2026 10:38:15,"61,000","12,200",0,0,"11,980",0,"36,820"
1574,23056-368717734,10225898,Cà Phê Muối Chú Long - Nguyễn Đình Chiểu,23/05/2026 10:32:54,"44,000","5,000",0,0,"9,575",0,"29,426"
1575,23056-369206351,10230171,Cà Phê Muối Chú Long - Bình Long,23/05/2026 10:29:06,"47,000",0,0,0,"11,539",0,"35,462"
1576,23056-369234853,10299524,Cà Phê Muối Chú Long - Lê Duẩn,23/05/2026 10:55:35,"54,000","10,000",0,0,"10,802",0,"33,198"
1577,23056-369272847,10381983,Cà Phê Muối Chú Long - Bạch Đằng,23/05/2026 10:31:16,"112,000",0,0,0,"27,496",0,"84,504"
1578,23056-369406553,10232123,Cà Phê Muối Chú Long - 17A Ngô Tất Tố,23/05/2026 10:34:22,"47,000",0,0,0,"11,539",0,"35,462"
1579,23056-369435137,10225898,Cà Phê Muối Chú Long - Nguyễn Đình Chiểu,23/05/2026 10:47:43,"58,000","11,600",0,0,"11,391",0,"35,009"
1580,23056-369638374,10222800,Cà Phê Muối Chú Long - Thành Thái,23/05/2026 10:36:07,"58,000","11,600",0,0,"11,391",0,"35,009"
1581,23056-369729592,10222800,Cà Phê Muối Chú Long - Thành Thái,23/05/2026 10:24:37,"36,000","5,000",0,0,"7,611",0,"23,390"
1582,23056-369737013,10321523,Cà Phê Muối Chú Long - Thanh Nhàn,23/05/2026 10:35:19,"116,000","23,200",0,0,"22,782",0,"70,018"
1583,23056-369862731,10224935,Cà Phê Muối Chú Long - 585 Quang Trung,23/05/2026 10:29:01,"58,000","11,600",0,0,"11,391",0,"35,009"
1584,23056-370418027,10230292,Cà Phê Muối Chú Long - Lê Văn Việt,23/05/2026 10:46:35,"58,000","11,600",0,0,"11,391",0,"35,009"
1585,23056-370492039,10225871,Cà Phê Muối Chú Long - Đặng Nguyên Cẩn,23/05/2026 10:33:43,"58,000","11,600",0,0,"11,391",0,"35,009"
1586,23056-370519476,10397657,Cà Phê Muối Chú Long - 368 Lê Đức Thọ,23/05/2026 10:35:54,"54,000","10,000",0,0,"10,802",0,"33,198"
1587,23056-370536184,10296675,Cà Phê Muối Chú Long - Trương Định,23/05/2026 11:16:22,"51,000","10,000",0,0,"10,066",0,"30,935"
1588,23056-370587170,10225902,Cà Phê Muối Chú Long - Hậu Giang,23/05/2026 10:41:32,"58,000","11,600",0,0,"11,391",0,"35,009"
1589,23056-370622339,10375372,Cà Phê Muối Chú Long - An Dương Vương,23/05/2026 10:52:08,"87,000","17,400",0,0,"17,087",0,"52,513"
1590,23056-370736955,10222800,Cà Phê Muối Chú Long - Thành Thái,23/05/2026 10:38:39,"87,000","17,400",0,0,"17,087",0,"52,513"
1591,23056-371088273,10235658,Cà Phê Muối Chú Long - Công Trường Quốc Tế,23/05/2026 10:33:10,"87,000","17,400",0,0,"17,087",0,"52,513"
1592,23056-371292412,10321524,Cà Phê Muối Chú Long - Đội Cấn,23/05/2026 11:08:57,"58,000","11,600",0,0,"11,391",0,"35,009"
1593,23056-371424358,10225895,Cà Phê Muối Chú Long - Cách Mạng Tháng 8,23/05/2026 10:37:03,"29,000","5,000",0,0,"5,892",0,"18,108"
1594,23056-371592978,10235663,Cà Phê Muối Chú Long - Hà Huy Giáp,23/05/2026 10:37:13,"44,000","10,000",0,0,"8,347",0,"25,653"
1595,23056-371611240,10242271,Cà Phê Muối Chú Long - Vũng Tàu,23/05/2026 10:38:58,"54,000",0,0,0,"13,257",0,"40,743"
1596,23056-371763806,10298769,Cà Phê Muối Chú Long - Tôn Đức Thắng,23/05/2026 10:47:08,"87,000","17,400",0,0,"17,087",0,"52,513"
1597,23056-371968492,10225902,Cà Phê Muối Chú Long - Hậu Giang,23/05/2026 10:55:14,"141,000","28,200",0,0,"27,692",0,"85,108"
1598,23056-372071606,10321524,Cà Phê Muối Chú Long - Đội Cấn,23/05/2026 10:29:14,"80,000","16,000",0,0,"15,712",0,"48,288"
1599,23056-372835512,10230171,Cà Phê Muối Chú Long - Bình Long,23/05/2026 10:34:38,"58,000","11,600",0,0,"11,391",0,"35,009"
1600,23056-373016745,10225888,Cà Phê Muối Chú Long - Lạc Long Quân,23/05/2026 10:49:55,"58,000","11,600",0,0,"11,391",0,"35,009"
1601,23056-373089189,10235663,Cà Phê Muối Chú Long - Hà Huy Giáp,23/05/2026 10:32:41,"51,000","11,000",0,0,"9,820",0,"30,180"
1602,23056-373173458,10321524,Cà Phê Muối Chú Long - Đội Cấn,23/05/2026 11:21:17,"47,000",0,0,0,"11,539",0,"35,462"
1603,23056-373360432,10405301,Cà Phê Muối Chú Long - 01 Hàng Đậu,23/05/2026 10:40:53,"155,000",0,0,0,"38,053",0,"116,948"
1604,23056-373492013,10386890,Cà Phê Muối Chú Long - Nha Trang,23/05/2026 11:01:47,"58,000","11,600",0,0,"11,391",0,"35,009"
1605,23056-373592284,10292422,Cà Phê Muối Chú Long - Phan Thiết,23/05/2026 10:42:22,"58,000","11,600",0,0,"11,391",0,"35,009"
1606,23056-373594028,10242271,Cà Phê Muối Chú Long - Vũng Tàu,23/05/2026 10:29:05,"261,000","46,980",0,0,"52,542",0,"161,478"
1607,23056-373626827,10350108,Cà Phê Muối Chú Long - Đường Láng,23/05/2026 11:19:11,"58,000","10,000",0,0,"11,784",0,"36,216"
1608,23056-373651350,10321524,Cà Phê Muối Chú Long - Đội Cấn,23/05/2026 10:35:40,"58,000","11,600",0,0,"11,391",0,"35,009"
1609,23056-373736687,10230292,Cà Phê Muối Chú Long - Lê Văn Việt,23/05/2026 10:46:02,"29,000","5,000",0,0,"5,892",0,"18,108"
1610,23056-373779485,10298824,Cà Phê Muối Chú Long - Hoàng Diệu,23/05/2026 10:49:40,"76,000","15,200",0,0,"14,926",0,"45,874"
1611,23056-373820258,10296675,Cà Phê Muối Chú Long - Trương Định,23/05/2026 10:56:36,"116,000","23,200",0,0,"22,782",0,"70,018"
1612,23056-373894086,10235663,Cà Phê Muối Chú Long - Hà Huy Giáp,23/05/2026 10:55:24,"87,000","15,000",0,0,"17,676",0,"54,324"
1613,23056-373902529,10381892,Cà Phê Muối Chú Long - Phan Văn Trị,23/05/2026 10:45:34,"87,000","17,400",0,0,"17,087",0,"52,513"
1614,23056-373969293,10298769,Cà Phê Muối Chú Long - Tôn Đức Thắng,23/05/2026 11:00:36,"58,000","11,600",0,0,"11,391",0,"35,009"
1615,23056-374067045,10222800,Cà Phê Muối Chú Long - Thành Thái,23/05/2026 10:38:00,"58,000","11,600",0,0,"11,391",0,"35,009"
1616,23056-374147994,10408376,Cà Phê Muối Chú Long - 203 Tôn Đản,23/05/2026 10:27:21,"239,000",0,0,0,"58,675",0,"180,326"
1617,23056-374299296,10381892,Cà Phê Muối Chú Long - Phan Văn Trị,23/05/2026 10:48:22,"22,000","5,000",0,0,"4,174",0,"12,827"
1618,23056-374345326,10298769,Cà Phê Muối Chú Long - Tôn Đức Thắng,23/05/2026 10:54:07,"79,000","15,800",0,0,"15,516",0,"47,684"
1619,23056-374357416,10230793,Cà Phê Muối Chú Long - Huỳnh Văn Bánh,23/05/2026 10:54:05,"51,000","11,000",0,0,"9,820",0,"30,180"
1620,23056-374415622,10269971,Cà Phê Muối Chú Long - Cần Thơ,23/05/2026 10:42:57,"58,000","11,600",0,0,"11,391",0,"35,009"
1621,23056-374523528,10230417,Cà Phê Muối Chú Long - Lê Văn Sỹ,23/05/2026 10:49:53,"58,000","11,600",0,0,"11,391",0,"35,009"
1622,23056-374632348,10225902,Cà Phê Muối Chú Long - Hậu Giang,23/05/2026 10:37:00,"44,000","5,000",0,0,"9,575",0,"29,426"
1623,23056-374655238,10224935,Cà Phê Muối Chú Long - 585 Quang Trung,23/05/2026 10:40:50,"22,000","5,000",0,0,"4,174",0,"12,827"
1624,23056-374695925,10230399,Cà Phê Muối Chú Long - Tân Kỳ Tân Quý,23/05/2026 10:52:42,"25,000","8,000",0,0,"4,174",0,"12,827"
1625,23056-374761264,10397657,Cà Phê Muối Chú Long - 368 Lê Đức Thọ,23/05/2026 10:45:53,"58,000","11,600",0,0,"11,391",0,"35,009"
1626,23056-374842134,10222800,Cà Phê Muối Chú Long - Thành Thái,23/05/2026 11:05:04,"47,000",0,0,0,"11,539",0,"35,462"
1627,23056-374898124,10230399,Cà Phê Muối Chú Long - Tân Kỳ Tân Quý,23/05/2026 10:40:50,"87,000","17,400",0,0,"17,087",0,"52,513"
1628,23056-374981831,10225898,Cà Phê Muối Chú Long - Nguyễn Đình Chiểu,23/05/2026 10:43:50,"102,000","20,400",0,0,"20,033",0,"61,567"
1629,23056-374986036,10230793,Cà Phê Muối Chú Long - Huỳnh Văn Bánh,23/05/2026 10:33:38,"65,000","13,000",0,0,"12,766",0,"39,234"
1630,23056-375027731,10230814,Cà Phê Muối Chú Long - Võ Văn Kiệt,23/05/2026 10:43:57,"51,000","11,000",0,0,"9,820",0,"30,180"
1631,23056-375077683,10230814,Cà Phê Muối Chú Long - Võ Văn Kiệt,23/05/2026 10:51:44,"88,000","17,600",0,0,"17,283",0,"53,117"
1632,23056-375205703,10225902,Cà Phê Muối Chú Long - Hậu Giang,23/05/2026 10:42:42,"29,000","5,000",0,0,"5,892",0,"18,108"
1633,23056-375231848,10219545,Cà Phê Muối Chú Long - Nguyễn Huệ,23/05/2026 10:40:35,"116,000","23,200",0,0,"22,782",0,"70,018"
1634,23056-375249018,10324687,Cà Phê Muối Chú Long - Huỳnh Tấn Phát,23/05/2026 10:43:29,"80,000","16,000",0,0,"15,712",0,"48,288"
1635,23056-375293682,10296675,Cà Phê Muối Chú Long - Trương Định,23/05/2026 11:20:28,"58,000","11,600",0,0,"11,391",0,"35,009"
1636,23056-375351097,10235663,Cà Phê Muối Chú Long - Hà Huy Giáp,23/05/2026 10:42:30,"29,000","5,000",0,0,"5,892",0,"18,108"
1637,23056-375363879,10381892,Cà Phê Muối Chú Long - Phan Văn Trị,23/05/2026 10:53:05,"87,000","17,400",0,0,"17,087",0,"52,513"
1638,23056-375400462,10225902,Cà Phê Muối Chú Long - Hậu Giang,23/05/2026 10:36:08,"51,000","11,000",0,0,"9,820",0,"30,180"
1639,23056-375464870,10222800,Cà Phê Muối Chú Long - Thành Thái,23/05/2026 10:38:45,"54,000","11,000",0,0,"10,557",0,"32,444"
1640,23056-375530683,10222800,Cà Phê Muối Chú Long - Thành Thái,23/05/2026 10:51:36,"54,000","11,000",0,0,"10,557",0,"32,444"
1641,23056-375561769,10405301,Cà Phê Muối Chú Long - 01 Hàng Đậu,23/05/2026 10:44:47,"29,000",0,0,0,"7,120",0,"21,881"
1642,23056-375686846,10230171,Cà Phê Muối Chú Long - Bình Long,23/05/2026 10:35:11,"87,000","17,400",0,0,"17,087",0,"52,513"
1643,23056-375941962,10350108,Cà Phê Muối Chú Long - Đường Láng,23/05/2026 10:42:20,"54,000","10,000",0,0,"10,802",0,"33,198"
1644,23056-375952116,10292422,Cà Phê Muối Chú Long - Phan Thiết,23/05/2026 10:46:55,"58,000","11,600",0,0,"11,391",0,"35,009"
1645,23056-375995291,10296675,Cà Phê Muối Chú Long - Trương Định,23/05/2026 11:02:15,"87,000","17,400",0,0,"17,087",0,"52,513"
1646,23056-376140942,10296675,Cà Phê Muối Chú Long - Trương Định,23/05/2026 11:04:33,"58,000","11,600",0,0,"11,391",0,"35,009"
1647,23056-376240041,10315543,Cà Phê Muối Chú Long - Bến Tre,23/05/2026 10:48:07,"87,000","17,400",0,0,"17,087",0,"52,513"
1648,23056-376280542,10292422,Cà Phê Muối Chú Long - Phan Thiết,23/05/2026 10:41:12,"54,000","10,000",0,0,"10,802",0,"33,198"
1649,23056-376308287,10284115,Cà Phê Muối Chú Long - Kha Vạn Cân,23/05/2026 10:55:27,"22,000","5,000",0,0,"4,174",0,"12,827"
1650,23056-376558654,10405301,Cà Phê Muối Chú Long - 01 Hàng Đậu,23/05/2026 11:00:37,"50,000",0,0,0,"12,275",0,"37,725"
1651,23056-376578659,10230417,Cà Phê Muối Chú Long - Lê Văn Sỹ,23/05/2026 10:45:48,"80,000","16,000",0,0,"15,712",0,"48,288"
1652,23056-376689621,10298824,Cà Phê Muối Chú Long - Hoàng Diệu,23/05/2026 10:54:09,"29,000","7,250",0,0,"5,340",0,"16,410"
1653,23056-376705178,10321524,Cà Phê Muối Chú Long - Đội Cấn,23/05/2026 11:02:11,"58,000","11,600",0,0,"11,391",0,"35,009"
1654,23056-376791292,10296675,Cà Phê Muối Chú Long - Trương Định,23/05/2026 11:13:37,"29,000","5,000",0,0,"5,892",0,"18,108"
1655,23056-377098239,10225871,Cà Phê Muối Chú Long - Đặng Nguyên Cẩn,23/05/2026 11:02:30,"51,000","11,000",0,0,"9,820",0,"30,180"
1656,23056-377125322,10224935,Cà Phê Muối Chú Long - 585 Quang Trung,23/05/2026 10:48:14,"65,000","13,000",0,0,"12,766",0,"39,234"
1657,23056-377174826,10321523,Cà Phê Muối Chú Long - Thanh Nhàn,23/05/2026 10:53:59,"87,000","17,400",0,0,"17,087",0,"52,513"
1658,23056-377191288,10375372,Cà Phê Muối Chú Long - An Dương Vương,23/05/2026 11:06:09,"66,000","13,200",0,0,"12,962",0,"39,838"
1659,23056-377498887,10381892,Cà Phê Muối Chú Long - Phan Văn Trị,23/05/2026 10:51:44,"58,000","11,600",0,0,"11,391",0,"35,009"
1660,23056-377956564,10230958,Cà Phê Muối Chú Long - 3/26 Quang Trung,23/05/2026 11:02:37,"87,000","17,400",0,0,"17,087",0,"52,513"
1661,23056-378105127,10216423,Cà Phê Muối Chú Long - 417 Cộng Hoà,23/05/2026 10:57:43,"116,000","23,200",0,0,"22,782",0,"70,018"
1662,23056-378123073,10230417,Cà Phê Muối Chú Long - Lê Văn Sỹ,23/05/2026 10:50:30,"87,000","17,400",0,0,"17,087",0,"52,513"
1663,23056-378677016,10407619,Cà Phê Muối Chú Long - 117 Lò Đúc,23/05/2026 10:55:36,"58,000",0,0,0,"14,239",0,"43,761"
1664,23056-378749288,10235663,Cà Phê Muối Chú Long - Hà Huy Giáp,23/05/2026 11:07:09,"54,000","11,000",0,0,"10,557",0,"32,444"
1665,23056-378754430,10216423,Cà Phê Muối Chú Long - 417 Cộng Hoà,23/05/2026 10:51:29,"58,000","11,600",0,0,"11,391",0,"35,009"
1666,23056-378766580,10296675,Cà Phê Muối Chú Long - Trương Định,23/05/2026 11:24:15,"54,000","10,000",0,0,"10,802",0,"33,198"
1667,23056-378964498,10222800,Cà Phê Muối Chú Long - Thành Thái,23/05/2026 10:40:50,"72,000","14,400",0,0,"14,141",0,"43,459"
1668,23056-379052591,10292422,Cà Phê Muối Chú Long - Phan Thiết,23/05/2026 10:55:55,"29,000","7,250",0,0,"5,340",0,"16,410"
1669,23056-379102548,10225902,Cà Phê Muối Chú Long - Hậu Giang,23/05/2026 10:56:50,"87,000","17,400",0,0,"17,087",0,"52,513"
1670,23056-379108982,10324687,Cà Phê Muối Chú Long - Huỳnh Tấn Phát,23/05/2026 10:40:14,"58,000","11,600",0,0,"11,391",0,"35,009"
1671,23056-379130183,10298769,Cà Phê Muối Chú Long - Tôn Đức Thắng,23/05/2026 10:50:20,"65,000","13,000",0,0,"12,766",0,"39,234"
1672,23056-379157552,10225902,Cà Phê Muối Chú Long - Hậu Giang,23/05/2026 11:00:02,"87,000","17,400",0,0,"17,087",0,"52,513"
1673,23056-379327224,10230171,Cà Phê Muối Chú Long - Bình Long,23/05/2026 10:45:52,"54,000","11,000",0,0,"10,557",0,"32,444"
1674,23056-379979053,10292422,Cà Phê Muối Chú Long - Phan Thiết,23/05/2026 10:51:20,"29,000","7,250",0,0,"5,340",0,"16,410"
1675,23056-379981085,10225895,Cà Phê Muối Chú Long - Cách Mạng Tháng 8,23/05/2026 10:49:07,"79,000","15,800",0,0,"15,516",0,"47,684"
1676,23056-380202133,10324687,Cà Phê Muối Chú Long - Huỳnh Tấn Phát,23/05/2026 10:56:26,"25,000","8,000",0,0,"4,174",0,"12,827"
1677,23056-380270595,10321524,Cà Phê Muối Chú Long - Đội Cấn,23/05/2026 11:05:50,"37,000","5,000",0,0,"7,856",0,"24,144"
1678,23056-380318179,10242271,Cà Phê Muối Chú Long - Vũng Tàu,23/05/2026 10:43:34,"83,000","16,600",0,0,"16,301",0,"50,099"
1679,23056-380476657,10230814,Cà Phê Muối Chú Long - Võ Văn Kiệt,23/05/2026 10:59:41,"286,000","47,368",0,0,"58,584",0,"180,048"
1680,23056-380787380,10405301,Cà Phê Muối Chú Long - 01 Hàng Đậu,23/05/2026 11:10:00,"22,000",0,0,0,"5,401",0,"16,599"
1681,23056-380818947,10298769,Cà Phê Muối Chú Long - Tôn Đức Thắng,23/05/2026 10:59:15,"58,000","11,600",0,0,"11,391",0,"35,009"
1682,23056-380855660,10225888,Cà Phê Muối Chú Long - Lạc Long Quân,23/05/2026 11:05:32,"58,000",0,0,0,"14,239",0,"43,761"
1683,23056-381072647,10321524,Cà Phê Muối Chú Long - Đội Cấn,23/05/2026 10:49:18,"58,000","11,600",0,0,"11,391",0,"35,009"
1684,23056-381284547,10284115,Cà Phê Muối Chú Long - Kha Vạn Cân,23/05/2026 10:52:03,"69,000","13,800",0,0,"13,552",0,"41,648"
1685,23056-381652575,10222800,Cà Phê Muối Chú Long - Thành Thái,23/05/2026 10:45:11,"145,000","28,571",0,0,"28,583",0,"87,846"
1686,23056-381707470,10298769,Cà Phê Muối Chú Long - Tôn Đức Thắng,23/05/2026 11:16:35,"83,000","16,600",0,0,"16,301",0,"50,099"
1687,23056-381967029,10296675,Cà Phê Muối Chú Long - Trương Định,23/05/2026 12:12:12,"50,000","10,000",0,0,"9,820",0,"30,180"
1688,23056-382326448,10321524,Cà Phê Muối Chú Long - Đội Cấn,23/05/2026 12:11:55,"74,000","14,800",0,0,"14,534",0,"44,666"
1689,23056-382443998,10292422,Cà Phê Muối Chú Long - Phan Thiết,23/05/2026 10:58:59,"29,000","7,250",0,0,"5,340",0,"16,410"
1690,23056-382601370,10222800,Cà Phê Muối Chú Long - Thành Thái,23/05/2026 10:54:31,"192,000","34,560",0,0,"38,652",0,"118,788"
1691,23056-382833099,10350108,Cà Phê Muối Chú Long - Đường Láng,23/05/2026 11:29:34,"150,000","28,571",0,0,"29,811",0,"91,618"
1692,23056-382918140,10298769,Cà Phê Muối Chú Long - Tôn Đức Thắng,23/05/2026 11:25:23,"50,000","11,000",0,0,"9,575",0,"29,426"
1693,23056-382967677,10321523,Cà Phê Muối Chú Long - Thanh Nhàn,23/05/2026 11:00:29,"50,000","11,000",0,0,"9,575",0,"29,426"
1694,23056-383018717,10296675,Cà Phê Muối Chú Long - Trương Định,23/05/2026 11:00:17,"58,000","11,600",0,0,"11,391",0,"35,009"
1695,23056-383301783,10284115,Cà Phê Muối Chú Long - Kha Vạn Cân,23/05/2026 10:52:27,"44,000","5,000",0,0,"9,575",0,"29,426"
1696,23056-383478243,10230814,Cà Phê Muối Chú Long - Võ Văn Kiệt,23/05/2026 10:48:55,"36,000","5,000",0,0,"7,611",0,"23,390"
1697,23056-383724960,10298769,Cà Phê Muối Chú Long - Tôn Đức Thắng,23/05/2026 11:12:15,"188,000","33,840",0,0,"37,846",0,"116,314"
1698,23056-384005073,10284115,Cà Phê Muối Chú Long - Kha Vạn Cân,23/05/2026 11:02:19,"101,000","20,200",0,0,"19,836",0,"60,964"
1699,23056-384034866,10230292,Cà Phê Muối Chú Long - Lê Văn Việt,23/05/2026 11:00:35,"25,000","8,000",0,0,"4,174",0,"12,827"
1700,23056-384079287,10230793,Cà Phê Muối Chú Long - Huỳnh Văn Bánh,23/05/2026 11:11:47,"58,000","11,600",0,0,"11,391",0,"35,009"
1701,23056-384145033,10375372,Cà Phê Muối Chú Long - An Dương Vương,23/05/2026 11:04:25,"58,000",0,0,0,"14,239",0,"43,761"
1702,23056-384541175,10321523,Cà Phê Muối Chú Long - Thanh Nhàn,23/05/2026 11:03:26,"116,000","23,200",0,0,"22,782",0,"70,018"
1703,23056-384760713,10242271,Cà Phê Muối Chú Long - Vũng Tàu,23/05/2026 11:04:16,"261,000","46,980",0,0,"52,542",0,"161,478"
1704,23056-384920870,10230399,Cà Phê Muối Chú Long - Tân Kỳ Tân Quý,23/05/2026 11:10:53,"104,000","20,800",0,0,"20,426",0,"62,774"
1705,23056-384957854,10321523,Cà Phê Muối Chú Long - Thanh Nhàn,23/05/2026 11:31:07,"58,000","11,600",0,0,"11,391",0,"35,009"
1706,23056-385141925,10287867,Cà Phê Muối Chú Long - Classic,23/05/2026 11:08:27,"99,000","19,800",0,0,"19,444",0,"59,756"
1707,23056-385450750,10230417,Cà Phê Muối Chú Long - Lê Văn Sỹ,23/05/2026 10:59:16,"180,000","28,571",0,0,"37,176",0,"114,253"
1708,23056-385680198,10298769,Cà Phê Muối Chú Long - Tôn Đức Thắng,23/05/2026 11:37:12,"102,000","20,400",0,0,"20,033",0,"61,567"
1709,23056-385726836,10230399,Cà Phê Muối Chú Long - Tân Kỳ Tân Quý,23/05/2026 11:04:14,"105,000","21,000",0,0,"20,622",0,"63,378"
1710,23056-385908544,10230292,Cà Phê Muối Chú Long - Lê Văn Việt,23/05/2026 11:03:49,"88,000","17,600",0,0,"17,283",0,"53,117"
1711,23056-385961135,10292422,Cà Phê Muối Chú Long - Phan Thiết,23/05/2026 11:11:20,"125,000","25,000",0,0,"24,550",0,"75,450"
1712,23056-386095153,10386890,Cà Phê Muối Chú Long - Nha Trang,23/05/2026 11:00:26,"62,000","12,400",0,0,"12,177",0,"37,423"
1713,23056-386396621,10358040,Cà Phê Muối Chú Long - Đoàn Thị Điểm,23/05/2026 11:17:27,"56,000","11,200",0,0,"10,998",0,"33,802"
1714,23056-386573635,10323120,Cà Phê Muối Chú Long - Đồng Xoài,23/05/2026 11:02:40,"116,000","23,200",0,0,"22,782",0,"70,018"
1715,23056-386602940,10350108,Cà Phê Muối Chú Long - Đường Láng,23/05/2026 11:34:22,"51,000","11,000",0,0,"9,820",0,"30,180"
1716,23056-386697514,10225871,Cà Phê Muối Chú Long - Đặng Nguyên Cẩn,23/05/2026 11:00:28,"29,000","5,000",0,0,"5,892",0,"18,108"
1717,23056-386843431,10381892,Cà Phê Muối Chú Long - Phan Văn Trị,23/05/2026 10:55:12,"224,000","40,320",0,0,"45,093",0,"138,587"
1718,23056-386894036,10230814,Cà Phê Muối Chú Long - Võ Văn Kiệt,23/05/2026 11:07:23,"58,000","11,600",0,0,"11,391",0,"35,009"
1719,23056-386993137,10230292,Cà Phê Muối Chú Long - Lê Văn Việt,23/05/2026 11:14:03,"22,000","5,000",0,0,"4,174",0,"12,827"
1720,23056-387215513,10298769,Cà Phê Muối Chú Long - Tôn Đức Thắng,23/05/2026 11:19:45,"141,000","28,200",0,0,"27,692",0,"85,108"
1721,23056-387356079,10375372,Cà Phê Muối Chú Long - An Dương Vương,23/05/2026 11:22:36,"102,000","20,400",0,0,"20,033",0,"61,567"
1722,23056-387369372,10216423,Cà Phê Muối Chú Long - 417 Cộng Hoà,23/05/2026 11:16:49,"44,000","5,000",0,0,"9,575",0,"29,426"
1723,23056-387393412,10285817,Cà Phê Muối Chú Long - 1349 Cách Mạng Tháng 8,23/05/2026 10:56:46,"90,000","18,000",0,0,"17,676",0,"54,324"
1724,23056-387446335,10321524,Cà Phê Muối Chú Long - Đội Cấn,23/05/2026 11:09:53,"66,000","13,200",0,0,"12,962",0,"39,838"
1725,23056-387546812,10381892,Cà Phê Muối Chú Long - Phan Văn Trị,23/05/2026 11:04:28,"73,000","14,600",0,0,"14,337",0,"44,063"
1726,23056-387842489,10216423,Cà Phê Muối Chú Long - 417 Cộng Hoà,23/05/2026 11:26:07,"51,000","11,000",0,0,"9,820",0,"30,180"
1727,23056-387843271,10386890,Cà Phê Muối Chú Long - Nha Trang,23/05/2026 11:07:33,"25,000","8,000",0,0,"4,174",0,"12,827"
1728,23056-387858045,10350108,Cà Phê Muối Chú Long - Đường Láng,23/05/2026 11:41:41,"54,000","10,000",0,0,"10,802",0,"33,198"
1729,23056-388040146,10321524,Cà Phê Muối Chú Long - Đội Cấn,23/05/2026 11:01:16,"51,000","10,000",0,0,"10,066",0,"30,935"
1730,23056-388118027,10225902,Cà Phê Muối Chú Long - Hậu Giang,23/05/2026 11:08:53,"58,000","11,600",0,0,"11,391",0,"35,009"
1731,23056-388216956,10269971,Cà Phê Muối Chú Long - Cần Thơ,23/05/2026 11:09:27,"134,000","26,800",0,0,"26,318",0,"80,882"
1732,23056-388277053,10354882,Cà Phê Muối Chú Long - Quảng Ngãi,23/05/2026 10:55:52,"51,000",0,0,0,"12,521",0,"38,480"
1733,23056-388308238,10324687,Cà Phê Muối Chú Long - Huỳnh Tấn Phát,23/05/2026 10:55:27,"58,000","11,600",0,0,"11,391",0,"35,009"
1734,23056-388993734,10225871,Cà Phê Muối Chú Long - Đặng Nguyên Cẩn,23/05/2026 11:02:53,"105,000","21,000",0,0,"20,622",0,"63,378"
1735,23056-389113883,10230793,Cà Phê Muối Chú Long - Huỳnh Văn Bánh,23/05/2026 11:10:03,"79,000","15,800",0,0,"15,516",0,"47,684"
1736,23056-389416538,10230399,Cà Phê Muối Chú Long - Tân Kỳ Tân Quý,23/05/2026 11:22:51,"58,000","11,600",0,0,"11,391",0,"35,009"
1737,23056-389429255,10287867,Cà Phê Muối Chú Long - Classic,23/05/2026 10:57:01,"65,000","13,000",0,0,"12,766",0,"39,234"
1738,23056-389675987,10298769,Cà Phê Muối Chú Long - Tôn Đức Thắng,23/05/2026 12:24:52,"87,000","17,400",0,0,"17,087",0,"52,513"
1739,23056-389817342,10321524,Cà Phê Muối Chú Long - Đội Cấn,23/05/2026 11:32:43,"108,000","21,600",0,0,"21,211",0,"65,189"
1740,23056-389931100,10296675,Cà Phê Muối Chú Long - Trương Định,23/05/2026 11:33:52,"51,000","11,000",0,0,"9,820",0,"30,180"
1741,23056-390377028,10232123,Cà Phê Muối Chú Long - 17A Ngô Tất Tố,23/05/2026 11:09:16,"87,000","17,400",0,0,"17,087",0,"52,513"
1742,23056-390436036,10321523,Cà Phê Muối Chú Long - Thanh Nhàn,23/05/2026 11:10:34,"29,000","5,000",0,0,"5,892",0,"18,108"
1743,23056-390478528,10284115,Cà Phê Muối Chú Long - Kha Vạn Cân,23/05/2026 11:20:57,"80,000","16,000",0,0,"15,712",0,"48,288"
1744,23056-390587310,10230171,Cà Phê Muối Chú Long - Bình Long,23/05/2026 11:10:07,"58,000","11,600",0,0,"11,391",0,"35,009"
1745,23056-390630410,10321523,Cà Phê Muối Chú Long - Thanh Nhàn,23/05/2026 11:33:42,"95,000","19,000",0,0,"18,658",0,"57,342"
1746,23056-390684306,10225902,Cà Phê Muối Chú Long - Hậu Giang,23/05/2026 11:23:56,"58,000","11,600",0,0,"11,391",0,"35,009"
1747,23056-390895644,10298769,Cà Phê Muối Chú Long - Tôn Đức Thắng,23/05/2026 11:29:37,"44,000","5,000",0,0,"9,575",0,"29,426"
1748,23056-390953125,10230399,Cà Phê Muối Chú Long - Tân Kỳ Tân Quý,23/05/2026 11:21:52,"145,000","26,100",0,0,"29,190",0,"89,710"
1749,23056-391055902,10324687,Cà Phê Muối Chú Long - Huỳnh Tấn Phát,23/05/2026 11:13:18,"174,000","31,320",0,0,"35,028",0,"107,652"
1750,23056-391116230,10230399,Cà Phê Muối Chú Long - Tân Kỳ Tân Quý,23/05/2026 11:11:46,"29,000","5,000",0,0,"5,892",0,"18,108"
1751,23056-391244698,10296675,Cà Phê Muối Chú Long - Trương Định,23/05/2026 11:37:08,"137,000","27,400",0,0,"26,907",0,"82,693"
1752,23056-391592143,10225902,Cà Phê Muối Chú Long - Hậu Giang,23/05/2026 11:22:53,"90,000","18,000",0,0,"17,676",0,"54,324"
1753,23056-391643411,10230399,Cà Phê Muối Chú Long - Tân Kỳ Tân Quý,23/05/2026 11:28:02,"58,000","11,600",0,0,"11,391",0,"35,009"
1754,23056-391712391,10216423,Cà Phê Muối Chú Long - 417 Cộng Hoà,23/05/2026 11:27:39,"25,000","8,000",0,0,"4,174",0,"12,827"
1755,23056-391713689,10219545,Cà Phê Muối Chú Long - Nguyễn Huệ,23/05/2026 11:22:14,"37,000","5,000",0,0,"7,856",0,"24,144"
1756,23056-391829650,10407619,Cà Phê Muối Chú Long - 117 Lò Đúc,23/05/2026 11:37:46,"116,000",0,0,0,"28,478",0,"87,522"
1757,23056-391846231,10225902,Cà Phê Muối Chú Long - Hậu Giang,23/05/2026 11:15:09,"83,000","16,600",0,0,"16,301",0,"50,099"
1758,23056-391993085,10386890,Cà Phê Muối Chú Long - Nha Trang,23/05/2026 12:01:34,"58,000","11,600",0,0,"11,391",0,"35,009"
1759,23056-392006953,10224935,Cà Phê Muối Chú Long - 585 Quang Trung,23/05/2026 11:06:18,"58,000","11,600",0,0,"11,391",0,"35,009"
1760,23056-392052443,10230171,Cà Phê Muối Chú Long - Bình Long,23/05/2026 11:10:12,"29,000","5,000",0,0,"5,892",0,"18,108"
1761,23056-392044386,10230793,Cà Phê Muối Chú Long - Huỳnh Văn Bánh,23/05/2026 11:20:43,"95,000","19,000",0,0,"18,658",0,"57,342"
1762,23056-392215772,10296675,Cà Phê Muối Chú Long - Trương Định,23/05/2026 11:31:14,"58,000","11,600",0,0,"11,391",0,"35,009"
1763,23056-392237539,10321523,Cà Phê Muối Chú Long - Thanh Nhàn,23/05/2026 11:43:31,"54,000","11,000",0,0,"10,557",0,"32,444"
1764,23056-392242758,10285817,Cà Phê Muối Chú Long - 1349 Cách Mạng Tháng 8,23/05/2026 11:06:55,"58,000","11,600",0,0,"11,391",0,"35,009"
1765,23056-392261808,10287840,Cà Phê Muối Chú Long - Long Xuyên,23/05/2026 11:06:12,"79,000","15,800",0,0,"15,516",0,"47,684"
1766,23056-392513396,10321523,Cà Phê Muối Chú Long - Thanh Nhàn,23/05/2026 11:33:07,"116,000","23,200",0,0,"22,782",0,"70,018"
1767,23056-392521823,10358037,Cà Phê Muối Chú Long - 35 Trần Phú,23/05/2026 11:05:13,"87,000",0,0,0,"21,359",0,"65,642"
1768,23056-392523532,10225902,Cà Phê Muối Chú Long - Hậu Giang,23/05/2026 11:07:24,"58,000","11,600",0,0,"11,391",0,"35,009"
1769,23056-392729004,10324687,Cà Phê Muối Chú Long - Huỳnh Tấn Phát,23/05/2026 11:01:43,"29,000","5,000",0,0,"5,892",0,"18,108"
1770,23056-392781665,10284115,Cà Phê Muối Chú Long - Kha Vạn Cân,23/05/2026 11:18:10,"58,000","10,000",0,0,"11,784",0,"36,216"
1771,23056-393333440,10298769,Cà Phê Muối Chú Long - Tôn Đức Thắng,23/05/2026 11:43:12,"29,000","5,000",0,0,"5,892",0,"18,108"
1772,23056-393473154,10287867,Cà Phê Muối Chú Long - Classic,23/05/2026 11:31:43,"130,000","26,000",0,0,"25,532",0,"78,468"
1773,23056-393877207,10397657,Cà Phê Muối Chú Long - 368 Lê Đức Thọ,23/05/2026 11:29:13,"113,000","22,600",0,0,"22,193",0,"68,207"
1774,23056-394435392,10285817,Cà Phê Muối Chú Long - 1349 Cách Mạng Tháng 8,23/05/2026 11:12:34,"94,000","18,800",0,0,"18,462",0,"56,738"
1775,23056-394509024,10313967,Cà Phê Muối Chú Long - 82 Ngô Gia Tự,23/05/2026 11:32:59,"87,000","17,400",0,0,"17,087",0,"52,513"
1776,23056-394550369,10350108,Cà Phê Muối Chú Long - Đường Láng,23/05/2026 11:50:31,"108,000","21,600",0,0,"21,211",0,"65,189"
1777,23056-394647199,10219545,Cà Phê Muối Chú Long - Nguyễn Huệ,23/05/2026 11:15:30,"145,000","28,571",0,0,"28,583",0,"87,846"
1778,23056-394666750,10321524,Cà Phê Muối Chú Long - Đội Cấn,23/05/2026 11:31:16,"25,000","8,000",0,0,"4,174",0,"12,827"
1779,23056-394698973,10284115,Cà Phê Muối Chú Long - Kha Vạn Cân,23/05/2026 11:14:23,"83,000","16,600",0,0,"16,301",0,"50,099"
1780,23056-394781137,10225895,Cà Phê Muối Chú Long - Cách Mạng Tháng 8,23/05/2026 11:11:13,"135,000","20,000",0,0,"28,233",0,"86,768"
1781,23056-394876175,10222800,Cà Phê Muối Chú Long - Thành Thái,23/05/2026 11:28:24,"54,000","11,000",0,0,"10,557",0,"32,444"
1782,23056-394960105,10350108,Cà Phê Muối Chú Long - Đường Láng,23/05/2026 12:11:40,"79,000","15,800",0,0,"15,516",0,"47,684"
1783,23056-394968884,10284115,Cà Phê Muối Chú Long - Kha Vạn Cân,23/05/2026 11:04:44,"80,000","16,000",0,0,"15,712",0,"48,288"
1784,23056-395061464,10230958,Cà Phê Muối Chú Long - 3/26 Quang Trung,23/05/2026 11:39:22,"66,000","13,200",0,0,"12,962",0,"39,838"
1785,23056-395251128,10230399,Cà Phê Muối Chú Long - Tân Kỳ Tân Quý,23/05/2026 11:07:57,"44,000","5,000",0,0,"9,575",0,"29,426"
1786,23056-395387644,10381892,Cà Phê Muối Chú Long - Phan Văn Trị,23/05/2026 11:13:49,"58,000","11,600",0,0,"11,391",0,"35,009"
1787,23056-395408253,10225898,Cà Phê Muối Chú Long - Nguyễn Đình Chiểu,23/05/2026 11:14:27,"58,000","11,600",0,0,"11,391",0,"35,009"
1788,23056-395513788,10298769,Cà Phê Muối Chú Long - Tôn Đức Thắng,23/05/2026 11:45:03,"87,000","17,400",0,0,"17,087",0,"52,513"
1789,23056-395640207,10354891,Cà Phê Muối Chú Long - Trà Vinh,23/05/2026 11:45:15,"50,000","8,000",0,0,"10,311",0,"31,689"
1790,23056-396253970,10321524,Cà Phê Muối Chú Long - Đội Cấn,23/05/2026 11:20:06,"86,000","17,200",0,0,"16,890",0,"51,910"
1791,23056-396533056,10284115,Cà Phê Muối Chú Long - Kha Vạn Cân,23/05/2026 11:13:31,"147,000","28,571",0,0,"29,074",0,"89,355"
1792,23056-396583575,10230793,Cà Phê Muối Chú Long - Huỳnh Văn Bánh,23/05/2026 11:28:06,"29,000","5,000",0,0,"5,892",0,"18,108"
1793,23056-396890042,10375372,Cà Phê Muối Chú Long - An Dương Vương,23/05/2026 11:17:28,"58,000","10,000",0,0,"11,784",0,"36,216"
1794,23056-397090836,10225895,Cà Phê Muối Chú Long - Cách Mạng Tháng 8,23/05/2026 11:21:35,"58,000","11,600",0,0,"11,391",0,"35,009"
1795,23056-397176531,10395671,Cà Phê Muối Chú Long - 59 Trường Chinh,23/05/2026 11:32:48,"69,000","13,800",0,0,"13,552",0,"41,648"
1796,23056-397431931,10350108,Cà Phê Muối Chú Long - Đường Láng,23/05/2026 12:35:00,"25,000","8,000",0,0,"4,174",0,"12,827"
1797,23056-397480904,10224935,Cà Phê Muối Chú Long - 585 Quang Trung,23/05/2026 11:18:19,"101,000","20,200",0,0,"19,836",0,"60,964"
1798,23056-397558394,10230417,Cà Phê Muối Chú Long - Lê Văn Sỹ,23/05/2026 11:37:11,"87,000","17,400",0,0,"17,087",0,"52,513"
1799,23056-397749770,10222800,Cà Phê Muối Chú Long - Thành Thái,23/05/2026 11:28:39,"72,000","14,400",0,0,"14,141",0,"43,459"
1800,23056-397782041,10292422,Cà Phê Muối Chú Long - Phan Thiết,23/05/2026 11:15:55,"44,000","10,000",0,0,"8,347",0,"25,653"
1801,23056-397834432,10287840,Cà Phê Muối Chú Long - Long Xuyên,23/05/2026 11:12:18,"80,000","16,000",0,0,"15,712",0,"48,288"
1802,23056-397884623,10321524,Cà Phê Muối Chú Long - Đội Cấn,23/05/2026 11:33:52,"72,000","14,400",0,0,"14,141",0,"43,459"
1803,23056-398263890,10230417,Cà Phê Muối Chú Long - Lê Văn Sỹ,23/05/2026 11:29:10,"109,000","21,800",0,0,"21,408",0,"65,792"
1804,23056-398574896,10225902,Cà Phê Muối Chú Long - Hậu Giang,23/05/2026 11:16:23,"65,000","13,000",0,0,"12,766",0,"39,234"
1805,23056-398878986,10284115,Cà Phê Muối Chú Long - Kha Vạn Cân,23/05/2026 11:19:02,"54,000","11,000",0,0,"10,557",0,"32,444"
1806,23056-398933006,10232123,Cà Phê Muối Chú Long - 17A Ngô Tất Tố,23/05/2026 11:44:32,"25,000","8,000",0,0,"4,174",0,"12,827"
1807,23056-398965704,10222800,Cà Phê Muối Chú Long - Thành Thái,23/05/2026 11:17:58,"65,000","13,000",0,0,"12,766",0,"39,234"
1808,23056-399161273,10292422,Cà Phê Muối Chú Long - Phan Thiết,23/05/2026 11:20:42,"25,000","8,000",0,0,"4,174",0,"12,827"
1809,23056-399189747,10296675,Cà Phê Muối Chú Long - Trương Định,23/05/2026 12:28:57,"58,000","11,600",0,0,"11,391",0,"35,009"
1810,23056-399225958,10321523,Cà Phê Muối Chú Long - Thanh Nhàn,23/05/2026 11:34:01,"100,000","20,000",0,0,"19,640",0,"60,360"
1811,23056-399238930,10224935,Cà Phê Muối Chú Long - 585 Quang Trung,23/05/2026 11:50:42,"127,000","25,400",0,0,"24,943",0,"76,657"
1812,23056-399368168,10225898,Cà Phê Muối Chú Long - Nguyễn Đình Chiểu,23/05/2026 11:32:21,"66,000","13,200",0,0,"12,962",0,"39,838"
1813,23056-399395635,10225895,Cà Phê Muối Chú Long - Cách Mạng Tháng 8,23/05/2026 11:20:08,"29,000","5,000",0,0,"5,892",0,"18,108"
1814,23056-399424798,10350108,Cà Phê Muối Chú Long - Đường Láng,23/05/2026 11:28:57,"83,000","16,600",0,0,"16,301",0,"50,099"
1815,23056-399503936,10386890,Cà Phê Muối Chú Long - Nha Trang,23/05/2026 11:25:27,"29,000","5,000",0,0,"5,892",0,"18,108"
1816,23056-399520001,10354891,Cà Phê Muối Chú Long - Trà Vinh,23/05/2026 11:19:23,"22,000","5,500",0,0,"4,051",0,"12,449"
1817,23056-399533536,10285817,Cà Phê Muối Chú Long - 1349 Cách Mạng Tháng 8,23/05/2026 11:16:43,"58,000","11,600",0,0,"11,391",0,"35,009"
1818,23056-399616499,10408376,Cà Phê Muối Chú Long - 203 Tôn Đản,23/05/2026 11:27:49,"203,000",0,0,0,"49,837",0,"153,164"
1819,23056-399852719,10230793,Cà Phê Muối Chú Long - Huỳnh Văn Bánh,23/05/2026 11:20:36,"58,000","11,600",0,0,"11,391",0,"35,009"
1820,23056-399879397,10225888,Cà Phê Muối Chú Long - Lạc Long Quân,23/05/2026 11:13:57,"112,000","22,400",0,0,"21,997",0,"67,603"
1821,23056-399877906,10358016,Cà Phê Muối Chú Long - Bà Triệu,23/05/2026 11:57:42,"25,000","8,000",0,0,"4,174",0,"12,827"
1822,23056-400184431,10222800,Cà Phê Muối Chú Long - Thành Thái,23/05/2026 11:34:59,"58,000","11,600",0,0,"11,391",0,"35,009"
1823,23056-400200956,10405301,Cà Phê Muối Chú Long - 01 Hàng Đậu,23/05/2026 11:35:17,"60,000",0,0,0,"14,730",0,"45,270"
1824,23056-400264013,10354882,Cà Phê Muối Chú Long - Quảng Ngãi,23/05/2026 11:17:47,"25,000","8,000",0,0,"4,174",0,"12,827"
1825,23056-400523621,10230171,Cà Phê Muối Chú Long - Bình Long,23/05/2026 11:29:00,"51,000","11,000",0,0,"9,820",0,"30,180"
1826,23056-401300115,10225885,Cà Phê Muối Chú Long - Ngô Tất Tố,23/05/2026 11:26:02,"80,000","16,000",0,0,"15,712",0,"48,288"
1827,23056-401347224,10230958,Cà Phê Muối Chú Long - 3/26 Quang Trung,23/05/2026 11:21:49,"25,000","8,000",0,0,"4,174",0,"12,827"
1828,23056-401617141,10350108,Cà Phê Muối Chú Long - Đường Láng,23/05/2026 12:17:56,"91,000","18,200",0,0,"17,872",0,"54,928"
1829,23056-401662299,10321437,Cà Phê Muối Chú Long - Tây Ninh,23/05/2026 11:18:03,"65,000","13,000",0,0,"12,766",0,"39,234"
1830,23056-401795182,10298769,Cà Phê Muối Chú Long - Tôn Đức Thắng,23/05/2026 11:43:44,"162,000","29,160",0,0,"32,612",0,"100,228"
1831,23056-401794061,10321523,Cà Phê Muối Chú Long - Thanh Nhàn,23/05/2026 11:36:40,"54,000","11,000",0,0,"10,557",0,"32,444"
1832,23056-402141186,10324687,Cà Phê Muối Chú Long - Huỳnh Tấn Phát,23/05/2026 11:52:43,"58,000","11,600",0,0,"11,391",0,"35,009"
1833,23056-402301757,10298769,Cà Phê Muối Chú Long - Tôn Đức Thắng,23/05/2026 11:41:12,"29,000","5,000",0,0,"5,892",0,"18,108"
1834,23056-402326785,10405301,Cà Phê Muối Chú Long - 01 Hàng Đậu,23/05/2026 11:52:24,"51,000",0,0,0,"12,521",0,"38,480"
1835,23056-402865443,10225902,Cà Phê Muối Chú Long - Hậu Giang,23/05/2026 11:35:33,"58,000","11,600",0,0,"11,391",0,"35,009"
1836,23056-402974200,10235659,Cà Phê Muối Chú Long - Nguyễn Hữu Cảnh,23/05/2026 11:25:26,"80,000",0,0,0,"19,640",0,"60,360"
1837,23056-403018225,10224935,Cà Phê Muối Chú Long - 585 Quang Trung,23/05/2026 11:56:19,"29,000","5,000",0,0,"5,892",0,"18,108"
1838,23056-403155073,10235658,Cà Phê Muối Chú Long - Công Trường Quốc Tế,23/05/2026 11:22:11,"116,000","23,200",0,0,"22,782",0,"70,018"
1839,23056-403260010,10230171,Cà Phê Muối Chú Long - Bình Long,23/05/2026 11:53:50,"83,000","16,600",0,0,"16,301",0,"50,099"
1840,23056-403953890,10225898,Cà Phê Muối Chú Long - Nguyễn Đình Chiểu,23/05/2026 11:39:53,"54,000","11,000",0,0,"10,557",0,"32,444"
1841,23056-404379742,10225902,Cà Phê Muối Chú Long - Hậu Giang,23/05/2026 11:36:16,"58,000","11,600",0,0,"11,391",0,"35,009"
1842,23056-404428827,10397657,Cà Phê Muối Chú Long - 368 Lê Đức Thọ,23/05/2026 11:38:29,"62,000","12,400",0,0,"12,177",0,"37,423"
1843,23056-404477151,10235659,Cà Phê Muối Chú Long - Nguyễn Hữu Cảnh,23/05/2026 11:40:11,"195,000","35,100",0,0,"39,255",0,"120,645"
1844,23056-404503876,10225888,Cà Phê Muối Chú Long - Lạc Long Quân,23/05/2026 11:28:25,"87,000","17,400",0,0,"17,087",0,"52,513"
1845,23056-404795904,10242271,Cà Phê Muối Chú Long - Vũng Tàu,23/05/2026 11:16:25,"261,000","46,980",0,0,"52,542",0,"161,478"
1846,23056-405130621,10408376,Cà Phê Muối Chú Long - 203 Tôn Đản,23/05/2026 11:25:34,"51,000",0,0,0,"12,521",0,"38,480"
1847,23056-405255319,10299524,Cà Phê Muối Chú Long - Lê Duẩn,23/05/2026 12:09:37,"25,000","8,000",0,0,"4,174",0,"12,827"
1848,23056-405276409,10225895,Cà Phê Muối Chú Long - Cách Mạng Tháng 8,23/05/2026 11:39:16,"148,000","28,571",0,0,"29,320",0,"90,109"
1849,23056-405715490,10321523,Cà Phê Muối Chú Long - Thanh Nhàn,23/05/2026 11:58:49,"110,000","22,000",0,0,"21,604",0,"66,396"
1850,23056-405779683,10405301,Cà Phê Muối Chú Long - 01 Hàng Đậu,23/05/2026 11:39:50,"58,000",0,0,0,"14,239",0,"43,761"
1851,23056-406151848,10321439,Cà Phê Muối Chú Long - Vĩnh Long,23/05/2026 11:40:27,"25,000","8,000",0,0,"4,174",0,"12,827"
1852,23056-406181255,10386890,Cà Phê Muối Chú Long - Nha Trang,23/05/2026 11:24:47,"51,000",0,0,0,"12,521",0,"38,480"
1853,23056-406196396,10298769,Cà Phê Muối Chú Long - Tôn Đức Thắng,23/05/2026 12:33:44,"137,000","27,400",0,0,"26,907",0,"82,693"
1854,23056-406374042,10299524,Cà Phê Muối Chú Long - Lê Duẩn,23/05/2026 12:04:08,"73,000","14,600",0,0,"14,337",0,"44,063"
1855,23056-406448990,10321523,Cà Phê Muối Chú Long - Thanh Nhàn,23/05/2026 12:09:28,"58,000","11,600",0,0,"11,391",0,"35,009"
1856,23056-406552751,10225888,Cà Phê Muối Chú Long - Lạc Long Quân,23/05/2026 12:11:09,"69,000","13,800",0,0,"13,552",0,"41,648"
1857,23056-406682249,10242271,Cà Phê Muối Chú Long - Vũng Tàu,23/05/2026 11:45:38,"29,000","5,000",0,0,"5,892",0,"18,108"
1858,23056-406947876,10235663,Cà Phê Muối Chú Long - Hà Huy Giáp,23/05/2026 11:32:48,"91,000","18,200",0,0,"17,872",0,"54,928"
1859,23056-407332900,10397657,Cà Phê Muối Chú Long - 368 Lê Đức Thọ,23/05/2026 11:41:16,"54,000","10,000",0,0,"10,802",0,"33,198"
1860,23056-407681283,10315543,Cà Phê Muối Chú Long - Bến Tre,23/05/2026 11:35:43,"29,000","7,250",0,0,"5,340",0,"16,410"
1861,23056-408183794,10321523,Cà Phê Muối Chú Long - Thanh Nhàn,23/05/2026 12:13:04,"100,000","20,000",0,0,"19,640",0,"60,360"
1862,23056-408200581,10230793,Cà Phê Muối Chú Long - Huỳnh Văn Bánh,23/05/2026 11:50:03,"79,000","15,800",0,0,"15,516",0,"47,684"
1863,23056-408225464,10222800,Cà Phê Muối Chú Long - Thành Thái,23/05/2026 11:55:02,"174,000","31,320",0,0,"35,028",0,"107,652"
1864,23056-408284027,10298824,Cà Phê Muối Chú Long - Hoàng Diệu,23/05/2026 12:01:09,"29,000","7,250",0,0,"5,340",0,"16,410"
1865,23056-408760467,10324687,Cà Phê Muối Chú Long - Huỳnh Tấn Phát,23/05/2026 12:00:04,"90,000","18,000",0,0,"17,676",0,"54,324"
1866,23056-408801066,10395671,Cà Phê Muối Chú Long - 59 Trường Chinh,23/05/2026 11:47:56,"174,000",0,0,0,"42,717",0,"131,283"
1867,23056-408801309,10225898,Cà Phê Muối Chú Long - Nguyễn Đình Chiểu,23/05/2026 11:37:56,"87,000","17,400",0,0,"17,087",0,"52,513"
1868,23056-409410548,10224935,Cà Phê Muối Chú Long - 585 Quang Trung,23/05/2026 11:43:16,"125,000","25,000",0,0,"24,550",0,"75,450"
1869,23056-410078881,10222800,Cà Phê Muối Chú Long - Thành Thái,23/05/2026 11:35:18,"44,000",0,0,0,"10,802",0,"33,198"
1870,23056-410250005,10292422,Cà Phê Muối Chú Long - Phan Thiết,23/05/2026 12:04:25,"87,000","17,400",0,0,"17,087",0,"52,513"
1871,23056-410461234,10287867,Cà Phê Muối Chú Long - Classic,23/05/2026 11:44:38,"60,000","12,000",0,0,"11,784",0,"36,216"
1872,23056-410788734,10230171,Cà Phê Muối Chú Long - Bình Long,23/05/2026 11:52:57,"83,000","16,600",0,0,"16,301",0,"50,099"
1873,23056-410859850,10225902,Cà Phê Muối Chú Long - Hậu Giang,23/05/2026 11:33:42,"58,000","11,600",0,0,"11,391",0,"35,009"
1874,23056-410984995,10375372,Cà Phê Muối Chú Long - An Dương Vương,23/05/2026 11:48:47,"58,000","11,600",0,0,"11,391",0,"35,009"
1875,23056-411429795,10225871,Cà Phê Muối Chú Long - Đặng Nguyên Cẩn,23/05/2026 11:40:18,"58,000","11,600",0,0,"11,391",0,"35,009"
1876,23056-412048170,10299524,Cà Phê Muối Chú Long - Lê Duẩn,23/05/2026 12:10:30,"130,000","26,000",0,0,"25,532",0,"78,468"
1877,23056-412187608,10224935,Cà Phê Muối Chú Long - 585 Quang Trung,23/05/2026 12:06:26,"58,000","11,600",0,0,"11,391",0,"35,009"
1878,23056-412367432,10233716,Cà Phê Muối Chú Long - 130 Thích Quảng Đức,23/05/2026 12:00:25,"58,000","11,600",0,0,"11,391",0,"35,009"
1879,23056-412595601,10222800,Cà Phê Muối Chú Long - Thành Thái,23/05/2026 11:53:43,"116,000","23,200",0,0,"22,782",0,"70,018"
1880,23056-412734165,10230793,Cà Phê Muối Chú Long - Huỳnh Văn Bánh,23/05/2026 11:56:12,"109,000","21,800",0,0,"21,408",0,"65,792"
1881,23056-412733236,10386890,Cà Phê Muối Chú Long - Nha Trang,23/05/2026 11:37:56,"25,000","8,000",0,0,"4,174",0,"12,827"
1882,23056-412946702,10298769,Cà Phê Muối Chú Long - Tôn Đức Thắng,23/05/2026 13:05:37,"22,000","5,000",0,0,"4,174",0,"12,827"
1883,23056-412973065,10296675,Cà Phê Muối Chú Long - Trương Định,23/05/2026 12:11:33,"50,000","11,000",0,0,"9,575",0,"29,426"
1884,23056-412983552,10219545,Cà Phê Muối Chú Long - Nguyễn Huệ,23/05/2026 11:35:48,"58,000","11,600",0,0,"11,391",0,"35,009"
1885,23056-413219773,10321523,Cà Phê Muối Chú Long - Thanh Nhàn,23/05/2026 12:21:41,"166,000","29,880",0,0,"33,417",0,"102,703"
1886,23056-413536130,10219545,Cà Phê Muối Chú Long - Nguyễn Huệ,23/05/2026 11:38:13,"80,000","16,000",0,0,"15,712",0,"48,288"
1887,23056-413649987,10299524,Cà Phê Muối Chú Long - Lê Duẩn,23/05/2026 12:07:54,"25,000","8,000",0,0,"4,174",0,"12,827"
1888,23056-413865110,10225871,Cà Phê Muối Chú Long - Đặng Nguyên Cẩn,23/05/2026 11:57:58,"51,000","11,000",0,0,"9,820",0,"30,180"
1889,23056-413923382,10232123,Cà Phê Muối Chú Long - 17A Ngô Tất Tố,23/05/2026 12:30:30,"51,000","11,000",0,0,"9,820",0,"30,180"
1890,23056-414085846,10296675,Cà Phê Muối Chú Long - Trương Định,23/05/2026 12:18:14,"58,000","11,600",0,0,"11,391",0,"35,009"
1891,23056-414224962,10222800,Cà Phê Muối Chú Long - Thành Thái,23/05/2026 12:29:53,"29,000","5,000",0,0,"5,892",0,"18,108"
1892,23056-414304040,10321523,Cà Phê Muối Chú Long - Thanh Nhàn,23/05/2026 12:55:43,"51,000","10,000",0,0,"10,066",0,"30,935"
1893,23056-414406311,10230171,Cà Phê Muối Chú Long - Bình Long,23/05/2026 11:42:58,"25,000","8,000",0,0,"4,174",0,"12,827"
1894,23056-414840362,10350108,Cà Phê Muối Chú Long - Đường Láng,23/05/2026 12:41:00,"47,000",0,0,0,"11,539",0,"35,462"
1895,23056-415299756,10224935,Cà Phê Muối Chú Long - 585 Quang Trung,23/05/2026 12:01:52,"130,000","26,000",0,0,"25,532",0,"78,468"
1896,23056-415555387,10216423,Cà Phê Muối Chú Long - 417 Cộng Hoà,23/05/2026 11:59:34,"58,000","11,600",0,0,"11,391",0,"35,009"
1897,23056-415567848,10225898,Cà Phê Muối Chú Long - Nguyễn Đình Chiểu,23/05/2026 12:01:08,"94,000","18,800",0,0,"18,462",0,"56,738"
1898,23056-415747105,10326235,Cà Phê Muối Chú Long - Cà Mau,23/05/2026 11:40:38,"29,000","7,250",0,0,"5,340",0,"16,410"
1899,23056-415855556,10292015,Cà Phê Muối Chú Long - Long An,23/05/2026 11:43:46,"87,000","17,400",0,0,"17,087",0,"52,513"
1900,23056-415929621,10321524,Cà Phê Muối Chú Long - Đội Cấn,23/05/2026 11:55:20,"25,000","8,000",0,0,"4,174",0,"12,827"
1901,23056-415938383,10235658,Cà Phê Muối Chú Long - Công Trường Quốc Tế,23/05/2026 11:53:40,"87,000","17,400",0,0,"17,087",0,"52,513"
1902,23056-416150980,10224935,Cà Phê Muối Chú Long - 585 Quang Trung,23/05/2026 11:55:38,"29,000","5,000",0,0,"5,892",0,"18,108"
1903,23056-416280000,10230399,Cà Phê Muối Chú Long - Tân Kỳ Tân Quý,23/05/2026 12:30:48,"88,000","17,600",0,0,"17,283",0,"53,117"
1904,23056-416455173,10222800,Cà Phê Muối Chú Long - Thành Thái,23/05/2026 11:49:47,"87,000","17,400",0,0,"17,087",0,"52,513"
1905,23056-416560889,10292422,Cà Phê Muối Chú Long - Phan Thiết,23/05/2026 12:14:00,"58,000","11,600",0,0,"11,391",0,"35,009"
1906,23056-416594219,10235658,Cà Phê Muối Chú Long - Công Trường Quốc Tế,23/05/2026 11:53:58,"44,000","5,000",0,0,"9,575",0,"29,426"
1907,23056-416897592,10230399,Cà Phê Muối Chú Long - Tân Kỳ Tân Quý,23/05/2026 11:58:41,"116,000","23,200",0,0,"22,782",0,"70,018"
1908,23056-416972234,10230417,Cà Phê Muối Chú Long - Lê Văn Sỹ,23/05/2026 11:55:37,"58,000","11,600",0,0,"11,391",0,"35,009"
1909,23056-417036604,10225888,Cà Phê Muối Chú Long - Lạc Long Quân,23/05/2026 11:48:24,"111,000","22,200",0,0,"21,800",0,"67,000"
1910,23056-417281003,10292015,Cà Phê Muối Chú Long - Long An,23/05/2026 11:45:10,"79,000","15,000",0,0,"15,712",0,"48,288"
1911,23056-417487165,10298769,Cà Phê Muối Chú Long - Tôn Đức Thắng,23/05/2026 12:30:33,"58,000","11,600",0,0,"11,391",0,"35,009"
1912,23056-417888425,10230399,Cà Phê Muối Chú Long - Tân Kỳ Tân Quý,23/05/2026 12:02:31,"83,000","16,600",0,0,"16,301",0,"50,099"
1913,23056-873704962,10315543,Cà Phê Muối Chú Long - Bến Tre,23/05/2026 11:46:35,"29,000","7,250",0,0,"5,340",0,"16,410"
1914,23056-418199864,10230292,Cà Phê Muối Chú Long - Lê Văn Việt,23/05/2026 12:09:01,"25,000","8,000",0,0,"4,174",0,"12,827"
1915,23056-418330643,10230814,Cà Phê Muối Chú Long - Võ Văn Kiệt,23/05/2026 11:45:52,"87,000","17,400",0,0,"17,087",0,"52,513"
1916,23056-418426026,10375372,Cà Phê Muối Chú Long - An Dương Vương,23/05/2026 12:00:53,"58,000","11,600",0,0,"11,391",0,"35,009"
1917,23056-418505366,10225888,Cà Phê Muối Chú Long - Lạc Long Quân,23/05/2026 12:19:24,"58,000","11,600",0,0,"11,391",0,"35,009"
1918,23056-418547958,10386890,Cà Phê Muối Chú Long - Nha Trang,23/05/2026 11:52:00,"54,000","10,000",0,0,"10,802",0,"33,198"
1919,23056-418610232,10225898,Cà Phê Muối Chú Long - Nguyễn Đình Chiểu,23/05/2026 11:50:44,"58,000","11,600",0,0,"11,391",0,"35,009"
1920,23056-418895384,10230171,Cà Phê Muối Chú Long - Bình Long,23/05/2026 11:51:33,"58,000","11,600",0,0,"11,391",0,"35,009"
1921,23056-418987472,10313967,Cà Phê Muối Chú Long - 82 Ngô Gia Tự,23/05/2026 11:58:26,"87,000","17,400",0,0,"17,087",0,"52,513"
1922,23056-419024615,10321523,Cà Phê Muối Chú Long - Thanh Nhàn,23/05/2026 12:03:39,"36,000","5,000",0,0,"7,611",0,"23,390"
1923,23056-419161648,10225898,Cà Phê Muối Chú Long - Nguyễn Đình Chiểu,23/05/2026 11:54:08,"58,000","11,600",0,0,"11,391",0,"35,009"
1924,23056-419219072,10397657,Cà Phê Muối Chú Long - 368 Lê Đức Thọ,23/05/2026 11:50:28,"29,000","5,000",0,0,"5,892",0,"18,108"
1925,23056-419525983,10225888,Cà Phê Muối Chú Long - Lạc Long Quân,23/05/2026 11:58:44,"132,000","26,400",0,0,"25,925",0,"79,675"
1926,23056-419893123,10225902,Cà Phê Muối Chú Long - Hậu Giang,23/05/2026 12:27:37,"65,000","13,000",0,0,"12,766",0,"39,234"
1927,23056-419908897,10219545,Cà Phê Muối Chú Long - Nguyễn Huệ,23/05/2026 11:50:22,"87,000","17,400",0,0,"17,087",0,"52,513"
1928,23056-419980842,10321523,Cà Phê Muối Chú Long - Thanh Nhàn,23/05/2026 12:39:53,"75,000","15,000",0,0,"14,730",0,"45,270"
1929,23056-419992407,10321439,Cà Phê Muối Chú Long - Vĩnh Long,23/05/2026 12:03:39,"58,000","11,600",0,0,"11,391",0,"35,009"
1930,23056-420340587,10235658,Cà Phê Muối Chú Long - Công Trường Quốc Tế,23/05/2026 11:55:11,"58,000","11,600",0,0,"11,391",0,"35,009"
1931,23056-421032748,10350108,Cà Phê Muối Chú Long - Đường Láng,23/05/2026 12:35:35,"83,000","16,600",0,0,"16,301",0,"50,099"
1932,23056-421294988,10232123,Cà Phê Muối Chú Long - 17A Ngô Tất Tố,23/05/2026 12:32:13,"66,000","13,200",0,0,"12,962",0,"39,838"
1933,23056-421541060,10321524,Cà Phê Muối Chú Long - Đội Cấn,23/05/2026 12:31:43,"65,000","13,000",0,0,"12,766",0,"39,234"
1934,23056-421810227,10230399,Cà Phê Muối Chú Long - Tân Kỳ Tân Quý,23/05/2026 12:15:15,"58,000","11,600",0,0,"11,391",0,"35,009"
1935,23056-421874681,10405301,Cà Phê Muối Chú Long - 01 Hàng Đậu,23/05/2026 12:17:43,"29,000",0,0,0,"7,120",0,"21,881"
1936,23056-422164818,10386890,Cà Phê Muối Chú Long - Nha Trang,23/05/2026 12:10:13,"29,000","5,000",0,0,"5,892",0,"18,108"
1937,23056-422269295,10321524,Cà Phê Muối Chú Long - Đội Cấn,23/05/2026 12:32:08,"50,000","16,000",0,0,"8,347",0,"25,653"
1938,23056-422789601,10386890,Cà Phê Muối Chú Long - Nha Trang,23/05/2026 12:51:14,"101,000","20,000",0,0,"19,886",0,"61,115"
1939,23056-422804133,10225902,Cà Phê Muối Chú Long - Hậu Giang,23/05/2026 12:19:59,"74,000","14,800",0,0,"14,534",0,"44,666"
1940,23056-422846782,10298769,Cà Phê Muối Chú Long - Tôn Đức Thắng,23/05/2026 12:32:16,"29,000","5,000",0,0,"5,892",0,"18,108"
1941,23056-423538867,10395671,Cà Phê Muối Chú Long - 59 Trường Chinh,23/05/2026 11:58:03,"58,000","11,600",0,0,"11,391",0,"35,009"
1942,23056-423677064,10321439,Cà Phê Muối Chú Long - Vĩnh Long,23/05/2026 11:57:47,"174,000","31,320",0,0,"35,028",0,"107,652"
1943,23056-423881322,10298769,Cà Phê Muối Chú Long - Tôn Đức Thắng,23/05/2026 12:26:26,"22,000","5,000",0,0,"4,174",0,"12,827"
1944,23056-423878243,10324687,Cà Phê Muối Chú Long - Huỳnh Tấn Phát,23/05/2026 12:22:00,"83,000","16,600",0,0,"16,301",0,"50,099"
1945,23056-423938787,10225898,Cà Phê Muối Chú Long - Nguyễn Đình Chiểu,23/05/2026 12:04:51,"36,000","5,000",0,0,"7,611",0,"23,390"
1946,23056-424216101,10321524,Cà Phê Muối Chú Long - Đội Cấn,23/05/2026 12:05:11,"58,000","11,600",0,0,"11,391",0,"35,009"
1947,23056-424371269,10225885,Cà Phê Muối Chú Long - Ngô Tất Tố,23/05/2026 12:07:28,"29,000","5,000",0,0,"5,892",0,"18,108"
1948,23056-424805852,10222800,Cà Phê Muối Chú Long - Thành Thái,23/05/2026 12:28:03,"975,000","99,500",0,0,"214,935",0,"660,565"
1949,23056-425299337,10324687,Cà Phê Muối Chú Long - Huỳnh Tấn Phát,23/05/2026 12:05:31,"110,000","22,000",0,0,"21,604",0,"66,396"
1950,23056-425363690,10298769,Cà Phê Muối Chú Long - Tôn Đức Thắng,23/05/2026 12:28:50,"50,000","11,000",0,0,"9,575",0,"29,426"
1951,23056-425560539,10386890,Cà Phê Muối Chú Long - Nha Trang,23/05/2026 12:01:46,"58,000","11,600",0,0,"11,391",0,"35,009"
1952,23056-425908665,10284115,Cà Phê Muối Chú Long - Kha Vạn Cân,23/05/2026 12:08:01,"116,000","20,880",0,0,"23,352",0,"71,768"
1953,23056-426049861,10321524,Cà Phê Muối Chú Long - Đội Cấn,23/05/2026 12:03:58,"36,000","5,000",0,0,"7,611",0,"23,390"
1954,23056-426179360,10321524,Cà Phê Muối Chú Long - Đội Cấn,23/05/2026 12:20:57,"58,000","11,600",0,0,"11,391",0,"35,009"
1955,23056-426232661,10230171,Cà Phê Muối Chú Long - Bình Long,23/05/2026 12:04:22,"29,000","5,000",0,0,"5,892",0,"18,108"
1956,23056-426448179,10397657,Cà Phê Muối Chú Long - 368 Lê Đức Thọ,23/05/2026 12:03:23,"87,000","17,400",0,0,"17,087",0,"52,513"
1957,23056-426815528,10405301,Cà Phê Muối Chú Long - 01 Hàng Đậu,23/05/2026 12:40:46,"72,000",0,0,0,"17,676",0,"54,324"
1958,23056-426865804,10321524,Cà Phê Muối Chú Long - Đội Cấn,23/05/2026 12:18:43,"51,000","11,000",0,0,"9,820",0,"30,180"
1959,23056-949955053,10230814,Cà Phê Muối Chú Long - Võ Văn Kiệt,23/05/2026 12:05:21,"83,000","15,000",0,0,"16,694",0,"51,306"
1960,23056-427076131,10321439,Cà Phê Muối Chú Long - Vĩnh Long,23/05/2026 12:23:52,"87,000","17,400",0,0,"17,087",0,"52,513"
1961,23056-427120612,10230417,Cà Phê Muối Chú Long - Lê Văn Sỹ,23/05/2026 12:06:17,"58,000","11,600",0,0,"11,391",0,"35,009"
1962,23056-427268136,10225902,Cà Phê Muối Chú Long - Hậu Giang,23/05/2026 12:19:12,"58,000","11,600",0,0,"11,391",0,"35,009"
1963,23056-427281219,10225888,Cà Phê Muối Chú Long - Lạc Long Quân,23/05/2026 12:29:57,"25,000","8,000",0,0,"4,174",0,"12,827"
1964,23056-427394350,10375372,Cà Phê Muối Chú Long - An Dương Vương,23/05/2026 12:10:14,"87,000","17,400",0,0,"17,087",0,"52,513"
1965,23056-427423297,10321524,Cà Phê Muối Chú Long - Đội Cấn,23/05/2026 12:39:03,"25,000","8,000",0,0,"4,174",0,"12,827"
1966,23056-427540360,10321523,Cà Phê Muối Chú Long - Thanh Nhàn,23/05/2026 12:36:17,"87,000","17,400",0,0,"17,087",0,"52,513"
1967,23056-427753618,10230171,Cà Phê Muối Chú Long - Bình Long,23/05/2026 12:14:42,"51,000",0,0,0,"12,521",0,"38,480"
1968,23056-427893879,10292422,Cà Phê Muối Chú Long - Phan Thiết,23/05/2026 12:14:05,"47,000","10,000",0,0,"9,084",0,"27,917"
1969,23056-427925028,10224935,Cà Phê Muối Chú Long - 585 Quang Trung,23/05/2026 12:33:40,"80,000",0,0,0,"19,640",0,"60,360"
1970,23056-428009759,10222800,Cà Phê Muối Chú Long - Thành Thái,23/05/2026 12:27:00,"58,000","11,600",0,0,"11,391",0,"35,009"
1971,23056-428361141,10299524,Cà Phê Muối Chú Long - Lê Duẩn,23/05/2026 12:20:19,"44,000",0,0,0,"10,802",0,"33,198"
1972,23056-428437803,10230417,Cà Phê Muối Chú Long - Lê Văn Sỹ,23/05/2026 12:17:46,"58,000","11,000",0,0,"11,539",0,"35,462"
1973,23056-429114084,10350108,Cà Phê Muối Chú Long - Đường Láng,23/05/2026 12:42:57,"22,000","5,000",0,0,"4,174",0,"12,827"
1974,23056-429610732,10386890,Cà Phê Muối Chú Long - Nha Trang,23/05/2026 12:53:52,"25,000","8,000",0,0,"4,174",0,"12,827"
1975,23056-429720624,10230292,Cà Phê Muối Chú Long - Lê Văn Việt,23/05/2026 12:11:56,"50,000","11,000",0,0,"9,575",0,"29,426"
1976,23056-430123222,10358016,Cà Phê Muối Chú Long - Bà Triệu,23/05/2026 12:33:37,"91,000","18,200",0,0,"17,872",0,"54,928"
1977,23056-430159191,10222800,Cà Phê Muối Chú Long - Thành Thái,23/05/2026 12:20:27,"29,000","5,000",0,0,"5,892",0,"18,108"
1978,23056-430345575,10242271,Cà Phê Muối Chú Long - Vũng Tàu,23/05/2026 12:05:00,"22,000",0,0,0,"5,401",0,"16,599"
1979,23056-430609865,10235663,Cà Phê Muối Chú Long - Hà Huy Giáp,23/05/2026 12:23:19,"58,000","10,000",0,0,"11,784",0,"36,216"
1980,23056-430696626,10358016,Cà Phê Muối Chú Long - Bà Triệu,23/05/2026 12:30:28,"25,000","8,000",0,0,"4,174",0,"12,827"
1981,23056-430727014,10225898,Cà Phê Muối Chú Long - Nguyễn Đình Chiểu,23/05/2026 12:13:56,"120,000","24,000",0,0,"23,568",0,"72,432"
1982,23056-430757289,10230171,Cà Phê Muối Chú Long - Bình Long,23/05/2026 12:24:16,"83,000","16,600",0,0,"16,301",0,"50,099"
1983,23056-431070827,10222800,Cà Phê Muối Chú Long - Thành Thái,23/05/2026 12:08:09,"58,000","11,600",0,0,"11,391",0,"35,009"
1984,23056-431105398,10230958,Cà Phê Muối Chú Long - 3/26 Quang Trung,23/05/2026 12:20:43,"87,000","17,400",0,0,"17,087",0,"52,513"
1985,23056-431195685,10284115,Cà Phê Muối Chú Long - Kha Vạn Cân,23/05/2026 12:09:37,"58,000","11,600",0,0,"11,391",0,"35,009"
1986,23056-431910208,10233716,Cà Phê Muối Chú Long - 130 Thích Quảng Đức,23/05/2026 12:36:46,"51,000","11,000",0,0,"9,820",0,"30,180"
1987,23056-432091572,10375372,Cà Phê Muối Chú Long - An Dương Vương,23/05/2026 12:11:41,"58,000","11,600",0,0,"11,391",0,"35,009"
1988,23056-432107275,10230417,Cà Phê Muối Chú Long - Lê Văn Sỹ,23/05/2026 12:26:19,"29,000","5,000",0,0,"5,892",0,"18,108"
1989,23056-432232985,10230417,Cà Phê Muối Chú Long - Lê Văn Sỹ,23/05/2026 12:20:58,"36,000","5,000",0,0,"7,611",0,"23,390"
1990,23056-432511322,10225902,Cà Phê Muối Chú Long - Hậu Giang,23/05/2026 12:27:22,"54,000","11,000",0,0,"10,557",0,"32,444"
1991,23056-432855731,10358016,Cà Phê Muối Chú Long - Bà Triệu,23/05/2026 12:28:46,"95,000","19,000",0,0,"18,658",0,"57,342"
1992,23056-433481976,10225902,Cà Phê Muối Chú Long - Hậu Giang,23/05/2026 12:28:36,"58,000","11,600",0,0,"11,391",0,"35,009"
1993,23056-434307367,10298769,Cà Phê Muối Chú Long - Tôn Đức Thắng,23/05/2026 12:49:20,"29,000","5,000",0,0,"5,892",0,"18,108"
1994,23056-434712711,10321523,Cà Phê Muối Chú Long - Thanh Nhàn,23/05/2026 12:34:18,"79,000","15,800",0,0,"15,516",0,"47,684"
1995,23056-435025002,10287867,Cà Phê Muối Chú Long - Classic,23/05/2026 12:28:26,"59,000","11,800",0,0,"11,588",0,"35,612"
1996,23056-435063082,10299524,Cà Phê Muối Chú Long - Lê Duẩn,23/05/2026 12:32:29,"25,000","5,000",0,0,"4,910",0,"15,090"
1997,23056-435535457,10225888,Cà Phê Muối Chú Long - Lạc Long Quân,23/05/2026 12:36:37,"88,000",0,0,0,"21,604",0,"66,396"
1998,23056-435682772,10354882,Cà Phê Muối Chú Long - Quảng Ngãi,23/05/2026 12:59:54,"25,000","8,000",0,0,"4,174",0,"12,827"
1999,23056-435864602,10224935,Cà Phê Muối Chú Long - 585 Quang Trung,23/05/2026 12:34:43,"50,000","11,000",0,0,"9,575",0,"29,426"
2000,23056-436086834,10230814,Cà Phê Muối Chú Long - Võ Văn Kiệt,23/05/2026 12:42:24,"87,000","17,400",0,0,"17,087",0,"52,513"
2001,23056-436110808,10324687,Cà Phê Muối Chú Long - Huỳnh Tấn Phát,23/05/2026 12:38:29,"51,000","11,000",0,0,"9,820",0,"30,180"
2002,23056-436178819,10296675,Cà Phê Muối Chú Long - Trương Định,23/05/2026 12:40:18,"25,000","8,000",0,0,"4,174",0,"12,827"
2003,23056-436272765,10324687,Cà Phê Muối Chú Long - Huỳnh Tấn Phát,23/05/2026 12:23:58,"58,000","11,600",0,0,"11,391",0,"35,009"
2004,23056-436311854,10232123,Cà Phê Muối Chú Long - 17A Ngô Tất Tố,23/05/2026 12:36:11,"25,000","8,000",0,0,"4,174",0,"12,827"
2005,23056-436351424,10381892,Cà Phê Muối Chú Long - Phan Văn Trị,23/05/2026 12:39:01,"58,000","11,600",0,0,"11,391",0,"35,009"
2006,23056-436513837,10230793,Cà Phê Muối Chú Long - Huỳnh Văn Bánh,23/05/2026 12:25:18,"87,000","17,400",0,0,"17,087",0,"52,513"
2007,23056-436727615,10225888,Cà Phê Muối Chú Long - Lạc Long Quân,23/05/2026 12:33:49,"29,000","5,000",0,0,"5,892",0,"18,108"
2008,23056-436752246,10381892,Cà Phê Muối Chú Long - Phan Văn Trị,23/05/2026 12:50:19,"261,000","46,980",0,0,"52,542",0,"161,478"
2009,23056-437085229,10292422,Cà Phê Muối Chú Long - Phan Thiết,23/05/2026 12:38:47,"36,000","9,000",0,0,"6,629",0,"20,372"
2010,23056-437130625,10321523,Cà Phê Muối Chú Long - Thanh Nhàn,23/05/2026 13:10:33,"58,000","11,600",0,0,"11,391",0,"35,009"
2011,23056-437237626,10225888,Cà Phê Muối Chú Long - Lạc Long Quân,23/05/2026 12:40:59,"29,000","5,000",0,0,"5,892",0,"18,108"
2012,23056-437248091,10224935,Cà Phê Muối Chú Long - 585 Quang Trung,23/05/2026 12:28:28,"58,000","11,600",0,0,"11,391",0,"35,009"
2013,23056-437448298,10230793,Cà Phê Muối Chú Long - Huỳnh Văn Bánh,23/05/2026 12:27:35,"54,000","11,000",0,0,"10,557",0,"32,444"
2014,23056-437553706,10324687,Cà Phê Muối Chú Long - Huỳnh Tấn Phát,23/05/2026 12:42:39,"83,000","16,600",0,0,"16,301",0,"50,099"
2015,23056-437635872,10298769,Cà Phê Muối Chú Long - Tôn Đức Thắng,23/05/2026 13:07:22,"25,000","5,000",0,0,"4,910",0,"15,090"
2016,23056-437666669,10292015,Cà Phê Muối Chú Long - Long An,23/05/2026 12:55:38,"94,000","18,800",0,0,"18,462",0,"56,738"
2017,23056-437818789,10230171,Cà Phê Muối Chú Long - Bình Long,23/05/2026 12:58:10,"29,000","5,000",0,0,"5,892",0,"18,108"
2018,23056-437889323,10230399,Cà Phê Muối Chú Long - Tân Kỳ Tân Quý,23/05/2026 12:54:50,"124,000","24,800",0,0,"24,354",0,"74,846"
2019,23056-438280708,10381983,Cà Phê Muối Chú Long - Bạch Đằng,23/05/2026 12:34:03,"123,000",0,0,0,"30,197",0,"92,804"
2020,23056-438835179,10395671,Cà Phê Muối Chú Long - 59 Trường Chinh,23/05/2026 12:31:42,"25,000","8,000",0,0,"4,174",0,"12,827"
2021,23056-438908717,10298769,Cà Phê Muối Chú Long - Tôn Đức Thắng,23/05/2026 13:12:03,"29,000","5,000",0,0,"5,892",0,"18,108"
2022,23056-439470287,10225888,Cà Phê Muối Chú Long - Lạc Long Quân,23/05/2026 13:04:25,"132,000","26,400",0,0,"25,925",0,"79,675"
2023,23056-439938737,10381892,Cà Phê Muối Chú Long - Phan Văn Trị,23/05/2026 12:44:50,"29,000","5,000",0,0,"5,892",0,"18,108"
2024,23056-440125188,10230793,Cà Phê Muối Chú Long - Huỳnh Văn Bánh,23/05/2026 12:29:23,"51,000","11,000",0,0,"9,820",0,"30,180"
2025,23056-440195115,10350108,Cà Phê Muối Chú Long - Đường Láng,23/05/2026 13:04:36,"58,000","11,600",0,0,"11,391",0,"35,009"
2026,23056-440222470,10225898,Cà Phê Muối Chú Long - Nguyễn Đình Chiểu,23/05/2026 12:29:59,"29,000","5,000",0,0,"5,892",0,"18,108"
2027,23056-441095533,10321524,Cà Phê Muối Chú Long - Đội Cấn,23/05/2026 12:37:05,"112,000","22,400",0,0,"21,997",0,"67,603"
2028,23056-441473966,10299524,Cà Phê Muối Chú Long - Lê Duẩn,23/05/2026 12:59:42,"29,000","7,250",0,0,"5,340",0,"16,410"
2029,23056-441615671,10395671,Cà Phê Muối Chú Long - 59 Trường Chinh,23/05/2026 12:27:36,"22,000","5,000",0,0,"4,174",0,"12,827"
2030,23056-441724326,10321523,Cà Phê Muối Chú Long - Thanh Nhàn,23/05/2026 13:09:00,"22,000","5,000",0,0,"4,174",0,"12,827"
2031,23056-441878636,10225888,Cà Phê Muối Chú Long - Lạc Long Quân,23/05/2026 12:48:22,"153,000","28,571",0,0,"30,547",0,"93,882"
2032,23056-441888900,10230417,Cà Phê Muối Chú Long - Lê Văn Sỹ,23/05/2026 12:37:28,"58,000","11,600",0,0,"11,391",0,"35,009"
2033,23056-442146355,10321523,Cà Phê Muối Chú Long - Thanh Nhàn,23/05/2026 12:59:57,"181,000","32,580",0,0,"36,437",0,"111,983"
2034,23056-442302095,10407619,Cà Phê Muối Chú Long - 117 Lò Đúc,23/05/2026 12:49:47,"141,000",0,0,0,"34,616",0,"106,385"
2035,23056-442312718,10299524,Cà Phê Muối Chú Long - Lê Duẩn,23/05/2026 12:54:54,"29,000","7,250",0,0,"5,340",0,"16,410"
2036,23056-442398255,10232123,Cà Phê Muối Chú Long - 17A Ngô Tất Tố,23/05/2026 12:51:01,"58,000","11,600",0,0,"11,391",0,"35,009"
2037,23056-442640392,10230417,Cà Phê Muối Chú Long - Lê Văn Sỹ,23/05/2026 12:59:49,"127,000","25,400",0,0,"24,943",0,"76,657"
2038,23056-443220243,10298769,Cà Phê Muối Chú Long - Tôn Đức Thắng,23/05/2026 12:56:36,"25,000","8,000",0,0,"4,174",0,"12,827"
2039,23056-443264732,10224935,Cà Phê Muối Chú Long - 585 Quang Trung,23/05/2026 12:45:42,"25,000","8,000",0,0,"4,174",0,"12,827"
2040,23056-443280204,10222800,Cà Phê Muối Chú Long - Thành Thái,23/05/2026 12:47:49,"58,000","11,600",0,0,"11,391",0,"35,009"
2041,23056-443294656,10292422,Cà Phê Muối Chú Long - Phan Thiết,23/05/2026 12:24:56,"29,000","7,250",0,0,"5,340",0,"16,410"
2042,23056-443417038,10340098,Cà Phê Muối Chú Long - Thuận An,23/05/2026 12:37:11,"116,000","23,200",0,0,"22,782",0,"70,018"
2043,23056-444130013,10225902,Cà Phê Muối Chú Long - Hậu Giang,23/05/2026 12:54:06,"54,000","11,000",0,0,"10,557",0,"32,444"
2044,23056-444132086,10381983,Cà Phê Muối Chú Long - Bạch Đằng,23/05/2026 13:04:13,"58,000",0,0,0,"14,239",0,"43,761"
2045,23056-444344465,10230171,Cà Phê Muối Chú Long - Bình Long,23/05/2026 12:39:20,"50,000","16,000",0,0,"8,347",0,"25,653"
2046,23056-444413340,10225871,Cà Phê Muối Chú Long - Đặng Nguyên Cẩn,23/05/2026 12:38:20,"298,000","47,368",0,0,"61,530",0,"189,102"
2047,23056-444507301,10321524,Cà Phê Muối Chú Long - Đội Cấn,23/05/2026 12:29:29,"96,000","19,200",0,0,"18,854",0,"57,946"
2048,23056-444677041,10296675,Cà Phê Muối Chú Long - Trương Định,23/05/2026 13:19:50,"145,000","28,571",0,0,"28,583",0,"87,846"
2049,23056-444907314,10321523,Cà Phê Muối Chú Long - Thanh Nhàn,23/05/2026 13:22:03,"122,000","24,400",0,0,"23,961",0,"73,639"
2050,23056-444997969,10299524,Cà Phê Muối Chú Long - Lê Duẩn,23/05/2026 12:54:08,"221,000","39,780",0,0,"44,490",0,"136,730"
2051,23056-445177353,10321524,Cà Phê Muối Chú Long - Đội Cấn,23/05/2026 12:54:22,"58,000","11,600",0,0,"11,391",0,"35,009"
2052,23056-445222813,10230171,Cà Phê Muối Chú Long - Bình Long,23/05/2026 12:47:13,"58,000","11,600",0,0,"11,391",0,"35,009"
2053,23056-445260609,10321523,Cà Phê Muối Chú Long - Thanh Nhàn,23/05/2026 13:12:47,"87,000","17,400",0,0,"17,087",0,"52,513"
2054,23056-445287831,10298769,Cà Phê Muối Chú Long - Tôn Đức Thắng,23/05/2026 13:05:42,"50,000","11,000",0,0,"9,575",0,"29,426"
2055,23056-445340887,10381892,Cà Phê Muối Chú Long - Phan Văn Trị,23/05/2026 12:49:26,"88,000","17,600",0,0,"17,283",0,"53,117"
2056,23056-445739368,10230814,Cà Phê Muối Chú Long - Võ Văn Kiệt,23/05/2026 12:38:23,"25,000","8,000",0,0,"4,174",0,"12,827"
2057,23056-445758666,10269971,Cà Phê Muối Chú Long - Cần Thơ,23/05/2026 12:31:47,"58,000","11,600",0,0,"11,391",0,"35,009"
2058,23056-445803694,10235663,Cà Phê Muối Chú Long - Hà Huy Giáp,23/05/2026 13:05:23,"112,000","22,400",0,0,"21,997",0,"67,603"
2059,23056-445810881,10225902,Cà Phê Muối Chú Long - Hậu Giang,23/05/2026 12:51:17,"58,000","11,600",0,0,"11,391",0,"35,009"
2060,23056-445841707,10242271,Cà Phê Muối Chú Long - Vũng Tàu,23/05/2026 12:58:30,"58,000","11,000",0,0,"11,539",0,"35,462"
2061,23056-446072714,10321524,Cà Phê Muối Chú Long - Đội Cấn,23/05/2026 13:18:43,"29,000","5,000",0,0,"5,892",0,"18,108"
2062,23056-446090320,10225898,Cà Phê Muối Chú Long - Nguyễn Đình Chiểu,23/05/2026 12:35:06,"58,000","11,000",0,0,"11,539",0,"35,462"
2063,23056-446262364,10321439,Cà Phê Muối Chú Long - Vĩnh Long,23/05/2026 13:00:37,"261,000","46,980",0,0,"52,542",0,"161,478"
2064,23056-446290757,10298769,Cà Phê Muối Chú Long - Tôn Đức Thắng,23/05/2026 13:09:09,"58,000","11,600",0,0,"11,391",0,"35,009"
2065,23056-446670896,10222800,Cà Phê Muối Chú Long - Thành Thái,23/05/2026 12:34:59,"58,000","11,600",0,0,"11,391",0,"35,009"
2066,23056-446838140,10230793,Cà Phê Muối Chú Long - Huỳnh Văn Bánh,23/05/2026 12:59:16,"58,000","11,600",0,0,"11,391",0,"35,009"
2067,23056-446876582,10235663,Cà Phê Muối Chú Long - Hà Huy Giáp,23/05/2026 12:38:37,"29,000","7,250",0,0,"5,340",0,"16,410"
2068,23056-446932167,10375372,Cà Phê Muối Chú Long - An Dương Vương,23/05/2026 12:52:55,"260,000","46,800",0,0,"52,341",0,"160,859"
2069,23056-448025887,10407619,Cà Phê Muối Chú Long - 117 Lò Đúc,23/05/2026 12:43:19,"58,000",0,0,0,"14,239",0,"43,761"
2070,23056-448513365,10230292,Cà Phê Muối Chú Long - Lê Văn Việt,23/05/2026 12:44:00,"25,000","8,000",0,0,"4,174",0,"12,827"
2071,23056-448527506,10225898,Cà Phê Muối Chú Long - Nguyễn Đình Chiểu,23/05/2026 12:49:32,"58,000","11,600",0,0,"11,391",0,"35,009"
2072,23056-448925494,10230793,Cà Phê Muối Chú Long - Huỳnh Văn Bánh,23/05/2026 12:42:01,"54,000","11,000",0,0,"10,557",0,"32,444"
2073,23056-448950062,10405301,Cà Phê Muối Chú Long - 01 Hàng Đậu,23/05/2026 13:16:47,"50,000",0,0,0,"12,275",0,"37,725"
2074,23056-449633459,10296675,Cà Phê Muối Chú Long - Trương Định,23/05/2026 13:23:08,"116,000","23,200",0,0,"22,782",0,"70,018"
2075,23056-449678424,10287867,Cà Phê Muối Chú Long - Classic,23/05/2026 13:09:45,"61,000","12,200",0,0,"11,980",0,"36,820"
2076,23056-450019439,10405301,Cà Phê Muối Chú Long - 01 Hàng Đậu,23/05/2026 13:12:46,"58,000",0,0,0,"14,239",0,"43,761"
2077,23056-450159311,10225902,Cà Phê Muối Chú Long - Hậu Giang,23/05/2026 12:43:19,"58,000","11,600",0,0,"11,391",0,"35,009"
2078,23056-450336484,10405301,Cà Phê Muối Chú Long - 01 Hàng Đậu,23/05/2026 13:25:50,"102,000",0,0,0,"25,041",0,"76,959"
2079,23056-450490783,10224935,Cà Phê Muối Chú Long - 585 Quang Trung,23/05/2026 12:55:45,"25,000","8,000",0,0,"4,174",0,"12,827"
2080,23056-450517742,10405301,Cà Phê Muối Chú Long - 01 Hàng Đậu,23/05/2026 13:13:25,"50,000",0,0,0,"12,275",0,"37,725"
2081,23056-450697122,10298769,Cà Phê Muối Chú Long - Tôn Đức Thắng,23/05/2026 13:05:08,"54,000","11,000",0,0,"10,557",0,"32,444"
2082,23056-451640283,10292422,Cà Phê Muối Chú Long - Phan Thiết,23/05/2026 12:41:42,"29,000","7,250",0,0,"5,340",0,"16,410"
2083,23056-451895688,10225898,Cà Phê Muối Chú Long - Nguyễn Đình Chiểu,23/05/2026 13:04:42,"51,000","10,000",0,0,"10,066",0,"30,935"
2084,23056-452127019,10321523,Cà Phê Muối Chú Long - Thanh Nhàn,23/05/2026 13:27:50,"87,000","17,400",0,0,"17,087",0,"52,513"
2085,23056-452195577,10230417,Cà Phê Muối Chú Long - Lê Văn Sỹ,23/05/2026 12:40:40,"51,000","11,000",0,0,"9,820",0,"30,180"
2086,23056-452694856,10321523,Cà Phê Muối Chú Long - Thanh Nhàn,23/05/2026 13:25:30,"123,000","24,600",0,0,"24,157",0,"74,243"
2087,23056-452759181,10330437,Cà Phê Muối Chú Long - Trần Hưng Đạo,23/05/2026 13:21:17,"58,000","11,600",0,0,"11,391",0,"35,009"
2088,23056-452903565,10224935,Cà Phê Muối Chú Long - 585 Quang Trung,23/05/2026 13:18:08,"108,000","21,600",0,0,"21,211",0,"65,189"
2089,23056-452916910,10235663,Cà Phê Muối Chú Long - Hà Huy Giáp,23/05/2026 12:56:01,"58,000","11,600",0,0,"11,391",0,"35,009"
2090,23056-453062170,10405301,Cà Phê Muối Chú Long - 01 Hàng Đậu,23/05/2026 13:14:20,"87,000",0,0,0,"21,359",0,"65,642"
2091,23056-453085939,10375372,Cà Phê Muối Chú Long - An Dương Vương,23/05/2026 12:55:57,"58,000","11,600",0,0,"11,391",0,"35,009"
2092,23056-453578737,10235659,Cà Phê Muối Chú Long - Nguyễn Hữu Cảnh,23/05/2026 13:01:32,"170,000","30,600",0,0,"34,223",0,"105,177"
2093,23056-453583090,10222800,Cà Phê Muối Chú Long - Thành Thái,23/05/2026 12:54:27,"116,000","23,200",0,0,"22,782",0,"70,018"
2094,23056-453699635,10298769,Cà Phê Muối Chú Long - Tôn Đức Thắng,23/05/2026 13:10:58,"22,000","5,000",0,0,"4,174",0,"12,827"
2095,23056-453809788,10296675,Cà Phê Muối Chú Long - Trương Định,23/05/2026 13:02:26,"83,000","16,600",0,0,"16,301",0,"50,099"
2096,23056-454278759,10216423,Cà Phê Muối Chú Long - 417 Cộng Hoà,23/05/2026 13:22:37,"58,000","11,600",0,0,"11,391",0,"35,009"
2097,23056-454316954,10230814,Cà Phê Muối Chú Long - Võ Văn Kiệt,23/05/2026 13:15:10,"72,000","14,400",0,0,"14,141",0,"43,459"
2098,23056-454543889,10299524,Cà Phê Muối Chú Long - Lê Duẩn,23/05/2026 12:50:11,"44,000","5,000",0,0,"9,575",0,"29,426"
2099,23056-454608384,10405301,Cà Phê Muối Chú Long - 01 Hàng Đậu,23/05/2026 13:10:39,"58,000",0,0,0,"14,239",0,"43,761"
2100,23056-454707149,10324687,Cà Phê Muối Chú Long - Huỳnh Tấn Phát,23/05/2026 12:49:56,"58,000","11,600",0,0,"11,391",0,"35,009"
2101,23056-454933275,10230171,Cà Phê Muối Chú Long - Bình Long,23/05/2026 12:55:43,"145,000","28,571",0,0,"28,583",0,"87,846"
2102,23056-455407012,10233716,Cà Phê Muối Chú Long - 130 Thích Quảng Đức,23/05/2026 12:57:42,"58,000","11,600",0,0,"11,391",0,"35,009"
2103,23056-455757656,10298824,Cà Phê Muối Chú Long - Hoàng Diệu,23/05/2026 13:16:35,"58,000","11,600",0,0,"11,391",0,"35,009"
2104,23056-455925920,10222800,Cà Phê Muối Chú Long - Thành Thái,23/05/2026 13:10:42,"116,000","23,200",0,0,"22,782",0,"70,018"
2105,23056-456204159,10298769,Cà Phê Muối Chú Long - Tôn Đức Thắng,23/05/2026 13:02:04,"80,000","16,000",0,0,"15,712",0,"48,288"
2106,23056-456270501,10287840,Cà Phê Muối Chú Long - Long Xuyên,23/05/2026 12:50:08,"83,000","16,600",0,0,"16,301",0,"50,099"
2107,23056-456568225,10216423,Cà Phê Muối Chú Long - 417 Cộng Hoà,23/05/2026 13:12:57,"153,000","28,571",0,0,"30,547",0,"93,882"
2108,23056-456576752,10225885,Cà Phê Muối Chú Long - Ngô Tất Tố,23/05/2026 13:04:28,"58,000","11,600",0,0,"11,391",0,"35,009"
2109,23056-456772629,10242271,Cà Phê Muối Chú Long - Vũng Tàu,23/05/2026 12:58:08,"54,000","10,000",0,0,"10,802",0,"33,198"
2110,23056-456869653,10321523,Cà Phê Muối Chú Long - Thanh Nhàn,23/05/2026 13:24:12,"58,000","11,600",0,0,"11,391",0,"35,009"
2111,23056-457269201,10225871,Cà Phê Muối Chú Long - Đặng Nguyên Cẩn,23/05/2026 13:05:33,"58,000","11,600",0,0,"11,391",0,"35,009"
2112,23056-457276074,10225902,Cà Phê Muối Chú Long - Hậu Giang,23/05/2026 13:08:45,"87,000","17,400",0,0,"17,087",0,"52,513"
2113,23056-457305379,10235663,Cà Phê Muối Chú Long - Hà Huy Giáp,23/05/2026 13:00:26,"58,000","11,600",0,0,"11,391",0,"35,009"
2114,23056-457309326,10230171,Cà Phê Muối Chú Long - Bình Long,23/05/2026 12:51:57,"51,000","11,000",0,0,"9,820",0,"30,180"
2115,23056-457476672,10287867,Cà Phê Muối Chú Long - Classic,23/05/2026 12:53:50,"88,000","17,600",0,0,"17,283",0,"53,117"
2116,23056-457656519,10222800,Cà Phê Muối Chú Long - Thành Thái,23/05/2026 13:05:21,"25,000","5,000",0,0,"4,910",0,"15,090"
2117,23056-458338475,10298769,Cà Phê Muối Chú Long - Tôn Đức Thắng,23/05/2026 13:12:39,"58,000","11,600",0,0,"11,391",0,"35,009"
2118,23056-458641761,10230171,Cà Phê Muối Chú Long - Bình Long,23/05/2026 13:01:47,"29,000","5,000",0,0,"5,892",0,"18,108"
2119,23056-458670808,10350108,Cà Phê Muối Chú Long - Đường Láng,23/05/2026 13:53:59,"145,000","28,571",0,0,"28,583",0,"87,846"
2120,23056-458996543,10230171,Cà Phê Muối Chú Long - Bình Long,23/05/2026 12:56:20,"196,000","35,280",0,0,"39,457",0,"121,263"
2121,23056-459144309,10386890,Cà Phê Muối Chú Long - Nha Trang,23/05/2026 12:58:40,"22,000",0,0,0,"5,401",0,"16,599"
2122,23056-459285009,10233716,Cà Phê Muối Chú Long - 130 Thích Quảng Đức,23/05/2026 13:08:32,"58,000",0,0,0,"14,239",0,"43,761"
2123,23056-459433541,10321524,Cà Phê Muối Chú Long - Đội Cấn,23/05/2026 13:10:22,"58,000","11,600",0,0,"11,391",0,"35,009"
2124,23056-459525938,10235663,Cà Phê Muối Chú Long - Hà Huy Giáp,23/05/2026 12:59:03,"65,000","13,000",0,0,"12,766",0,"39,234"
2125,23056-459567497,10230171,Cà Phê Muối Chú Long - Bình Long,23/05/2026 12:52:03,"87,000","17,400",0,0,"17,087",0,"52,513"
2126,23056-459659349,10232123,Cà Phê Muối Chú Long - 17A Ngô Tất Tố,23/05/2026 13:10:52,"58,000","11,600",0,0,"11,391",0,"35,009"
2127,23056-459728449,10381892,Cà Phê Muối Chú Long - Phan Văn Trị,23/05/2026 13:15:30,"47,000","5,000",0,0,"10,311",0,"31,689"
2128,23056-460233811,10225871,Cà Phê Muối Chú Long - Đặng Nguyên Cẩn,23/05/2026 13:08:16,"294,000","47,368",0,0,"60,548",0,"186,084"
2129,23056-460252095,10230814,Cà Phê Muối Chú Long - Võ Văn Kiệt,23/05/2026 13:06:02,"101,000","20,200",0,0,"19,836",0,"60,964"
2130,23056-460424074,10381892,Cà Phê Muối Chú Long - Phan Văn Trị,23/05/2026 13:27:16,"51,000","10,000",0,0,"10,066",0,"30,935"
2131,23056-460464635,10381892,Cà Phê Muối Chú Long - Phan Văn Trị,23/05/2026 13:14:22,"29,000","5,000",0,0,"5,892",0,"18,108"
2132,23056-460899294,10330437,Cà Phê Muối Chú Long - Trần Hưng Đạo,23/05/2026 12:57:39,"97,000","19,400",0,0,"19,051",0,"58,549"
2133,23056-461212572,10321524,Cà Phê Muối Chú Long - Đội Cấn,23/05/2026 13:20:47,"58,000","11,600",0,0,"11,391",0,"35,009"
2134,23056-461323075,10230399,Cà Phê Muối Chú Long - Tân Kỳ Tân Quý,23/05/2026 13:22:25,"79,000","15,800",0,0,"15,516",0,"47,684"
2135,23056-461653308,10381892,Cà Phê Muối Chú Long - Phan Văn Trị,23/05/2026 13:21:23,"58,000","11,600",0,0,"11,391",0,"35,009"
2136,23056-461837911,10321523,Cà Phê Muối Chú Long - Thanh Nhàn,23/05/2026 13:45:55,"47,000","5,000",0,0,"10,311",0,"31,689"
2137,23056-462006777,10230814,Cà Phê Muối Chú Long - Võ Văn Kiệt,23/05/2026 13:08:25,"58,000","11,600",0,0,"11,391",0,"35,009"
2138,23056-462173617,10315543,Cà Phê Muối Chú Long - Bến Tre,23/05/2026 12:59:36,"22,000","5,500",0,0,"4,051",0,"12,449"
2139,23056-462673928,10296675,Cà Phê Muối Chú Long - Trương Định,23/05/2026 13:29:26,"47,000","8,000",0,0,"9,575",0,"29,426"
2140,23056-462726448,10224935,Cà Phê Muối Chú Long - 585 Quang Trung,23/05/2026 13:08:51,"58,000","11,600",0,0,"11,391",0,"35,009"
2141,23056-462890304,10232123,Cà Phê Muối Chú Long - 17A Ngô Tất Tố,23/05/2026 13:15:59,"29,000","5,000",0,0,"5,892",0,"18,108"
2142,23056-462892862,10298769,Cà Phê Muối Chú Long - Tôn Đức Thắng,23/05/2026 13:17:59,"50,000","10,000",0,0,"9,820",0,"30,180"
2143,23056-464045688,10358016,Cà Phê Muối Chú Long - Bà Triệu,23/05/2026 13:07:51,"25,000","8,000",0,0,"4,174",0,"12,827"
2144,23056-464361870,10313967,Cà Phê Muối Chú Long - 82 Ngô Gia Tự,23/05/2026 13:23:55,"87,000","17,400",0,0,"17,087",0,"52,513"
2145,23056-464420839,10296675,Cà Phê Muối Chú Long - Trương Định,23/05/2026 13:23:00,"135,000","27,000",0,0,"26,514",0,"81,486"
2146,23056-464647063,10222800,Cà Phê Muối Chú Long - Thành Thái,23/05/2026 13:31:55,"50,000","16,000",0,0,"8,347",0,"25,653"
2147,23056-464682545,10405301,Cà Phê Muối Chú Long - 01 Hàng Đậu,23/05/2026 13:26:07,"58,000",0,0,0,"14,239",0,"43,761"
2148,23056-464866196,10230814,Cà Phê Muối Chú Long - Võ Văn Kiệt,23/05/2026 13:09:32,"87,000","17,400",0,0,"17,087",0,"52,513"
2149,23056-465316322,10232123,Cà Phê Muối Chú Long - 17A Ngô Tất Tố,23/05/2026 13:15:55,"29,000","5,000",0,0,"5,892",0,"18,108"
2150,23056-465363514,10321524,Cà Phê Muối Chú Long - Đội Cấn,23/05/2026 13:59:47,"50,000","10,000",0,0,"9,820",0,"30,180"
2151,23056-465482077,10230171,Cà Phê Muối Chú Long - Bình Long,23/05/2026 13:19:48,"87,000","17,400",0,0,"17,087",0,"52,513"
2152,23056-465804590,10230292,Cà Phê Muối Chú Long - Lê Văn Việt,23/05/2026 13:38:58,"25,000","8,000",0,0,"4,174",0,"12,827"
2153,23056-465900103,10375372,Cà Phê Muối Chú Long - An Dương Vương,23/05/2026 13:22:49,"87,000","17,400",0,0,"17,087",0,"52,513"
2154,23056-465929030,10321523,Cà Phê Muối Chú Long - Thanh Nhàn,23/05/2026 13:29:04,"87,000","17,400",0,0,"17,087",0,"52,513"
2155,23056-466092998,10292422,Cà Phê Muối Chú Long - Phan Thiết,23/05/2026 13:10:45,"51,000","11,000",0,0,"9,820",0,"30,180"
2156,23056-466421657,10222800,Cà Phê Muối Chú Long - Thành Thái,23/05/2026 13:09:06,"29,000","5,000",0,0,"5,892",0,"18,108"
2157,23056-466845097,10233716,Cà Phê Muối Chú Long - 130 Thích Quảng Đức,23/05/2026 13:28:08,"72,000","14,400",0,0,"14,141",0,"43,459"
2158,23056-466921808,10395671,Cà Phê Muối Chú Long - 59 Trường Chinh,23/05/2026 13:13:13,"58,000","11,600",0,0,"11,391",0,"35,009"
2159,23056-467310819,10321524,Cà Phê Muối Chú Long - Đội Cấn,23/05/2026 14:19:47,"25,000","8,000",0,0,"4,174",0,"12,827"
2160,23056-467363622,10381892,Cà Phê Muối Chú Long - Phan Văn Trị,23/05/2026 13:22:36,"37,000","5,000",0,0,"7,856",0,"24,144"
2161,23056-467373565,10324687,Cà Phê Muối Chú Long - Huỳnh Tấn Phát,23/05/2026 13:32:00,"54,000","11,000",0,0,"10,557",0,"32,444"
2162,23056-467557872,10230793,Cà Phê Muối Chú Long - Huỳnh Văn Bánh,23/05/2026 13:22:04,"110,000","22,000",0,0,"21,604",0,"66,396"
2163,23056-467810423,10224935,Cà Phê Muối Chú Long - 585 Quang Trung,23/05/2026 13:08:33,"58,000","11,600",0,0,"11,391",0,"35,009"
2164,23056-467892619,10269971,Cà Phê Muối Chú Long - Cần Thơ,23/05/2026 13:23:47,"22,000","5,500",0,0,"4,051",0,"12,449"
2165,23056-468038767,10242271,Cà Phê Muối Chú Long - Vũng Tàu,23/05/2026 13:09:54,"44,000","5,000",0,0,"9,575",0,"29,426"
2166,23056-468430124,10230793,Cà Phê Muối Chú Long - Huỳnh Văn Bánh,23/05/2026 13:10:53,"83,000","16,600",0,0,"16,301",0,"50,099"
2167,23056-468564044,10230793,Cà Phê Muối Chú Long - Huỳnh Văn Bánh,23/05/2026 13:25:45,"51,000",0,0,0,"12,521",0,"38,480"
2168,23056-468669916,10405301,Cà Phê Muối Chú Long - 01 Hàng Đậu,23/05/2026 13:18:44,"58,000",0,0,0,"14,239",0,"43,761"
2169,23056-469075794,10405301,Cà Phê Muối Chú Long - 01 Hàng Đậu,23/05/2026 13:48:36,"101,000",0,0,0,"24,796",0,"76,205"
2170,23056-469095168,10225902,Cà Phê Muối Chú Long - Hậu Giang,23/05/2026 13:15:14,"29,000","5,000",0,0,"5,892",0,"18,108"
2171,23056-469430387,10298824,Cà Phê Muối Chú Long - Hoàng Diệu,23/05/2026 13:42:51,"51,000","10,000",0,0,"10,066",0,"30,935"
2172,23056-469560782,10292422,Cà Phê Muối Chú Long - Phan Thiết,23/05/2026 13:38:08,"311,000","47,368",0,0,"64,722",0,"198,910"
2173,23056-469728489,10235663,Cà Phê Muối Chú Long - Hà Huy Giáp,23/05/2026 13:19:01,"29,000","7,250",0,0,"5,340",0,"16,410"
2174,23056-469773852,10321439,Cà Phê Muối Chú Long - Vĩnh Long,23/05/2026 13:12:25,"22,000","5,500",0,0,"4,051",0,"12,449"
2175,23056-470080013,10225871,Cà Phê Muối Chú Long - Đặng Nguyên Cẩn,23/05/2026 13:25:51,"25,000","8,000",0,0,"4,174",0,"12,827"
2176,23056-470257707,10287840,Cà Phê Muối Chú Long - Long Xuyên,23/05/2026 13:14:50,"87,000","17,400",0,0,"17,087",0,"52,513"
2177,23056-470484284,10395671,Cà Phê Muối Chú Long - 59 Trường Chinh,23/05/2026 13:31:48,"66,000","13,200",0,0,"12,962",0,"39,838"
2178,23056-470579421,10397657,Cà Phê Muối Chú Long - 368 Lê Đức Thọ,23/05/2026 14:09:56,"58,000",0,0,0,"14,239",0,"43,761"
2179,23056-470911706,10386890,Cà Phê Muối Chú Long - Nha Trang,23/05/2026 13:28:09,"29,000","5,000",0,0,"5,892",0,"18,108"
2180,23056-470929608,10350108,Cà Phê Muối Chú Long - Đường Láng,23/05/2026 13:28:53,"50,000","11,000",0,0,"9,575",0,"29,426"
2181,23056-470950026,10284115,Cà Phê Muối Chú Long - Kha Vạn Cân,23/05/2026 13:23:49,"80,000","16,000",0,0,"15,712",0,"48,288"
2182,23056-471192186,10225902,Cà Phê Muối Chú Long - Hậu Giang,23/05/2026 13:39:51,"29,000","5,000",0,0,"5,892",0,"18,108"
2183,23056-471220696,10298769,Cà Phê Muối Chú Long - Tôn Đức Thắng,23/05/2026 14:53:23,"54,000","11,000",0,0,"10,557",0,"32,444"
2184,23056-471385912,10225895,Cà Phê Muối Chú Long - Cách Mạng Tháng 8,23/05/2026 13:27:08,"25,000","8,000",0,0,"4,174",0,"12,827"
2185,23056-471419926,10350108,Cà Phê Muối Chú Long - Đường Láng,23/05/2026 14:04:59,"54,000","10,000",0,0,"10,802",0,"33,198"
2186,23056-472402494,10269971,Cà Phê Muối Chú Long - Cần Thơ,23/05/2026 13:18:34,"37,000","9,250",0,0,"6,813",0,"20,937"
2187,23056-472733530,10292015,Cà Phê Muối Chú Long - Long An,23/05/2026 13:32:09,"54,000","11,000",0,0,"10,557",0,"32,444"
2188,23056-472939020,10395671,Cà Phê Muối Chú Long - 59 Trường Chinh,23/05/2026 13:26:37,"58,000","11,600",0,0,"11,391",0,"35,009"
2189,23056-473329493,10296675,Cà Phê Muối Chú Long - Trương Định,23/05/2026 13:38:04,"36,000","5,000",0,0,"7,611",0,"23,390"
2190,23056-473492290,10230171,Cà Phê Muối Chú Long - Bình Long,23/05/2026 13:21:11,"141,000","28,200",0,0,"27,692",0,"85,108"
2191,23056-473720133,10224935,Cà Phê Muối Chú Long - 585 Quang Trung,23/05/2026 13:31:17,"201,000","36,180",0,0,"40,463",0,"124,357"
2192,23056-473896855,10225902,Cà Phê Muối Chú Long - Hậu Giang,23/05/2026 13:29:19,"61,000",0,0,0,"14,976",0,"46,025"
2193,23056-474238132,10321437,Cà Phê Muối Chú Long - Tây Ninh,23/05/2026 13:19:29,"79,000","15,800",0,0,"15,516",0,"47,684"
2194,23056-474255022,10298769,Cà Phê Muối Chú Long - Tôn Đức Thắng,23/05/2026 14:02:09,"87,000","17,400",0,0,"17,087",0,"52,513"
2195,23056-474298451,10230399,Cà Phê Muối Chú Long - Tân Kỳ Tân Quý,23/05/2026 13:29:36,"58,000","11,600",0,0,"11,391",0,"35,009"
2196,23056-474318389,10358037,Cà Phê Muối Chú Long - 35 Trần Phú,23/05/2026 13:45:12,"130,000","26,000",0,0,"25,532",0,"78,468"
2197,23056-474333656,10358016,Cà Phê Muối Chú Long - Bà Triệu,23/05/2026 13:55:33,"203,000","36,540",0,0,"40,866",0,"125,594"
2198,23056-474337485,10381892,Cà Phê Muối Chú Long - Phan Văn Trị,23/05/2026 13:27:40,"58,000","11,600",0,0,"11,391",0,"35,009"
2199,23056-474509879,10235663,Cà Phê Muối Chú Long - Hà Huy Giáp,23/05/2026 13:18:39,"29,000","7,250",0,0,"5,340",0,"16,410"
2200,23056-474542647,10216423,Cà Phê Muối Chú Long - 417 Cộng Hoà,23/05/2026 13:29:43,"29,000","5,000",0,0,"5,892",0,"18,108"
2201,23056-474749317,10381892,Cà Phê Muối Chú Long - Phan Văn Trị,23/05/2026 13:23:41,"58,000","11,600",0,0,"11,391",0,"35,009"
2202,23056-474901758,10222800,Cà Phê Muối Chú Long - Thành Thái,23/05/2026 13:38:28,"83,000","16,600",0,0,"16,301",0,"50,099"
2203,23056-474920814,10321523,Cà Phê Muối Chú Long - Thanh Nhàn,23/05/2026 13:50:00,"58,000","11,600",0,0,"11,391",0,"35,009"
2204,23056-475207331,10235663,Cà Phê Muối Chú Long - Hà Huy Giáp,23/05/2026 13:25:42,"54,000","10,000",0,0,"10,802",0,"33,198"
2205,23056-475616610,10225898,Cà Phê Muối Chú Long - Nguyễn Đình Chiểu,23/05/2026 13:44:50,"167,000","30,060",0,0,"33,619",0,"103,321"
2206,23056-475706949,10280033,Cà Phê Muối Chú Long - Bà Rịa,23/05/2026 13:23:29,"47,000","10,000",0,0,"9,084",0,"27,917"
2207,23056-476144218,10381892,Cà Phê Muối Chú Long - Phan Văn Trị,23/05/2026 13:29:16,"73,000","14,600",0,0,"14,337",0,"44,063"
2208,23056-476180626,10230171,Cà Phê Muối Chú Long - Bình Long,23/05/2026 13:32:46,"58,000","11,600",0,0,"11,391",0,"35,009"
2209,23056-476486808,10225888,Cà Phê Muối Chú Long - Lạc Long Quân,23/05/2026 13:25:00,"29,000","5,000",0,0,"5,892",0,"18,108"
2210,23056-476580071,10405301,Cà Phê Muối Chú Long - 01 Hàng Đậu,23/05/2026 13:31:21,"97,000",0,0,0,"23,814",0,"73,187"
2211,23056-476685880,10296675,Cà Phê Muối Chú Long - Trương Định,23/05/2026 14:26:01,"66,000","13,200",0,0,"12,962",0,"39,838"
2212,23056-476932995,10298769,Cà Phê Muối Chú Long - Tôn Đức Thắng,23/05/2026 13:42:37,"158,000","28,440",0,0,"31,807",0,"97,753"
2213,23056-477421684,10284115,Cà Phê Muối Chú Long - Kha Vạn Cân,23/05/2026 13:41:48,"29,000","5,000",0,0,"5,892",0,"18,108"
2214,23056-477515634,10405301,Cà Phê Muối Chú Long - 01 Hàng Đậu,23/05/2026 13:44:14,"22,000",0,0,0,"5,401",0,"16,599"
2215,23056-477623232,10375372,Cà Phê Muối Chú Long - An Dương Vương,23/05/2026 13:31:00,"29,000","5,000",0,0,"5,892",0,"18,108"
2216,23056-477831066,10242271,Cà Phê Muối Chú Long - Vũng Tàu,23/05/2026 13:41:39,"29,000","5,000",0,0,"5,892",0,"18,108"
2217,23056-477874996,10298769,Cà Phê Muối Chú Long - Tôn Đức Thắng,23/05/2026 13:49:18,"25,000","8,000",0,0,"4,174",0,"12,827"
2218,23056-477886199,10397657,Cà Phê Muối Chú Long - 368 Lê Đức Thọ,23/05/2026 13:36:12,"141,000","28,200",0,0,"27,692",0,"85,108"
2219,23056-478275281,10292422,Cà Phê Muối Chú Long - Phan Thiết,23/05/2026 13:42:41,"37,000","9,250",0,0,"6,813",0,"20,937"
2220,23056-478410939,10225871,Cà Phê Muối Chú Long - Đặng Nguyên Cẩn,23/05/2026 13:26:44,"65,000","13,000",0,0,"12,766",0,"39,234"
2221,23056-478443690,10235663,Cà Phê Muối Chú Long - Hà Huy Giáp,23/05/2026 13:39:45,"260,000","45,000",0,0,"52,783",0,"162,218"
2222,23056-478454054,10395671,Cà Phê Muối Chú Long - 59 Trường Chinh,23/05/2026 13:33:13,"66,000","13,200",0,0,"12,962",0,"39,838"
2223,23056-478492610,10225902,Cà Phê Muối Chú Long - Hậu Giang,23/05/2026 13:32:20,"58,000","11,600",0,0,"11,391",0,"35,009"
2224,23056-478689425,10321523,Cà Phê Muối Chú Long - Thanh Nhàn,23/05/2026 13:50:24,"86,000","17,200",0,0,"16,890",0,"51,910"
2225,23056-478878447,10315543,Cà Phê Muối Chú Long - Bến Tre,23/05/2026 13:30:17,"29,000","7,250",0,0,"5,340",0,"16,410"
2226,23056-478945032,10298769,Cà Phê Muối Chú Long - Tôn Đức Thắng,23/05/2026 14:02:50,"58,000","11,600",0,0,"11,391",0,"35,009"
2227,23056-479104230,10321523,Cà Phê Muối Chú Long - Thanh Nhàn,23/05/2026 13:59:14,"29,000","5,000",0,0,"5,892",0,"18,108"
2228,23056-479142133,10225902,Cà Phê Muối Chú Long - Hậu Giang,23/05/2026 13:49:57,"29,000","5,000",0,0,"5,892",0,"18,108"
2229,23056-479433607,10230417,Cà Phê Muối Chú Long - Lê Văn Sỹ,23/05/2026 13:56:30,"67,000","13,400",0,0,"13,159",0,"40,441"
2230,23056-479721593,10298769,Cà Phê Muối Chú Long - Tôn Đức Thắng,23/05/2026 14:05:21,"50,000","11,000",0,0,"9,575",0,"29,426"
2231,23056-479890475,10230814,Cà Phê Muối Chú Long - Võ Văn Kiệt,23/05/2026 13:25:20,"25,000","5,000",0,0,"4,910",0,"15,090"
2232,23056-480045308,10225885,Cà Phê Muối Chú Long - Ngô Tất Tố,23/05/2026 13:28:16,"116,000","23,200",0,0,"22,782",0,"70,018"
2233,23056-480720558,10230417,Cà Phê Muối Chú Long - Lê Văn Sỹ,23/05/2026 13:36:44,"91,000","18,200",0,0,"17,872",0,"54,928"
2234,23056-480782763,10298769,Cà Phê Muối Chú Long - Tôn Đức Thắng,23/05/2026 13:57:59,"131,000","20,000",0,0,"27,251",0,"83,750"
2235,23056-480845368,10292015,Cà Phê Muối Chú Long - Long An,23/05/2026 13:32:20,"58,000","11,600",0,0,"11,391",0,"35,009"
2236,23056-480998840,10340098,Cà Phê Muối Chú Long - Thuận An,23/05/2026 13:42:33,"145,000","28,571",0,0,"28,583",0,"87,846"
2237,23056-481026794,10230417,Cà Phê Muối Chú Long - Lê Văn Sỹ,23/05/2026 13:49:13,"58,000","11,000",0,0,"11,539",0,"35,462"
2238,23056-481120608,10292422,Cà Phê Muối Chú Long - Phan Thiết,23/05/2026 13:27:43,"29,000","7,250",0,0,"5,340",0,"16,410"
2239,23056-481253460,10225902,Cà Phê Muối Chú Long - Hậu Giang,23/05/2026 13:49:00,"141,000","28,200",0,0,"27,692",0,"85,108"
2240,23056-481258512,10230814,Cà Phê Muối Chú Long - Võ Văn Kiệt,23/05/2026 13:33:18,"145,000","28,571",0,0,"28,583",0,"87,846"
2241,23056-481290217,10298824,Cà Phê Muối Chú Long - Hoàng Diệu,23/05/2026 13:46:45,"58,000","11,600",0,0,"11,391",0,"35,009"
2242,23056-481368127,10225898,Cà Phê Muối Chú Long - Nguyễn Đình Chiểu,23/05/2026 13:35:37,"158,000","28,440",0,0,"31,807",0,"97,753"
2243,23056-481504223,10242271,Cà Phê Muối Chú Long - Vũng Tàu,23/05/2026 13:34:59,"261,000","46,980",0,0,"52,542",0,"161,478"
2244,23056-481560026,10225895,Cà Phê Muối Chú Long - Cách Mạng Tháng 8,23/05/2026 13:33:12,"58,000","11,600",0,0,"11,391",0,"35,009"
2245,23056-482004057,10216423,Cà Phê Muối Chú Long - 417 Cộng Hoà,23/05/2026 13:41:10,"174,000","31,320",0,0,"35,028",0,"107,652"
2246,23056-482191273,10405301,Cà Phê Muối Chú Long - 01 Hàng Đậu,23/05/2026 13:49:14,"102,000",0,0,0,"25,041",0,"76,959"
2247,23056-482304501,10230814,Cà Phê Muối Chú Long - Võ Văn Kiệt,23/05/2026 13:41:44,"66,000","13,200",0,0,"12,962",0,"39,838"
2248,23056-483000396,10298769,Cà Phê Muối Chú Long - Tôn Đức Thắng,23/05/2026 14:02:00,"29,000","5,000",0,0,"5,892",0,"18,108"
2249,23056-483048686,10230814,Cà Phê Muối Chú Long - Võ Văn Kiệt,23/05/2026 13:34:39,"36,000","5,000",0,0,"7,611",0,"23,390"
2250,23056-483076039,10296675,Cà Phê Muối Chú Long - Trương Định,23/05/2026 13:44:58,"54,000","11,000",0,0,"10,557",0,"32,444"
2251,23056-483145187,10230417,Cà Phê Muối Chú Long - Lê Văn Sỹ,23/05/2026 15:28:25,"29,000","5,000",0,0,"5,892",0,"18,108"
2252,23056-483724011,10321523,Cà Phê Muối Chú Long - Thanh Nhàn,23/05/2026 13:52:32,"29,000","5,000",0,0,"5,892",0,"18,108"
2253,23056-483770847,10230171,Cà Phê Muối Chú Long - Bình Long,23/05/2026 13:47:04,"29,000","5,000",0,0,"5,892",0,"18,108"
2254,23056-483993103,10358016,Cà Phê Muối Chú Long - Bà Triệu,23/05/2026 13:55:40,"58,000","11,600",0,0,"11,391",0,"35,009"
2255,23056-484297774,10323120,Cà Phê Muối Chú Long - Đồng Xoài,23/05/2026 13:39:00,"25,000",0,0,0,"6,138",0,"18,863"
2256,23056-484695049,10222800,Cà Phê Muối Chú Long - Thành Thái,23/05/2026 13:45:52,"94,000","18,800",0,0,"18,462",0,"56,738"
2257,23056-484716207,10284115,Cà Phê Muối Chú Long - Kha Vạn Cân,23/05/2026 13:53:29,"44,000","5,000",0,0,"9,575",0,"29,426"
2258,23056-485676748,10313967,Cà Phê Muối Chú Long - 82 Ngô Gia Tự,23/05/2026 13:45:07,"51,000","11,000",0,0,"9,820",0,"30,180"
2259,23056-485739563,10381983,Cà Phê Muối Chú Long - Bạch Đằng,23/05/2026 13:44:01,"58,000",0,0,0,"14,239",0,"43,761"
2260,23056-485877235,10216423,Cà Phê Muối Chú Long - 417 Cộng Hoà,23/05/2026 13:42:47,"29,000","5,000",0,0,"5,892",0,"18,108"
2261,23056-485903671,10235659,Cà Phê Muối Chú Long - Nguyễn Hữu Cảnh,23/05/2026 13:47:31,"58,000","11,600",0,0,"11,391",0,"35,009"
2262,23056-486178281,10287867,Cà Phê Muối Chú Long - Classic,23/05/2026 13:58:42,"95,000","19,000",0,0,"18,658",0,"57,342"
2263,23056-486316876,10222800,Cà Phê Muối Chú Long - Thành Thái,23/05/2026 13:49:35,"58,000","11,600",0,0,"11,391",0,"35,009"
2264,23056-486405178,10230417,Cà Phê Muối Chú Long - Lê Văn Sỹ,23/05/2026 14:01:37,"47,000",0,0,0,"11,539",0,"35,462"
2265,23056-486715073,10298769,Cà Phê Muối Chú Long - Tôn Đức Thắng,23/05/2026 14:29:32,"58,000","11,600",0,0,"11,391",0,"35,009"
2266,23056-486831569,10216423,Cà Phê Muối Chú Long - 417 Cộng Hoà,23/05/2026 13:44:47,"137,000","27,400",0,0,"26,907",0,"82,693"
2267,23056-486855910,10321524,Cà Phê Muối Chú Long - Đội Cấn,23/05/2026 15:20:47,"66,000","13,200",0,0,"12,962",0,"39,838"
2268,23056-487012837,10298769,Cà Phê Muối Chú Long - Tôn Đức Thắng,23/05/2026 14:20:09,"116,000","23,200",0,0,"22,782",0,"70,018"
2269,23056-487055909,10321524,Cà Phê Muối Chú Long - Đội Cấn,23/05/2026 14:06:06,"80,000","16,000",0,0,"15,712",0,"48,288"
2270,23056-487091653,10230292,Cà Phê Muối Chú Long - Lê Văn Việt,23/05/2026 13:53:33,"112,000",0,0,0,"27,496",0,"84,504"
2271,23056-487257163,10298769,Cà Phê Muối Chú Long - Tôn Đức Thắng,23/05/2026 14:24:42,"75,000","15,000",0,0,"14,730",0,"45,270"
2272,23056-487449631,10321523,Cà Phê Muối Chú Long - Thanh Nhàn,23/05/2026 14:42:39,"58,000","11,600",0,0,"11,391",0,"35,009"
2273,23056-487573086,10375372,Cà Phê Muối Chú Long - An Dương Vương,23/05/2026 14:02:05,"76,000","15,200",0,0,"14,926",0,"45,874"
2274,23056-487625464,10381892,Cà Phê Muối Chú Long - Phan Văn Trị,23/05/2026 13:48:30,"58,000","11,600",0,0,"11,391",0,"35,009"
2275,23056-487892149,10284115,Cà Phê Muối Chú Long - Kha Vạn Cân,23/05/2026 13:52:32,"58,000","11,600",0,0,"11,391",0,"35,009"
2276,23056-488118122,10375372,Cà Phê Muối Chú Long - An Dương Vương,23/05/2026 13:53:48,"25,000","8,000",0,0,"4,174",0,"12,827"
2277,23056-488237730,10296675,Cà Phê Muối Chú Long - Trương Định,23/05/2026 14:04:05,"58,000","11,600",0,0,"11,391",0,"35,009"
2278,23056-488374098,10321523,Cà Phê Muối Chú Long - Thanh Nhàn,23/05/2026 13:54:36,"29,000",0,0,0,"7,120",0,"21,881"
2279,23056-488382664,10350108,Cà Phê Muối Chú Long - Đường Láng,23/05/2026 14:49:48,"130,000","26,000",0,0,"25,532",0,"78,468"
2280,23056-488424305,10230292,Cà Phê Muối Chú Long - Lê Văn Việt,23/05/2026 13:51:01,"29,000","5,000",0,0,"5,892",0,"18,108"
2281,23056-488654066,10296675,Cà Phê Muối Chú Long - Trương Định,23/05/2026 14:14:21,"87,000","17,400",0,0,"17,087",0,"52,513"
2282,23056-488733216,10230793,Cà Phê Muối Chú Long - Huỳnh Văn Bánh,23/05/2026 13:56:57,"58,000","11,600",0,0,"11,391",0,"35,009"
2283,23056-488760471,10375372,Cà Phê Muối Chú Long - An Dương Vương,23/05/2026 13:52:47,"87,000","17,400",0,0,"17,087",0,"52,513"
2284,23056-488853223,10386890,Cà Phê Muối Chú Long - Nha Trang,23/05/2026 13:55:17,"58,000","11,600",0,0,"11,391",0,"35,009"
2285,23056-488972378,10330437,Cà Phê Muối Chú Long - Trần Hưng Đạo,23/05/2026 14:09:59,"80,000","16,000",0,0,"15,712",0,"48,288"
2286,23056-489037445,10225888,Cà Phê Muối Chú Long - Lạc Long Quân,23/05/2026 14:02:14,"58,000","11,600",0,0,"11,391",0,"35,009"
2287,23056-489131430,10405301,Cà Phê Muối Chú Long - 01 Hàng Đậu,23/05/2026 14:19:01,"51,000",0,0,0,"12,521",0,"38,480"
2288,23056-489221792,10285817,Cà Phê Muối Chú Long - 1349 Cách Mạng Tháng 8,23/05/2026 13:44:35,"66,000","13,200",0,0,"12,962",0,"39,838"
2289,23056-489314985,10307386,Cà Phê Muối Chú Long - Kiên Giang,23/05/2026 14:00:55,"25,000","8,000",0,0,"4,174",0,"12,827"
2290,23056-489384859,10224935,Cà Phê Muối Chú Long - 585 Quang Trung,23/05/2026 13:53:01,"94,000","18,800",0,0,"18,462",0,"56,738"
2291,23056-489511757,10222800,Cà Phê Muối Chú Long - Thành Thái,23/05/2026 14:16:05,"87,000","17,400",0,0,"17,087",0,"52,513"
2292,23056-489572340,10321524,Cà Phê Muối Chú Long - Đội Cấn,23/05/2026 13:47:44,"58,000","11,600",0,0,"11,391",0,"35,009"
2293,23056-489700856,10230793,Cà Phê Muối Chú Long - Huỳnh Văn Bánh,23/05/2026 14:01:32,"29,000","5,000",0,0,"5,892",0,"18,108"
2294,23056-490259693,10230171,Cà Phê Muối Chú Long - Bình Long,23/05/2026 13:50:35,"54,000","11,000",0,0,"10,557",0,"32,444"
2295,23056-490365764,10358016,Cà Phê Muối Chú Long - Bà Triệu,23/05/2026 14:07:53,"58,000","11,600",0,0,"11,391",0,"35,009"
2296,23056-490455844,10350108,Cà Phê Muối Chú Long - Đường Láng,23/05/2026 13:57:54,"82,000","16,400",0,0,"16,105",0,"49,495"
2297,23056-490606749,10326235,Cà Phê Muối Chú Long - Cà Mau,23/05/2026 13:56:24,"116,000","23,200",0,0,"22,782",0,"70,018"
2298,23056-490807291,10287867,Cà Phê Muối Chú Long - Classic,23/05/2026 13:58:46,"122,000","24,400",0,0,"23,961",0,"73,639"
2299,23056-490881138,10298769,Cà Phê Muối Chú Long - Tôn Đức Thắng,23/05/2026 14:04:15,"25,000","8,000",0,0,"4,174",0,"12,827"
2300,23056-490915459,10405301,Cà Phê Muối Chú Long - 01 Hàng Đậu,23/05/2026 13:57:06,"51,000",0,0,0,"12,521",0,"38,480"
2301,23056-490918831,10235658,Cà Phê Muối Chú Long - Công Trường Quốc Tế,23/05/2026 14:12:10,"25,000","8,000",0,0,"4,174",0,"12,827"
2302,23056-490964952,10321523,Cà Phê Muối Chú Long - Thanh Nhàn,23/05/2026 14:00:26,"58,000","11,600",0,0,"11,391",0,"35,009"
2303,23056-491028928,10242271,Cà Phê Muối Chú Long - Vũng Tàu,23/05/2026 13:44:38,"29,000","5,000",0,0,"5,892",0,"18,108"
2304,23056-491138211,10230399,Cà Phê Muối Chú Long - Tân Kỳ Tân Quý,23/05/2026 14:01:15,"29,000","5,000",0,0,"5,892",0,"18,108"
2305,23056-491169690,10405301,Cà Phê Muối Chú Long - 01 Hàng Đậu,23/05/2026 14:18:01,"51,000",0,0,0,"12,521",0,"38,480"
2306,23056-491275787,10405301,Cà Phê Muối Chú Long - 01 Hàng Đậu,23/05/2026 14:21:58,"51,000",0,0,0,"12,521",0,"38,480"
2307,23056-491426380,10216423,Cà Phê Muối Chú Long - 417 Cộng Hoà,23/05/2026 14:03:29,"29,000","5,000",0,0,"5,892",0,"18,108"
2308,23056-491708828,10230793,Cà Phê Muối Chú Long - Huỳnh Văn Bánh,23/05/2026 14:00:23,"134,000","26,800",0,0,"26,318",0,"80,882"
2309,23056-491710443,10225898,Cà Phê Muối Chú Long - Nguyễn Đình Chiểu,23/05/2026 13:57:33,"58,000","11,600",0,0,"11,391",0,"35,009"
2310,23056-491827468,10230171,Cà Phê Muối Chú Long - Bình Long,23/05/2026 13:55:52,"54,000","10,000",0,0,"10,802",0,"33,198"
2311,23056-491960154,10397657,Cà Phê Muối Chú Long - 368 Lê Đức Thọ,23/05/2026 13:57:52,"58,000","11,600",0,0,"11,391",0,"35,009"
2312,23056-492138554,10296675,Cà Phê Muối Chú Long - Trương Định,23/05/2026 14:50:27,"91,000","18,200",0,0,"17,872",0,"54,928"
2313,23056-492366595,10225902,Cà Phê Muối Chú Long - Hậu Giang,23/05/2026 13:53:13,"29,000","5,000",0,0,"5,892",0,"18,108"
2314,23056-492423735,10350108,Cà Phê Muối Chú Long - Đường Láng,23/05/2026 14:21:38,"29,000","5,000",0,0,"5,892",0,"18,108"
2315,23056-492469413,10298769,Cà Phê Muối Chú Long - Tôn Đức Thắng,23/05/2026 14:19:25,"100,000","20,000",0,0,"19,640",0,"60,360"
2316,23056-492535493,10296675,Cà Phê Muối Chú Long - Trương Định,23/05/2026 14:31:50,"50,000","16,000",0,0,"8,347",0,"25,653"
2317,23056-492757522,10284115,Cà Phê Muối Chú Long - Kha Vạn Cân,23/05/2026 13:54:09,"29,000","5,000",0,0,"5,892",0,"18,108"
2318,23056-492776903,10298769,Cà Phê Muối Chú Long - Tôn Đức Thắng,23/05/2026 14:16:53,"50,000","11,000",0,0,"9,575",0,"29,426"
2319,23056-493164502,10287867,Cà Phê Muối Chú Long - Classic,23/05/2026 13:53:38,"45,000",0,0,0,"11,048",0,"33,953"
2320,23056-493219476,10386890,Cà Phê Muối Chú Long - Nha Trang,23/05/2026 14:18:44,"125,000",0,0,0,"30,688",0,"94,313"
2321,23056-493444295,10321524,Cà Phê Muối Chú Long - Đội Cấn,23/05/2026 14:19:14,"25,000","8,000",0,0,"4,174",0,"12,827"
2322,23056-493672823,10354891,Cà Phê Muối Chú Long - Trà Vinh,23/05/2026 13:52:48,"25,000",0,0,0,"6,138",0,"18,863"
2323,23056-493739263,10230292,Cà Phê Muối Chú Long - Lê Văn Việt,23/05/2026 13:56:07,"50,000","11,000",0,0,"9,575",0,"29,426"
2324,23056-493807465,10230817,Cà Phê Muối Chú Long - Thích Quảng Đức,23/05/2026 13:58:29,"122,000","24,400",0,0,"23,961",0,"73,639"
2325,23056-493859337,10350108,Cà Phê Muối Chú Long - Đường Láng,23/05/2026 14:38:49,"54,000","11,000",0,0,"10,557",0,"32,444"
2326,23056-494009430,10230171,Cà Phê Muối Chú Long - Bình Long,23/05/2026 13:59:09,"87,000","17,400",0,0,"17,087",0,"52,513"
2327,23056-494064817,10296675,Cà Phê Muối Chú Long - Trương Định,23/05/2026 15:16:46,"111,000","22,200",0,0,"21,800",0,"67,000"
2328,23056-494244596,10321524,Cà Phê Muối Chú Long - Đội Cấn,23/05/2026 13:53:59,"79,000","15,800",0,0,"15,516",0,"47,684"
2329,23056-494307015,10225898,Cà Phê Muối Chú Long - Nguyễn Đình Chiểu,23/05/2026 14:18:32,"58,000","11,600",0,0,"11,391",0,"35,009"
2330,23056-494490838,10269971,Cà Phê Muối Chú Long - Cần Thơ,23/05/2026 14:02:34,"130,000","26,000",0,0,"25,532",0,"78,468"
2331,23056-494673950,10321524,Cà Phê Muối Chú Long - Đội Cấn,23/05/2026 14:18:59,"44,000","5,000",0,0,"9,575",0,"29,426"
2332,23056-494864318,10321523,Cà Phê Muối Chú Long - Thanh Nhàn,23/05/2026 14:34:07,"58,000","11,600",0,0,"11,391",0,"35,009"
2333,23056-494900622,10321439,Cà Phê Muối Chú Long - Vĩnh Long,23/05/2026 14:01:44,"25,000","8,000",0,0,"4,174",0,"12,827"
2334,23056-495340372,10298769,Cà Phê Muối Chú Long - Tôn Đức Thắng,23/05/2026 14:23:24,"75,000","15,000",0,0,"14,730",0,"45,270"
2335,23056-495371218,10287840,Cà Phê Muối Chú Long - Long Xuyên,23/05/2026 13:53:20,"29,000","7,250",0,0,"5,340",0,"16,410"
2336,23056-495475354,10235658,Cà Phê Muối Chú Long - Công Trường Quốc Tế,23/05/2026 13:54:00,"80,000","16,000",0,0,"15,712",0,"48,288"
2337,23056-495528697,10224935,Cà Phê Muối Chú Long - 585 Quang Trung,23/05/2026 14:10:56,"58,000","11,600",0,0,"11,391",0,"35,009"
2338,23056-495660705,10321523,Cà Phê Muối Chú Long - Thanh Nhàn,23/05/2026 14:26:50,"59,000","11,800",0,0,"11,588",0,"35,612"
2339,23056-495813724,10230817,Cà Phê Muối Chú Long - Thích Quảng Đức,23/05/2026 14:17:45,"22,000","5,000",0,0,"4,174",0,"12,827"
2340,23056-495863624,10242271,Cà Phê Muối Chú Long - Vũng Tàu,23/05/2026 13:57:14,"54,000","11,000",0,0,"10,557",0,"32,444"
2341,23056-495970437,10292422,Cà Phê Muối Chú Long - Phan Thiết,23/05/2026 13:58:02,"58,000","11,600",0,0,"11,391",0,"35,009"
2342,23056-496258821,10225888,Cà Phê Muối Chú Long - Lạc Long Quân,23/05/2026 13:58:18,"58,000","11,600",0,0,"11,391",0,"35,009"
2343,23056-496396668,10321524,Cà Phê Muối Chú Long - Đội Cấn,23/05/2026 14:11:51,"116,000","23,200",0,0,"22,782",0,"70,018"
2344,23056-496487366,10350108,Cà Phê Muối Chú Long - Đường Láng,23/05/2026 14:44:37,"36,000","5,000",0,0,"7,611",0,"23,390"
2345,23056-496693177,10321523,Cà Phê Muối Chú Long - Thanh Nhàn,23/05/2026 14:22:15,"50,000","11,000",0,0,"9,575",0,"29,426"
2346,23056-496964087,10321523,Cà Phê Muối Chú Long - Thanh Nhàn,23/05/2026 14:07:57,"66,000","13,200",0,0,"12,962",0,"39,838"
2347,23056-497022018,10225902,Cà Phê Muối Chú Long - Hậu Giang,23/05/2026 14:02:10,"36,000","5,000",0,0,"7,611",0,"23,390"
2348,23056-497072475,10354882,Cà Phê Muối Chú Long - Quảng Ngãi,23/05/2026 14:07:32,"58,000","11,600",0,0,"11,391",0,"35,009"
2349,23056-497247870,10298769,Cà Phê Muối Chú Long - Tôn Đức Thắng,23/05/2026 14:39:51,"83,000","16,600",0,0,"16,301",0,"50,099"
2350,23056-497581520,10230292,Cà Phê Muối Chú Long - Lê Văn Việt,23/05/2026 14:43:41,"58,000","11,600",0,0,"11,391",0,"35,009"
2351,23056-497646673,10321523,Cà Phê Muối Chú Long - Thanh Nhàn,23/05/2026 14:35:36,"79,000","15,800",0,0,"15,516",0,"47,684"
2352,23056-497752763,10375372,Cà Phê Muối Chú Long - An Dương Vương,23/05/2026 14:24:19,"145,000","28,571",0,0,"28,583",0,"87,846"
2353,23056-497888597,10358016,Cà Phê Muối Chú Long - Bà Triệu,23/05/2026 14:04:04,"58,000","11,600",0,0,"11,391",0,"35,009"
2354,23056-498150895,10298769,Cà Phê Muối Chú Long - Tôn Đức Thắng,23/05/2026 14:21:38,"58,000","11,600",0,0,"11,391",0,"35,009"
2355,23056-498407647,10225898,Cà Phê Muối Chú Long - Nguyễn Đình Chiểu,23/05/2026 14:12:05,"203,000","36,540",0,0,"40,866",0,"125,594"
2356,23056-498481095,10292422,Cà Phê Muối Chú Long - Phan Thiết,23/05/2026 14:50:11,"97,000","19,400",0,0,"19,051",0,"58,549"
2357,23056-498492086,10225898,Cà Phê Muối Chú Long - Nguyễn Đình Chiểu,23/05/2026 14:03:28,"203,000","36,540",0,0,"40,866",0,"125,594"
2358,23056-498795647,10230814,Cà Phê Muối Chú Long - Võ Văn Kiệt,23/05/2026 14:03:43,"87,000","17,400",0,0,"17,087",0,"52,513"
2359,23056-499226869,10230793,Cà Phê Muối Chú Long - Huỳnh Văn Bánh,23/05/2026 14:09:39,"36,000","5,000",0,0,"7,611",0,"23,390"
2360,23056-499749289,10235663,Cà Phê Muối Chú Long - Hà Huy Giáp,23/05/2026 14:14:23,"79,000","15,800",0,0,"15,516",0,"47,684"
2361,23056-499829888,10298769,Cà Phê Muối Chú Long - Tôn Đức Thắng,23/05/2026 14:34:22,"54,000","11,000",0,0,"10,557",0,"32,444"
2362,23056-500331918,10350108,Cà Phê Muối Chú Long - Đường Láng,23/05/2026 14:38:05,"58,000","11,600",0,0,"11,391",0,"35,009"
2363,23056-500379104,10296675,Cà Phê Muối Chú Long - Trương Định,23/05/2026 14:44:27,"116,000","23,200",0,0,"22,782",0,"70,018"
2364,23056-500506819,10358040,Cà Phê Muối Chú Long - Đoàn Thị Điểm,23/05/2026 14:06:45,"68,000","34,000",0,0,"8,347",0,"25,653"
2365,23056-500521267,10321523,Cà Phê Muối Chú Long - Thanh Nhàn,23/05/2026 14:35:22,"75,000","15,000",0,0,"14,730",0,"45,270"
2366,23056-500737479,10321523,Cà Phê Muối Chú Long - Thanh Nhàn,23/05/2026 14:21:46,"155,000","28,571",0,0,"31,038",0,"95,391"
2367,23056-501195430,10222800,Cà Phê Muối Chú Long - Thành Thái,23/05/2026 14:08:14,"51,000","10,000",0,0,"10,066",0,"30,935"
2368,23056-501321912,10230958,Cà Phê Muối Chú Long - 3/26 Quang Trung,23/05/2026 14:12:00,"44,000","5,000",0,0,"9,575",0,"29,426"
2369,23056-501617242,10350108,Cà Phê Muối Chú Long - Đường Láng,23/05/2026 14:42:10,"44,000","5,000",0,0,"9,575",0,"29,426"
2370,23056-501800893,10216423,Cà Phê Muối Chú Long - 417 Cộng Hoà,23/05/2026 14:24:18,"116,000","23,200",0,0,"22,782",0,"70,018"
2371,23056-501925754,10292422,Cà Phê Muối Chú Long - Phan Thiết,23/05/2026 14:12:49,"29,000","7,250",0,0,"5,340",0,"16,410"
2372,23056-502391989,10330437,Cà Phê Muối Chú Long - Trần Hưng Đạo,23/05/2026 14:13:47,"50,000","8,000",0,0,"10,311",0,"31,689"
2373,23056-502408021,10324687,Cà Phê Muối Chú Long - Huỳnh Tấn Phát,23/05/2026 14:13:55,"79,000","15,800",0,0,"15,516",0,"47,684"
2374,23056-502447416,10350108,Cà Phê Muối Chú Long - Đường Láng,23/05/2026 14:27:35,"22,000","5,000",0,0,"4,174",0,"12,827"
2375,23056-502567176,10321524,Cà Phê Muối Chú Long - Đội Cấn,23/05/2026 15:12:56,"58,000","11,600",0,0,"11,391",0,"35,009"
2376,23056-502714441,10407619,Cà Phê Muối Chú Long - 117 Lò Đúc,23/05/2026 14:20:00,"29,000",0,0,0,"7,120",0,"21,881"
2377,23056-502815972,10321439,Cà Phê Muối Chú Long - Vĩnh Long,23/05/2026 14:16:35,"88,000","17,600",0,0,"17,283",0,"53,117"
2378,23056-502858718,10230417,Cà Phê Muối Chú Long - Lê Văn Sỹ,23/05/2026 14:23:22,"669,000","99,500",0,0,"139,812",0,"429,688"
2379,23056-502869269,10225898,Cà Phê Muối Chú Long - Nguyễn Đình Chiểu,23/05/2026 14:12:47,"87,000","17,400",0,0,"17,087",0,"52,513"
2380,23056-502923245,10225902,Cà Phê Muối Chú Long - Hậu Giang,23/05/2026 14:14:28,"87,000","17,400",0,0,"17,087",0,"52,513"
2381,23056-503300935,10350108,Cà Phê Muối Chú Long - Đường Láng,23/05/2026 15:04:06,"22,000","5,000",0,0,"4,174",0,"12,827"
2382,23056-503495230,10230417,Cà Phê Muối Chú Long - Lê Văn Sỹ,23/05/2026 14:18:24,"117,000","23,400",0,0,"22,979",0,"70,621"
2383,23056-503535890,10298769,Cà Phê Muối Chú Long - Tôn Đức Thắng,23/05/2026 15:00:12,"224,000","40,320",0,0,"45,093",0,"138,587"
2384,23056-503735964,10298769,Cà Phê Muối Chú Long - Tôn Đức Thắng,23/05/2026 14:35:30,"133,000","26,600",0,0,"26,121",0,"80,279"
2385,23056-503967534,10230399,Cà Phê Muối Chú Long - Tân Kỳ Tân Quý,23/05/2026 14:10:18,"83,000","16,600",0,0,"16,301",0,"50,099"
2386,23056-504261484,10298769,Cà Phê Muối Chú Long - Tôn Đức Thắng,23/05/2026 14:22:09,"25,000","8,000",0,0,"4,174",0,"12,827"
2387,23056-504453121,10321524,Cà Phê Muối Chú Long - Đội Cấn,23/05/2026 14:34:04,"83,000","16,600",0,0,"16,301",0,"50,099"
2388,23056-504619847,10298769,Cà Phê Muối Chú Long - Tôn Đức Thắng,23/05/2026 14:46:21,"58,000","11,600",0,0,"11,391",0,"35,009"
2389,23056-504681143,10230292,Cà Phê Muối Chú Long - Lê Văn Việt,23/05/2026 14:09:23,"54,000",0,0,0,"13,257",0,"40,743"
2390,23056-504904090,10350108,Cà Phê Muối Chú Long - Đường Láng,23/05/2026 15:02:25,"58,000","11,600",0,0,"11,391",0,"35,009"
2391,23056-504949849,10269971,Cà Phê Muối Chú Long - Cần Thơ,23/05/2026 14:25:42,"54,000","10,000",0,0,"10,802",0,"33,198"
2392,23056-505054361,10225902,Cà Phê Muối Chú Long - Hậu Giang,23/05/2026 14:17:55,"50,000","11,000",0,0,"9,575",0,"29,426"
2393,23056-505328280,10386890,Cà Phê Muối Chú Long - Nha Trang,23/05/2026 14:21:06,"75,000","15,000",0,0,"14,730",0,"45,270"
2394,23056-505381976,10296675,Cà Phê Muối Chú Long - Trương Định,23/05/2026 14:41:56,"50,000","10,000",0,0,"9,820",0,"30,180"
2395,23056-505466634,10292422,Cà Phê Muối Chú Long - Phan Thiết,23/05/2026 14:20:35,"29,000",0,0,0,"7,120",0,"21,881"
2396,23056-505486744,10350108,Cà Phê Muối Chú Long - Đường Láng,23/05/2026 15:56:15,"37,000","5,000",0,0,"7,856",0,"24,144"
2397,23056-505493975,10296675,Cà Phê Muối Chú Long - Trương Định,23/05/2026 14:38:07,"22,000","5,000",0,0,"4,174",0,"12,827"
2398,23056-505537785,10230171,Cà Phê Muối Chú Long - Bình Long,23/05/2026 14:26:36,"87,000","17,400",0,0,"17,087",0,"52,513"
2399,23056-505784958,10235663,Cà Phê Muối Chú Long - Hà Huy Giáp,23/05/2026 14:11:45,"29,000","7,250",0,0,"5,340",0,"16,410"
2400,23056-506073915,10321524,Cà Phê Muối Chú Long - Đội Cấn,23/05/2026 14:41:17,"72,000","14,400",0,0,"14,141",0,"43,459"
2401,23056-506165981,10375372,Cà Phê Muối Chú Long - An Dương Vương,23/05/2026 14:15:25,"58,000","11,600",0,0,"11,391",0,"35,009"
2402,23056-506251087,10292422,Cà Phê Muối Chú Long - Phan Thiết,23/05/2026 14:09:36,"95,000","19,000",0,0,"18,658",0,"57,342"
2403,23056-506426834,10284115,Cà Phê Muối Chú Long - Kha Vạn Cân,23/05/2026 14:20:52,"58,000","11,600",0,0,"11,391",0,"35,009"
2404,23056-506454247,10242271,Cà Phê Muối Chú Long - Vũng Tàu,23/05/2026 14:15:23,"58,000","11,600",0,0,"11,391",0,"35,009"
2405,23056-507231867,10230292,Cà Phê Muối Chú Long - Lê Văn Việt,23/05/2026 14:19:59,"112,000","22,400",0,0,"21,997",0,"67,603"
2406,23056-507556400,10350108,Cà Phê Muối Chú Long - Đường Láng,23/05/2026 14:49:02,"94,000","18,800",0,0,"18,462",0,"56,738"
2407,23056-507559154,10219545,Cà Phê Muối Chú Long - Nguyễn Huệ,23/05/2026 14:15:21,"87,000","17,400",0,0,"17,087",0,"52,513"
2408,23056-507558503,10230399,Cà Phê Muối Chú Long - Tân Kỳ Tân Quý,23/05/2026 14:21:32,"65,000","13,000",0,0,"12,766",0,"39,234"
2409,23056-507696177,10230292,Cà Phê Muối Chú Long - Lê Văn Việt,23/05/2026 14:21:35,"144,000","28,571",0,0,"28,338",0,"87,091"
2410,23056-508012084,10224935,Cà Phê Muối Chú Long - 585 Quang Trung,23/05/2026 14:27:51,"58,000","11,600",0,0,"11,391",0,"35,009"
2411,23056-509164526,10405301,Cà Phê Muối Chú Long - 01 Hàng Đậu,23/05/2026 14:34:39,"72,000",0,0,0,"17,676",0,"54,324"
2412,23056-509232482,10287867,Cà Phê Muối Chú Long - Classic,23/05/2026 14:37:43,"390,000","54,500",0,0,"82,365",0,"253,135"
2413,23056-509243687,10321524,Cà Phê Muối Chú Long - Đội Cấn,23/05/2026 14:27:27,"116,000","23,200",0,0,"22,782",0,"70,018"
2414,23056-509354643,10321523,Cà Phê Muối Chú Long - Thanh Nhàn,23/05/2026 14:48:32,"109,000","21,800",0,0,"21,408",0,"65,792"
2415,23056-509598386,10321523,Cà Phê Muối Chú Long - Thanh Nhàn,23/05/2026 14:41:03,"220,000","39,600",0,0,"44,288",0,"136,112"
2416,23056-509691654,10225898,Cà Phê Muối Chú Long - Nguyễn Đình Chiểu,23/05/2026 14:31:41,"25,000","8,000",0,0,"4,174",0,"12,827"
2417,23056-509980202,10225898,Cà Phê Muối Chú Long - Nguyễn Đình Chiểu,23/05/2026 14:24:12,"29,000","5,000",0,0,"5,892",0,"18,108"
2418,23056-510112815,10287840,Cà Phê Muối Chú Long - Long Xuyên,23/05/2026 14:23:44,"116,000","23,200",0,0,"22,782",0,"70,018"
2419,23056-510359250,10225898,Cà Phê Muối Chú Long - Nguyễn Đình Chiểu,23/05/2026 14:21:49,"75,000","15,000",0,0,"14,730",0,"45,270"
2420,23056-510658433,10235659,Cà Phê Muối Chú Long - Nguyễn Hữu Cảnh,23/05/2026 14:24:35,"50,000","11,000",0,0,"9,575",0,"29,426"
2421,23056-510806675,10230817,Cà Phê Muối Chú Long - Thích Quảng Đức,23/05/2026 14:20:07,"58,000","11,600",0,0,"11,391",0,"35,009"
2422,23056-511158011,10230171,Cà Phê Muối Chú Long - Bình Long,23/05/2026 14:21:19,"83,000","16,600",0,0,"16,301",0,"50,099"
2423,23056-511201665,10269971,Cà Phê Muối Chú Long - Cần Thơ,23/05/2026 14:28:30,"25,000","8,000",0,0,"4,174",0,"12,827"
2424,23056-511242086,10230171,Cà Phê Muối Chú Long - Bình Long,23/05/2026 14:22:29,"50,000","11,000",0,0,"9,575",0,"29,426"
2425,23056-511455743,10292422,Cà Phê Muối Chú Long - Phan Thiết,23/05/2026 14:26:49,"29,000","7,250",0,0,"5,340",0,"16,410"
2426,23056-511568468,10230292,Cà Phê Muối Chú Long - Lê Văn Việt,23/05/2026 14:30:50,"29,000","5,000",0,0,"5,892",0,"18,108"
2427,23056-511723530,10296675,Cà Phê Muối Chú Long - Trương Định,23/05/2026 14:37:11,"36,000","5,000",0,0,"7,611",0,"23,390"
2428,23056-511822040,10350108,Cà Phê Muối Chú Long - Đường Láng,23/05/2026 15:14:36,"51,000","11,000",0,0,"9,820",0,"30,180"
2429,23056-512105360,10358037,Cà Phê Muối Chú Long - 35 Trần Phú,23/05/2026 14:35:36,"58,000","11,600",0,0,"11,391",0,"35,009"
2430,23056-512283013,10350108,Cà Phê Muối Chú Long - Đường Láng,23/05/2026 14:35:28,"101,000","20,200",0,0,"19,836",0,"60,964"
2431,23056-512426635,10340098,Cà Phê Muối Chú Long - Thuận An,23/05/2026 14:26:37,"44,000","10,000",0,0,"8,347",0,"25,653"
2432,23056-512458321,10298769,Cà Phê Muối Chú Long - Tôn Đức Thắng,23/05/2026 15:03:38,"87,000","17,400",0,0,"17,087",0,"52,513"
2433,23056-512475767,10222800,Cà Phê Muối Chú Long - Thành Thái,23/05/2026 14:30:16,"58,000","11,600",0,0,"11,391",0,"35,009"
2434,23056-512486697,10298769,Cà Phê Muối Chú Long - Tôn Đức Thắng,23/05/2026 15:13:11,"75,000","15,000",0,0,"14,730",0,"45,270"
2435,23056-512541924,10235663,Cà Phê Muối Chú Long - Hà Huy Giáp,23/05/2026 14:36:50,"142,000","28,400",0,0,"27,889",0,"85,711"
2436,23056-512643452,10230793,Cà Phê Muối Chú Long - Huỳnh Văn Bánh,23/05/2026 14:31:36,"58,000","11,600",0,0,"11,391",0,"35,009"
2437,23056-512722915,10350108,Cà Phê Muối Chú Long - Đường Láng,23/05/2026 15:11:33,"146,000","28,571",0,0,"28,829",0,"88,600"
2438,23056-512777254,10225902,Cà Phê Muối Chú Long - Hậu Giang,23/05/2026 14:27:33,"87,000","17,400",0,0,"17,087",0,"52,513"
2439,23056-512973480,10381983,Cà Phê Muối Chú Long - Bạch Đằng,23/05/2026 14:41:29,"25,000","8,000",0,0,"4,174",0,"12,827"
2440,23056-513172488,10324687,Cà Phê Muối Chú Long - Huỳnh Tấn Phát,23/05/2026 14:35:49,"47,000",0,0,0,"11,539",0,"35,462"
2441,23056-513387069,10350108,Cà Phê Muối Chú Long - Đường Láng,23/05/2026 14:49:30,"179,000","32,220",0,0,"36,034",0,"110,746"
2442,23056-513663552,10350108,Cà Phê Muối Chú Long - Đường Láng,23/05/2026 15:28:48,"232,000","41,760",0,0,"46,704",0,"143,536"
2443,23056-514273154,10230793,Cà Phê Muối Chú Long - Huỳnh Văn Bánh,23/05/2026 14:37:28,"110,000","22,000",0,0,"21,604",0,"66,396"
2444,23056-514304536,10225902,Cà Phê Muối Chú Long - Hậu Giang,23/05/2026 14:57:32,"138,000","27,600",0,0,"27,103",0,"83,297"
2445,23056-514325995,10386890,Cà Phê Muối Chú Long - Nha Trang,23/05/2026 14:47:23,"62,000","12,400",0,0,"12,177",0,"37,423"
2446,23056-514511971,10230793,Cà Phê Muối Chú Long - Huỳnh Văn Bánh,23/05/2026 14:56:56,"58,000","11,600",0,0,"11,391",0,"35,009"
2447,23056-514537221,10350108,Cà Phê Muối Chú Long - Đường Láng,23/05/2026 14:49:41,"188,000","33,840",0,0,"37,846",0,"116,314"
2448,23056-514798085,10292422,Cà Phê Muối Chú Long - Phan Thiết,23/05/2026 14:43:40,"54,000","10,000",0,0,"10,802",0,"33,198"
2449,23056-514813499,10350108,Cà Phê Muối Chú Long - Đường Láng,23/05/2026 15:28:10,"29,000","5,000",0,0,"5,892",0,"18,108"
2450,23056-515390841,10298769,Cà Phê Muối Chú Long - Tôn Đức Thắng,23/05/2026 14:43:02,"25,000","8,000",0,0,"4,174",0,"12,827"
2451,23056-516150582,10324687,Cà Phê Muối Chú Long - Huỳnh Tấn Phát,23/05/2026 14:43:07,"25,000","8,000",0,0,"4,174",0,"12,827"
2452,23056-516154181,10321524,Cà Phê Muối Chú Long - Đội Cấn,23/05/2026 15:01:41,"245,000","44,100",0,0,"49,321",0,"151,579"
2453,23056-516184603,10222800,Cà Phê Muối Chú Long - Thành Thái,23/05/2026 14:35:57,"54,000","11,000",0,0,"10,557",0,"32,444"
2454,23056-516215157,10350108,Cà Phê Muối Chú Long - Đường Láng,23/05/2026 15:10:44,"172,000","28,571",0,0,"35,212",0,"108,217"
2455,23056-516265645,10225898,Cà Phê Muối Chú Long - Nguyễn Đình Chiểu,23/05/2026 14:34:49,"29,000","5,000",0,0,"5,892",0,"18,108"
2456,23056-516557996,10298769,Cà Phê Muối Chú Long - Tôn Đức Thắng,23/05/2026 14:53:12,"58,000","11,600",0,0,"11,391",0,"35,009"
2457,23056-516694497,10375372,Cà Phê Muối Chú Long - An Dương Vương,23/05/2026 14:29:43,"87,000","17,400",0,0,"17,087",0,"52,513"
2458,23056-516941326,10296675,Cà Phê Muối Chú Long - Trương Định,23/05/2026 14:51:16,"73,000","14,600",0,0,"14,337",0,"44,063"
2459,23056-517097457,10225888,Cà Phê Muối Chú Long - Lạc Long Quân,23/05/2026 14:29:32,"79,000","15,800",0,0,"15,516",0,"47,684"
2460,23056-517128182,10235659,Cà Phê Muối Chú Long - Nguyễn Hữu Cảnh,23/05/2026 14:55:01,"54,000","10,000",0,0,"10,802",0,"33,198"
2461,23056-517383371,10321524,Cà Phê Muối Chú Long - Đội Cấn,23/05/2026 14:36:27,"65,000","13,000",0,0,"12,766",0,"39,234"
2462,23056-517438032,10375372,Cà Phê Muối Chú Long - An Dương Vương,23/05/2026 14:36:06,"126,000","25,200",0,0,"24,746",0,"76,054"
2463,23056-517539496,10324687,Cà Phê Muối Chú Long - Huỳnh Tấn Phát,23/05/2026 14:40:51,"87,000","17,400",0,0,"17,087",0,"52,513"
2464,23056-517656014,10321524,Cà Phê Muối Chú Long - Đội Cấn,23/05/2026 14:52:56,"112,000","22,400",0,0,"21,997",0,"67,603"
2465,23056-517721601,10296675,Cà Phê Muối Chú Long - Trương Định,23/05/2026 14:59:08,"58,000","11,600",0,0,"11,391",0,"35,009"
2466,23056-518583469,10321523,Cà Phê Muối Chú Long - Thanh Nhàn,23/05/2026 14:43:50,"58,000","11,600",0,0,"11,391",0,"35,009"
2467,23056-519429507,10296675,Cà Phê Muối Chú Long - Trương Định,23/05/2026 15:23:51,"112,000","22,400",0,0,"21,997",0,"67,603"
2468,23056-519637661,10386890,Cà Phê Muối Chú Long - Nha Trang,23/05/2026 14:57:18,"91,000","18,200",0,0,"17,872",0,"54,928"
2469,23056-519743597,10230171,Cà Phê Muối Chú Long - Bình Long,23/05/2026 14:42:00,"66,000","13,200",0,0,"12,962",0,"39,838"
2470,23056-520123633,10225902,Cà Phê Muối Chú Long - Hậu Giang,23/05/2026 14:46:26,"25,000","8,000",0,0,"4,174",0,"12,827"
2471,23056-520122858,10397657,Cà Phê Muối Chú Long - 368 Lê Đức Thọ,23/05/2026 14:50:32,"80,000","16,000",0,0,"15,712",0,"48,288"
2472,23056-520353076,10298769,Cà Phê Muối Chú Long - Tôn Đức Thắng,23/05/2026 15:19:57,"116,000","23,200",0,0,"22,782",0,"70,018"
2473,23056-520454395,10315543,Cà Phê Muối Chú Long - Bến Tre,23/05/2026 14:38:22,"58,000",0,0,0,"14,239",0,"43,761"
2474,23056-520585957,10321524,Cà Phê Muối Chú Long - Đội Cấn,23/05/2026 15:08:37,"87,000","17,400",0,0,"17,087",0,"52,513"
2475,23056-520617751,10350108,Cà Phê Muối Chú Long - Đường Láng,23/05/2026 15:50:30,"129,000","25,800",0,0,"25,336",0,"77,864"
2476,23056-520689916,10225902,Cà Phê Muối Chú Long - Hậu Giang,23/05/2026 14:50:30,"105,000","21,000",0,0,"20,622",0,"63,378"
2477,23056-520883254,10230292,Cà Phê Muối Chú Long - Lê Văn Việt,23/05/2026 14:57:30,"47,000",0,0,0,"11,539",0,"35,462"
2478,23056-521052539,10298769,Cà Phê Muối Chú Long - Tôn Đức Thắng,23/05/2026 15:14:09,"112,000","22,400",0,0,"21,997",0,"67,603"
2479,23056-521331966,10298769,Cà Phê Muối Chú Long - Tôn Đức Thắng,23/05/2026 15:30:08,"58,000","11,600",0,0,"11,391",0,"35,009"
2480,23056-521513184,10381983,Cà Phê Muối Chú Long - Bạch Đằng,23/05/2026 14:40:43,"58,000",0,0,0,"14,239",0,"43,761"
2481,23056-521560017,10381892,Cà Phê Muối Chú Long - Phan Văn Trị,23/05/2026 14:54:44,"87,000","17,400",0,0,"17,087",0,"52,513"
2482,23056-521727655,10321524,Cà Phê Muối Chú Long - Đội Cấn,23/05/2026 15:05:05,"77,000","15,400",0,0,"15,123",0,"46,477"
2483,23056-521743499,10230817,Cà Phê Muối Chú Long - Thích Quảng Đức,23/05/2026 14:41:41,"109,000","21,800",0,0,"21,408",0,"65,792"
2484,23056-521838661,10235658,Cà Phê Muối Chú Long - Công Trường Quốc Tế,23/05/2026 14:51:12,"22,000","5,000",0,0,"4,174",0,"12,827"
2485,23056-521946412,10350108,Cà Phê Muối Chú Long - Đường Láng,23/05/2026 15:17:19,"100,000","20,000",0,0,"19,640",0,"60,360"
2486,23056-521966653,10298769,Cà Phê Muối Chú Long - Tôn Đức Thắng,23/05/2026 15:01:05,"29,000","5,000",0,0,"5,892",0,"18,108"
2487,23056-522217997,10232123,Cà Phê Muối Chú Long - 17A Ngô Tất Tố,23/05/2026 14:54:38,"94,000","18,800",0,0,"18,462",0,"56,738"
2488,23056-522715918,10230958,Cà Phê Muối Chú Long - 3/26 Quang Trung,23/05/2026 15:13:13,"58,000","11,600",0,0,"11,391",0,"35,009"
2489,23056-522733027,10321524,Cà Phê Muối Chú Long - Đội Cấn,23/05/2026 14:39:13,"112,000","22,400",0,0,"21,997",0,"67,603"
2490,23056-523112632,10350108,Cà Phê Muối Chú Long - Đường Láng,23/05/2026 15:22:19,"50,000","11,000",0,0,"9,575",0,"29,426"
2491,23056-523496149,10350108,Cà Phê Muối Chú Long - Đường Láng,23/05/2026 15:52:55,"94,000","18,800",0,0,"18,462",0,"56,738"
2492,23056-523577023,10230817,Cà Phê Muối Chú Long - Thích Quảng Đức,23/05/2026 14:48:58,"22,000","5,000",0,0,"4,174",0,"12,827"
2493,23056-524251732,10321523,Cà Phê Muối Chú Long - Thanh Nhàn,23/05/2026 14:45:16,"112,000","22,400",0,0,"21,997",0,"67,603"
2494,23056-524403320,10324687,Cà Phê Muối Chú Long - Huỳnh Tấn Phát,23/05/2026 14:50:30,"29,000","5,000",0,0,"5,892",0,"18,108"
2495,23056-524752014,10222800,Cà Phê Muối Chú Long - Thành Thái,23/05/2026 14:42:38,"51,000","11,000",0,0,"9,820",0,"30,180"
2496,23056-524765800,10381892,Cà Phê Muối Chú Long - Phan Văn Trị,23/05/2026 14:50:08,"58,000","11,600",0,0,"11,391",0,"35,009"
2497,23056-525092332,10408376,Cà Phê Muối Chú Long - 203 Tôn Đản,23/05/2026 14:46:21,"80,000",0,0,0,"19,640",0,"60,360"
2498,23056-525213174,10375372,Cà Phê Muối Chú Long - An Dương Vương,23/05/2026 14:51:36,"210,000","37,800",0,0,"42,275",0,"129,925"
2499,23056-525294438,10350108,Cà Phê Muối Chú Long - Đường Láng,23/05/2026 16:33:48,"75,000","8,000",0,0,"16,449",0,"50,552"
2500,23056-525489043,10225902,Cà Phê Muối Chú Long - Hậu Giang,23/05/2026 15:06:51,"87,000","17,400",0,0,"17,087",0,"52,513"
2501,23056-525909357,10381892,Cà Phê Muối Chú Long - Phan Văn Trị,23/05/2026 14:48:45,"116,000","23,200",0,0,"22,782",0,"70,018"
2502,23056-525937454,10375372,Cà Phê Muối Chú Long - An Dương Vương,23/05/2026 14:52:05,"116,000","23,200",0,0,"22,782",0,"70,018"
2503,23056-525976859,10230399,Cà Phê Muối Chú Long - Tân Kỳ Tân Quý,23/05/2026 14:58:26,"58,000","11,600",0,0,"11,391",0,"35,009"
2504,23056-526127272,10296675,Cà Phê Muối Chú Long - Trương Định,23/05/2026 15:05:45,"58,000","11,600",0,0,"11,391",0,"35,009"
2505,23056-526157369,10235663,Cà Phê Muối Chú Long - Hà Huy Giáp,23/05/2026 14:57:29,"66,000","13,200",0,0,"12,962",0,"39,838"
2506,23056-526180038,10321523,Cà Phê Muối Chú Long - Thanh Nhàn,23/05/2026 14:51:55,"123,000","24,600",0,0,"24,157",0,"74,243"
2507,23056-526389731,10405301,Cà Phê Muối Chú Long - 01 Hàng Đậu,23/05/2026 15:00:01,"72,000",0,0,0,"17,676",0,"54,324"
2508,23056-526835210,10298769,Cà Phê Muối Chú Long - Tôn Đức Thắng,23/05/2026 15:26:13,"141,000","28,200",0,0,"27,692",0,"85,108"
2509,23056-527018923,10230793,Cà Phê Muối Chú Long - Huỳnh Văn Bánh,23/05/2026 14:55:35,"58,000","11,600",0,0,"11,391",0,"35,009"
2510,23056-527252461,10216423,Cà Phê Muối Chú Long - 417 Cộng Hoà,23/05/2026 15:11:26,"83,000","16,600",0,0,"16,301",0,"50,099"
2511,23056-527377714,10287840,Cà Phê Muối Chú Long - Long Xuyên,23/05/2026 14:53:06,"29,000","7,250",0,0,"5,340",0,"16,410"
2512,23056-527456663,10321437,Cà Phê Muối Chú Long - Tây Ninh,23/05/2026 14:48:59,"29,000","7,250",0,0,"5,340",0,"16,410"
2513,23056-527745467,10298769,Cà Phê Muối Chú Long - Tôn Đức Thắng,23/05/2026 15:16:39,"220,000","39,600",0,0,"44,288",0,"136,112"
2514,23056-527810053,10230399,Cà Phê Muối Chú Long - Tân Kỳ Tân Quý,23/05/2026 14:52:37,"58,000","11,600",0,0,"11,391",0,"35,009"
2515,23056-527843122,10350108,Cà Phê Muối Chú Long - Đường Láng,23/05/2026 15:27:20,"58,000","11,600",0,0,"11,391",0,"35,009"
2516,23056-527985206,10381892,Cà Phê Muối Chú Long - Phan Văn Trị,23/05/2026 14:58:19,"102,000","20,400",0,0,"20,033",0,"61,567"
2517,23056-528190700,10358040,Cà Phê Muối Chú Long - Đoàn Thị Điểm,23/05/2026 15:26:49,"34,000","17,000",0,0,"4,174",0,"12,827"
2518,23056-528584486,10233716,Cà Phê Muối Chú Long - 130 Thích Quảng Đức,23/05/2026 14:51:58,"51,000",0,0,0,"12,521",0,"38,480"
2519,23056-528866165,10330437,Cà Phê Muối Chú Long - Trần Hưng Đạo,23/05/2026 14:54:04,"29,000","7,250",0,0,"5,340",0,"16,410"
2520,23056-529105195,10350108,Cà Phê Muối Chú Long - Đường Láng,23/05/2026 15:28:59,"76,000","15,200",0,0,"14,926",0,"45,874"
2521,23056-529661734,10407619,Cà Phê Muối Chú Long - 117 Lò Đúc,23/05/2026 14:59:36,"94,000",0,0,0,"23,077",0,"70,923"
2522,23056-529790529,10298769,Cà Phê Muối Chú Long - Tôn Đức Thắng,23/05/2026 15:32:42,"54,000","11,000",0,0,"10,557",0,"32,444"
2523,23056-529864001,10296675,Cà Phê Muối Chú Long - Trương Định,23/05/2026 14:55:24,"58,000","11,600",0,0,"11,391",0,"35,009"
2524,23056-530015076,10381892,Cà Phê Muối Chú Long - Phan Văn Trị,23/05/2026 14:51:56,"29,000","5,000",0,0,"5,892",0,"18,108"
2525,23056-530378693,10298769,Cà Phê Muối Chú Long - Tôn Đức Thắng,23/05/2026 15:37:29,"25,000","8,000",0,0,"4,174",0,"12,827"
2526,23056-530514006,10381892,Cà Phê Muối Chú Long - Phan Văn Trị,23/05/2026 15:08:09,"37,000","5,000",0,0,"7,856",0,"24,144"
2527,23056-530619356,10230399,Cà Phê Muối Chú Long - Tân Kỳ Tân Quý,23/05/2026 15:13:25,"65,000","13,000",0,0,"12,766",0,"39,234"
2528,23056-531071804,10350108,Cà Phê Muối Chú Long - Đường Láng,23/05/2026 16:04:37,"87,000","17,400",0,0,"17,087",0,"52,513"
2529,23056-531433481,10350108,Cà Phê Muối Chú Long - Đường Láng,23/05/2026 15:40:23,"58,000","11,600",0,0,"11,391",0,"35,009"
2530,23056-531849360,10321523,Cà Phê Muối Chú Long - Thanh Nhàn,23/05/2026 15:13:10,"258,000","45,000",0,0,"52,292",0,"160,709"
2531,23056-532411615,10230292,Cà Phê Muối Chú Long - Lê Văn Việt,23/05/2026 15:16:16,"116,000","23,200",0,0,"22,782",0,"70,018"
2532,23056-532468564,10224935,Cà Phê Muối Chú Long - 585 Quang Trung,23/05/2026 15:17:43,"87,000","17,400",0,0,"17,087",0,"52,513"
2533,23056-532869174,10298769,Cà Phê Muối Chú Long - Tôn Đức Thắng,23/05/2026 15:49:56,"22,000","5,000",0,0,"4,174",0,"12,827"
2534,23056-532922733,10350108,Cà Phê Muối Chú Long - Đường Láng,23/05/2026 15:42:25,"29,000","5,000",0,0,"5,892",0,"18,108"
2535,23056-533046183,10375372,Cà Phê Muối Chú Long - An Dương Vương,23/05/2026 15:06:09,"83,000","16,600",0,0,"16,301",0,"50,099"
2536,23056-533636872,10224935,Cà Phê Muối Chú Long - 585 Quang Trung,23/05/2026 15:22:41,"116,000","23,200",0,0,"22,782",0,"70,018"
2537,23056-533663072,10225898,Cà Phê Muối Chú Long - Nguyễn Đình Chiểu,23/05/2026 15:05:28,"87,000","17,400",0,0,"17,087",0,"52,513"
2538,23056-533686623,10225898,Cà Phê Muối Chú Long - Nguyễn Đình Chiểu,23/05/2026 15:01:58,"58,000","11,600",0,0,"11,391",0,"35,009"
2539,23056-534447076,10381892,Cà Phê Muối Chú Long - Phan Văn Trị,23/05/2026 15:15:48,"51,000","10,000",0,0,"10,066",0,"30,935"
2540,23056-534504913,10298769,Cà Phê Muối Chú Long - Tôn Đức Thắng,23/05/2026 15:31:06,"116,000","23,200",0,0,"22,782",0,"70,018"
2541,23056-534642780,10321524,Cà Phê Muối Chú Long - Đội Cấn,23/05/2026 15:07:45,"195,000","35,100",0,0,"39,255",0,"120,645"
2542,23056-534800374,10321524,Cà Phê Muối Chú Long - Đội Cấn,23/05/2026 15:50:15,"51,000","10,000",0,0,"10,066",0,"30,935"
2543,23056-534889697,10298769,Cà Phê Muối Chú Long - Tôn Đức Thắng,23/05/2026 15:25:21,"29,000","5,000",0,0,"5,892",0,"18,108"
2544,23056-535020684,10358016,Cà Phê Muối Chú Long - Bà Triệu,23/05/2026 14:56:33,"58,000","11,600",0,0,"11,391",0,"35,009"
2545,23056-535182535,10375372,Cà Phê Muối Chú Long - An Dương Vương,23/05/2026 15:05:50,"75,000","15,000",0,0,"14,730",0,"45,270"
2546,23056-535756572,10225902,Cà Phê Muối Chú Long - Hậu Giang,23/05/2026 15:22:36,"83,000","16,600",0,0,"16,301",0,"50,099"
2547,23056-535856044,10397657,Cà Phê Muối Chú Long - 368 Lê Đức Thọ,23/05/2026 15:09:44,"94,000","10,000",0,0,"20,622",0,"63,378"
2548,23056-535855701,10230171,Cà Phê Muối Chú Long - Bình Long,23/05/2026 14:59:11,"51,000","10,000",0,0,"10,066",0,"30,935"
2549,23056-536676340,10224935,Cà Phê Muối Chú Long - 585 Quang Trung,23/05/2026 15:06:15,"58,000","11,600",0,0,"11,391",0,"35,009"
2550,23056-536933331,10224935,Cà Phê Muối Chú Long - 585 Quang Trung,23/05/2026 15:21:54,"29,000","5,000",0,0,"5,892",0,"18,108"
2551,23056-537197687,10230958,Cà Phê Muối Chú Long - 3/26 Quang Trung,23/05/2026 15:18:06,"108,000","21,600",0,0,"21,211",0,"65,189"
2552,23056-537396532,10405301,Cà Phê Muối Chú Long - 01 Hàng Đậu,23/05/2026 15:20:08,"29,000",0,0,0,"7,120",0,"21,881"
2553,23056-537599138,10298769,Cà Phê Muối Chú Long - Tôn Đức Thắng,23/05/2026 15:41:43,"111,000","22,200",0,0,"21,800",0,"67,000"
2554,23056-538102301,10321524,Cà Phê Muối Chú Long - Đội Cấn,23/05/2026 15:35:24,"44,000","5,000",0,0,"9,575",0,"29,426"
2555,23056-538841917,10242271,Cà Phê Muối Chú Long - Vũng Tàu,23/05/2026 15:12:12,"54,000","11,000",0,0,"10,557",0,"32,444"
2556,23056-538947998,10224935,Cà Phê Muối Chú Long - 585 Quang Trung,23/05/2026 15:18:18,"54,000","11,000",0,0,"10,557",0,"32,444"
2557,23056-539415667,10225898,Cà Phê Muối Chú Long - Nguyễn Đình Chiểu,23/05/2026 15:17:51,"29,000","5,000",0,0,"5,892",0,"18,108"
2558,23056-540333746,10298769,Cà Phê Muối Chú Long - Tôn Đức Thắng,23/05/2026 15:45:06,"25,000","8,000",0,0,"4,174",0,"12,827"
2559,23056-541083363,10350108,Cà Phê Muối Chú Long - Đường Láng,23/05/2026 15:34:09,"65,000","13,000",0,0,"12,766",0,"39,234"
2560,23056-541198935,10219545,Cà Phê Muối Chú Long - Nguyễn Huệ,23/05/2026 15:23:45,"44,000","5,000",0,0,"9,575",0,"29,426"
2561,23056-541228198,10232123,Cà Phê Muối Chú Long - 17A Ngô Tất Tố,23/05/2026 15:19:17,"44,000","5,000",0,0,"9,575",0,"29,426"
2562,23056-541236454,10222800,Cà Phê Muối Chú Long - Thành Thái,23/05/2026 15:26:37,"58,000","11,600",0,0,"11,391",0,"35,009"
2563,23056-541603823,10298824,Cà Phê Muối Chú Long - Hoàng Diệu,23/05/2026 15:24:32,"29,000","7,250",0,0,"5,340",0,"16,410"
2564,23056-541729749,10350108,Cà Phê Muối Chú Long - Đường Láng,23/05/2026 16:20:03,"66,000","13,200",0,0,"12,962",0,"39,838"
2565,23056-541991043,10225902,Cà Phê Muối Chú Long - Hậu Giang,23/05/2026 15:24:52,"116,000","23,200",0,0,"22,782",0,"70,018"
2566,23056-542464478,10321524,Cà Phê Muối Chú Long - Đội Cấn,23/05/2026 15:29:07,"25,000","8,000",0,0,"4,174",0,"12,827"
2567,23056-542586057,10230793,Cà Phê Muối Chú Long - Huỳnh Văn Bánh,23/05/2026 15:14:05,"29,000","5,000",0,0,"5,892",0,"18,108"
2568,23056-543077596,10292015,Cà Phê Muối Chú Long - Long An,23/05/2026 15:22:43,"58,000","11,600",0,0,"11,391",0,"35,009"
2569,23056-543207975,10225888,Cà Phê Muối Chú Long - Lạc Long Quân,23/05/2026 15:26:16,"74,000","14,800",0,0,"14,534",0,"44,666"
2570,23056-543233577,10321524,Cà Phê Muối Chú Long - Đội Cấn,23/05/2026 16:00:31,"94,000","18,800",0,0,"18,462",0,"56,738"
2571,23056-543671259,10298769,Cà Phê Muối Chú Long - Tôn Đức Thắng,23/05/2026 15:28:11,"72,000","14,400",0,0,"14,141",0,"43,459"
2572,23056-544374319,10235663,Cà Phê Muối Chú Long - Hà Huy Giáp,23/05/2026 15:18:08,"29,000","7,250",0,0,"5,340",0,"16,410"
2573,23056-544412299,10298769,Cà Phê Muối Chú Long - Tôn Đức Thắng,23/05/2026 15:36:30,"25,000","8,000",0,0,"4,174",0,"12,827"
2574,23056-544643319,10235663,Cà Phê Muối Chú Long - Hà Huy Giáp,23/05/2026 15:19:12,"44,000","10,000",0,0,"8,347",0,"25,653"
2575,23056-544812295,10219545,Cà Phê Muối Chú Long - Nguyễn Huệ,23/05/2026 15:20:26,"66,000","13,200",0,0,"12,962",0,"39,838"
2576,23056-545058614,10230793,Cà Phê Muối Chú Long - Huỳnh Văn Bánh,23/05/2026 15:20:00,"29,000","5,000",0,0,"5,892",0,"18,108"
2577,23056-545101033,10340098,Cà Phê Muối Chú Long - Thuận An,23/05/2026 15:33:19,"154,000","28,571",0,0,"30,793",0,"94,636"
2578,23056-545378019,10222800,Cà Phê Muối Chú Long - Thành Thái,23/05/2026 15:25:56,"58,000","11,600",0,0,"11,391",0,"35,009"
2579,23056-545831832,10321523,Cà Phê Muối Chú Long - Thanh Nhàn,23/05/2026 15:50:19,"58,000","11,600",0,0,"11,391",0,"35,009"
2580,23056-546378239,10386890,Cà Phê Muối Chú Long - Nha Trang,23/05/2026 15:25:40,"87,000","17,400",0,0,"17,087",0,"52,513"
2581,23056-546558762,10350108,Cà Phê Muối Chú Long - Đường Láng,23/05/2026 15:59:18,"75,000","15,000",0,0,"14,730",0,"45,270"
2582,23056-546769194,10230417,Cà Phê Muối Chú Long - Lê Văn Sỹ,23/05/2026 15:43:39,"29,000","5,000",0,0,"5,892",0,"18,108"
2583,23056-546771862,10350108,Cà Phê Muối Chú Long - Đường Láng,23/05/2026 16:28:11,"22,000","5,000",0,0,"4,174",0,"12,827"
2584,23056-546871018,10324687,Cà Phê Muối Chú Long - Huỳnh Tấn Phát,23/05/2026 15:22:16,"58,000","11,600",0,0,"11,391",0,"35,009"
2585,23056-547228577,10224935,Cà Phê Muối Chú Long - 585 Quang Trung,23/05/2026 15:40:21,"149,000",0,0,0,"36,580",0,"112,421"
2586,23056-547413892,10230171,Cà Phê Muối Chú Long - Bình Long,23/05/2026 15:23:27,"65,000","13,000",0,0,"12,766",0,"39,234"
2587,23056-547498821,10222800,Cà Phê Muối Chú Long - Thành Thái,23/05/2026 15:31:19,"58,000","11,600",0,0,"11,391",0,"35,009"
2588,23056-547748746,10375372,Cà Phê Muối Chú Long - An Dương Vương,23/05/2026 15:48:17,"66,000","13,200",0,0,"12,962",0,"39,838"
2589,23056-547892004,10321524,Cà Phê Muối Chú Long - Đội Cấn,23/05/2026 15:49:23,"36,000","5,000",0,0,"7,611",0,"23,390"
2590,23056-548169945,10225898,Cà Phê Muối Chú Long - Nguyễn Đình Chiểu,23/05/2026 15:19:40,"58,000","11,600",0,0,"11,391",0,"35,009"
2591,23056-548229382,10324687,Cà Phê Muối Chú Long - Huỳnh Tấn Phát,23/05/2026 15:37:20,"25,000","8,000",0,0,"4,174",0,"12,827"
2592,23056-548571673,10321524,Cà Phê Muối Chú Long - Đội Cấn,23/05/2026 16:06:44,"58,000","11,600",0,0,"11,391",0,"35,009"
2593,23056-548624347,10350108,Cà Phê Muối Chú Long - Đường Láng,23/05/2026 15:38:57,"58,000",0,0,0,"14,239",0,"43,761"
2594,23056-549204999,10292015,Cà Phê Muối Chú Long - Long An,23/05/2026 15:45:46,"116,000","23,200",0,0,"22,782",0,"70,018"
2595,23056-549482749,10350108,Cà Phê Muối Chú Long - Đường Láng,23/05/2026 16:24:40,"79,000","15,800",0,0,"15,516",0,"47,684"
2596,23056-549664225,10298769,Cà Phê Muối Chú Long - Tôn Đức Thắng,23/05/2026 15:48:37,"58,000","11,600",0,0,"11,391",0,"35,009"
2597,23056-549753120,10269971,Cà Phê Muối Chú Long - Cần Thơ,23/05/2026 15:56:50,"50,000","16,000",0,0,"8,347",0,"25,653"
2598,23056-549786127,10375372,Cà Phê Muối Chú Long - An Dương Vương,23/05/2026 15:37:59,"195,000",0,0,0,"47,873",0,"147,128"
2599,23056-549836007,10321523,Cà Phê Muối Chú Long - Thanh Nhàn,23/05/2026 15:45:24,"58,000","11,600",0,0,"11,391",0,"35,009"
2600,23056-549861872,10230417,Cà Phê Muối Chú Long - Lê Văn Sỹ,23/05/2026 15:34:48,"54,000","11,000",0,0,"10,557",0,"32,444"
2601,23056-550038960,10235663,Cà Phê Muối Chú Long - Hà Huy Giáp,23/05/2026 15:40:55,"58,000","11,600",0,0,"11,391",0,"35,009"
2602,23056-550419362,10224935,Cà Phê Muối Chú Long - 585 Quang Trung,23/05/2026 15:30:23,"54,000","10,000",0,0,"10,802",0,"33,198"
2603,23056-550763886,10235659,Cà Phê Muối Chú Long - Nguyễn Hữu Cảnh,23/05/2026 15:51:14,"50,000","16,000",0,0,"8,347",0,"25,653"
2604,23056-552312296,10358040,Cà Phê Muối Chú Long - Đoàn Thị Điểm,23/05/2026 15:44:51,"30,000","7,500",0,0,"5,524",0,"16,976"
2605,23056-552606192,10375372,Cà Phê Muối Chú Long - An Dương Vương,23/05/2026 15:30:38,"58,000","11,600",0,0,"11,391",0,"35,009"
2606,23056-553213964,10324687,Cà Phê Muối Chú Long - Huỳnh Tấn Phát,23/05/2026 15:42:22,"116,000","23,200",0,0,"22,782",0,"70,018"
2607,23056-553233019,10296675,Cà Phê Muối Chú Long - Trương Định,23/05/2026 16:54:30,"29,000","5,000",0,0,"5,892",0,"18,108"
2608,23056-554816171,10381892,Cà Phê Muối Chú Long - Phan Văn Trị,23/05/2026 15:46:51,"36,000","5,000",0,0,"7,611",0,"23,390"
2609,23056-554919949,10230292,Cà Phê Muối Chú Long - Lê Văn Việt,23/05/2026 15:43:43,"76,000","15,200",0,0,"14,926",0,"45,874"
2610,23056-554998912,10225902,Cà Phê Muối Chú Long - Hậu Giang,23/05/2026 15:35:05,"51,000","11,000",0,0,"9,820",0,"30,180"
2611,23056-555240278,10235663,Cà Phê Muối Chú Long - Hà Huy Giáp,23/05/2026 15:40:00,"58,000","11,600",0,0,"11,391",0,"35,009"
2612,23056-555407642,10222800,Cà Phê Muối Chú Long - Thành Thái,23/05/2026 15:35:42,"58,000","11,600",0,0,"11,391",0,"35,009"
2613,23056-555462832,10324687,Cà Phê Muối Chú Long - Huỳnh Tấn Phát,23/05/2026 15:46:13,"58,000","11,600",0,0,"11,391",0,"35,009"
2614,23056-555653378,10296675,Cà Phê Muối Chú Long - Trương Định,23/05/2026 15:46:53,"50,000","16,000",0,0,"8,347",0,"25,653"
2615,23056-555978834,10298769,Cà Phê Muối Chú Long - Tôn Đức Thắng,23/05/2026 16:02:53,"29,000","5,000",0,0,"5,892",0,"18,108"
2616,23056-556418172,10298769,Cà Phê Muối Chú Long - Tôn Đức Thắng,23/05/2026 15:58:30,"58,000","11,600",0,0,"11,391",0,"35,009"
2617,23056-556557770,10230399,Cà Phê Muối Chú Long - Tân Kỳ Tân Quý,23/05/2026 15:44:35,"79,000","15,800",0,0,"15,516",0,"47,684"
2618,23056-556859363,10375372,Cà Phê Muối Chú Long - An Dương Vương,23/05/2026 15:44:40,"87,000","17,400",0,0,"17,087",0,"52,513"
2619,23056-557080840,10230292,Cà Phê Muối Chú Long - Lê Văn Việt,23/05/2026 15:38:11,"29,000","5,000",0,0,"5,892",0,"18,108"
2620,23056-558017060,10242271,Cà Phê Muối Chú Long - Vũng Tàu,23/05/2026 15:39:55,"29,000","5,000",0,0,"5,892",0,"18,108"
2621,23056-558770345,10230417,Cà Phê Muối Chú Long - Lê Văn Sỹ,23/05/2026 15:43:47,"58,000","11,600",0,0,"11,391",0,"35,009"
2622,23056-559305827,10225888,Cà Phê Muối Chú Long - Lạc Long Quân,23/05/2026 15:55:17,"58,000",0,0,0,"14,239",0,"43,761"
2623,23056-559671852,10225871,Cà Phê Muối Chú Long - Đặng Nguyên Cẩn,23/05/2026 15:48:45,"29,000","5,000",0,0,"5,892",0,"18,108"
2624,23056-560045143,10235659,Cà Phê Muối Chú Long - Nguyễn Hữu Cảnh,23/05/2026 15:45:34,"73,000","14,600",0,0,"14,337",0,"44,063"
2625,23056-560574209,10216423,Cà Phê Muối Chú Long - 417 Cộng Hoà,23/05/2026 15:51:57,"116,000","23,200",0,0,"22,782",0,"70,018"
2626,23056-560717292,10321524,Cà Phê Muối Chú Long - Đội Cấn,23/05/2026 15:58:14,"37,000","5,000",0,0,"7,856",0,"24,144"
2627,23056-560958452,10230292,Cà Phê Muối Chú Long - Lê Văn Việt,23/05/2026 15:55:40,"76,000","15,200",0,0,"14,926",0,"45,874"
2628,23056-561152466,10330437,Cà Phê Muối Chú Long - Trần Hưng Đạo,23/05/2026 15:59:04,"25,000","8,000",0,0,"4,174",0,"12,827"
2629,23056-561347223,10235659,Cà Phê Muối Chú Long - Nguyễn Hữu Cảnh,23/05/2026 15:51:39,"58,000","10,000",0,0,"11,784",0,"36,216"
2630,23056-561629960,10230814,Cà Phê Muối Chú Long - Võ Văn Kiệt,23/05/2026 15:56:18,"58,000","11,600",0,0,"11,391",0,"35,009"
2631,23056-561800750,10386890,Cà Phê Muối Chú Long - Nha Trang,23/05/2026 16:07:57,"111,000","22,200",0,0,"21,800",0,"67,000"
2632,23056-562444999,10222800,Cà Phê Muối Chú Long - Thành Thái,23/05/2026 15:53:06,"50,000","10,000",0,0,"9,820",0,"30,180"
2633,23056-562564355,10233716,Cà Phê Muối Chú Long - 130 Thích Quảng Đức,23/05/2026 15:56:53,"29,000","5,000",0,0,"5,892",0,"18,108"
2634,23056-562625603,10296675,Cà Phê Muối Chú Long - Trương Định,23/05/2026 16:12:18,"25,000","8,000",0,0,"4,174",0,"12,827"
2635,23056-562844131,10354882,Cà Phê Muối Chú Long - Quảng Ngãi,23/05/2026 15:46:27,"58,000","11,600",0,0,"11,391",0,"35,009"
2636,23056-562981007,10323120,Cà Phê Muối Chú Long - Đồng Xoài,23/05/2026 15:53:51,"137,000","27,400",0,0,"26,907",0,"82,693"
2637,23056-563765081,10298769,Cà Phê Muối Chú Long - Tôn Đức Thắng,23/05/2026 16:26:10,"94,000","18,800",0,0,"18,462",0,"56,738"
2638,23056-564076653,10296675,Cà Phê Muối Chú Long - Trương Định,23/05/2026 16:08:04,"112,000","22,400",0,0,"21,997",0,"67,603"
2639,23056-564457532,10230292,Cà Phê Muối Chú Long - Lê Văn Việt,23/05/2026 15:53:03,"47,000",0,0,0,"11,539",0,"35,462"
2640,23056-564639940,10324687,Cà Phê Muối Chú Long - Huỳnh Tấn Phát,23/05/2026 15:56:36,"25,000","8,000",0,0,"4,174",0,"12,827"
2641,23056-564838390,10216423,Cà Phê Muối Chú Long - 417 Cộng Hoà,23/05/2026 16:00:33,"102,000","20,400",0,0,"20,033",0,"61,567"
2642,23056-565198746,10216423,Cà Phê Muối Chú Long - 417 Cộng Hoà,23/05/2026 15:54:53,"116,000","23,200",0,0,"22,782",0,"70,018"
2643,23056-565840630,10340098,Cà Phê Muối Chú Long - Thuận An,23/05/2026 15:59:32,"58,000","11,600",0,0,"11,391",0,"35,009"
2644,23056-565877386,10230958,Cà Phê Muối Chú Long - 3/26 Quang Trung,23/05/2026 15:52:33,"80,000","16,000",0,0,"15,712",0,"48,288"
2645,23056-566008279,10225871,Cà Phê Muối Chú Long - Đặng Nguyên Cẩn,23/05/2026 16:00:02,"58,000","11,000",0,0,"11,539",0,"35,462"
2646,23056-566036834,10405301,Cà Phê Muối Chú Long - 01 Hàng Đậu,23/05/2026 16:45:55,"29,000",0,0,0,"7,120",0,"21,881"
2647,23056-566364770,10285817,Cà Phê Muối Chú Long - 1349 Cách Mạng Tháng 8,23/05/2026 16:03:33,"50,000","16,000",0,0,"8,347",0,"25,653"
2648,23056-566505494,10222800,Cà Phê Muối Chú Long - Thành Thái,23/05/2026 15:56:19,"25,000","8,000",0,0,"4,174",0,"12,827"
2649,23056-567517777,10230958,Cà Phê Muối Chú Long - 3/26 Quang Trung,23/05/2026 16:05:43,"29,000","5,000",0,0,"5,892",0,"18,108"
2650,23056-567880425,10298769,Cà Phê Muối Chú Long - Tôn Đức Thắng,23/05/2026 16:09:35,"150,000","28,571",0,0,"29,811",0,"91,618"
2651,23056-568283971,10386890,Cà Phê Muối Chú Long - Nha Trang,23/05/2026 16:02:02,"29,000","5,000",0,0,"5,892",0,"18,108"
2652,23056-568459881,10407619,Cà Phê Muối Chú Long - 117 Lò Đúc,23/05/2026 16:14:26,"22,000",0,0,0,"5,401",0,"16,599"
2653,23056-568709601,10321524,Cà Phê Muối Chú Long - Đội Cấn,23/05/2026 16:51:58,"58,000","11,600",0,0,"11,391",0,"35,009"
2654,23056-570067189,10225898,Cà Phê Muối Chú Long - Nguyễn Đình Chiểu,23/05/2026 16:25:37,"87,000","17,400",0,0,"17,087",0,"52,513"
2655,23056-571263841,10222800,Cà Phê Muối Chú Long - Thành Thái,23/05/2026 16:04:53,"22,000","5,000",0,0,"4,174",0,"12,827"
2656,23056-571419050,10284115,Cà Phê Muối Chú Long - Kha Vạn Cân,23/05/2026 16:10:03,"58,000","11,600",0,0,"11,391",0,"35,009"
2657,23056-571831400,10350108,Cà Phê Muối Chú Long - Đường Láng,23/05/2026 16:39:31,"154,000","28,571",0,0,"30,793",0,"94,636"
2658,23056-572557496,10219545,Cà Phê Muối Chú Long - Nguyễn Huệ,23/05/2026 16:06:04,"116,000","23,200",0,0,"22,782",0,"70,018"
2659,23056-572925030,10230817,Cà Phê Muối Chú Long - Thích Quảng Đức,23/05/2026 16:25:01,"29,000","5,000",0,0,"5,892",0,"18,108"
2660,23056-573162157,10216423,Cà Phê Muối Chú Long - 417 Cộng Hoà,23/05/2026 16:13:02,"29,000","5,000",0,0,"5,892",0,"18,108"
2661,23056-573650723,10230171,Cà Phê Muối Chú Long - Bình Long,23/05/2026 16:10:44,"51,000","11,000",0,0,"9,820",0,"30,180"
2662,23056-574164294,10225898,Cà Phê Muối Chú Long - Nguyễn Đình Chiểu,23/05/2026 16:08:33,"29,000","5,000",0,0,"5,892",0,"18,108"
2663,23056-574975436,10321524,Cà Phê Muối Chú Long - Đội Cấn,23/05/2026 16:49:16,"58,000","11,600",0,0,"11,391",0,"35,009"
2664,23056-575028299,10381892,Cà Phê Muối Chú Long - Phan Văn Trị,23/05/2026 16:23:47,"50,000","16,000",0,0,"8,347",0,"25,653"
2665,23056-575329795,10321523,Cà Phê Muối Chú Long - Thanh Nhàn,23/05/2026 16:56:46,"222,000","39,960",0,0,"44,691",0,"137,349"
2666,23056-575595174,10242271,Cà Phê Muối Chú Long - Vũng Tàu,23/05/2026 16:26:40,"29,000","5,000",0,0,"5,892",0,"18,108"
2667,23056-576330079,10232123,Cà Phê Muối Chú Long - 17A Ngô Tất Tố,23/05/2026 16:10:17,"105,000","21,000",0,0,"20,622",0,"63,378"
2668,23056-576779367,10230171,Cà Phê Muối Chú Long - Bình Long,23/05/2026 16:23:01,"50,000","11,000",0,0,"9,575",0,"29,426"
2669,23056-577711183,10350108,Cà Phê Muối Chú Long - Đường Láng,23/05/2026 16:52:32,"116,000","23,200",0,0,"22,782",0,"70,018"
2670,23056-577711114,10219545,Cà Phê Muối Chú Long - Nguyễn Huệ,23/05/2026 16:18:12,"126,000","25,200",0,0,"24,746",0,"76,054"
2671,23056-578099989,10298769,Cà Phê Muối Chú Long - Tôn Đức Thắng,23/05/2026 17:23:30,"25,000","8,000",0,0,"4,174",0,"12,827"
2672,23056-578146638,10219545,Cà Phê Muối Chú Long - Nguyễn Huệ,23/05/2026 16:20:11,"47,000",0,0,0,"11,539",0,"35,462"
2673,23056-580160738,10292422,Cà Phê Muối Chú Long - Phan Thiết,23/05/2026 16:12:58,"25,000","6,250",0,0,"4,603",0,"14,147"
2674,23056-580317941,10280033,Cà Phê Muối Chú Long - Bà Rịa,23/05/2026 16:21:10,"25,000","8,000",0,0,"4,174",0,"12,827"
2675,23056-580795191,10235663,Cà Phê Muối Chú Long - Hà Huy Giáp,23/05/2026 16:48:33,"104,000","20,800",0,0,"20,426",0,"62,774"
2676,23056-582172224,10235663,Cà Phê Muối Chú Long - Hà Huy Giáp,23/05/2026 16:28:26,"29,000","7,250",0,0,"5,340",0,"16,410"
2677,23056-582682615,10330437,Cà Phê Muối Chú Long - Trần Hưng Đạo,23/05/2026 16:27:37,"25,000","8,000",0,0,"4,174",0,"12,827"
2678,23056-583541794,10405301,Cà Phê Muối Chú Long - 01 Hàng Đậu,23/05/2026 16:40:00,"22,000",0,0,0,"5,401",0,"16,599"
2679,23056-583651933,10230814,Cà Phê Muối Chú Long - Võ Văn Kiệt,23/05/2026 16:26:50,"72,000","14,400",0,0,"14,141",0,"43,459"
2680,23056-584046088,10284115,Cà Phê Muối Chú Long - Kha Vạn Cân,23/05/2026 16:21:06,"87,000","17,400",0,0,"17,087",0,"52,513"
2681,23056-584198173,10235663,Cà Phê Muối Chú Long - Hà Huy Giáp,23/05/2026 16:43:55,"44,000","10,000",0,0,"8,347",0,"25,653"
2682,23056-584318335,10321524,Cà Phê Muối Chú Long - Đội Cấn,23/05/2026 16:35:01,"95,000","19,000",0,0,"18,658",0,"57,342"
2683,23056-585103483,10321524,Cà Phê Muối Chú Long - Đội Cấn,23/05/2026 17:15:50,"51,000","10,000",0,0,"10,066",0,"30,935"
2684,23056-585494486,10235659,Cà Phê Muối Chú Long - Nguyễn Hữu Cảnh,23/05/2026 16:40:26,"147,000","28,571",0,0,"29,074",0,"89,355"
2685,23056-586060537,10225871,Cà Phê Muối Chú Long - Đặng Nguyên Cẩn,23/05/2026 16:36:16,"29,000","5,000",0,0,"5,892",0,"18,108"
2686,23056-586256604,10298769,Cà Phê Muối Chú Long - Tôn Đức Thắng,23/05/2026 17:12:14,"58,000","11,600",0,0,"11,391",0,"35,009"
2687,23056-586714202,10287867,Cà Phê Muối Chú Long - Classic,23/05/2026 16:28:40,"30,000","5,000",0,0,"6,138",0,"18,863"
2688,23056-586916765,10296675,Cà Phê Muối Chú Long - Trương Định,23/05/2026 17:20:59,"62,000","12,400",0,0,"12,177",0,"37,423"
2689,23056-587697060,10230171,Cà Phê Muối Chú Long - Bình Long,23/05/2026 17:33:00,"146,000","28,571",0,0,"28,829",0,"88,600"
2690,23056-587738591,10292422,Cà Phê Muối Chú Long - Phan Thiết,23/05/2026 16:24:43,"29,000","7,250",0,0,"5,340",0,"16,410"
2691,23056-589729280,10219545,Cà Phê Muối Chú Long - Nguyễn Huệ,23/05/2026 16:34:51,"145,000","28,571",0,0,"28,583",0,"87,846"
2692,23056-591032091,10307386,Cà Phê Muối Chú Long - Kiên Giang,23/05/2026 17:07:59,"51,000","11,000",0,0,"9,820",0,"30,180"
2693,23056-591138583,10225898,Cà Phê Muối Chú Long - Nguyễn Đình Chiểu,23/05/2026 17:13:27,"50,000","16,000",0,0,"8,347",0,"25,653"
2694,23056-591395907,10405301,Cà Phê Muối Chú Long - 01 Hàng Đậu,23/05/2026 16:40:57,"150,000",0,0,0,"36,825",0,"113,175"
2695,23056-592634937,10397657,Cà Phê Muối Chú Long - 368 Lê Đức Thọ,23/05/2026 16:46:45,"58,000","11,600",0,0,"11,391",0,"35,009"
2696,23056-593979233,10298769,Cà Phê Muối Chú Long - Tôn Đức Thắng,23/05/2026 17:16:35,"50,000","16,000",0,0,"8,347",0,"25,653"
2697,23056-594511677,10222800,Cà Phê Muối Chú Long - Thành Thái,23/05/2026 16:51:18,"65,000","13,000",0,0,"12,766",0,"39,234"
2698,23056-594708668,10299524,Cà Phê Muối Chú Long - Lê Duẩn,23/05/2026 16:48:33,"25,000","8,000",0,0,"4,174",0,"12,827"
2699,23056-595268847,10235663,Cà Phê Muối Chú Long - Hà Huy Giáp,23/05/2026 16:48:46,"29,000","7,250",0,0,"5,340",0,"16,410"
2700,23056-595938547,10230958,Cà Phê Muối Chú Long - 3/26 Quang Trung,23/05/2026 16:45:22,"83,000","16,600",0,0,"16,301",0,"50,099"
2701,23056-596697910,10225898,Cà Phê Muối Chú Long - Nguyễn Đình Chiểu,23/05/2026 16:54:37,"58,000","11,600",0,0,"11,391",0,"35,009"
2702,23056-597699400,10386890,Cà Phê Muối Chú Long - Nha Trang,23/05/2026 17:02:11,"130,000","26,000",0,0,"25,532",0,"78,468"
2703,23056-598168418,10296675,Cà Phê Muối Chú Long - Trương Định,23/05/2026 17:15:29,"79,000","15,800",0,0,"15,516",0,"47,684"
2704,23056-598691437,10224935,Cà Phê Muối Chú Long - 585 Quang Trung,23/05/2026 17:01:26,"58,000","11,600",0,0,"11,391",0,"35,009"
2705,23056-599085496,10230417,Cà Phê Muối Chú Long - Lê Văn Sỹ,23/05/2026 16:55:30,"155,000","28,571",0,0,"31,038",0,"95,391"
2706,23056-599466469,10397657,Cà Phê Muối Chú Long - 368 Lê Đức Thọ,23/05/2026 17:12:14,"54,000","10,000",0,0,"10,802",0,"33,198"
2707,23056-599547367,10284115,Cà Phê Muối Chú Long - Kha Vạn Cân,23/05/2026 16:50:53,"87,000","17,400",0,0,"17,087",0,"52,513"
2708,23056-599689505,10284115,Cà Phê Muối Chú Long - Kha Vạn Cân,23/05/2026 17:23:03,"415,000","54,500",0,0,"88,503",0,"271,997"
2709,23056-599863572,10225885,Cà Phê Muối Chú Long - Ngô Tất Tố,23/05/2026 17:10:22,"50,000","10,000",0,0,"9,820",0,"30,180"
2710,23056-600567229,10321523,Cà Phê Muối Chú Long - Thanh Nhàn,23/05/2026 17:06:27,"80,000","16,000",0,0,"15,712",0,"48,288"
2711,23056-600717557,10296675,Cà Phê Muối Chú Long - Trương Định,23/05/2026 17:22:05,"61,000","12,200",0,0,"11,980",0,"36,820"
2712,23056-600950685,10232123,Cà Phê Muối Chú Long - 17A Ngô Tất Tố,23/05/2026 17:01:44,"72,000","14,400",0,0,"14,141",0,"43,459"
2713,23056-601151313,10324687,Cà Phê Muối Chú Long - Huỳnh Tấn Phát,23/05/2026 16:57:23,"75,000","15,000",0,0,"14,730",0,"45,270"
2714,23056-602967338,10350108,Cà Phê Muối Chú Long - Đường Láng,23/05/2026 17:27:51,"29,000","5,000",0,0,"5,892",0,"18,108"
2715,23056-603182266,10225898,Cà Phê Muối Chú Long - Nguyễn Đình Chiểu,23/05/2026 17:06:32,"54,000","11,000",0,0,"10,557",0,"32,444"
2716,23056-603303628,10321523,Cà Phê Muối Chú Long - Thanh Nhàn,23/05/2026 16:52:40,"50,000","11,000",0,0,"9,575",0,"29,426"
2717,23056-604535645,10230793,Cà Phê Muối Chú Long - Huỳnh Văn Bánh,23/05/2026 17:02:55,"29,000","5,000",0,0,"5,892",0,"18,108"
2718,23056-604680151,10358016,Cà Phê Muối Chú Long - Bà Triệu,23/05/2026 17:00:17,"29,000","7,250",0,0,"5,340",0,"16,410"
2719,23056-605512792,10230399,Cà Phê Muối Chú Long - Tân Kỳ Tân Quý,23/05/2026 17:26:00,"58,000","11,600",0,0,"11,391",0,"35,009"
2720,23056-605953063,10224935,Cà Phê Muối Chú Long - 585 Quang Trung,23/05/2026 17:13:16,"58,000","11,600",0,0,"11,391",0,"35,009"
2721,23056-607798017,10321523,Cà Phê Muối Chú Long - Thanh Nhàn,23/05/2026 17:03:03,"58,000","11,600",0,0,"11,391",0,"35,009"
2722,23056-608531588,10296675,Cà Phê Muối Chú Long - Trương Định,23/05/2026 17:54:01,"73,000","14,600",0,0,"14,337",0,"44,063"
2723,23056-609663678,10296675,Cà Phê Muối Chú Long - Trương Định,23/05/2026 17:23:30,"54,000","11,000",0,0,"10,557",0,"32,444"
2724,23056-609792467,10224935,Cà Phê Muối Chú Long - 585 Quang Trung,23/05/2026 17:20:21,"25,000","8,000",0,0,"4,174",0,"12,827"
2725,23056-611695808,10225898,Cà Phê Muối Chú Long - Nguyễn Đình Chiểu,23/05/2026 17:15:31,"51,000","11,000",0,0,"9,820",0,"30,180"
2726,23056-611895937,10381983,Cà Phê Muối Chú Long - Bạch Đằng,23/05/2026 17:08:38,"29,000",0,0,0,"7,120",0,"21,881"
2727,23056-612075216,10222800,Cà Phê Muối Chú Long - Thành Thái,23/05/2026 17:25:45,"44,000",0,0,0,"10,802",0,"33,198"
2728,23056-612163883,10298769,Cà Phê Muối Chú Long - Tôn Đức Thắng,23/05/2026 17:17:49,"29,000","5,000",0,0,"5,892",0,"18,108"
2729,23056-613245720,10225895,Cà Phê Muối Chú Long - Cách Mạng Tháng 8,23/05/2026 17:08:38,"112,000","20,000",0,0,"22,586",0,"69,414"
2730,23056-613532348,10296675,Cà Phê Muối Chú Long - Trương Định,23/05/2026 17:25:14,"36,000","5,000",0,0,"7,611",0,"23,390"
2731,23056-614170942,10350108,Cà Phê Muối Chú Long - Đường Láng,23/05/2026 18:18:48,"325,000","47,368",0,0,"68,159",0,"209,473"
2732,23056-614862504,10381892,Cà Phê Muối Chú Long - Phan Văn Trị,23/05/2026 17:13:05,"63,000","12,600",0,0,"12,373",0,"38,027"
2733,23056-615966014,10292015,Cà Phê Muối Chú Long - Long An,23/05/2026 17:23:06,"79,000","15,800",0,0,"15,516",0,"47,684"
2734,23056-617587663,10230814,Cà Phê Muối Chú Long - Võ Văn Kiệt,23/05/2026 17:25:46,"75,000","15,000",0,0,"14,730",0,"45,270"
2735,23056-617620152,10230814,Cà Phê Muối Chú Long - Võ Văn Kiệt,23/05/2026 17:27:23,"87,000","17,400",0,0,"17,087",0,"52,513"
2736,23056-617862138,10350108,Cà Phê Muối Chú Long - Đường Láng,23/05/2026 17:36:04,"54,000","11,000",0,0,"10,557",0,"32,444"
2737,23056-617989709,10230814,Cà Phê Muối Chú Long - Võ Văn Kiệt,23/05/2026 17:23:04,"195,000","35,100",0,0,"39,255",0,"120,645"
2738,23056-618697291,10224935,Cà Phê Muối Chú Long - 585 Quang Trung,23/05/2026 17:51:24,"58,000","11,600",0,0,"11,391",0,"35,009"
2739,23056-619034071,10321439,Cà Phê Muối Chú Long - Vĩnh Long,23/05/2026 17:18:36,"73,000","14,600",0,0,"14,337",0,"44,063"
2740,23056-619286149,10397657,Cà Phê Muối Chú Long - 368 Lê Đức Thọ,23/05/2026 18:01:18,"58,000","11,600",0,0,"11,391",0,"35,009"
2741,23056-619494366,10340098,Cà Phê Muối Chú Long - Thuận An,23/05/2026 17:35:34,"58,000","11,600",0,0,"11,391",0,"35,009"
2742,23056-619757431,10321523,Cà Phê Muối Chú Long - Thanh Nhàn,23/05/2026 17:29:49,"29,000",0,0,0,"7,120",0,"21,881"
2743,23056-619942423,10296675,Cà Phê Muối Chú Long - Trương Định,23/05/2026 18:03:26,"44,000","5,000",0,0,"9,575",0,"29,426"
2744,23056-620615942,10216423,Cà Phê Muối Chú Long - 417 Cộng Hoà,23/05/2026 17:41:19,"87,000","17,400",0,0,"17,087",0,"52,513"
2745,23056-620857532,10321523,Cà Phê Muối Chú Long - Thanh Nhàn,23/05/2026 17:52:20,"50,000","11,000",0,0,"9,575",0,"29,426"
2746,23056-621368256,10230793,Cà Phê Muối Chú Long - Huỳnh Văn Bánh,23/05/2026 17:35:52,"29,000","5,000",0,0,"5,892",0,"18,108"
2747,23056-621854066,10381892,Cà Phê Muối Chú Long - Phan Văn Trị,23/05/2026 17:25:13,"22,000","5,000",0,0,"4,174",0,"12,827"
2748,23056-622652678,10216423,Cà Phê Muối Chú Long - 417 Cộng Hoà,23/05/2026 17:37:30,"36,000","5,000",0,0,"7,611",0,"23,390"
2749,23056-622864933,10235663,Cà Phê Muối Chú Long - Hà Huy Giáp,23/05/2026 17:41:52,"25,000","8,000",0,0,"4,174",0,"12,827"
2750,23056-626122669,10235663,Cà Phê Muối Chú Long - Hà Huy Giáp,23/05/2026 17:46:03,"58,000","11,600",0,0,"11,391",0,"35,009"
2751,23056-627570268,10224935,Cà Phê Muối Chú Long - 585 Quang Trung,23/05/2026 17:48:14,"261,000","46,980",0,0,"52,542",0,"161,478"
2752,23056-627624477,10225888,Cà Phê Muối Chú Long - Lạc Long Quân,23/05/2026 17:48:42,"88,000","17,600",0,0,"17,283",0,"53,117"
2753,23056-628089786,10230292,Cà Phê Muối Chú Long - Lê Văn Việt,23/05/2026 18:02:18,"50,000","16,000",0,0,"8,347",0,"25,653"
2754,23056-628445231,10321523,Cà Phê Muối Chú Long - Thanh Nhàn,23/05/2026 17:41:50,"58,000","11,600",0,0,"11,391",0,"35,009"
2755,23056-628982146,10219545,Cà Phê Muối Chú Long - Nguyễn Huệ,23/05/2026 17:37:47,"50,000","11,000",0,0,"9,575",0,"29,426"
2756,23056-629082792,10225888,Cà Phê Muối Chú Long - Lạc Long Quân,23/05/2026 17:52:35,"116,000","23,200",0,0,"22,782",0,"70,018"
2757,23056-629478054,10405301,Cà Phê Muối Chú Long - 01 Hàng Đậu,23/05/2026 17:52:57,"94,000",0,0,0,"23,077",0,"70,923"
2758,23056-629962460,10407619,Cà Phê Muối Chú Long - 117 Lò Đúc,23/05/2026 18:04:45,"25,000",0,0,0,"6,138",0,"18,863"
2759,23056-631549274,10225871,Cà Phê Muối Chú Long - Đặng Nguyên Cẩn,23/05/2026 18:06:00,"51,000","11,000",0,0,"9,820",0,"30,180"
2760,23056-631648328,10225902,Cà Phê Muối Chú Long - Hậu Giang,23/05/2026 18:05:09,"74,000","14,800",0,0,"14,534",0,"44,666"
2761,23056-632998242,10298769,Cà Phê Muối Chú Long - Tôn Đức Thắng,23/05/2026 18:22:24,"130,000","26,000",0,0,"25,532",0,"78,468"
2762,23056-633565574,10381892,Cà Phê Muối Chú Long - Phan Văn Trị,23/05/2026 17:55:01,"29,000","5,000",0,0,"5,892",0,"18,108"
2763,23056-633613662,10321437,Cà Phê Muối Chú Long - Tây Ninh,23/05/2026 17:45:54,"29,000","7,250",0,0,"5,340",0,"16,410"
2764,23056-634250957,10235663,Cà Phê Muối Chú Long - Hà Huy Giáp,23/05/2026 17:42:44,"54,000","11,000",0,0,"10,557",0,"32,444"
2765,23056-635444798,10381892,Cà Phê Muối Chú Long - Phan Văn Trị,23/05/2026 18:03:55,"102,000","20,400",0,0,"20,033",0,"61,567"
2766,23056-635810103,10235663,Cà Phê Muối Chú Long - Hà Huy Giáp,23/05/2026 18:24:49,"260,000","37,500",0,0,"54,624",0,"167,876"
2767,23056-635917269,10292422,Cà Phê Muối Chú Long - Phan Thiết,23/05/2026 17:52:06,"58,000","11,600",0,0,"11,391",0,"35,009"
2768,23056-636767630,10269971,Cà Phê Muối Chú Long - Cần Thơ,23/05/2026 18:26:47,"66,000","13,200",0,0,"12,962",0,"39,838"
2769,23056-636887451,10298824,Cà Phê Muối Chú Long - Hoàng Diệu,23/05/2026 18:07:09,"58,000","11,600",0,0,"11,391",0,"35,009"
2770,23056-637742929,10296675,Cà Phê Muối Chú Long - Trương Định,23/05/2026 18:19:13,"76,000","15,200",0,0,"14,926",0,"45,874"
2771,23056-640817671,10350108,Cà Phê Muối Chú Long - Đường Láng,23/05/2026 18:34:04,"50,000","11,000",0,0,"9,575",0,"29,426"
2772,23056-640829961,10230958,Cà Phê Muối Chú Long - 3/26 Quang Trung,23/05/2026 18:07:41,"87,000","17,400",0,0,"17,087",0,"52,513"
2773,23056-641672101,10381892,Cà Phê Muối Chú Long - Phan Văn Trị,23/05/2026 18:12:53,"94,000","18,800",0,0,"18,462",0,"56,738"
2774,23056-642505967,10321524,Cà Phê Muối Chú Long - Đội Cấn,23/05/2026 18:13:57,"141,000","28,200",0,0,"27,692",0,"85,108"
2775,23056-642714311,10230171,Cà Phê Muối Chú Long - Bình Long,23/05/2026 18:16:59,"58,000","11,600",0,0,"11,391",0,"35,009"
2776,23056-643146047,10225898,Cà Phê Muối Chú Long - Nguyễn Đình Chiểu,23/05/2026 18:29:32,"29,000","5,000",0,0,"5,892",0,"18,108"
2777,23056-645063023,10375372,Cà Phê Muối Chú Long - An Dương Vương,23/05/2026 18:33:04,"94,000","18,800",0,0,"18,462",0,"56,738"
2778,23056-646516439,10296675,Cà Phê Muối Chú Long - Trương Định,23/05/2026 19:15:48,"54,000","11,000",0,0,"10,557",0,"32,444"
2779,23056-646739506,10230417,Cà Phê Muối Chú Long - Lê Văn Sỹ,23/05/2026 18:09:16,"29,000","5,000",0,0,"5,892",0,"18,108"
2780,23056-646800922,10350108,Cà Phê Muối Chú Long - Đường Láng,23/05/2026 20:12:46,"87,000","17,400",0,0,"17,087",0,"52,513"
2781,23056-646818635,10219545,Cà Phê Muối Chú Long - Nguyễn Huệ,23/05/2026 19:00:55,"58,000","11,600",0,0,"11,391",0,"35,009"
2782,23056-648083086,10232123,Cà Phê Muối Chú Long - 17A Ngô Tất Tố,23/05/2026 18:13:02,"74,000","14,800",0,0,"14,534",0,"44,666"
2783,23056-648090020,10225871,Cà Phê Muối Chú Long - Đặng Nguyên Cẩn,23/05/2026 18:24:30,"58,000","11,600",0,0,"11,391",0,"35,009"
2784,23056-648936716,10405301,Cà Phê Muối Chú Long - 01 Hàng Đậu,23/05/2026 18:43:14,"37,000",0,0,0,"9,084",0,"27,917"
2785,23056-654027326,10230958,Cà Phê Muối Chú Long - 3/26 Quang Trung,23/05/2026 18:29:04,"87,000","17,400",0,0,"17,087",0,"52,513"
2786,23056-654304760,10242271,Cà Phê Muối Chú Long - Vũng Tàu,23/05/2026 18:26:30,"261,000",0,0,0,"64,076",0,"196,925"
2787,23056-654359536,10321524,Cà Phê Muối Chú Long - Đội Cấn,23/05/2026 19:06:31,"131,000","26,200",0,0,"25,728",0,"79,072"
2788,23056-655336705,10405301,Cà Phê Muối Chú Long - 01 Hàng Đậu,23/05/2026 18:30:03,"29,000",0,0,0,"7,120",0,"21,881"
2789,23056-656255169,10225888,Cà Phê Muối Chú Long - Lạc Long Quân,23/05/2026 18:29:50,"58,000","11,600",0,0,"11,391",0,"35,009"
2790,23056-657118096,10350108,Cà Phê Muối Chú Long - Đường Láng,23/05/2026 18:56:55,"83,000","16,600",0,0,"16,301",0,"50,099"
2791,23056-657877168,10230958,Cà Phê Muối Chú Long - 3/26 Quang Trung,23/05/2026 18:26:18,"29,000","5,000",0,0,"5,892",0,"18,108"
2792,23056-657913154,10296675,Cà Phê Muối Chú Long - Trương Định,23/05/2026 18:56:18,"74,000","14,800",0,0,"14,534",0,"44,666"
2793,23056-658205935,10230399,Cà Phê Muối Chú Long - Tân Kỳ Tân Quý,23/05/2026 18:24:59,"22,000",0,0,0,"5,401",0,"16,599"
2794,23056-659869324,10232123,Cà Phê Muối Chú Long - 17A Ngô Tất Tố,23/05/2026 18:59:57,"29,000","5,000",0,0,"5,892",0,"18,108"
2795,23056-660044541,10292015,Cà Phê Muối Chú Long - Long An,23/05/2026 18:39:10,"50,000","8,000",0,0,"10,311",0,"31,689"
2796,23056-662063057,10350108,Cà Phê Muối Chú Long - Đường Láng,23/05/2026 19:48:19,"88,000","17,600",0,0,"17,283",0,"53,117"
2797,23056-662386666,10219545,Cà Phê Muối Chú Long - Nguyễn Huệ,23/05/2026 18:51:34,"66,000","13,200",0,0,"12,962",0,"39,838"
2798,23056-665258071,10230814,Cà Phê Muối Chú Long - Võ Văn Kiệt,23/05/2026 18:40:47,"112,000","22,400",0,0,"21,997",0,"67,603"
2799,23056-665815379,10225898,Cà Phê Muối Chú Long - Nguyễn Đình Chiểu,23/05/2026 19:13:11,"51,000","10,000",0,0,"10,066",0,"30,935"
2800,23056-665935182,10224935,Cà Phê Muối Chú Long - 585 Quang Trung,23/05/2026 18:59:39,"80,000","16,000",0,0,"15,712",0,"48,288"
2801,23056-665999914,10321523,Cà Phê Muối Chú Long - Thanh Nhàn,23/05/2026 19:40:31,"140,000","28,000",0,0,"27,496",0,"84,504"
2802,23056-667026012,10230417,Cà Phê Muối Chú Long - Lê Văn Sỹ,23/05/2026 19:22:06,"169,000","30,420",0,0,"34,021",0,"104,559"
2803,23056-667098416,10225871,Cà Phê Muối Chú Long - Đặng Nguyên Cẩn,23/05/2026 18:43:22,"150,000",0,0,0,"36,825",0,"113,175"
2804,23056-669556824,10354891,Cà Phê Muối Chú Long - Trà Vinh,23/05/2026 18:54:49,"87,000","17,400",0,0,"17,087",0,"52,513"
2805,23056-671187226,10324687,Cà Phê Muối Chú Long - Huỳnh Tấn Phát,23/05/2026 18:46:54,"116,000","23,200",0,0,"22,782",0,"70,018"
2806,23056-671906115,10219545,Cà Phê Muối Chú Long - Nguyễn Huệ,23/05/2026 19:01:48,"101,000","20,200",0,0,"19,836",0,"60,964"
2807,23056-672441868,10285817,Cà Phê Muối Chú Long - 1349 Cách Mạng Tháng 8,23/05/2026 18:51:44,"137,000","27,400",0,0,"26,907",0,"82,693"
2808,23056-673210620,10224935,Cà Phê Muối Chú Long - 585 Quang Trung,23/05/2026 19:22:12,"29,000","5,000",0,0,"5,892",0,"18,108"
2809,23056-673310439,10321437,Cà Phê Muối Chú Long - Tây Ninh,23/05/2026 19:24:07,"58,000","11,600",0,0,"11,391",0,"35,009"
2810,23056-674413754,10350108,Cà Phê Muối Chú Long - Đường Láng,23/05/2026 19:49:31,"51,000","11,000",0,0,"9,820",0,"30,180"
2811,23056-675210463,10225902,Cà Phê Muối Chú Long - Hậu Giang,23/05/2026 19:24:40,"50,000","11,000",0,0,"9,575",0,"29,426"
2812,23056-676471853,10230292,Cà Phê Muối Chú Long - Lê Văn Việt,23/05/2026 19:17:33,"37,000","5,000",0,0,"7,856",0,"24,144"
2813,23056-676498093,10242271,Cà Phê Muối Chú Long - Vũng Tàu,23/05/2026 19:05:59,"29,000","5,000",0,0,"5,892",0,"18,108"
2814,23056-676600782,10230793,Cà Phê Muối Chú Long - Huỳnh Văn Bánh,23/05/2026 19:16:34,"58,000","11,600",0,0,"11,391",0,"35,009"
2815,23056-677394110,10340098,Cà Phê Muối Chú Long - Thuận An,23/05/2026 19:21:12,"25,000","8,000",0,0,"4,174",0,"12,827"
2816,23056-677531639,10233716,Cà Phê Muối Chú Long - 130 Thích Quảng Đức,23/05/2026 19:09:24,"72,000","16,000",0,0,"13,748",0,"42,252"
2817,23056-678428729,10242271,Cà Phê Muối Chú Long - Vũng Tàu,23/05/2026 19:15:15,"58,000","11,600",0,0,"11,391",0,"35,009"
2818,23056-679423800,10350108,Cà Phê Muối Chú Long - Đường Láng,23/05/2026 20:00:01,"22,000","5,000",0,0,"4,174",0,"12,827"
2819,23056-679563610,10375372,Cà Phê Muối Chú Long - An Dương Vương,23/05/2026 19:13:41,"51,000","10,000",0,0,"10,066",0,"30,935"
2820,23056-680211330,10386890,Cà Phê Muối Chú Long - Nha Trang,23/05/2026 19:17:51,"25,000","8,000",0,0,"4,174",0,"12,827"
2821,23056-680399464,10230399,Cà Phê Muối Chú Long - Tân Kỳ Tân Quý,23/05/2026 19:36:10,"94,000","18,800",0,0,"18,462",0,"56,738"
2822,23056-681420719,10350108,Cà Phê Muối Chú Long - Đường Láng,23/05/2026 19:53:26,"66,000","13,200",0,0,"12,962",0,"39,838"
2823,23056-681869316,10225888,Cà Phê Muối Chú Long - Lạc Long Quân,23/05/2026 19:30:48,"58,000","11,600",0,0,"11,391",0,"35,009"
2824,23056-681862832,10230417,Cà Phê Muối Chú Long - Lê Văn Sỹ,23/05/2026 19:09:41,"112,000","22,400",0,0,"21,997",0,"67,603"
2825,23056-682320842,10386890,Cà Phê Muối Chú Long - Nha Trang,23/05/2026 19:18:07,"29,000","5,000",0,0,"5,892",0,"18,108"
2826,23056-682854929,10225898,Cà Phê Muối Chú Long - Nguyễn Đình Chiểu,23/05/2026 19:26:50,"66,000","13,200",0,0,"12,962",0,"39,838"
2827,23056-683002101,10225902,Cà Phê Muối Chú Long - Hậu Giang,23/05/2026 19:27:45,"58,000","11,600",0,0,"11,391",0,"35,009"
2828,23056-684297474,10350108,Cà Phê Muối Chú Long - Đường Láng,23/05/2026 19:52:32,"87,000","17,400",0,0,"17,087",0,"52,513"
2829,23056-684478146,10230817,Cà Phê Muối Chú Long - Thích Quảng Đức,23/05/2026 19:19:00,"29,000","5,000",0,0,"5,892",0,"18,108"
2830,23056-685388140,10225898,Cà Phê Muối Chú Long - Nguyễn Đình Chiểu,23/05/2026 19:28:04,"25,000","8,000",0,0,"4,174",0,"12,827"
2831,23056-687249867,10230817,Cà Phê Muối Chú Long - Thích Quảng Đức,23/05/2026 19:29:19,"54,000","11,000",0,0,"10,557",0,"32,444"
2832,23056-688609885,10269971,Cà Phê Muối Chú Long - Cần Thơ,23/05/2026 19:29:20,"29,000","7,250",0,0,"5,340",0,"16,410"
2833,23056-688942247,10354891,Cà Phê Muối Chú Long - Trà Vinh,23/05/2026 19:30:23,"25,000","8,000",0,0,"4,174",0,"12,827"
2834,23056-691832535,10381983,Cà Phê Muối Chú Long - Bạch Đằng,23/05/2026 19:27:42,"383,000",0,0,0,"94,027",0,"288,974"
2835,23056-691877141,10219545,Cà Phê Muối Chú Long - Nguyễn Huệ,23/05/2026 19:34:13,"224,000","40,320",0,0,"45,093",0,"138,587"
2836,23056-692902906,10216423,Cà Phê Muối Chú Long - 417 Cộng Hoà,23/05/2026 19:53:54,"58,000","11,600",0,0,"11,391",0,"35,009"
2837,23056-693290046,10296675,Cà Phê Muối Chú Long - Trương Định,23/05/2026 19:47:30,"148,000","28,571",0,0,"29,320",0,"90,109"
2838,23056-693596464,10230292,Cà Phê Muối Chú Long - Lê Văn Việt,23/05/2026 19:33:47,"87,000","17,400",0,0,"17,087",0,"52,513"
2839,23056-693665942,10230171,Cà Phê Muối Chú Long - Bình Long,23/05/2026 20:08:49,"145,000","28,571",0,0,"28,583",0,"87,846"
2840,23056-693918104,10224935,Cà Phê Muối Chú Long - 585 Quang Trung,23/05/2026 19:34:16,"58,000","11,600",0,0,"11,391",0,"35,009"
2841,23056-694343575,10299524,Cà Phê Muối Chú Long - Lê Duẩn,23/05/2026 20:03:15,"87,000","17,400",0,0,"17,087",0,"52,513"
2842,23056-694368104,10222800,Cà Phê Muối Chú Long - Thành Thái,23/05/2026 19:47:50,"54,000","11,000",0,0,"10,557",0,"32,444"
2843,23056-694398904,10232123,Cà Phê Muối Chú Long - 17A Ngô Tất Tố,23/05/2026 19:43:33,"87,000",0,0,0,"21,359",0,"65,642"
2844,23056-696117319,10225888,Cà Phê Muối Chú Long - Lạc Long Quân,23/05/2026 19:51:29,"29,000","5,000",0,0,"5,892",0,"18,108"
2845,23056-697433398,10397657,Cà Phê Muối Chú Long - 368 Lê Đức Thọ,23/05/2026 19:56:31,"58,000","11,600",0,0,"11,391",0,"35,009"
2846,23056-697632055,10321439,Cà Phê Muối Chú Long - Vĩnh Long,23/05/2026 19:34:10,"29,000","7,250",0,0,"5,340",0,"16,410"
2847,23056-698616509,10354891,Cà Phê Muối Chú Long - Trà Vinh,23/05/2026 19:55:03,"50,000","16,000",0,0,"8,347",0,"25,653"
2848,23056-699107883,10323120,Cà Phê Muối Chú Long - Đồng Xoài,23/05/2026 19:45:24,"30,000",0,0,0,"7,365",0,"22,635"
2849,23056-699986651,10225898,Cà Phê Muối Chú Long - Nguyễn Đình Chiểu,23/05/2026 19:51:40,"79,000","15,800",0,0,"15,516",0,"47,684"
2850,23056-702164839,10230171,Cà Phê Muối Chú Long - Bình Long,23/05/2026 19:45:14,"83,000","16,600",0,0,"16,301",0,"50,099"
2851,23056-702441160,10225902,Cà Phê Muối Chú Long - Hậu Giang,23/05/2026 19:48:45,"74,000","14,800",0,0,"14,534",0,"44,666"
2852,23056-703313014,10354882,Cà Phê Muối Chú Long - Quảng Ngãi,23/05/2026 19:51:41,"29,000","7,250",0,0,"5,340",0,"16,410"
2853,23056-707113930,10321523,Cà Phê Muối Chú Long - Thanh Nhàn,23/05/2026 20:24:47,"390,000","54,500",0,0,"82,365",0,"253,135"
2854,23056-707526765,10330437,Cà Phê Muối Chú Long - Trần Hưng Đạo,23/05/2026 20:56:09,"50,000","16,000",0,0,"8,347",0,"25,653"
2855,23056-708487018,10225902,Cà Phê Muối Chú Long - Hậu Giang,23/05/2026 19:52:01,"22,000","5,000",0,0,"4,174",0,"12,827"
2856,23056-708629776,10350108,Cà Phê Muối Chú Long - Đường Láng,23/05/2026 20:07:33,"130,000","26,000",0,0,"25,532",0,"78,468"
2857,23056-708808017,10284115,Cà Phê Muối Chú Long - Kha Vạn Cân,23/05/2026 19:48:42,"54,000","11,000",0,0,"10,557",0,"32,444"
2858,23056-709678037,10230793,Cà Phê Muối Chú Long - Huỳnh Văn Bánh,23/05/2026 19:58:04,"22,000","5,000",0,0,"4,174",0,"12,827"
2859,23056-710353465,10219545,Cà Phê Muối Chú Long - Nguyễn Huệ,23/05/2026 20:07:07,"58,000","11,600",0,0,"11,391",0,"35,009"
2860,23056-710928265,10350108,Cà Phê Muối Chú Long - Đường Láng,23/05/2026 20:39:48,"148,000","28,571",0,0,"29,320",0,"90,109"
2861,23056-711426096,10230399,Cà Phê Muối Chú Long - Tân Kỳ Tân Quý,23/05/2026 20:25:52,"54,000","11,000",0,0,"10,557",0,"32,444"
2862,23056-711918291,10225895,Cà Phê Muối Chú Long - Cách Mạng Tháng 8,23/05/2026 20:01:58,"29,000","5,000",0,0,"5,892",0,"18,108"
2863,23056-711935830,10321524,Cà Phê Muối Chú Long - Đội Cấn,23/05/2026 20:50:00,"58,000","11,600",0,0,"11,391",0,"35,009"
2864,23056-713021041,10330437,Cà Phê Muối Chú Long - Trần Hưng Đạo,23/05/2026 20:01:58,"130,000",0,0,0,"31,915",0,"98,085"
2865,23056-714503529,10321523,Cà Phê Muối Chú Long - Thanh Nhàn,23/05/2026 20:17:22,"192,000","34,560",0,0,"38,652",0,"118,788"
2866,23056-714507792,10408376,Cà Phê Muối Chú Long - 203 Tôn Đản,23/05/2026 20:06:37,"58,000",0,0,0,"14,239",0,"43,761"
2867,23056-714543605,10313967,Cà Phê Muối Chú Long - 82 Ngô Gia Tự,23/05/2026 20:03:01,"50,000","10,000",0,0,"9,820",0,"30,180"
2868,23056-716353297,10350108,Cà Phê Muối Chú Long - Đường Láng,23/05/2026 20:44:06,"58,000","11,600",0,0,"11,391",0,"35,009"
2869,23056-716371327,10216423,Cà Phê Muối Chú Long - 417 Cộng Hoà,23/05/2026 20:33:53,"44,000","5,000",0,0,"9,575",0,"29,426"
2870,23056-717197840,10232123,Cà Phê Muối Chú Long - 17A Ngô Tất Tố,23/05/2026 20:30:57,"86,000","17,200",0,0,"16,890",0,"51,910"
2871,23056-717266688,10284115,Cà Phê Muối Chú Long - Kha Vạn Cân,23/05/2026 20:02:05,"50,000","11,000",0,0,"9,575",0,"29,426"
2872,23056-717819172,10299524,Cà Phê Muối Chú Long - Lê Duẩn,23/05/2026 20:37:39,"51,000","10,000",0,0,"10,066",0,"30,935"
2873,23056-717939326,10298769,Cà Phê Muối Chú Long - Tôn Đức Thắng,23/05/2026 21:02:36,"29,000","5,000",0,0,"5,892",0,"18,108"
2874,23056-718393921,10386890,Cà Phê Muối Chú Long - Nha Trang,23/05/2026 20:31:38,"25,000","8,000",0,0,"4,174",0,"12,827"
2875,23056-719042036,10296675,Cà Phê Muối Chú Long - Trương Định,23/05/2026 20:23:28,"54,000","11,000",0,0,"10,557",0,"32,444"
2876,23056-719414085,10216423,Cà Phê Muối Chú Long - 417 Cộng Hoà,23/05/2026 20:29:07,"72,000","14,400",0,0,"14,141",0,"43,459"
2877,23056-719676637,10230793,Cà Phê Muối Chú Long - Huỳnh Văn Bánh,23/05/2026 20:39:18,"58,000","11,600",0,0,"11,391",0,"35,009"
2878,23056-720674191,10354891,Cà Phê Muối Chú Long - Trà Vinh,23/05/2026 20:16:52,"29,000","7,250",0,0,"5,340",0,"16,410"
2879,23056-721027783,10230417,Cà Phê Muối Chú Long - Lê Văn Sỹ,23/05/2026 20:11:32,"58,000","11,600",0,0,"11,391",0,"35,009"
2880,23056-721064189,10298824,Cà Phê Muối Chú Long - Hoàng Diệu,23/05/2026 20:22:25,"25,000","8,000",0,0,"4,174",0,"12,827"
2881,23056-721194053,10298769,Cà Phê Muối Chú Long - Tôn Đức Thắng,23/05/2026 20:33:38,"29,000",0,0,0,"7,120",0,"21,881"
2882,23056-723211801,10395671,Cà Phê Muối Chú Long - 59 Trường Chinh,23/05/2026 20:33:17,"142,000","28,400",0,0,"27,889",0,"85,711"
2883,23056-723312001,10219545,Cà Phê Muối Chú Long - Nguyễn Huệ,23/05/2026 20:48:41,"54,000","10,000",0,0,"10,802",0,"33,198"
2884,23056-724721357,10242271,Cà Phê Muối Chú Long - Vũng Tàu,23/05/2026 20:11:31,"261,000","46,980",0,0,"52,542",0,"161,478"
2885,23056-725190502,10284115,Cà Phê Muối Chú Long - Kha Vạn Cân,23/05/2026 20:30:15,"50,000","16,000",0,0,"8,347",0,"25,653"
2886,23056-725566862,10224935,Cà Phê Muối Chú Long - 585 Quang Trung,23/05/2026 20:28:04,"87,000","17,400",0,0,"17,087",0,"52,513"
2887,23056-725966797,10375372,Cà Phê Muối Chú Long - An Dương Vương,23/05/2026 20:33:19,"54,000","10,000",0,0,"10,802",0,"33,198"
2888,23056-728895010,10225888,Cà Phê Muối Chú Long - Lạc Long Quân,23/05/2026 20:34:52,"58,000","11,600",0,0,"11,391",0,"35,009"
2889,23056-728931246,10292422,Cà Phê Muối Chú Long - Phan Thiết,23/05/2026 20:35:43,"25,000","8,000",0,0,"4,174",0,"12,827"
2890,23056-729267139,10321524,Cà Phê Muối Chú Long - Đội Cấn,23/05/2026 20:49:23,"25,000","8,000",0,0,"4,174",0,"12,827"
2891,23056-730752070,10230171,Cà Phê Muối Chú Long - Bình Long,23/05/2026 20:36:33,"87,000","17,400",0,0,"17,087",0,"52,513"
2892,23056-731002675,10321524,Cà Phê Muối Chú Long - Đội Cấn,23/05/2026 21:00:33,"29,000","5,000",0,0,"5,892",0,"18,108"
2893,23056-733753578,10321523,Cà Phê Muối Chú Long - Thanh Nhàn,23/05/2026 20:56:00,"94,000","18,800",0,0,"18,462",0,"56,738"
2894,23056-734492374,10292422,Cà Phê Muối Chú Long - Phan Thiết,23/05/2026 20:37:33,"25,000","8,000",0,0,"4,174",0,"12,827"
2895,23056-734725632,10321524,Cà Phê Muối Chú Long - Đội Cấn,23/05/2026 22:19:00,"87,000","17,400",0,0,"17,087",0,"52,513"
2896,23056-734886316,10407619,Cà Phê Muối Chú Long - 117 Lò Đúc,23/05/2026 21:04:54,"100,000",0,0,0,"24,550",0,"75,450"
2897,23056-735251582,10292015,Cà Phê Muối Chú Long - Long An,23/05/2026 20:37:56,"25,000","8,000",0,0,"4,174",0,"12,827"
2898,23056-735309141,10230171,Cà Phê Muối Chú Long - Bình Long,23/05/2026 20:46:13,"29,000","5,000",0,0,"5,892",0,"18,108"
2899,23056-735915860,10321523,Cà Phê Muối Chú Long - Thanh Nhàn,23/05/2026 21:31:07,"116,000","23,200",0,0,"22,782",0,"70,018"
2900,23056-736217672,10225902,Cà Phê Muối Chú Long - Hậu Giang,23/05/2026 21:05:49,"72,000","14,400",0,0,"14,141",0,"43,459"
2901,23056-736228328,10321523,Cà Phê Muối Chú Long - Thanh Nhàn,23/05/2026 21:19:57,"349,000","47,368",0,0,"74,051",0,"227,581"
2902,23056-737629467,10298769,Cà Phê Muối Chú Long - Tôn Đức Thắng,23/05/2026 21:22:55,"90,000","18,000",0,0,"17,676",0,"54,324"
2903,23056-737856210,10323120,Cà Phê Muối Chú Long - Đồng Xoài,23/05/2026 20:53:08,"80,000","16,000",0,0,"15,712",0,"48,288"
2904,23056-737869740,10225902,Cà Phê Muối Chú Long - Hậu Giang,23/05/2026 20:56:38,"291,000","47,368",0,0,"59,812",0,"183,820"
2905,23056-738575616,10230399,Cà Phê Muối Chú Long - Tân Kỳ Tân Quý,23/05/2026 20:51:50,"88,000","17,600",0,0,"17,283",0,"53,117"
2906,23056-738677757,10375372,Cà Phê Muối Chú Long - An Dương Vương,23/05/2026 20:45:40,"29,000","5,000",0,0,"5,892",0,"18,108"
2907,23056-739596876,10299524,Cà Phê Muối Chú Long - Lê Duẩn,23/05/2026 21:03:42,"51,000","11,000",0,0,"9,820",0,"30,180"
2908,23056-740801701,10216423,Cà Phê Muối Chú Long - 417 Cộng Hoà,23/05/2026 21:04:28,"50,000","11,000",0,0,"9,575",0,"29,426"
2909,23056-741418473,10230793,Cà Phê Muối Chú Long - Huỳnh Văn Bánh,23/05/2026 21:05:30,"58,000","11,600",0,0,"11,391",0,"35,009"
2910,23056-741503233,10225898,Cà Phê Muối Chú Long - Nguyễn Đình Chiểu,23/05/2026 21:01:29,"125,000","25,000",0,0,"24,550",0,"75,450"
2911,23056-742095855,10299524,Cà Phê Muối Chú Long - Lê Duẩn,23/05/2026 20:53:51,"83,000","15,000",0,0,"16,694",0,"51,306"
2912,23056-742332177,10321523,Cà Phê Muối Chú Long - Thanh Nhàn,23/05/2026 21:01:55,"137,000","27,400",0,0,"26,907",0,"82,693"
2913,23056-743679953,10354882,Cà Phê Muối Chú Long - Quảng Ngãi,23/05/2026 20:55:51,"58,000","11,600",0,0,"11,391",0,"35,009"
2914,23056-743913710,10222800,Cà Phê Muối Chú Long - Thành Thái,23/05/2026 20:58:19,"58,000","11,600",0,0,"11,391",0,"35,009"
2915,23056-744557249,10224935,Cà Phê Muối Chú Long - 585 Quang Trung,23/05/2026 21:20:23,"58,000","11,600",0,0,"11,391",0,"35,009"
2916,23056-744591960,10375372,Cà Phê Muối Chú Long - An Dương Vương,23/05/2026 21:12:03,"66,000","13,200",0,0,"12,962",0,"39,838"
2917,23056-745071174,10235659,Cà Phê Muối Chú Long - Nguyễn Hữu Cảnh,23/05/2026 21:00:41,"88,000","17,600",0,0,"17,283",0,"53,117"
2918,23056-745081919,10225888,Cà Phê Muối Chú Long - Lạc Long Quân,23/05/2026 20:59:49,"29,000","5,000",0,0,"5,892",0,"18,108"
2919,23056-745517201,10224935,Cà Phê Muối Chú Long - 585 Quang Trung,23/05/2026 21:13:53,"141,000","28,200",0,0,"27,692",0,"85,108"
2920,23056-746468323,10242271,Cà Phê Muối Chú Long - Vũng Tàu,23/05/2026 20:54:45,"261,000","46,980",0,0,"52,542",0,"161,478"
2921,23056-746569854,10375372,Cà Phê Muối Chú Long - An Dương Vương,23/05/2026 21:01:48,"51,000","10,000",0,0,"10,066",0,"30,935"
2922,23056-747185141,10313967,Cà Phê Muối Chú Long - 82 Ngô Gia Tự,23/05/2026 20:56:36,"66,000","10,000",0,0,"13,748",0,"42,252"
2923,23056-747325465,10232123,Cà Phê Muối Chú Long - 17A Ngô Tất Tố,23/05/2026 21:06:32,"79,000","15,800",0,0,"15,516",0,"47,684"
2924,23056-748436650,10222800,Cà Phê Muối Chú Long - Thành Thái,23/05/2026 21:06:02,"50,000","10,000",0,0,"9,820",0,"30,180"
2925,23056-749261909,10284115,Cà Phê Muối Chú Long - Kha Vạn Cân,23/05/2026 21:08:36,"29,000","5,000",0,0,"5,892",0,"18,108"
2926,23056-750305157,10225888,Cà Phê Muối Chú Long - Lạc Long Quân,23/05/2026 21:02:21,"58,000","11,600",0,0,"11,391",0,"35,009"
2927,23056-750561262,10235663,Cà Phê Muối Chú Long - Hà Huy Giáp,23/05/2026 21:10:11,"25,000","8,000",0,0,"4,174",0,"12,827"
2928,23056-751254560,10298769,Cà Phê Muối Chú Long - Tôn Đức Thắng,23/05/2026 21:09:48,"250,000","45,000",0,0,"50,328",0,"154,673"
2929,23056-751928596,10330437,Cà Phê Muối Chú Long - Trần Hưng Đạo,23/05/2026 21:26:33,"25,000","8,000",0,0,"4,174",0,"12,827"
2930,23056-752043630,10296675,Cà Phê Muối Chú Long - Trương Định,23/05/2026 21:12:30,"29,000","5,000",0,0,"5,892",0,"18,108"
2931,23056-753029275,10298769,Cà Phê Muối Chú Long - Tôn Đức Thắng,23/05/2026 21:42:32,"87,000","17,400",0,0,"17,087",0,"52,513"
2932,23056-753212360,10296675,Cà Phê Muối Chú Long - Trương Định,23/05/2026 21:40:31,"54,000","10,000",0,0,"10,802",0,"33,198"
2933,23056-753379565,10321523,Cà Phê Muối Chú Long - Thanh Nhàn,23/05/2026 21:16:31,"73,000","14,600",0,0,"14,337",0,"44,063"
2934,23056-754583039,10296675,Cà Phê Muối Chú Long - Trương Định,23/05/2026 21:27:29,"249,000","44,820",0,0,"50,126",0,"154,054"
2935,23056-754680322,10284115,Cà Phê Muối Chú Long - Kha Vạn Cân,23/05/2026 21:04:14,"58,000","11,600",0,0,"11,391",0,"35,009"
2936,23056-754686031,10230417,Cà Phê Muối Chú Long - Lê Văn Sỹ,23/05/2026 21:38:09,"65,000","13,000",0,0,"12,766",0,"39,234"
2937,23056-754851943,10321523,Cà Phê Muối Chú Long - Thanh Nhàn,23/05/2026 21:51:26,"167,000","30,060",0,0,"33,619",0,"103,321"
2938,23056-755678451,10233716,Cà Phê Muối Chú Long - 130 Thích Quảng Đức,23/05/2026 21:26:17,"58,000","11,600",0,0,"11,391",0,"35,009"
2939,23056-755763757,10296675,Cà Phê Muối Chú Long - Trương Định,23/05/2026 21:20:03,"51,000","11,000",0,0,"9,820",0,"30,180"
2940,23056-756022572,10395671,Cà Phê Muối Chú Long - 59 Trường Chinh,23/05/2026 21:12:15,"58,000","11,600",0,0,"11,391",0,"35,009"
2941,23056-756409887,10235663,Cà Phê Muối Chú Long - Hà Huy Giáp,23/05/2026 21:27:06,"47,000","8,000",0,0,"9,575",0,"29,426"
2942,23056-756565395,10299524,Cà Phê Muối Chú Long - Lê Duẩn,23/05/2026 21:13:25,"47,000","10,000",0,0,"9,084",0,"27,917"
2943,23056-756662733,10287867,Cà Phê Muối Chú Long - Classic,23/05/2026 21:32:11,"62,000","12,400",0,0,"12,177",0,"37,423"
2944,23056-756766032,10230793,Cà Phê Muối Chú Long - Huỳnh Văn Bánh,23/05/2026 21:52:17,"87,000","17,400",0,0,"17,087",0,"52,513"
2945,23056-756971489,10407619,Cà Phê Muối Chú Long - 117 Lò Đúc,23/05/2026 21:22:19,"112,000",0,0,0,"27,496",0,"84,504"
2946,23056-757368705,10225885,Cà Phê Muối Chú Long - Ngô Tất Tố,23/05/2026 21:32:53,"137,000","27,400",0,0,"26,907",0,"82,693"
2947,23056-757531538,10230171,Cà Phê Muối Chú Long - Bình Long,23/05/2026 21:16:51,"22,000","5,000",0,0,"4,174",0,"12,827"
2948,23056-757701844,10269971,Cà Phê Muối Chú Long - Cần Thơ,23/05/2026 21:28:57,"25,000","8,000",0,0,"4,174",0,"12,827"
2949,23056-758103033,10292015,Cà Phê Muối Chú Long - Long An,23/05/2026 21:35:03,"112,000","22,400",0,0,"21,997",0,"67,603"
2950,23056-759520733,10233716,Cà Phê Muối Chú Long - 130 Thích Quảng Đức,23/05/2026 21:22:54,"58,000","11,600",0,0,"11,391",0,"35,009"
2951,23056-759942360,10321439,Cà Phê Muối Chú Long - Vĩnh Long,23/05/2026 21:17:00,"51,000","11,000",0,0,"9,820",0,"30,180"
2952,23056-760362688,10375372,Cà Phê Muối Chú Long - An Dương Vương,23/05/2026 21:36:40,"51,000","10,000",0,0,"10,066",0,"30,935"
2953,23056-761597696,10292015,Cà Phê Muối Chú Long - Long An,23/05/2026 21:34:44,"87,000","17,400",0,0,"17,087",0,"52,513"
2954,23056-764228679,10350108,Cà Phê Muối Chú Long - Đường Láng,23/05/2026 22:20:24,"101,000","20,200",0,0,"19,836",0,"60,964"
2955,23056-764320877,10233716,Cà Phê Muối Chú Long - 130 Thích Quảng Đức,23/05/2026 21:35:18,"25,000","8,000",0,0,"4,174",0,"12,827"
2956,23056-764548636,10321439,Cà Phê Muối Chú Long - Vĩnh Long,23/05/2026 21:24:24,"25,000","8,000",0,0,"4,174",0,"12,827"
2957,23056-765097231,10375372,Cà Phê Muối Chú Long - An Dương Vương,23/05/2026 21:29:16,"65,000","13,000",0,0,"12,766",0,"39,234"
2958,23056-767200579,10321524,Cà Phê Muối Chú Long - Đội Cấn,23/05/2026 21:47:32,"58,000","11,600",0,0,"11,391",0,"35,009"
2959,23056-769293865,10296675,Cà Phê Muối Chú Long - Trương Định,23/05/2026 21:41:21,"72,000","14,400",0,0,"14,141",0,"43,459"
2960,23056-769561473,10219545,Cà Phê Muối Chú Long - Nguyễn Huệ,23/05/2026 21:54:24,"58,000","10,000",0,0,"11,784",0,"36,216"
2961,23056-774375674,10381892,Cà Phê Muối Chú Long - Phan Văn Trị,23/05/2026 21:53:17,"58,000","11,600",0,0,"11,391",0,"35,009"
2962,23056-778477809,10225888,Cà Phê Muối Chú Long - Lạc Long Quân,23/05/2026 22:05:06,"65,000","13,000",0,0,"12,766",0,"39,234"
2963,23056-781003454,10358037,Cà Phê Muối Chú Long - 35 Trần Phú,23/05/2026 22:05:45,"62,000","12,400",0,0,"12,177",0,"37,423"
2964,23056-781967102,10298769,Cà Phê Muối Chú Long - Tôn Đức Thắng,23/05/2026 22:29:01,"58,000","10,000",0,0,"11,784",0,"36,216"
2965,23056-783092494,10225888,Cà Phê Muối Chú Long - Lạc Long Quân,23/05/2026 22:05:42,"87,000","17,400",0,0,"17,087",0,"52,513"
2966,23056-784412106,10350108,Cà Phê Muối Chú Long - Đường Láng,23/05/2026 22:21:55,"50,000","11,000",0,0,"9,575",0,"29,426"
2967,23056-786457388,10225902,Cà Phê Muối Chú Long - Hậu Giang,23/05/2026 22:24:22,"58,000","11,600",0,0,"11,391",0,"35,009"
2968,23056-788767915,10321524,Cà Phê Muối Chú Long - Đội Cấn,23/05/2026 23:52:17,"29,000","5,000",0,0,"5,892",0,"18,108"
2969,23056-788943567,10350108,Cà Phê Muối Chú Long - Đường Láng,23/05/2026 22:34:50,"58,000","11,600",0,0,"11,391",0,"35,009"
2970,23056-790482868,10296675,Cà Phê Muối Chú Long - Trương Định,23/05/2026 22:34:26,"22,000","5,000",0,0,"4,174",0,"12,827"
2971,23056-796887269,10219545,Cà Phê Muối Chú Long - Nguyễn Huệ,23/05/2026 22:34:22,"58,000","11,600",0,0,"11,391",0,"35,009"
2972,23056-798174592,10298769,Cà Phê Muối Chú Long - Tôn Đức Thắng,23/05/2026 22:31:09,"29,000","5,000",0,0,"5,892",0,"18,108"
2973,23056-801589395,10225902,Cà Phê Muối Chú Long - Hậu Giang,23/05/2026 22:29:23,"29,000","5,000",0,0,"5,892",0,"18,108"
2974,23056-802720227,10219545,Cà Phê Muối Chú Long - Nguyễn Huệ,23/05/2026 22:43:43,"29,000","5,000",0,0,"5,892",0,"18,108"
2975,23056-808262272,10287867,Cà Phê Muối Chú Long - Classic,23/05/2026 22:49:31,"62,000","12,400",0,0,"12,177",0,"37,423"
2976,23056-813975582,10219545,Cà Phê Muối Chú Long - Nguyễn Huệ,23/05/2026 22:56:24,"29,000",0,0,0,"7,120",0,"21,881"
2977,23056-815880670,10225902,Cà Phê Muối Chú Long - Hậu Giang,23/05/2026 22:53:10,"58,000","11,600",0,0,"11,391",0,"35,009"
2978,23056-817227818,10219545,Cà Phê Muối Chú Long - Nguyễn Huệ,23/05/2026 22:59:42,"91,000","11,000",0,0,"19,640",0,"60,360"
2979,23056-843359563,10225902,Cà Phê Muối Chú Long - Hậu Giang,23/05/2026 23:37:45,"29,000","5,000",0,0,"5,892",0,"18,108"
2980,23056-850531609,10219545,Cà Phê Muối Chú Long - Nguyễn Huệ,23/05/2026 23:56:42,"47,000","5,000",0,0,"10,311",0,"31,689"
